timestamp,net_return,turnover,gross_exposure
2026-06-01 09:00:00+09:00,0.0,0.0,0.0
2026-06-01 09:05:00+09:00,0.0,0.0,0.0
2026-06-01 09:10:00+09:00,0.0,0.0,0.0
2026-06-01 09:15:00+09:00,0.0,0.0,0.0
2026-06-01 09:20:00+09:00,0.0,0.0,0.0
2026-06-01 09:25:00+09:00,0.0,0.0,0.0
2026-06-01 09:30:00+09:00,-4.291543399019393e-06,1.0,1.0
2026-06-01 09:35:00+09:00,-0.00131070310528972,0.0,0.9880952380952381
2026-06-01 09:40:00+09:00,-0.00014224571947022753,0.0,1.0
2026-06-01 09:45:00+09:00,7.688310927049936e-05,0.0,0.9940476190476191
2026-06-01 09:50:00+09:00,-0.00044008100821723016,0.0,1.0
2026-06-01 09:55:00+09:00,0.000629458551692411,0.0,0.9940476190476191
2026-06-01 10:00:00+09:00,-0.0002,1.0,0.0
2026-06-01 10:05:00+09:00,0.0,0.0,0.0
2026-06-01 10:10:00+09:00,0.0,0.0,0.0
2026-06-01 10:15:00+09:00,0.0,0.0,0.0
2026-06-01 10:20:00+09:00,0.0,0.0,0.0
2026-06-01 10:25:00+09:00,0.0,0.0,0.0
2026-06-01 10:30:00+09:00,0.0,0.0,0.0
2026-06-01 10:35:00+09:00,0.0,0.0,0.0
2026-06-01 10:40:00+09:00,0.0,0.0,0.0
2026-06-01 10:45:00+09:00,0.0,0.0,0.0
2026-06-01 10:50:00+09:00,0.0,0.0,0.0
2026-06-01 10:55:00+09:00,0.0,0.0,0.0
2026-06-01 11:00:00+09:00,0.0,0.0,0.0
2026-06-01 11:05:00+09:00,0.0,0.0,0.0
2026-06-01 11:10:00+09:00,0.0,0.0,0.0
2026-06-01 11:15:00+09:00,0.0,0.0,0.0
2026-06-01 11:20:00+09:00,0.0,0.0,0.0
2026-06-01 11:25:00+09:00,0.0,0.0,0.0
2026-06-01 12:30:00+09:00,0.0,0.0,0.0
2026-06-01 12:35:00+09:00,0.0,0.0,0.0
2026-06-01 12:40:00+09:00,0.0,0.0,0.0
2026-06-01 12:45:00+09:00,0.0,0.0,0.0
2026-06-01 12:50:00+09:00,0.0,0.0,0.0
2026-06-01 12:55:00+09:00,0.0,0.0,0.0
2026-06-01 13:00:00+09:00,-0.0004067109069630549,1.0,1.0
2026-06-01 13:05:00+09:00,7.859967962911444e-05,0.0,0.9819994262765346
2026-06-01 13:10:00+09:00,0.00012397386285956411,0.0,0.9880235226620768
2026-06-01 13:15:00+09:00,-0.00022996352453556957,0.0,0.9642857142857142
2026-06-01 13:20:00+09:00,0.0001006824245001872,0.0,0.9700946643717727
2026-06-01 13:25:00+09:00,0.00011139479831840168,0.0,0.9939759036144578
2026-06-01 13:30:00+09:00,-0.0001940045897877223,0.9700229489386116,0.0
2026-06-01 13:35:00+09:00,-3.5857716580608144e-06,0.01792885829030407,0.0
2026-06-01 13:40:00+09:00,-1.2048192771084338e-06,0.006024096385542169,0.0
2026-06-01 13:45:00+09:00,-1.2048192771084338e-06,0.006024096385542169,0.0
2026-06-01 13:50:00+09:00,0.0,0.0,0.0
2026-06-01 13:55:00+09:00,0.0,0.0,0.0
2026-06-01 14:00:00+09:00,0.0,0.0,0.0
2026-06-01 14:05:00+09:00,0.0,0.0,0.0
2026-06-01 14:10:00+09:00,0.0,0.0,0.0
2026-06-01 14:15:00+09:00,0.0,0.0,0.0
2026-06-01 14:20:00+09:00,0.0,0.0,0.0
2026-06-01 14:25:00+09:00,0.0,0.0,0.0
2026-06-01 14:30:00+09:00,0.0,0.0,0.0
2026-06-01 14:35:00+09:00,0.0,0.0,0.0
2026-06-01 14:40:00+09:00,0.0,0.0,0.0
2026-06-01 14:45:00+09:00,0.0,0.0,0.0
2026-06-01 14:50:00+09:00,0.0,0.0,0.0
2026-06-01 14:55:00+09:00,0.0,0.0,0.0
2026-06-01 15:00:00+09:00,0.0,0.0,0.0
2026-06-01 15:05:00+09:00,0.0,0.0,0.0
2026-06-01 15:10:00+09:00,0.0,0.0,0.0
2026-06-01 15:15:00+09:00,0.0,0.0,0.0
2026-06-01 15:20:00+09:00,0.0,0.0,0.0
2026-06-02 09:00:00+09:00,0.0,0.0,0.0
2026-06-02 09:05:00+09:00,0.0,0.0,0.0
2026-06-02 09:10:00+09:00,0.0,0.0,0.0
2026-06-02 09:15:00+09:00,0.0,0.0,0.0
2026-06-02 09:20:00+09:00,0.0,0.0,0.0
2026-06-02 09:25:00+09:00,0.0,0.0,0.0
2026-06-02 09:30:00+09:00,-0.0008027517238145981,1.0,1.0
2026-06-02 09:35:00+09:00,0.0006608700500850811,0.0,0.9939759036144579
2026-06-02 09:40:00+09:00,0.0005266589564969678,0.0,0.9879518072289157
2026-06-02 09:45:00+09:00,0.0007551588527967609,0.0,0.9939759036144579
2026-06-02 09:50:00+09:00,0.001143418630915138,0.0,0.981854246253306
2026-06-02 09:55:00+09:00,0.0003263810483367458,0.0,0.9818542462533061
2026-06-02 10:00:00+09:00,-0.0001963855421686747,0.9819277108433735,0.0
2026-06-02 10:05:00+09:00,-3.614457831325301e-06,0.01807228915662651,0.0
2026-06-02 10:10:00+09:00,0.0,0.0,0.0
2026-06-02 10:15:00+09:00,0.0,0.0,0.0
2026-06-02 10:20:00+09:00,0.0,0.0,0.0
2026-06-02 10:25:00+09:00,0.0,0.0,0.0
2026-06-02 10:30:00+09:00,0.0,0.0,0.0
2026-06-02 10:35:00+09:00,0.0,0.0,0.0
2026-06-02 10:40:00+09:00,0.0,0.0,0.0
2026-06-02 10:45:00+09:00,0.0,0.0,0.0
2026-06-02 10:50:00+09:00,0.0,0.0,0.0
2026-06-02 10:55:00+09:00,0.0,0.0,0.0
2026-06-02 11:00:00+09:00,0.0,0.0,0.0
2026-06-02 11:05:00+09:00,0.0,0.0,0.0
2026-06-02 11:10:00+09:00,0.0,0.0,0.0
2026-06-02 11:15:00+09:00,0.0,0.0,0.0
2026-06-02 11:20:00+09:00,0.0,0.0,0.0
2026-06-02 11:25:00+09:00,0.0,0.0,0.0
2026-06-02 12:30:00+09:00,0.0,0.0,0.0
2026-06-02 12:35:00+09:00,0.0,0.0,0.0
2026-06-02 12:40:00+09:00,0.0,0.0,0.0
2026-06-02 12:45:00+09:00,0.0,0.0,0.0
2026-06-02 12:50:00+09:00,0.0,0.0,0.0
2026-06-02 12:55:00+09:00,0.0,0.0,0.0
2026-06-02 13:00:00+09:00,-0.0001606452131616539,1.0,1.0
2026-06-02 13:05:00+09:00,-6.1147560021166175e-06,0.0,0.9879518072289157
2026-06-02 13:10:00+09:00,-0.00010068378218444765,0.0,0.9695856597120189
2026-06-02 13:15:00+09:00,-3.2331188002590776e-05,0.0,0.9758301498677638
2026-06-02 13:20:00+09:00,0.00013706842654302893,0.0,0.9756832206876286
2026-06-02 13:25:00+09:00,0.00017367490800294921,0.0,0.9576109315310021
2026-06-02 13:30:00+09:00,-0.00019153687922421396,0.9576843961210697,0.0
2026-06-02 13:35:00+09:00,-6.038789303555687e-06,0.03019394651777843,0.0
2026-06-02 13:40:00+09:00,0.0,0.0,0.0
2026-06-02 13:45:00+09:00,-1.2195121951219514e-06,0.006097560975609756,0.0
2026-06-02 13:50:00+09:00,-1.2048192771084338e-06,0.006024096385542169,0.0
2026-06-02 13:55:00+09:00,0.0,0.0,0.0
2026-06-02 14:00:00+09:00,0.0,0.0,0.0
2026-06-02 14:05:00+09:00,0.0,0.0,0.0
2026-06-02 14:10:00+09:00,0.0,0.0,0.0
2026-06-02 14:15:00+09:00,0.0,0.0,0.0
2026-06-02 14:20:00+09:00,0.0,0.0,0.0
2026-06-02 14:25:00+09:00,0.0,0.0,0.0
2026-06-02 14:30:00+09:00,0.0,0.0,0.0
2026-06-02 14:35:00+09:00,0.0,0.0,0.0
2026-06-02 14:40:00+09:00,0.0,0.0,0.0
2026-06-02 14:45:00+09:00,0.0,0.0,0.0
2026-06-02 14:50:00+09:00,0.0,0.0,0.0
2026-06-02 14:55:00+09:00,0.0,0.0,0.0
2026-06-02 15:00:00+09:00,0.0,0.0,0.0
2026-06-02 15:05:00+09:00,0.0,0.0,0.0
2026-06-02 15:10:00+09:00,0.0,0.0,0.0
2026-06-02 15:15:00+09:00,0.0,0.0,0.0
2026-06-02 15:20:00+09:00,0.0,0.0,0.0
2026-06-03 09:00:00+09:00,0.0,0.0,0.0
2026-06-03 09:05:00+09:00,0.0,0.0,0.0
2026-06-03 09:10:00+09:00,0.0,0.0,0.0
2026-06-03 09:15:00+09:00,0.0,0.0,0.0
2026-06-03 09:20:00+09:00,0.0,0.0,0.0
2026-06-03 09:25:00+09:00,0.0,0.0,0.0
2026-06-03 09:30:00+09:00,-0.0005939156969741571,1.0,0.9999999999999999
2026-06-03 09:35:00+09:00,-0.0005341347096133387,0.0,0.963038241493526
2026-06-03 09:40:00+09:00,-0.0010765122386299966,0.0,0.9692863595302619
2026-06-03 09:45:00+09:00,0.00010723512415891801,0.0,0.9876543209876543
2026-06-03 09:50:00+09:00,-0.0006977854699693779,0.0,0.9508431195423065
2026-06-03 09:55:00+09:00,5.8369245213309533e-05,0.0,0.9571665161096055
2026-06-03 10:00:00+09:00,-0.00019388738331827763,0.9694369165913881,0.0
2026-06-03 10:05:00+09:00,-6.112616681722374e-06,0.030563083408611864,0.0
2026-06-03 10:10:00+09:00,0.0,0.0,0.0
2026-06-03 10:15:00+09:00,0.0,0.0,0.0
2026-06-03 10:20:00+09:00,0.0,0.0,0.0
2026-06-03 10:25:00+09:00,0.0,0.0,0.0
2026-06-03 10:30:00+09:00,0.0,0.0,0.0
2026-06-03 10:35:00+09:00,0.0,0.0,0.0
2026-06-03 10:40:00+09:00,0.0,0.0,0.0
2026-06-03 10:45:00+09:00,0.0,0.0,0.0
2026-06-03 10:50:00+09:00,0.0,0.0,0.0
2026-06-03 10:55:00+09:00,0.0,0.0,0.0
2026-06-03 11:00:00+09:00,0.0,0.0,0.0
2026-06-03 11:05:00+09:00,0.0,0.0,0.0
2026-06-03 11:10:00+09:00,0.0,0.0,0.0
2026-06-03 11:15:00+09:00,0.0,0.0,0.0
2026-06-03 11:20:00+09:00,0.0,0.0,0.0
2026-06-03 11:25:00+09:00,0.0,0.0,0.0
2026-06-03 12:30:00+09:00,0.0,0.0,0.0
2026-06-03 12:35:00+09:00,0.0,0.0,0.0
2026-06-03 12:40:00+09:00,0.0,0.0,0.0
2026-06-03 12:45:00+09:00,0.0,0.0,0.0
2026-06-03 12:50:00+09:00,0.0,0.0,0.0
2026-06-03 12:55:00+09:00,0.0,0.0,0.0
2026-06-03 13:00:00+09:00,-0.00018114955001788602,1.0,0.9999999999999999
2026-06-03 13:05:00+09:00,-0.0002459574411378688,0.0,0.9751543209876543
2026-06-03 13:10:00+09:00,-0.00010598053840009764,0.0,0.9690586419753087
2026-06-03 13:15:00+09:00,-0.00018177462786270456,0.0,0.9317129629629629
2026-06-03 13:20:00+09:00,8.496377671679486e-05,0.0,0.9501543209876543
2026-06-03 13:25:00+09:00,-0.00019077438638553666,0.0,0.9192901234567901
2026-06-03 13:30:00+09:00,-0.00019129629629629632,0.9564814814814815,0.0
2026-06-03 13:35:00+09:00,-8.703703703703705e-06,0.04351851851851852,0.0
2026-06-03 13:40:00+09:00,0.0,0.0,0.0
2026-06-03 13:45:00+09:00,0.0,0.0,0.0
2026-06-03 13:50:00+09:00,0.0,0.0,0.0
2026-06-03 13:55:00+09:00,0.0,0.0,0.0
2026-06-03 14:00:00+09:00,0.0,0.0,0.0
2026-06-03 14:05:00+09:00,0.0,0.0,0.0
2026-06-03 14:10:00+09:00,0.0,0.0,0.0
2026-06-03 14:15:00+09:00,0.0,0.0,0.0
2026-06-03 14:20:00+09:00,0.0,0.0,0.0
2026-06-03 14:25:00+09:00,0.0,0.0,0.0
2026-06-03 14:30:00+09:00,0.0,0.0,0.0
2026-06-03 14:35:00+09:00,0.0,0.0,0.0
2026-06-03 14:40:00+09:00,0.0,0.0,0.0
2026-06-03 14:45:00+09:00,0.0,0.0,0.0
2026-06-03 14:50:00+09:00,0.0,0.0,0.0
2026-06-03 14:55:00+09:00,0.0,0.0,0.0
2026-06-03 15:00:00+09:00,0.0,0.0,0.0
2026-06-03 15:05:00+09:00,0.0,0.0,0.0
2026-06-03 15:10:00+09:00,0.0,0.0,0.0
2026-06-03 15:15:00+09:00,0.0,0.0,0.0
2026-06-03 15:20:00+09:00,0.0,0.0,0.0
2026-06-04 09:00:00+09:00,0.0,0.0,0.0
2026-06-04 09:05:00+09:00,0.0,0.0,0.0
2026-06-04 09:10:00+09:00,0.0,0.0,0.0
2026-06-04 09:15:00+09:00,0.0,0.0,0.0
2026-06-04 09:20:00+09:00,0.0,0.0,0.0
2026-06-04 09:25:00+09:00,0.0,0.0,0.0
2026-06-04 09:30:00+09:00,-0.00018040992510894626,1.0,1.0
2026-06-04 09:35:00+09:00,0.00016088882971937706,0.0,0.969732588892154
2026-06-04 09:40:00+09:00,-3.218526657935809e-05,0.0,0.981854246253306
2026-06-04 09:45:00+09:00,-0.0002213863369964859,0.0,0.9817807816632382
2026-06-04 09:50:00+09:00,-0.00015897572407582927,0.0,0.9819277108433735
2026-06-04 09:55:00+09:00,0.0003387931894124973,0.0,0.9879518072289157
2026-06-04 10:00:00+09:00,-0.0001963855421686747,0.9819277108433735,0.0
2026-06-04 10:05:00+09:00,-2.4096385542168676e-06,0.012048192771084338,0.0
2026-06-04 10:10:00+09:00,-1.2048192771084338e-06,0.006024096385542169,0.0
2026-06-04 10:15:00+09:00,0.0,0.0,0.0
2026-06-04 10:20:00+09:00,0.0,0.0,0.0
2026-06-04 10:25:00+09:00,0.0,0.0,0.0
2026-06-04 10:30:00+09:00,0.0,0.0,0.0
2026-06-04 10:35:00+09:00,0.0,0.0,0.0
2026-06-04 10:40:00+09:00,0.0,0.0,0.0
2026-06-04 10:45:00+09:00,0.0,0.0,0.0
2026-06-04 10:50:00+09:00,0.0,0.0,0.0
2026-06-04 10:55:00+09:00,0.0,0.0,0.0
2026-06-04 11:00:00+09:00,0.0,0.0,0.0
2026-06-04 11:05:00+09:00,0.0,0.0,0.0
2026-06-04 11:10:00+09:00,0.0,0.0,0.0
2026-06-04 11:15:00+09:00,0.0,0.0,0.0
2026-06-04 11:20:00+09:00,0.0,0.0,0.0
2026-06-04 11:25:00+09:00,0.0,0.0,0.0
2026-06-04 12:30:00+09:00,0.0,0.0,0.0
2026-06-04 12:35:00+09:00,0.0,0.0,0.0
2026-06-04 12:40:00+09:00,0.0,0.0,0.0
2026-06-04 12:45:00+09:00,0.0,0.0,0.0
2026-06-04 12:50:00+09:00,0.0,0.0,0.0
2026-06-04 12:55:00+09:00,0.0,0.0,0.0
2026-06-04 13:00:00+09:00,-0.00027813836576345304,1.0,0.9999999999999999
2026-06-04 13:05:00+09:00,-1.781897342051664e-05,0.0,0.9380401234567901
2026-06-04 13:10:00+09:00,-0.0004810946734066895,0.0,0.9566358024691358
2026-06-04 13:15:00+09:00,-0.0001345527522562943,0.0,0.9442901234567902
2026-06-04 13:20:00+09:00,-0.0001601432463917862,0.0,0.944212962962963
2026-06-04 13:25:00+09:00,-0.0004142855492313995,0.0,0.9503086419753086
2026-06-04 13:30:00+09:00,-0.00019131172839506174,0.9565586419753086,0.0
2026-06-04 13:35:00+09:00,-7.453703703703704e-06,0.03726851851851852,0.0
2026-06-04 13:40:00+09:00,-1.234567901234568e-06,0.006172839506172839,0.0
2026-06-04 13:45:00+09:00,0.0,0.0,0.0
2026-06-04 13:50:00+09:00,0.0,0.0,0.0
2026-06-04 13:55:00+09:00,0.0,0.0,0.0
2026-06-04 14:00:00+09:00,0.0,0.0,0.0
2026-06-04 14:05:00+09:00,0.0,0.0,0.0
2026-06-04 14:10:00+09:00,0.0,0.0,0.0
2026-06-04 14:15:00+09:00,0.0,0.0,0.0
2026-06-04 14:20:00+09:00,0.0,0.0,0.0
2026-06-04 14:25:00+09:00,0.0,0.0,0.0
2026-06-04 14:30:00+09:00,0.0,0.0,0.0
2026-06-04 14:35:00+09:00,0.0,0.0,0.0
2026-06-04 14:40:00+09:00,0.0,0.0,0.0
2026-06-04 14:45:00+09:00,0.0,0.0,0.0
2026-06-04 14:50:00+09:00,0.0,0.0,0.0
2026-06-04 14:55:00+09:00,0.0,0.0,0.0
2026-06-04 15:00:00+09:00,0.0,0.0,0.0
2026-06-04 15:05:00+09:00,0.0,0.0,0.0
2026-06-04 15:10:00+09:00,0.0,0.0,0.0
2026-06-04 15:15:00+09:00,0.0,0.0,0.0
2026-06-04 15:20:00+09:00,0.0,0.0,0.0
2026-06-05 09:00:00+09:00,0.0,0.0,0.0
2026-06-05 09:05:00+09:00,0.0,0.0,0.0
2026-06-05 09:10:00+09:00,0.0,0.0,0.0
2026-06-05 09:15:00+09:00,0.0,0.0,0.0
2026-06-05 09:20:00+09:00,0.0,0.0,0.0
2026-06-05 09:25:00+09:00,0.0,0.0,0.0
2026-06-05 09:30:00+09:00,-0.0012810428764475819,1.0,1.0
2026-06-05 09:35:00+09:00,-0.0002245637457540155,0.0,0.9629629629629629
2026-06-05 09:40:00+09:00,-0.0012050000106643825,0.0,0.9568654019873533
2026-06-05 09:45:00+09:00,-0.0005994253912615753,0.0,0.9506925624811804
2026-06-05 09:50:00+09:00,0.0003215996989285402,0.0,0.9815567600120445
2026-06-05 09:55:00+09:00,-0.0002276248395413545,0.0,0.9692110809996988
2026-06-05 10:00:00+09:00,-0.00019506172839506175,0.9753086419753086,0.0
2026-06-05 10:05:00+09:00,-2.469135802469136e-06,0.012345679012345678,0.0
2026-06-05 10:10:00+09:00,-1.234567901234568e-06,0.006172839506172839,0.0
2026-06-05 10:15:00+09:00,-1.234567901234568e-06,0.006172839506172839,0.0
2026-06-05 10:20:00+09:00,0.0,0.0,0.0
2026-06-05 10:25:00+09:00,0.0,0.0,0.0
2026-06-05 10:30:00+09:00,0.0,0.0,0.0
2026-06-05 10:35:00+09:00,0.0,0.0,0.0
2026-06-05 10:40:00+09:00,0.0,0.0,0.0
2026-06-05 10:45:00+09:00,0.0,0.0,0.0
2026-06-05 10:50:00+09:00,0.0,0.0,0.0
2026-06-05 10:55:00+09:00,0.0,0.0,0.0
2026-06-05 11:00:00+09:00,0.0,0.0,0.0
2026-06-05 11:05:00+09:00,0.0,0.0,0.0
2026-06-05 11:10:00+09:00,0.0,0.0,0.0
2026-06-05 11:15:00+09:00,0.0,0.0,0.0
2026-06-05 11:20:00+09:00,0.0,0.0,0.0
2026-06-05 11:25:00+09:00,0.0,0.0,0.0
2026-06-05 12:30:00+09:00,0.0,0.0,0.0
2026-06-05 12:35:00+09:00,0.0,0.0,0.0
2026-06-05 12:40:00+09:00,0.0,0.0,0.0
2026-06-05 12:45:00+09:00,0.0,0.0,0.0
2026-06-05 12:50:00+09:00,0.0,0.0,0.0
2026-06-05 12:55:00+09:00,0.0,0.0,0.0
2026-06-05 13:00:00+09:00,-0.0003704866397541741,1.0,0.9999999999999999
2026-06-05 13:05:00+09:00,0.0001020870437950969,0.0,0.9378858024691358
2026-06-05 13:10:00+09:00,3.6751587866815646e-05,0.0,0.9253086419753086
2026-06-05 13:15:00+09:00,-9.687525056486328e-06,0.0,0.9377314814814814
2026-06-05 13:20:00+09:00,2.111437458597894e-05,0.0,0.9503858024691357
2026-06-05 13:25:00+09:00,3.2258308941392205e-05,0.0,0.9315586419753086
2026-06-05 13:30:00+09:00,-0.00018632716049382718,0.9316358024691358,0.0
2026-06-05 13:35:00+09:00,-9.938271604938273e-06,0.04969135802469136,0.0
2026-06-05 13:40:00+09:00,-2.4845679012345682e-06,0.01242283950617284,0.0
2026-06-05 13:45:00+09:00,-1.25e-06,0.00625,0.0
2026-06-05 13:50:00+09:00,0.0,0.0,0.0
2026-06-05 13:55:00+09:00,0.0,0.0,0.0
2026-06-05 14:00:00+09:00,0.0,0.0,0.0
2026-06-05 14:05:00+09:00,0.0,0.0,0.0
2026-06-05 14:10:00+09:00,0.0,0.0,0.0
2026-06-05 14:15:00+09:00,0.0,0.0,0.0
2026-06-05 14:20:00+09:00,0.0,0.0,0.0
2026-06-05 14:25:00+09:00,0.0,0.0,0.0
2026-06-05 14:30:00+09:00,0.0,0.0,0.0
2026-06-05 14:35:00+09:00,0.0,0.0,0.0
2026-06-05 14:40:00+09:00,0.0,0.0,0.0
2026-06-05 14:45:00+09:00,0.0,0.0,0.0
2026-06-05 14:50:00+09:00,0.0,0.0,0.0
2026-06-05 14:55:00+09:00,0.0,0.0,0.0
2026-06-05 15:00:00+09:00,0.0,0.0,0.0
2026-06-05 15:05:00+09:00,0.0,0.0,0.0
2026-06-05 15:10:00+09:00,0.0,0.0,0.0
2026-06-05 15:15:00+09:00,0.0,0.0,0.0
2026-06-05 15:20:00+09:00,0.0,0.0,0.0
2026-06-08 09:00:00+09:00,0.0,0.0,0.0
2026-06-08 09:05:00+09:00,0.0,0.0,0.0
2026-06-08 09:10:00+09:00,0.0,0.0,0.0
2026-06-08 09:15:00+09:00,0.0,0.0,0.0
2026-06-08 09:20:00+09:00,0.0,0.0,0.0
2026-06-08 09:25:00+09:00,0.0,0.0,0.0
2026-06-08 09:30:00+09:00,0.001841830571514015,1.0,1.0
2026-06-08 09:35:00+09:00,-0.0008622495342271528,0.0,1.0
2026-06-08 09:40:00+09:00,-0.00045163603774413204,0.0,0.993975903614458
2026-06-08 09:45:00+09:00,-0.00011239010245293576,0.0,1.0
2026-06-08 09:50:00+09:00,-0.0003518879374008827,0.0,1.0
2026-06-08 09:55:00+09:00,-0.00050678207039851,0.0,1.0
2026-06-08 10:00:00+09:00,-0.0001963708492506612,0.981854246253306,0.0
2026-06-08 10:05:00+09:00,-3.629150749338819e-06,0.018145753746694096,0.0
2026-06-08 10:10:00+09:00,0.0,0.0,0.0
2026-06-08 10:15:00+09:00,0.0,0.0,0.0
2026-06-08 10:20:00+09:00,0.0,0.0,0.0
2026-06-08 10:25:00+09:00,0.0,0.0,0.0
2026-06-08 10:30:00+09:00,0.0,0.0,0.0
2026-06-08 10:35:00+09:00,0.0,0.0,0.0
2026-06-08 10:40:00+09:00,0.0,0.0,0.0
2026-06-08 10:45:00+09:00,0.0,0.0,0.0
2026-06-08 10:50:00+09:00,0.0,0.0,0.0
2026-06-08 10:55:00+09:00,0.0,0.0,0.0
2026-06-08 11:00:00+09:00,0.0,0.0,0.0
2026-06-08 11:05:00+09:00,0.0,0.0,0.0
2026-06-08 11:10:00+09:00,0.0,0.0,0.0
2026-06-08 11:15:00+09:00,0.0,0.0,0.0
2026-06-08 11:20:00+09:00,0.0,0.0,0.0
2026-06-08 11:25:00+09:00,0.0,0.0,0.0
2026-06-08 12:30:00+09:00,0.0,0.0,0.0
2026-06-08 12:35:00+09:00,0.0,0.0,0.0
2026-06-08 12:40:00+09:00,0.0,0.0,0.0
2026-06-08 12:45:00+09:00,0.0,0.0,0.0
2026-06-08 12:50:00+09:00,0.0,0.0,0.0
2026-06-08 12:55:00+09:00,0.0,0.0,0.0
2026-06-08 13:00:00+09:00,-0.00016641845473107378,1.0,1.0
2026-06-08 13:05:00+09:00,-0.00011493085181196378,0.0,0.9571665161096055
2026-06-08 13:10:00+09:00,9.276152932039791e-05,0.0,0.9263775971093043
2026-06-08 13:15:00+09:00,5.8614211390276463e-05,0.0,0.9816320385426076
2026-06-08 13:20:00+09:00,-0.000460498843700707,0.0,0.969361638060825
2026-06-08 13:25:00+09:00,0.00010685283495972877,0.0,0.9816320385426076
2026-06-08 13:30:00+09:00,-0.0002,1.0,0.0
2026-06-08 13:35:00+09:00,0.0,0.0,0.0
2026-06-08 13:40:00+09:00,0.0,0.0,0.0
2026-06-08 13:45:00+09:00,0.0,0.0,0.0
2026-06-08 13:50:00+09:00,0.0,0.0,0.0
2026-06-08 13:55:00+09:00,0.0,0.0,0.0
2026-06-08 14:00:00+09:00,0.0,0.0,0.0
2026-06-08 14:05:00+09:00,0.0,0.0,0.0
2026-06-08 14:10:00+09:00,0.0,0.0,0.0
2026-06-08 14:15:00+09:00,0.0,0.0,0.0
2026-06-08 14:20:00+09:00,0.0,0.0,0.0
2026-06-08 14:25:00+09:00,0.0,0.0,0.0
2026-06-08 14:30:00+09:00,0.0,0.0,0.0
2026-06-08 14:35:00+09:00,0.0,0.0,0.0
2026-06-08 14:40:00+09:00,0.0,0.0,0.0
2026-06-08 14:45:00+09:00,0.0,0.0,0.0
2026-06-08 14:50:00+09:00,0.0,0.0,0.0
2026-06-08 14:55:00+09:00,0.0,0.0,0.0
2026-06-08 15:00:00+09:00,0.0,0.0,0.0
2026-06-08 15:05:00+09:00,0.0,0.0,0.0
2026-06-08 15:10:00+09:00,0.0,0.0,0.0
2026-06-08 15:15:00+09:00,0.0,0.0,0.0
2026-06-08 15:20:00+09:00,0.0,0.0,0.0
2026-06-09 09:00:00+09:00,0.0,0.0,0.0
2026-06-09 09:05:00+09:00,0.0,0.0,0.0
2026-06-09 09:10:00+09:00,0.0,0.0,0.0
2026-06-09 09:15:00+09:00,0.0,0.0,0.0
2026-06-09 09:20:00+09:00,0.0,0.0,0.0
2026-06-09 09:25:00+09:00,0.0,0.0,0.0
2026-06-09 09:30:00+09:00,-0.0004208754503799986,1.0,1.0
2026-06-09 09:35:00+09:00,0.00047872749964168244,0.0,0.99375
2026-06-09 09:40:00+09:00,-0.0008006598463386333,0.0,1.0
2026-06-09 09:45:00+09:00,0.00044895994931561437,0.0,0.9751543209876543
2026-06-09 09:50:00+09:00,-0.00023064590745821672,0.0,0.9564043209876543
2026-06-09 09:55:00+09:00,-0.00035927860962023356,0.0,0.9750771604938272
2026-06-09 10:00:00+09:00,-0.0001887962962962963,0.9439814814814815,0.0
2026-06-09 10:05:00+09:00,-7.469135802469136e-06,0.03734567901234568,0.0
2026-06-09 10:10:00+09:00,-1.25e-06,0.00625,0.0
2026-06-09 10:15:00+09:00,-2.4845679012345682e-06,0.01242283950617284,0.0
2026-06-09 10:20:00+09:00,0.0,0.0,0.0
2026-06-09 10:25:00+09:00,0.0,0.0,0.0
2026-06-09 10:30:00+09:00,0.0,0.0,0.0
2026-06-09 10:35:00+09:00,0.0,0.0,0.0
2026-06-09 10:40:00+09:00,0.0,0.0,0.0
2026-06-09 10:45:00+09:00,0.0,0.0,0.0
2026-06-09 10:50:00+09:00,0.0,0.0,0.0
2026-06-09 10:55:00+09:00,0.0,0.0,0.0
2026-06-09 11:00:00+09:00,0.0,0.0,0.0
2026-06-09 11:05:00+09:00,0.0,0.0,0.0
2026-06-09 11:10:00+09:00,0.0,0.0,0.0
2026-06-09 11:15:00+09:00,0.0,0.0,0.0
2026-06-09 11:20:00+09:00,0.0,0.0,0.0
2026-06-09 11:25:00+09:00,0.0,0.0,0.0
2026-06-09 12:30:00+09:00,0.0,0.0,0.0
2026-06-09 12:35:00+09:00,0.0,0.0,0.0
2026-06-09 12:40:00+09:00,0.0,0.0,0.0
2026-06-09 12:45:00+09:00,0.0,0.0,0.0
2026-06-09 12:50:00+09:00,0.0,0.0,0.0
2026-06-09 12:55:00+09:00,0.0,0.0,0.0
2026-06-09 13:00:00+09:00,-0.0006680209438892402,1.0,1.0
2026-06-09 13:05:00+09:00,0.00042913146566089756,0.0,0.9938271604938271
2026-06-09 13:10:00+09:00,-0.0019290399489631477,0.0,0.9629629629629629
2026-06-09 13:15:00+09:00,0.0011153974977751715,0.0,1.0
2026-06-09 13:20:00+09:00,0.0005034151905456525,0.0,0.9691358024691358
2026-06-09 13:25:00+09:00,-0.0003468613610993438,0.0,0.9753086419753085
2026-06-09 13:30:00+09:00,-0.00018518518518518518,0.9259259259259258,0.0
2026-06-09 13:35:00+09:00,-1.1111111111111112e-05,0.05555555555555555,0.0
2026-06-09 13:40:00+09:00,-3.7037037037037037e-06,0.018518518518518517,0.0
2026-06-09 13:45:00+09:00,0.0,0.0,0.0
2026-06-09 13:50:00+09:00,0.0,0.0,0.0
2026-06-09 13:55:00+09:00,0.0,0.0,0.0
2026-06-09 14:00:00+09:00,0.0,0.0,0.0
2026-06-09 14:05:00+09:00,0.0,0.0,0.0
2026-06-09 14:10:00+09:00,0.0,0.0,0.0
2026-06-09 14:15:00+09:00,0.0,0.0,0.0
2026-06-09 14:20:00+09:00,0.0,0.0,0.0
2026-06-09 14:25:00+09:00,0.0,0.0,0.0
2026-06-09 14:30:00+09:00,0.0,0.0,0.0
2026-06-09 14:35:00+09:00,0.0,0.0,0.0
2026-06-09 14:40:00+09:00,0.0,0.0,0.0
2026-06-09 14:45:00+09:00,0.0,0.0,0.0
2026-06-09 14:50:00+09:00,0.0,0.0,0.0
2026-06-09 14:55:00+09:00,0.0,0.0,0.0
2026-06-09 15:00:00+09:00,0.0,0.0,0.0
2026-06-09 15:05:00+09:00,0.0,0.0,0.0
2026-06-09 15:10:00+09:00,0.0,0.0,0.0
2026-06-09 15:15:00+09:00,0.0,0.0,0.0
2026-06-09 15:20:00+09:00,0.0,0.0,0.0
2026-06-10 09:00:00+09:00,0.0,0.0,0.0
2026-06-10 09:05:00+09:00,0.0,0.0,0.0
2026-06-10 09:10:00+09:00,0.0,0.0,0.0
2026-06-10 09:15:00+09:00,0.0,0.0,0.0
2026-06-10 09:20:00+09:00,0.0,0.0,0.0
2026-06-10 09:25:00+09:00,0.0,0.0,0.0
2026-06-10 09:30:00+09:00,-0.0016253954080393818,1.0,1.0
2026-06-10 09:35:00+09:00,-0.00012731783497016468,0.0,0.9876543209876543
2026-06-10 09:40:00+09:00,0.0007414843880046545,0.0,0.9507678410117434
2026-06-10 09:45:00+09:00,0.0007066864523318935,0.0,0.969286359530262
2026-06-10 09:50:00+09:00,0.002073169431261744,0.0,0.9753086419753086
2026-06-10 09:55:00+09:00,0.0012052716318616662,0.0,0.9692110809996989
2026-06-10 10:00:00+09:00,-0.00019632640770852154,0.9816320385426076,0.0
2026-06-10 10:05:00+09:00,-2.4390243902439027e-06,0.012195121951219513,0.0
2026-06-10 10:10:00+09:00,-1.234567901234568e-06,0.006172839506172839,0.0
2026-06-10 10:15:00+09:00,0.0,0.0,0.0
2026-06-10 10:20:00+09:00,0.0,0.0,0.0
2026-06-10 10:25:00+09:00,0.0,0.0,0.0
2026-06-10 10:30:00+09:00,0.0,0.0,0.0
2026-06-10 10:35:00+09:00,0.0,0.0,0.0
2026-06-10 10:40:00+09:00,0.0,0.0,0.0
2026-06-10 10:45:00+09:00,0.0,0.0,0.0
2026-06-10 10:50:00+09:00,0.0,0.0,0.0
2026-06-10 10:55:00+09:00,0.0,0.0,0.0
2026-06-10 11:00:00+09:00,0.0,0.0,0.0
2026-06-10 11:05:00+09:00,0.0,0.0,0.0
2026-06-10 11:10:00+09:00,0.0,0.0,0.0
2026-06-10 11:15:00+09:00,0.0,0.0,0.0
2026-06-10 11:20:00+09:00,0.0,0.0,0.0
2026-06-10 11:25:00+09:00,0.0,0.0,0.0
2026-06-10 12:30:00+09:00,0.0,0.0,0.0
2026-06-10 12:35:00+09:00,0.0,0.0,0.0
2026-06-10 12:40:00+09:00,0.0,0.0,0.0
2026-06-10 12:45:00+09:00,0.0,0.0,0.0
2026-06-10 12:50:00+09:00,0.0,0.0,0.0
2026-06-10 12:55:00+09:00,0.0,0.0,0.0
2026-06-10 13:00:00+09:00,-0.00031598634256599877,1.0,1.0
2026-06-10 13:05:00+09:00,-0.00027405998021018716,0.0,0.9817073170731707
2026-06-10 13:10:00+09:00,0.00018071144263963294,0.0,0.9387232761216501
2026-06-10 13:15:00+09:00,-0.00012854821189702025,0.0,0.9633393556157784
2026-06-10 13:20:00+09:00,-0.0003631754042483496,0.0,0.9326257151460403
2026-06-10 13:25:00+09:00,-6.291645697319208e-05,0.0,0.9263775971093045
2026-06-10 13:30:00+09:00,-0.00017916290274013852,0.8958145137006925,0.0
2026-06-10 13:35:00+09:00,-1.7163504968383018e-05,0.08581752484191509,0.0
2026-06-10 13:40:00+09:00,-2.4540800963565193e-06,0.012270400481782595,0.0
2026-06-10 13:45:00+09:00,0.0,0.0,0.0
2026-06-10 13:50:00+09:00,-1.2195121951219514e-06,0.006097560975609756,0.0
2026-06-10 13:55:00+09:00,0.0,0.0,0.0
2026-06-10 14:00:00+09:00,0.0,0.0,0.0
2026-06-10 14:05:00+09:00,0.0,0.0,0.0
2026-06-10 14:10:00+09:00,0.0,0.0,0.0
2026-06-10 14:15:00+09:00,0.0,0.0,0.0
2026-06-10 14:20:00+09:00,0.0,0.0,0.0
2026-06-10 14:25:00+09:00,0.0,0.0,0.0
2026-06-10 14:30:00+09:00,0.0,0.0,0.0
2026-06-10 14:35:00+09:00,0.0,0.0,0.0
2026-06-10 14:40:00+09:00,0.0,0.0,0.0
2026-06-10 14:45:00+09:00,0.0,0.0,0.0
2026-06-10 14:50:00+09:00,0.0,0.0,0.0
2026-06-10 14:55:00+09:00,0.0,0.0,0.0
2026-06-10 15:00:00+09:00,0.0,0.0,0.0
2026-06-10 15:05:00+09:00,0.0,0.0,0.0
2026-06-10 15:10:00+09:00,0.0,0.0,0.0
2026-06-10 15:15:00+09:00,0.0,0.0,0.0
2026-06-10 15:20:00+09:00,0.0,0.0,0.0
2026-06-11 09:00:00+09:00,0.0,0.0,0.0
2026-06-11 09:05:00+09:00,0.0,0.0,0.0
2026-06-11 09:10:00+09:00,0.0,0.0,0.0
2026-06-11 09:15:00+09:00,0.0,0.0,0.0
2026-06-11 09:20:00+09:00,0.0,0.0,0.0
2026-06-11 09:25:00+09:00,0.0,0.0,0.0
2026-06-11 09:30:00+09:00,-0.00033989858354778154,1.0,1.0
2026-06-11 09:35:00+09:00,0.001977209132854944,0.0,0.9815567600120445
2026-06-11 09:40:00+09:00,0.0006405940179066107,0.0,0.9939024390243902
2026-06-11 09:45:00+09:00,0.0004993818401864498,0.0,0.9938271604938271
2026-06-11 09:50:00+09:00,-0.00032818583646281605,0.0,0.9816320385426076
2026-06-11 09:55:00+09:00,0.0008473991214250701,0.0,0.9815567600120446
2026-06-11 10:00:00+09:00,-0.0001951219512195122,0.975609756097561,0.0
2026-06-11 10:05:00+09:00,-4.8780487804878055e-06,0.024390243902439025,0.0
2026-06-11 10:10:00+09:00,0.0,0.0,0.0
2026-06-11 10:15:00+09:00,0.0,0.0,0.0
2026-06-11 10:20:00+09:00,0.0,0.0,0.0
2026-06-11 10:25:00+09:00,0.0,0.0,0.0
2026-06-11 10:30:00+09:00,0.0,0.0,0.0
2026-06-11 10:35:00+09:00,0.0,0.0,0.0
2026-06-11 10:40:00+09:00,0.0,0.0,0.0
2026-06-11 10:45:00+09:00,0.0,0.0,0.0
2026-06-11 10:50:00+09:00,0.0,0.0,0.0
2026-06-11 10:55:00+09:00,0.0,0.0,0.0
2026-06-11 11:00:00+09:00,0.0,0.0,0.0
2026-06-11 11:05:00+09:00,0.0,0.0,0.0
2026-06-11 11:10:00+09:00,0.0,0.0,0.0
2026-06-11 11:15:00+09:00,0.0,0.0,0.0
2026-06-11 11:20:00+09:00,0.0,0.0,0.0
2026-06-11 11:25:00+09:00,0.0,0.0,0.0
2026-06-11 12:30:00+09:00,0.0,0.0,0.0
2026-06-11 12:35:00+09:00,0.0,0.0,0.0
2026-06-11 12:40:00+09:00,0.0,0.0,0.0
2026-06-11 12:45:00+09:00,0.0,0.0,0.0
2026-06-11 12:50:00+09:00,0.0,0.0,0.0
2026-06-11 12:55:00+09:00,0.0,0.0,0.0
2026-06-11 13:00:00+09:00,-2.240260865478829e-05,1.0,1.0
2026-06-11 13:05:00+09:00,0.0002629184050969554,0.0,0.9878048780487804
2026-06-11 13:10:00+09:00,0.0003175562901018128,0.0,0.9202047576031316
2026-06-11 13:15:00+09:00,-0.00029366923599453607,0.0,0.9632640770852152
2026-06-11 13:20:00+09:00,7.668478039885987e-05,0.0,0.9572417946401686
2026-06-11 13:25:00+09:00,0.0001192134114840209,0.0,0.9262270400481782
2026-06-11 13:30:00+09:00,-0.00019509183980728696,0.9754591990364347,0.0
2026-06-11 13:35:00+09:00,-4.9081601927130386e-06,0.02454080096356519,0.0
2026-06-11 13:40:00+09:00,0.0,0.0,0.0
2026-06-11 13:45:00+09:00,0.0,0.0,0.0
2026-06-11 13:50:00+09:00,0.0,0.0,0.0
2026-06-11 13:55:00+09:00,0.0,0.0,0.0
2026-06-11 14:00:00+09:00,0.0,0.0,0.0
2026-06-11 14:05:00+09:00,0.0,0.0,0.0
2026-06-11 14:10:00+09:00,0.0,0.0,0.0
2026-06-11 14:15:00+09:00,0.0,0.0,0.0
2026-06-11 14:20:00+09:00,0.0,0.0,0.0
2026-06-11 14:25:00+09:00,0.0,0.0,0.0
2026-06-11 14:30:00+09:00,0.0,0.0,0.0
2026-06-11 14:35:00+09:00,0.0,0.0,0.0
2026-06-11 14:40:00+09:00,0.0,0.0,0.0
2026-06-11 14:45:00+09:00,0.0,0.0,0.0
2026-06-11 14:50:00+09:00,0.0,0.0,0.0
2026-06-11 14:55:00+09:00,0.0,0.0,0.0
2026-06-11 15:00:00+09:00,0.0,0.0,0.0
2026-06-11 15:05:00+09:00,0.0,0.0,0.0
2026-06-11 15:10:00+09:00,0.0,0.0,0.0
2026-06-11 15:15:00+09:00,0.0,0.0,0.0
2026-06-11 15:20:00+09:00,0.0,0.0,0.0
2026-06-12 09:00:00+09:00,0.0,0.0,0.0
2026-06-12 09:05:00+09:00,0.0,0.0,0.0
2026-06-12 09:10:00+09:00,0.0,0.0,0.0
2026-06-12 09:15:00+09:00,0.0,0.0,0.0
2026-06-12 09:20:00+09:00,0.0,0.0,0.0
2026-06-12 09:25:00+09:00,0.0,0.0,0.0
2026-06-12 09:30:00+09:00,1.0951793343577e-05,1.0,1.0
2026-06-12 09:35:00+09:00,9.698351351916617e-05,0.0,0.969361638060825
2026-06-12 09:40:00+09:00,-0.0004241719245248642,0.0,0.9753839205058717
2026-06-12 09:45:00+09:00,-7.433653081840836e-06,0.0,0.9753839205058716
2026-06-12 09:50:00+09:00,-0.00028035861418532193,0.0,0.9753839205058717
2026-06-12 09:55:00+09:00,0.00047518129183112326,0.0,0.938572719060524
2026-06-12 10:00:00+09:00,-0.0001938572719060524,0.969286359530262,0.0
2026-06-12 10:05:00+09:00,-6.142728093947607e-06,0.03071364046973803,0.0
2026-06-12 10:10:00+09:00,0.0,0.0,0.0
2026-06-12 10:15:00+09:00,0.0,0.0,0.0
2026-06-12 10:20:00+09:00,0.0,0.0,0.0
2026-06-12 10:25:00+09:00,0.0,0.0,0.0
2026-06-12 10:30:00+09:00,0.0,0.0,0.0
2026-06-12 10:35:00+09:00,0.0,0.0,0.0
2026-06-12 10:40:00+09:00,0.0,0.0,0.0
2026-06-12 10:45:00+09:00,0.0,0.0,0.0
2026-06-12 10:50:00+09:00,0.0,0.0,0.0
2026-06-12 10:55:00+09:00,0.0,0.0,0.0
2026-06-12 11:00:00+09:00,0.0,0.0,0.0
2026-06-12 11:05:00+09:00,0.0,0.0,0.0
2026-06-12 11:10:00+09:00,0.0,0.0,0.0
2026-06-12 11:15:00+09:00,0.0,0.0,0.0
2026-06-12 11:20:00+09:00,0.0,0.0,0.0
2026-06-12 11:25:00+09:00,0.0,0.0,0.0
2026-06-12 12:30:00+09:00,0.0,0.0,0.0
2026-06-12 12:35:00+09:00,0.0,0.0,0.0
2026-06-12 12:40:00+09:00,0.0,0.0,0.0
2026-06-12 12:45:00+09:00,0.0,0.0,0.0
2026-06-12 12:50:00+09:00,0.0,0.0,0.0
2026-06-12 12:55:00+09:00,0.0,0.0,0.0
2026-06-12 13:00:00+09:00,4.141851285509206e-05,1.0,1.0
2026-06-12 13:05:00+09:00,9.195794749259939e-06,0.0,0.9570912375790424
2026-06-12 13:10:00+09:00,0.00020012062764661624,0.0,0.9387985546522132
2026-06-12 13:15:00+09:00,-4.756229258649995e-05,0.0,0.9877295995182174
2026-06-12 13:20:00+09:00,0.00020403895842978083,0.0,0.9631887985546521
2026-06-12 13:25:00+09:00,-6.288696766033338e-05,0.0,0.9508431195423066
2026-06-12 13:30:00+09:00,-0.00019509183980728696,0.9754591990364347,0.0
2026-06-12 13:35:00+09:00,-4.9081601927130386e-06,0.02454080096356519,0.0
2026-06-12 13:40:00+09:00,0.0,0.0,0.0
2026-06-12 13:45:00+09:00,0.0,0.0,0.0
2026-06-12 13:50:00+09:00,0.0,0.0,0.0
2026-06-12 13:55:00+09:00,0.0,0.0,0.0
2026-06-12 14:00:00+09:00,0.0,0.0,0.0
2026-06-12 14:05:00+09:00,0.0,0.0,0.0
2026-06-12 14:10:00+09:00,0.0,0.0,0.0
2026-06-12 14:15:00+09:00,0.0,0.0,0.0
2026-06-12 14:20:00+09:00,0.0,0.0,0.0
2026-06-12 14:25:00+09:00,0.0,0.0,0.0
2026-06-12 14:30:00+09:00,0.0,0.0,0.0
2026-06-12 14:35:00+09:00,0.0,0.0,0.0
2026-06-12 14:40:00+09:00,0.0,0.0,0.0
2026-06-12 14:45:00+09:00,0.0,0.0,0.0
2026-06-12 14:50:00+09:00,0.0,0.0,0.0
2026-06-12 14:55:00+09:00,0.0,0.0,0.0
2026-06-12 15:00:00+09:00,0.0,0.0,0.0
2026-06-12 15:05:00+09:00,0.0,0.0,0.0
2026-06-12 15:10:00+09:00,0.0,0.0,0.0
2026-06-12 15:15:00+09:00,0.0,0.0,0.0
2026-06-12 15:20:00+09:00,0.0,0.0,0.0
2026-06-15 09:00:00+09:00,0.0,0.0,0.0
2026-06-15 09:05:00+09:00,0.0,0.0,0.0
2026-06-15 09:10:00+09:00,0.0,0.0,0.0
2026-06-15 09:15:00+09:00,0.0,0.0,0.0
2026-06-15 09:20:00+09:00,0.0,0.0,0.0
2026-06-15 09:25:00+09:00,0.0,0.0,0.0
2026-06-15 09:30:00+09:00,-0.0003323761459073387,1.0,0.9999999999999999
2026-06-15 09:35:00+09:00,-0.00015305539504964814,0.0,0.9627314814814814
2026-06-15 09:40:00+09:00,-0.0005209998563422453,0.0,0.9874999999999998
2026-06-15 09:45:00+09:00,-0.00044364407739241467,0.0,0.9999999999999999
2026-06-15 09:50:00+09:00,0.00025045516329292477,0.0,0.962577160493827
2026-06-15 09:55:00+09:00,4.0114355367596e-05,0.0,0.9875771604938272
2026-06-15 10:00:00+09:00,-0.00019378086419753087,0.9689043209876543,0.0
2026-06-15 10:05:00+09:00,-4.984567901234568e-06,0.024922839506172842,0.0
2026-06-15 10:10:00+09:00,-1.234567901234568e-06,0.006172839506172839,0.0
2026-06-15 10:15:00+09:00,0.0,0.0,0.0
2026-06-15 10:20:00+09:00,0.0,0.0,0.0
2026-06-15 10:25:00+09:00,0.0,0.0,0.0
2026-06-15 10:30:00+09:00,0.0,0.0,0.0
2026-06-15 10:35:00+09:00,0.0,0.0,0.0
2026-06-15 10:40:00+09:00,0.0,0.0,0.0
2026-06-15 10:45:00+09:00,0.0,0.0,0.0
2026-06-15 10:50:00+09:00,0.0,0.0,0.0
2026-06-15 10:55:00+09:00,0.0,0.0,0.0
2026-06-15 11:00:00+09:00,0.0,0.0,0.0
2026-06-15 11:05:00+09:00,0.0,0.0,0.0
2026-06-15 11:10:00+09:00,0.0,0.0,0.0
2026-06-15 11:15:00+09:00,0.0,0.0,0.0
2026-06-15 11:20:00+09:00,0.0,0.0,0.0
2026-06-15 11:25:00+09:00,0.0,0.0,0.0
2026-06-15 12:30:00+09:00,0.0,0.0,0.0
2026-06-15 12:35:00+09:00,0.0,0.0,0.0
2026-06-15 12:40:00+09:00,0.0,0.0,0.0
2026-06-15 12:45:00+09:00,0.0,0.0,0.0
2026-06-15 12:50:00+09:00,0.0,0.0,0.0
2026-06-15 12:55:00+09:00,0.0,0.0,0.0
2026-06-15 13:00:00+09:00,-0.0004816597606368257,1.0,1.0
2026-06-15 13:05:00+09:00,0.0001071537844751721,0.0,0.98125
2026-06-15 13:10:00+09:00,-0.0001835291047686604,0.0,0.9564814814814815
2026-06-15 13:15:00+09:00,-8.929146188623485e-05,0.0,0.9376543209876542
2026-06-15 13:20:00+09:00,-7.871263350883156e-05,0.0,0.9938271604938271
2026-06-15 13:25:00+09:00,-0.00014893608576999894,0.0,0.912962962962963
2026-06-15 13:30:00+09:00,-0.00019378086419753087,0.9689043209876543,0.0
2026-06-15 13:35:00+09:00,-6.219135802469136e-06,0.03109567901234568,0.0
2026-06-15 13:40:00+09:00,0.0,0.0,0.0
2026-06-15 13:45:00+09:00,0.0,0.0,0.0
2026-06-15 13:50:00+09:00,0.0,0.0,0.0
2026-06-15 13:55:00+09:00,0.0,0.0,0.0
2026-06-15 14:00:00+09:00,0.0,0.0,0.0
2026-06-15 14:05:00+09:00,0.0,0.0,0.0
2026-06-15 14:10:00+09:00,0.0,0.0,0.0
2026-06-15 14:15:00+09:00,0.0,0.0,0.0
2026-06-15 14:20:00+09:00,0.0,0.0,0.0
2026-06-15 14:25:00+09:00,0.0,0.0,0.0
2026-06-15 14:30:00+09:00,0.0,0.0,0.0
2026-06-15 14:35:00+09:00,0.0,0.0,0.0
2026-06-15 14:40:00+09:00,0.0,0.0,0.0
2026-06-15 14:45:00+09:00,0.0,0.0,0.0
2026-06-15 14:50:00+09:00,0.0,0.0,0.0
2026-06-15 14:55:00+09:00,0.0,0.0,0.0
2026-06-15 15:00:00+09:00,0.0,0.0,0.0
2026-06-15 15:05:00+09:00,0.0,0.0,0.0
2026-06-15 15:10:00+09:00,0.0,0.0,0.0
2026-06-15 15:15:00+09:00,0.0,0.0,0.0
2026-06-15 15:20:00+09:00,0.0,0.0,0.0
2026-06-16 09:00:00+09:00,0.0,0.0,0.0
2026-06-16 09:05:00+09:00,0.0,0.0,0.0
2026-06-16 09:10:00+09:00,0.0,0.0,0.0
2026-06-16 09:15:00+09:00,0.0,0.0,0.0
2026-06-16 09:20:00+09:00,0.0,0.0,0.0
2026-06-16 09:25:00+09:00,0.0,0.0,0.0
2026-06-16 09:30:00+09:00,-0.000438996048652578,1.0,1.0
2026-06-16 09:35:00+09:00,0.0008730356813469963,0.0,0.9819277108433735
2026-06-16 09:40:00+09:00,0.0005638776644141015,0.0,0.981854246253306
2026-06-16 09:45:00+09:00,0.0003664692132881962,0.0,0.9758301498677637
2026-06-16 09:50:00+09:00,2.8239268229514424e-05,0.0,0.9879518072289157
2026-06-16 09:55:00+09:00,-0.0004892508498575244,0.0,0.9455627387599179
2026-06-16 10:00:00+09:00,-0.00019757566852776962,0.9878783426388481,0.0
2026-06-16 10:05:00+09:00,-1.2048192771084338e-06,0.006024096385542169,0.0
2026-06-16 10:10:00+09:00,0.0,0.0,0.0
2026-06-16 10:15:00+09:00,-1.2195121951219514e-06,0.006097560975609756,0.0
2026-06-16 10:20:00+09:00,0.0,0.0,0.0
2026-06-16 10:25:00+09:00,0.0,0.0,0.0
2026-06-16 10:30:00+09:00,0.0,0.0,0.0
2026-06-16 10:35:00+09:00,0.0,0.0,0.0
2026-06-16 10:40:00+09:00,0.0,0.0,0.0
2026-06-16 10:45:00+09:00,0.0,0.0,0.0
2026-06-16 10:50:00+09:00,0.0,0.0,0.0
2026-06-16 10:55:00+09:00,0.0,0.0,0.0
2026-06-16 11:00:00+09:00,0.0,0.0,0.0
2026-06-16 11:05:00+09:00,0.0,0.0,0.0
2026-06-16 11:10:00+09:00,0.0,0.0,0.0
2026-06-16 11:15:00+09:00,0.0,0.0,0.0
2026-06-16 11:20:00+09:00,0.0,0.0,0.0
2026-06-16 11:25:00+09:00,0.0,0.0,0.0
2026-06-16 12:30:00+09:00,0.0,0.0,0.0
2026-06-16 12:35:00+09:00,0.0,0.0,0.0
2026-06-16 12:40:00+09:00,0.0,0.0,0.0
2026-06-16 12:45:00+09:00,0.0,0.0,0.0
2026-06-16 12:50:00+09:00,0.0,0.0,0.0
2026-06-16 12:55:00+09:00,0.0,0.0,0.0
2026-06-16 13:00:00+09:00,-0.00021576769495181637,1.0,1.0
2026-06-16 13:05:00+09:00,0.000114763280207172,0.0,0.9877295995182174
2026-06-16 13:10:00+09:00,-0.00010737992566048697,0.0,0.9570912375790425
2026-06-16 13:15:00+09:00,-0.00013446692555447933,0.0,0.9572417946401686
2026-06-16 13:20:00+09:00,-0.00016862190138079044,0.0,0.975609756097561
2026-06-16 13:25:00+09:00,2.3593625023340195e-05,0.0,0.9327762722071664
2026-06-16 13:30:00+09:00,-0.00018529057512797352,0.9264528756398674,0.0
2026-06-16 13:35:00+09:00,-1.2255344775669979e-05,0.0612767238783499,0.0
2026-06-16 13:40:00+09:00,-2.4540800963565193e-06,0.012270400481782595,0.0
2026-06-16 13:45:00+09:00,0.0,0.0,0.0
2026-06-16 13:50:00+09:00,0.0,0.0,0.0
2026-06-16 13:55:00+09:00,0.0,0.0,0.0
2026-06-16 14:00:00+09:00,0.0,0.0,0.0
2026-06-16 14:05:00+09:00,0.0,0.0,0.0
2026-06-16 14:10:00+09:00,0.0,0.0,0.0
2026-06-16 14:15:00+09:00,0.0,0.0,0.0
2026-06-16 14:20:00+09:00,0.0,0.0,0.0
2026-06-16 14:25:00+09:00,0.0,0.0,0.0
2026-06-16 14:30:00+09:00,0.0,0.0,0.0
2026-06-16 14:35:00+09:00,0.0,0.0,0.0
2026-06-16 14:40:00+09:00,0.0,0.0,0.0
2026-06-16 14:45:00+09:00,0.0,0.0,0.0
2026-06-16 14:50:00+09:00,0.0,0.0,0.0
2026-06-16 14:55:00+09:00,0.0,0.0,0.0
2026-06-16 15:00:00+09:00,0.0,0.0,0.0
2026-06-16 15:05:00+09:00,0.0,0.0,0.0
2026-06-16 15:10:00+09:00,0.0,0.0,0.0
2026-06-16 15:15:00+09:00,0.0,0.0,0.0
2026-06-16 15:20:00+09:00,0.0,0.0,0.0
2026-06-17 09:00:00+09:00,0.0,0.0,0.0
2026-06-17 09:05:00+09:00,0.0,0.0,0.0
2026-06-17 09:10:00+09:00,0.0,0.0,0.0
2026-06-17 09:15:00+09:00,0.0,0.0,0.0
2026-06-17 09:20:00+09:00,0.0,0.0,0.0
2026-06-17 09:25:00+09:00,0.0,0.0,0.0
2026-06-17 09:30:00+09:00,4.967245263542738e-06,1.0,0.9999999999999999
2026-06-17 09:35:00+09:00,5.4071871741138576e-05,0.0,0.9692110809996988
2026-06-17 09:40:00+09:00,-5.05550281239379e-05,0.0,0.9509183980728696
2026-06-17 09:45:00+09:00,-0.00013308867855871002,0.0,0.9693616380608252
2026-06-17 09:50:00+09:00,0.00021618460393692596,0.0,0.9508431195423065
2026-06-17 09:55:00+09:00,0.00027565849997161914,0.0,0.9508431195423066
2026-06-17 10:00:00+09:00,-0.00019509183980728696,0.9754591990364347,0.0
2026-06-17 10:05:00+09:00,-2.4390243902439027e-06,0.012195121951219513,0.0
2026-06-17 10:10:00+09:00,-2.469135802469136e-06,0.012345679012345678,0.0
2026-06-17 10:15:00+09:00,0.0,0.0,0.0
2026-06-17 10:20:00+09:00,0.0,0.0,0.0
2026-06-17 10:25:00+09:00,0.0,0.0,0.0
2026-06-17 10:30:00+09:00,0.0,0.0,0.0
2026-06-17 10:35:00+09:00,0.0,0.0,0.0
2026-06-17 10:40:00+09:00,0.0,0.0,0.0
2026-06-17 10:45:00+09:00,0.0,0.0,0.0
2026-06-17 10:50:00+09:00,0.0,0.0,0.0
2026-06-17 10:55:00+09:00,0.0,0.0,0.0
2026-06-17 11:00:00+09:00,0.0,0.0,0.0
2026-06-17 11:05:00+09:00,0.0,0.0,0.0
2026-06-17 11:10:00+09:00,0.0,0.0,0.0
2026-06-17 11:15:00+09:00,0.0,0.0,0.0
2026-06-17 11:20:00+09:00,0.0,0.0,0.0
2026-06-17 11:25:00+09:00,0.0,0.0,0.0
2026-06-17 12:30:00+09:00,0.0,0.0,0.0
2026-06-17 12:35:00+09:00,0.0,0.0,0.0
2026-06-17 12:40:00+09:00,0.0,0.0,0.0
2026-06-17 12:45:00+09:00,0.0,0.0,0.0
2026-06-17 12:50:00+09:00,0.0,0.0,0.0
2026-06-17 12:55:00+09:00,0.0,0.0,0.0
2026-06-17 13:00:00+09:00,-0.00029317046225673754,1.0,1.0
2026-06-17 13:05:00+09:00,-6.0607421479363574e-05,0.0,0.9384221619993978
2026-06-17 13:10:00+09:00,1.5592291931897583e-05,0.0,0.8713489912676904
2026-06-17 13:15:00+09:00,5.8972130035254154e-05,0.0,0.9387232761216502
2026-06-17 13:20:00+09:00,0.00018134410871505652,0.0,0.9325504366154772
2026-06-17 13:25:00+09:00,0.00011387551904232388,0.0,0.9265281541704307
2026-06-17 13:30:00+09:00,-0.0001852755194218609,0.9263775971093045,0.0
2026-06-17 13:35:00+09:00,-1.2270400481782596e-05,0.061352002408912976,0.0
2026-06-17 13:40:00+09:00,-1.2195121951219514e-06,0.006097560975609756,0.0
2026-06-17 13:45:00+09:00,-1.234567901234568e-06,0.006172839506172839,0.0
2026-06-17 13:50:00+09:00,0.0,0.0,0.0
2026-06-17 13:55:00+09:00,0.0,0.0,0.0
2026-06-17 14:00:00+09:00,0.0,0.0,0.0
2026-06-17 14:05:00+09:00,0.0,0.0,0.0
2026-06-17 14:10:00+09:00,0.0,0.0,0.0
2026-06-17 14:15:00+09:00,0.0,0.0,0.0
2026-06-17 14:20:00+09:00,0.0,0.0,0.0
2026-06-17 14:25:00+09:00,0.0,0.0,0.0
2026-06-17 14:30:00+09:00,0.0,0.0,0.0
2026-06-17 14:35:00+09:00,0.0,0.0,0.0
2026-06-17 14:40:00+09:00,0.0,0.0,0.0
2026-06-17 14:45:00+09:00,0.0,0.0,0.0
2026-06-17 14:50:00+09:00,0.0,0.0,0.0
2026-06-17 14:55:00+09:00,0.0,0.0,0.0
2026-06-17 15:00:00+09:00,0.0,0.0,0.0
2026-06-17 15:05:00+09:00,0.0,0.0,0.0
2026-06-17 15:10:00+09:00,0.0,0.0,0.0
2026-06-17 15:15:00+09:00,0.0,0.0,0.0
2026-06-17 15:20:00+09:00,0.0,0.0,0.0
2026-06-18 09:00:00+09:00,0.0,0.0,0.0
2026-06-18 09:05:00+09:00,0.0,0.0,0.0
2026-06-18 09:10:00+09:00,0.0,0.0,0.0
2026-06-18 09:15:00+09:00,0.0,0.0,0.0
2026-06-18 09:20:00+09:00,0.0,0.0,0.0
2026-06-18 09:25:00+09:00,0.0,0.0,0.0
2026-06-18 09:30:00+09:00,-0.00030061361481216096,1.0,0.9999999999999998
2026-06-18 09:35:00+09:00,-0.00025995547751182823,0.0,0.9570159590484794
2026-06-18 09:40:00+09:00,0.0009448396847065387,0.0,0.9939024390243902
2026-06-18 09:45:00+09:00,-0.0002792884517748565,0.0,0.9570912375790425
2026-06-18 09:50:00+09:00,-2.649585060536689e-06,0.0,0.969211080999699
2026-06-18 09:55:00+09:00,-1.1060202251374739e-05,0.0,0.9816320385426076
2026-06-18 10:00:00+09:00,-0.00019634146341463416,0.9817073170731707,0.0
2026-06-18 10:05:00+09:00,-3.658536585365854e-06,0.01829268292682927,0.0
2026-06-18 10:10:00+09:00,0.0,0.0,0.0
2026-06-18 10:15:00+09:00,0.0,0.0,0.0
2026-06-18 10:20:00+09:00,0.0,0.0,0.0
2026-06-18 10:25:00+09:00,0.0,0.0,0.0
2026-06-18 10:30:00+09:00,0.0,0.0,0.0
2026-06-18 10:35:00+09:00,0.0,0.0,0.0
2026-06-18 10:40:00+09:00,0.0,0.0,0.0
2026-06-18 10:45:00+09:00,0.0,0.0,0.0
2026-06-18 10:50:00+09:00,0.0,0.0,0.0
2026-06-18 10:55:00+09:00,0.0,0.0,0.0
2026-06-18 11:00:00+09:00,0.0,0.0,0.0
2026-06-18 11:05:00+09:00,0.0,0.0,0.0
2026-06-18 11:10:00+09:00,0.0,0.0,0.0
2026-06-18 11:15:00+09:00,0.0,0.0,0.0
2026-06-18 11:20:00+09:00,0.0,0.0,0.0
2026-06-18 11:25:00+09:00,0.0,0.0,0.0
2026-06-18 12:30:00+09:00,0.0,0.0,0.0
2026-06-18 12:35:00+09:00,0.0,0.0,0.0
2026-06-18 12:40:00+09:00,0.0,0.0,0.0
2026-06-18 12:45:00+09:00,0.0,0.0,0.0
2026-06-18 12:50:00+09:00,0.0,0.0,0.0
2026-06-18 12:55:00+09:00,0.0,0.0,0.0
2026-06-18 13:00:00+09:00,-0.0003167299355000218,1.0,1.0
2026-06-18 13:05:00+09:00,-2.0060162779597904e-05,0.0,0.9387985546522131
2026-06-18 13:10:00+09:00,0.000448993809362315,0.0,0.9448961156278228
2026-06-18 13:15:00+09:00,-0.00046979353363395525,0.0,0.9570912375790424
2026-06-18 13:20:00+09:00,-8.638734782025179e-05,0.0,0.9939024390243901
2026-06-18 13:25:00+09:00,0.00011133140734745235,0.0,0.9509936766034326
2026-06-18 13:30:00+09:00,-0.00019634146341463416,0.9817073170731707,0.0
2026-06-18 13:35:00+09:00,-3.658536585365854e-06,0.01829268292682927,0.0
2026-06-18 13:40:00+09:00,0.0,0.0,0.0
2026-06-18 13:45:00+09:00,0.0,0.0,0.0
2026-06-18 13:50:00+09:00,0.0,0.0,0.0
2026-06-18 13:55:00+09:00,0.0,0.0,0.0
2026-06-18 14:00:00+09:00,0.0,0.0,0.0
2026-06-18 14:05:00+09:00,0.0,0.0,0.0
2026-06-18 14:10:00+09:00,0.0,0.0,0.0
2026-06-18 14:15:00+09:00,0.0,0.0,0.0
2026-06-18 14:20:00+09:00,0.0,0.0,0.0
2026-06-18 14:25:00+09:00,0.0,0.0,0.0
2026-06-18 14:30:00+09:00,0.0,0.0,0.0
2026-06-18 14:35:00+09:00,0.0,0.0,0.0
2026-06-18 14:40:00+09:00,0.0,0.0,0.0
2026-06-18 14:45:00+09:00,0.0,0.0,0.0
2026-06-18 14:50:00+09:00,0.0,0.0,0.0
2026-06-18 14:55:00+09:00,0.0,0.0,0.0
2026-06-18 15:00:00+09:00,0.0,0.0,0.0
2026-06-18 15:05:00+09:00,0.0,0.0,0.0
2026-06-18 15:10:00+09:00,0.0,0.0,0.0
2026-06-18 15:15:00+09:00,0.0,0.0,0.0
2026-06-18 15:20:00+09:00,0.0,0.0,0.0
2026-06-19 09:00:00+09:00,0.0,0.0,0.0
2026-06-19 09:05:00+09:00,0.0,0.0,0.0
2026-06-19 09:10:00+09:00,0.0,0.0,0.0
2026-06-19 09:15:00+09:00,0.0,0.0,0.0
2026-06-19 09:20:00+09:00,0.0,0.0,0.0
2026-06-19 09:25:00+09:00,0.0,0.0,0.0
2026-06-19 09:30:00+09:00,-0.00043635777710029255,1.0,1.0
2026-06-19 09:35:00+09:00,9.465594101672069e-05,0.0,0.9756832206876286
2026-06-19 09:40:00+09:00,-0.000481650472555562,0.0,0.9635615633264767
2026-06-19 09:45:00+09:00,6.833913613071545e-05,0.006097560975609756,0.9634880987364091
2026-06-19 09:50:00+09:00,0.00013297209123779195,0.0,0.9635615633264767
2026-06-19 09:55:00+09:00,-0.0004031201942998199,0.0,0.9695856597120189
2026-06-19 10:00:00+09:00,-0.00019271231266529534,0.9635615633264767,0.0
2026-06-19 10:05:00+09:00,-4.84866294446077e-06,0.02424331472230385,0.0
2026-06-19 10:10:00+09:00,0.0,0.0,0.0
2026-06-19 10:15:00+09:00,-1.2195121951219514e-06,0.006097560975609756,0.0
2026-06-19 10:20:00+09:00,0.0,0.0,0.0
2026-06-19 10:25:00+09:00,0.0,0.0,0.0
2026-06-19 10:30:00+09:00,0.0,0.0,0.0
2026-06-19 10:35:00+09:00,0.0,0.0,0.0
2026-06-19 10:40:00+09:00,0.0,0.0,0.0
2026-06-19 10:45:00+09:00,0.0,0.0,0.0
2026-06-19 10:50:00+09:00,0.0,0.0,0.0
2026-06-19 10:55:00+09:00,0.0,0.0,0.0
2026-06-19 11:00:00+09:00,0.0,0.0,0.0
2026-06-19 11:05:00+09:00,0.0,0.0,0.0
2026-06-19 11:10:00+09:00,0.0,0.0,0.0
2026-06-19 11:15:00+09:00,0.0,0.0,0.0
2026-06-19 11:20:00+09:00,0.0,0.0,0.0
2026-06-19 11:25:00+09:00,0.0,0.0,0.0
2026-06-19 12:30:00+09:00,0.0,0.0,0.0
2026-06-19 12:35:00+09:00,0.0,0.0,0.0
2026-06-19 12:40:00+09:00,0.0,0.0,0.0
2026-06-19 12:45:00+09:00,0.0,0.0,0.0
2026-06-19 12:50:00+09:00,0.0,0.0,0.0
2026-06-19 12:55:00+09:00,0.0,0.0,0.0
2026-06-19 13:00:00+09:00,-0.000410604198588039,1.0,0.9999999999999999
2026-06-19 13:05:00+09:00,-0.00023214728381633427,0.0,0.9510689551339957
2026-06-19 13:10:00+09:00,0.00015588573751756864,0.0,0.9449713941583859
2026-06-19 13:15:00+09:00,-1.957034456014031e-06,0.0,0.9632640770852152
2026-06-19 13:20:00+09:00,1.0913388477015173e-05,0.0,0.975609756097561
2026-06-19 13:25:00+09:00,0.0003822992892287011,0.0,0.9205058717253839
2026-06-19 13:30:00+09:00,-0.00018651008732309545,0.9325504366154772,0.0
2026-06-19 13:35:00+09:00,-1.1035832580548028e-05,0.055179162902740136,0.0
2026-06-19 13:40:00+09:00,-2.4540800963565193e-06,0.012270400481782595,0.0
2026-06-19 13:45:00+09:00,0.0,0.0,0.0
2026-06-19 13:50:00+09:00,0.0,0.0,0.0
2026-06-19 13:55:00+09:00,0.0,0.0,0.0
2026-06-19 14:00:00+09:00,0.0,0.0,0.0
2026-06-19 14:05:00+09:00,0.0,0.0,0.0
2026-06-19 14:10:00+09:00,0.0,0.0,0.0
2026-06-19 14:15:00+09:00,0.0,0.0,0.0
2026-06-19 14:20:00+09:00,0.0,0.0,0.0
2026-06-19 14:25:00+09:00,0.0,0.0,0.0
2026-06-19 14:30:00+09:00,0.0,0.0,0.0
2026-06-19 14:35:00+09:00,0.0,0.0,0.0
2026-06-19 14:40:00+09:00,0.0,0.0,0.0
2026-06-19 14:45:00+09:00,0.0,0.0,0.0
2026-06-19 14:50:00+09:00,0.0,0.0,0.0
2026-06-19 14:55:00+09:00,0.0,0.0,0.0
2026-06-19 15:00:00+09:00,0.0,0.0,0.0
2026-06-19 15:05:00+09:00,0.0,0.0,0.0
2026-06-19 15:10:00+09:00,0.0,0.0,0.0
2026-06-19 15:15:00+09:00,0.0,0.0,0.0
2026-06-19 15:20:00+09:00,0.0,0.0,0.0
2026-06-22 09:00:00+09:00,0.0,0.0,0.0
2026-06-22 09:05:00+09:00,0.0,0.0,0.0
2026-06-22 09:10:00+09:00,0.0,0.0,0.0
2026-06-22 09:15:00+09:00,0.0,0.0,0.0
2026-06-22 09:20:00+09:00,0.0,0.0,0.0
2026-06-22 09:25:00+09:00,0.0,0.0,0.0
2026-06-22 09:30:00+09:00,-5.4627525377402286e-05,1.0,1.0
2026-06-22 09:35:00+09:00,0.00020164225067680704,0.0,0.9878783426388482
2026-06-22 09:40:00+09:00,-0.0002203695807900892,0.0,0.9878783426388482
2026-06-22 09:45:00+09:00,-0.0003614136421911315,0.0,1.0
2026-06-22 09:50:00+09:00,-0.0002374705884499713,0.0,0.9515868351454598
2026-06-22 09:55:00+09:00,-0.00015841210436616526,0.0,0.9333676168086982
2026-06-22 10:00:00+09:00,-0.00019513664413752573,0.9756832206876286,0.0
2026-06-22 10:05:00+09:00,-2.4390243902439027e-06,0.012195121951219513,0.0
2026-06-22 10:10:00+09:00,-1.2048192771084338e-06,0.006024096385542169,0.0
2026-06-22 10:15:00+09:00,0.0,0.0,0.0
2026-06-22 10:20:00+09:00,0.0,0.0,0.0
2026-06-22 10:25:00+09:00,0.0,0.0,0.0
2026-06-22 10:30:00+09:00,0.0,0.0,0.0
2026-06-22 10:35:00+09:00,0.0,0.0,0.0
2026-06-22 10:40:00+09:00,-1.2195121951219514e-06,0.006097560975609756,0.0
2026-06-22 10:45:00+09:00,0.0,0.0,0.0
2026-06-22 10:50:00+09:00,0.0,0.0,0.0
2026-06-22 10:55:00+09:00,0.0,0.0,0.0
2026-06-22 11:00:00+09:00,0.0,0.0,0.0
2026-06-22 11:05:00+09:00,0.0,0.0,0.0
2026-06-22 11:10:00+09:00,0.0,0.0,0.0
2026-06-22 11:15:00+09:00,0.0,0.0,0.0
2026-06-22 11:20:00+09:00,0.0,0.0,0.0
2026-06-22 11:25:00+09:00,0.0,0.0,0.0
2026-06-22 12:30:00+09:00,0.0,0.0,0.0
2026-06-22 12:35:00+09:00,0.0,0.0,0.0
2026-06-22 12:40:00+09:00,0.0,0.0,0.0
2026-06-22 12:45:00+09:00,0.0,0.0,0.0
2026-06-22 12:50:00+09:00,0.0,0.0,0.0
2026-06-22 12:55:00+09:00,0.0,0.0,0.0
2026-06-22 13:00:00+09:00,-0.0001110794953251485,1.0,1.0
2026-06-22 13:05:00+09:00,8.066504450746564e-05,0.0,0.9270496620628859
2026-06-22 13:10:00+09:00,-1.267063646996052e-05,0.0,0.9513664413752572
2026-06-22 13:15:00+09:00,9.605577249170036e-05,0.0,0.9270496620628859
2026-06-22 13:20:00+09:00,0.00010263703848766375,0.0,0.9026594181604467
2026-06-22 13:25:00+09:00,-0.00039337050102533313,0.0,0.9209521010872761
2026-06-22 13:30:00+09:00,-0.00018542462533059067,0.9271231266529533,0.0
2026-06-22 13:35:00+09:00,-8.492506611813108e-06,0.042462533059065534,0.0
2026-06-22 13:40:00+09:00,-3.658536585365854e-06,0.01829268292682927,0.0
2026-06-22 13:45:00+09:00,-1.2048192771084338e-06,0.006024096385542169,0.0
2026-06-22 13:50:00+09:00,0.0,0.0,0.0
2026-06-22 13:55:00+09:00,0.0,0.0,0.0
2026-06-22 14:00:00+09:00,0.0,0.0,0.0
2026-06-22 14:05:00+09:00,0.0,0.0,0.0
2026-06-22 14:10:00+09:00,0.0,0.0,0.0
2026-06-22 14:15:00+09:00,0.0,0.0,0.0
2026-06-22 14:20:00+09:00,0.0,0.0,0.0
2026-06-22 14:25:00+09:00,0.0,0.0,0.0
2026-06-22 14:30:00+09:00,0.0,0.0,0.0
2026-06-22 14:35:00+09:00,0.0,0.0,0.0
2026-06-22 14:40:00+09:00,0.0,0.0,0.0
2026-06-22 14:45:00+09:00,0.0,0.0,0.0
2026-06-22 14:50:00+09:00,0.0,0.0,0.0
2026-06-22 14:55:00+09:00,0.0,0.0,0.0
2026-06-22 15:00:00+09:00,0.0,0.0,0.0
2026-06-22 15:05:00+09:00,0.0,0.0,0.0
2026-06-22 15:10:00+09:00,-1.2195121951219514e-06,0.006097560975609756,0.0
2026-06-22 15:15:00+09:00,0.0,0.0,0.0
2026-06-22 15:20:00+09:00,0.0,0.0,0.0
2026-06-23 09:00:00+09:00,0.0,0.0,0.0
2026-06-23 09:05:00+09:00,0.0,0.0,0.0
2026-06-23 09:10:00+09:00,0.0,0.0,0.0
2026-06-23 09:15:00+09:00,0.0,0.0,0.0
2026-06-23 09:20:00+09:00,0.0,0.0,0.0
2026-06-23 09:25:00+09:00,0.0,0.0,0.0
2026-06-23 09:30:00+09:00,8.996991845472561e-05,1.0,1.0
2026-06-23 09:35:00+09:00,-0.00010360679537437689,0.0,0.9576109315310022
2026-06-23 09:40:00+09:00,-0.0003086852549873025,0.0,0.9332941522186307
2026-06-23 09:45:00+09:00,-0.00019187377199627294,0.0,0.9089773729062591
2026-06-23 09:50:00+09:00,6.237597661253741e-06,0.0,0.9817807816632385
2026-06-23 09:55:00+09:00,-4.7584239384244344e-05,0.0,0.9756832206876286
2026-06-23 10:00:00+09:00,-0.00019025859535703793,0.9512929767851895,0.0
2026-06-23 10:05:00+09:00,-6.0828680575962395e-06,0.030414340287981192,0.0
2026-06-23 10:10:00+09:00,-1.2195121951219514e-06,0.006097560975609756,0.0
2026-06-23 10:15:00+09:00,-2.4390243902439027e-06,0.012195121951219513,0.0
2026-06-23 10:20:00+09:00,0.0,0.0,0.0
2026-06-23 10:25:00+09:00,0.0,0.0,0.0
2026-06-23 10:30:00+09:00,0.0,0.0,0.0
2026-06-23 10:35:00+09:00,0.0,0.0,0.0
2026-06-23 10:40:00+09:00,0.0,0.0,0.0
2026-06-23 10:45:00+09:00,0.0,0.0,0.0
2026-06-23 10:50:00+09:00,0.0,0.0,0.0
2026-06-23 10:55:00+09:00,0.0,0.0,0.0
2026-06-23 11:00:00+09:00,0.0,0.0,0.0
2026-06-23 11:05:00+09:00,0.0,0.0,0.0
2026-06-23 11:10:00+09:00,0.0,0.0,0.0
2026-06-23 11:15:00+09:00,0.0,0.0,0.0
2026-06-23 11:20:00+09:00,0.0,0.0,0.0
2026-06-23 11:25:00+09:00,0.0,0.0,0.0
2026-06-23 12:30:00+09:00,0.0,0.0,0.0
2026-06-23 12:35:00+09:00,0.0,0.0,0.0
2026-06-23 12:40:00+09:00,0.0,0.0,0.0
2026-06-23 12:45:00+09:00,0.0,0.0,0.0
2026-06-23 12:50:00+09:00,0.0,0.0,0.0
2026-06-23 12:55:00+09:00,0.0,0.0,0.0
2026-06-23 13:00:00+09:00,-0.00034209640126243795,1.0,0.9999999999999999
2026-06-23 13:05:00+09:00,0.00012806266184606528,0.0,0.9571665161096055
2026-06-23 13:10:00+09:00,-0.00010909078810965311,0.0,0.9692863595302619
2026-06-23 13:15:00+09:00,0.0002993103946773458,0.0,0.9447455585666967
2026-06-23 13:20:00+09:00,3.5226391123385586e-06,0.0,0.9694369165913881
2026-06-23 13:25:00+09:00,-0.00012554466082730865,0.0,0.9509183980728695
2026-06-23 13:30:00+09:00,-0.00018651008732309545,0.9325504366154772,0.0
2026-06-23 13:35:00+09:00,-1.1020776874435412e-05,0.05510388437217706,0.0
2026-06-23 13:40:00+09:00,0.0,0.0,0.0
2026-06-23 13:45:00+09:00,-1.234567901234568e-06,0.006172839506172839,0.0
2026-06-23 13:50:00+09:00,-1.234567901234568e-06,0.006172839506172839,0.0
2026-06-23 13:55:00+09:00,0.0,0.0,0.0
2026-06-23 14:00:00+09:00,0.0,0.0,0.0
2026-06-23 14:05:00+09:00,0.0,0.0,0.0
2026-06-23 14:10:00+09:00,0.0,0.0,0.0
2026-06-23 14:15:00+09:00,0.0,0.0,0.0
2026-06-23 14:20:00+09:00,0.0,0.0,0.0
2026-06-23 14:25:00+09:00,0.0,0.0,0.0
2026-06-23 14:30:00+09:00,0.0,0.0,0.0
2026-06-23 14:35:00+09:00,0.0,0.0,0.0
2026-06-23 14:40:00+09:00,0.0,0.0,0.0
2026-06-23 14:45:00+09:00,0.0,0.0,0.0
2026-06-23 14:50:00+09:00,0.0,0.0,0.0
2026-06-23 14:55:00+09:00,0.0,0.0,0.0
2026-06-23 15:00:00+09:00,0.0,0.0,0.0
2026-06-23 15:05:00+09:00,0.0,0.0,0.0
2026-06-23 15:10:00+09:00,0.0,0.0,0.0
2026-06-23 15:15:00+09:00,0.0,0.0,0.0
2026-06-23 15:20:00+09:00,0.0,0.0,0.0
2026-06-24 09:00:00+09:00,0.0,0.0,0.0
2026-06-24 09:05:00+09:00,0.0,0.0,0.0
2026-06-24 09:10:00+09:00,0.0,0.0,0.0
2026-06-24 09:15:00+09:00,0.0,0.0,0.0
2026-06-24 09:20:00+09:00,0.0,0.0,0.0
2026-06-24 09:25:00+09:00,0.0,0.0,0.0
2026-06-24 09:30:00+09:00,-0.0003013171118984401,1.0,1.0
2026-06-24 09:35:00+09:00,-0.00028306529594731216,0.0,0.9509183980728697
2026-06-24 09:40:00+09:00,-0.0003376530589774214,0.0,0.9570912375790425
2026-06-24 09:45:00+09:00,-5.8556047914675875e-05,0.0,0.9449713941583859
2026-06-24 09:50:00+09:00,1.364286148800231e-05,0.0,0.9816320385426076
2026-06-24 09:55:00+09:00,-3.636438892717488e-05,0.0,0.9633393556157783
2026-06-24 10:00:00+09:00,-0.0001914182475158085,0.9570912375790425,0.0
2026-06-24 10:05:00+09:00,-6.1276723878349895e-06,0.03063836193917495,0.0
2026-06-24 10:10:00+09:00,-2.4540800963565193e-06,0.012270400481782595,0.0
2026-06-24 10:15:00+09:00,0.0,0.0,0.0
2026-06-24 10:20:00+09:00,0.0,0.0,0.0
2026-06-24 10:25:00+09:00,0.0,0.0,0.0
2026-06-24 10:30:00+09:00,0.0,0.0,0.0
2026-06-24 10:35:00+09:00,0.0,0.0,0.0
2026-06-24 10:40:00+09:00,0.0,0.0,0.0
2026-06-24 10:45:00+09:00,0.0,0.0,0.0
2026-06-24 10:50:00+09:00,0.0,0.0,0.0
2026-06-24 10:55:00+09:00,0.0,0.0,0.0
2026-06-24 11:00:00+09:00,0.0,0.0,0.0
2026-06-24 11:05:00+09:00,0.0,0.0,0.0
2026-06-24 11:10:00+09:00,0.0,0.0,0.0
2026-06-24 11:15:00+09:00,0.0,0.0,0.0
2026-06-24 11:20:00+09:00,0.0,0.0,0.0
2026-06-24 11:25:00+09:00,0.0,0.0,0.0
2026-06-24 12:30:00+09:00,0.0,0.0,0.0
2026-06-24 12:35:00+09:00,0.0,0.0,0.0
2026-06-24 12:40:00+09:00,0.0,0.0,0.0
2026-06-24 12:45:00+09:00,0.0,0.0,0.0
2026-06-24 12:50:00+09:00,0.0,0.0,0.0
2026-06-24 12:55:00+09:00,0.0,0.0,0.0
2026-06-24 13:00:00+09:00,-0.00023825544575632702,1.0,0.9999999999999999
2026-06-24 13:05:00+09:00,-0.00023577608394904887,0.0,0.9503858024691358
2026-06-24 13:10:00+09:00,-0.0006039795291910312,0.0,0.9441358024691358
2026-06-24 13:15:00+09:00,-0.0005899680496349179,0.0,0.9627314814814815
2026-06-24 13:20:00+09:00,-0.00046788141311035627,0.0,0.9937499999999999
2026-06-24 13:25:00+09:00,0.00048054692385762245,0.0,0.9689814814814814
2026-06-24 13:30:00+09:00,-0.00018510802469135802,0.9255401234567902,0.0
2026-06-24 13:35:00+09:00,-1.117283950617284e-05,0.0558641975308642,0.0
2026-06-24 13:40:00+09:00,-1.234567901234568e-06,0.006172839506172839,0.0
2026-06-24 13:45:00+09:00,-1.234567901234568e-06,0.006172839506172839,0.0
2026-06-24 13:50:00+09:00,0.0,0.0,0.0
2026-06-24 13:55:00+09:00,0.0,0.0,0.0
2026-06-24 14:00:00+09:00,0.0,0.0,0.0
2026-06-24 14:05:00+09:00,0.0,0.0,0.0
2026-06-24 14:10:00+09:00,0.0,0.0,0.0
2026-06-24 14:15:00+09:00,0.0,0.0,0.0
2026-06-24 14:20:00+09:00,0.0,0.0,0.0
2026-06-24 14:25:00+09:00,0.0,0.0,0.0
2026-06-24 14:30:00+09:00,0.0,0.0,0.0
2026-06-24 14:35:00+09:00,-1.25e-06,0.00625,0.0
2026-06-24 14:40:00+09:00,0.0,0.0,0.0
2026-06-24 14:45:00+09:00,0.0,0.0,0.0
2026-06-24 14:50:00+09:00,0.0,0.0,0.0
2026-06-24 14:55:00+09:00,0.0,0.0,0.0
2026-06-24 15:00:00+09:00,0.0,0.0,0.0
2026-06-24 15:05:00+09:00,0.0,0.0,0.0
2026-06-24 15:10:00+09:00,0.0,0.0,0.0
2026-06-24 15:15:00+09:00,0.0,0.0,0.0
2026-06-24 15:20:00+09:00,0.0,0.0,0.0
2026-06-25 09:00:00+09:00,0.0,0.0,0.0
2026-06-25 09:05:00+09:00,0.0,0.0,0.0
2026-06-25 09:10:00+09:00,0.0,0.0,0.0
2026-06-25 09:15:00+09:00,0.0,0.0,0.0
2026-06-25 09:20:00+09:00,0.0,0.0,0.0
2026-06-25 09:25:00+09:00,0.0,0.0,0.0
2026-06-25 09:30:00+09:00,0.0001635538829473662,0.9939024390243902,0.9939024390243902
2026-06-25 09:35:00+09:00,-0.00022691636375201264,0.0,0.9816320385426076
2026-06-25 09:40:00+09:00,0.0003148683496869757,0.0,0.9386479975910871
2026-06-25 09:45:00+09:00,-9.043545997579412e-05,0.0,0.969286359530262
2026-06-25 09:50:00+09:00,-0.0003269676941956836,0.0,0.969361638060825
2026-06-25 09:55:00+09:00,-0.00035826423120964487,0.0,0.9384974405299609
2026-06-25 10:00:00+09:00,-0.00019262270400481783,0.9631135200240891,0.0
2026-06-25 10:05:00+09:00,-6.157783800060223e-06,0.03078891900030111,0.0
2026-06-25 10:10:00+09:00,0.0,0.0,0.0
2026-06-25 10:15:00+09:00,0.0,0.0,0.0
2026-06-25 10:20:00+09:00,0.0,0.0,0.0
2026-06-25 10:25:00+09:00,0.0,0.0,0.0
2026-06-25 10:30:00+09:00,0.0,0.0,0.0
2026-06-25 10:35:00+09:00,0.0,0.0,0.0
2026-06-25 10:40:00+09:00,0.0,0.0,0.0
2026-06-25 10:45:00+09:00,0.0,0.0,0.0
2026-06-25 10:50:00+09:00,0.0,0.0,0.0
2026-06-25 10:55:00+09:00,0.0,0.0,0.0
2026-06-25 11:00:00+09:00,0.0,0.0,0.0
2026-06-25 11:05:00+09:00,0.0,0.0,0.0
2026-06-25 11:10:00+09:00,0.0,0.0,0.0
2026-06-25 11:15:00+09:00,0.0,0.0,0.0
2026-06-25 11:20:00+09:00,0.0,0.0,0.0
2026-06-25 11:25:00+09:00,0.0,0.0,0.0
2026-06-25 12:30:00+09:00,0.0,0.0,0.0
2026-06-25 12:35:00+09:00,0.0,0.0,0.0
2026-06-25 12:40:00+09:00,0.0,0.0,0.0
2026-06-25 12:45:00+09:00,0.0,0.0,0.0
2026-06-25 12:50:00+09:00,0.0,0.0,0.0
2026-06-25 12:55:00+09:00,0.0,0.0,0.0
2026-06-25 13:00:00+09:00,-7.203025932405177e-05,1.0,1.0
2026-06-25 13:05:00+09:00,-0.0002901901096466991,0.0,0.9004629629629628
2026-06-25 13:10:00+09:00,-0.00010753936913212038,0.0,0.9252314814814815
2026-06-25 13:15:00+09:00,8.003512703369338e-05,0.0,0.9252314814814814
2026-06-25 13:20:00+09:00,-0.00010594231601572537,0.0,0.956327160493827
2026-06-25 13:25:00+09:00,-0.0003139195182943757,0.0,0.9689043209876542
2026-06-25 13:30:00+09:00,-0.00018506172839506172,0.9253086419753086,0.0
2026-06-25 13:35:00+09:00,-9.953703703703704e-06,0.04976851851851852,0.0
2026-06-25 13:40:00+09:00,-2.4845679012345682e-06,0.01242283950617284,0.0
2026-06-25 13:45:00+09:00,-1.25e-06,0.00625,0.0
2026-06-25 13:50:00+09:00,0.0,0.0,0.0
2026-06-25 13:55:00+09:00,-1.25e-06,0.00625,0.0
2026-06-25 14:00:00+09:00,0.0,0.0,0.0
2026-06-25 14:05:00+09:00,0.0,0.0,0.0
2026-06-25 14:10:00+09:00,0.0,0.0,0.0
2026-06-25 14:15:00+09:00,0.0,0.0,0.0
2026-06-25 14:20:00+09:00,0.0,0.0,0.0
2026-06-25 14:25:00+09:00,0.0,0.0,0.0
2026-06-25 14:30:00+09:00,0.0,0.0,0.0
2026-06-25 14:35:00+09:00,0.0,0.0,0.0
2026-06-25 14:40:00+09:00,0.0,0.0,0.0
2026-06-25 14:45:00+09:00,0.0,0.0,0.0
2026-06-25 14:50:00+09:00,0.0,0.0,0.0
2026-06-25 14:55:00+09:00,0.0,0.0,0.0
2026-06-25 15:00:00+09:00,0.0,0.0,0.0
2026-06-25 15:05:00+09:00,0.0,0.0,0.0
2026-06-25 15:10:00+09:00,0.0,0.0,0.0
2026-06-25 15:15:00+09:00,0.0,0.0,0.0
2026-06-25 15:20:00+09:00,0.0,0.0,0.0
2026-06-26 09:00:00+09:00,0.0,0.0,0.0
2026-06-26 09:05:00+09:00,0.0,0.0,0.0
2026-06-26 09:10:00+09:00,0.0,0.0,0.0
2026-06-26 09:15:00+09:00,0.0,0.0,0.0
2026-06-26 09:20:00+09:00,0.0,0.0,0.0
2026-06-26 09:25:00+09:00,0.0,0.0,0.0
2026-06-26 09:30:00+09:00,0.0001958032828346674,1.0,1.0
2026-06-26 09:35:00+09:00,-0.00014993425116289179,0.0,0.9514399059653247
2026-06-26 09:40:00+09:00,0.0005457045347768576,0.0,0.9756097560975611
2026-06-26 09:45:00+09:00,-0.00028238910526708457,0.0,0.9756832206876287
2026-06-26 09:50:00+09:00,0.0003261246141657574,0.0,0.9635615633264767
2026-06-26 09:55:00+09:00,0.0001528490603974846,0.0,0.9878048780487806
2026-06-26 10:00:00+09:00,-0.00019634146341463416,0.9817073170731708,0.0
2026-06-26 10:05:00+09:00,-1.2195121951219514e-06,0.006097560975609756,0.0
2026-06-26 10:10:00+09:00,-2.4390243902439027e-06,0.012195121951219513,0.0
2026-06-26 10:15:00+09:00,0.0,0.0,0.0
2026-06-26 10:20:00+09:00,0.0,0.0,0.0
2026-06-26 10:25:00+09:00,0.0,0.0,0.0
2026-06-26 10:30:00+09:00,0.0,0.0,0.0
2026-06-26 10:35:00+09:00,0.0,0.0,0.0
2026-06-26 10:40:00+09:00,0.0,0.0,0.0
2026-06-26 10:45:00+09:00,0.0,0.0,0.0
2026-06-26 10:50:00+09:00,0.0,0.0,0.0
2026-06-26 10:55:00+09:00,0.0,0.0,0.0
2026-06-26 11:00:00+09:00,0.0,0.0,0.0
2026-06-26 11:05:00+09:00,0.0,0.0,0.0
2026-06-26 11:10:00+09:00,0.0,0.0,0.0
2026-06-26 11:15:00+09:00,0.0,0.0,0.0
2026-06-26 11:20:00+09:00,0.0,0.0,0.0
2026-06-26 11:25:00+09:00,0.0,0.0,0.0
2026-06-26 12:30:00+09:00,0.0,0.0,0.0
2026-06-26 12:35:00+09:00,0.0,0.0,0.0
2026-06-26 12:40:00+09:00,0.0,0.0,0.0
2026-06-26 12:45:00+09:00,0.0,0.0,0.0
2026-06-26 12:50:00+09:00,0.0,0.0,0.0
2026-06-26 12:55:00+09:00,0.0,0.0,0.0
2026-06-26 13:00:00+09:00,1.7348063083996035e-05,1.0,1.0
2026-06-26 13:05:00+09:00,4.556405317785989e-05,0.0,0.9331472230384954
2026-06-26 13:10:00+09:00,0.00023708572132480633,0.0,0.9512929767851896
2026-06-26 13:15:00+09:00,-0.0004479438532746735,0.0,0.9573905377607994
2026-06-26 13:20:00+09:00,0.0001621699474579181,0.0,0.9878048780487805
2026-06-26 13:25:00+09:00,-0.0001950536023186687,0.0,0.945342344989715
2026-06-26 13:30:00+09:00,-0.00019027328827505145,0.9513664413752572,0.0
2026-06-26 13:35:00+09:00,-9.726711724948575e-06,0.048633558624742876,0.0
2026-06-26 13:40:00+09:00,0.0,0.0,0.0
2026-06-26 13:45:00+09:00,0.0,0.0,0.0
2026-06-26 13:50:00+09:00,0.0,0.0,0.0
2026-06-26 13:55:00+09:00,0.0,0.0,0.0
2026-06-26 14:00:00+09:00,0.0,0.0,0.0
2026-06-26 14:05:00+09:00,0.0,0.0,0.0
2026-06-26 14:10:00+09:00,0.0,0.0,0.0
2026-06-26 14:15:00+09:00,0.0,0.0,0.0
2026-06-26 14:20:00+09:00,0.0,0.0,0.0
2026-06-26 14:25:00+09:00,0.0,0.0,0.0
2026-06-26 14:30:00+09:00,0.0,0.0,0.0
2026-06-26 14:35:00+09:00,0.0,0.0,0.0
2026-06-26 14:40:00+09:00,0.0,0.0,0.0
2026-06-26 14:45:00+09:00,0.0,0.0,0.0
2026-06-26 14:50:00+09:00,0.0,0.0,0.0
2026-06-26 14:55:00+09:00,0.0,0.0,0.0
2026-06-26 15:00:00+09:00,0.0,0.0,0.0
2026-06-26 15:05:00+09:00,0.0,0.0,0.0
2026-06-26 15:10:00+09:00,0.0,0.0,0.0
2026-06-26 15:15:00+09:00,0.0,0.0,0.0
2026-06-26 15:20:00+09:00,0.0,0.0,0.0
2026-06-29 09:00:00+09:00,0.0,0.0,0.0
2026-06-29 09:05:00+09:00,0.0,0.0,0.0
2026-06-29 09:10:00+09:00,0.0,0.0,0.0
2026-06-29 09:15:00+09:00,0.0,0.0,0.0
2026-06-29 09:20:00+09:00,0.0,0.0,0.0
2026-06-29 09:25:00+09:00,0.0,0.0,0.0
2026-06-29 09:30:00+09:00,-0.0014071059423035725,1.0,1.0
2026-06-29 09:35:00+09:00,0.002784823267058607,0.0,0.9939759036144579
2026-06-29 09:40:00+09:00,0.0012185371307680522,0.0,0.9880235226620769
2026-06-29 09:45:00+09:00,0.001611341229235659,0.0,0.9880235226620769
2026-06-29 09:50:00+09:00,0.0015020098159056893,0.0,0.9880235226620769
2026-06-29 09:55:00+09:00,-0.00040101614106082174,0.0,0.9819277108433735
2026-06-29 10:00:00+09:00,-0.0001940045897877223,0.9700229489386116,0.0
2026-06-29 10:05:00+09:00,-5.995410212277682e-06,0.029977051061388413,0.0
2026-06-29 10:10:00+09:00,0.0,0.0,0.0
2026-06-29 10:15:00+09:00,0.0,0.0,0.0
2026-06-29 10:20:00+09:00,0.0,0.0,0.0
2026-06-29 10:25:00+09:00,0.0,0.0,0.0
2026-06-29 10:30:00+09:00,0.0,0.0,0.0
2026-06-29 10:35:00+09:00,0.0,0.0,0.0
2026-06-29 10:40:00+09:00,0.0,0.0,0.0
2026-06-29 10:45:00+09:00,0.0,0.0,0.0
2026-06-29 10:50:00+09:00,0.0,0.0,0.0
2026-06-29 10:55:00+09:00,0.0,0.0,0.0
2026-06-29 11:00:00+09:00,0.0,0.0,0.0
2026-06-29 11:05:00+09:00,0.0,0.0,0.0
2026-06-29 11:10:00+09:00,0.0,0.0,0.0
2026-06-29 11:15:00+09:00,0.0,0.0,0.0
2026-06-29 11:20:00+09:00,0.0,0.0,0.0
2026-06-29 11:25:00+09:00,0.0,0.0,0.0
2026-06-29 12:30:00+09:00,0.0,0.0,0.0
2026-06-29 12:35:00+09:00,0.0,0.0,0.0
2026-06-29 12:40:00+09:00,0.0,0.0,0.0
2026-06-29 12:45:00+09:00,0.0,0.0,0.0
2026-06-29 12:50:00+09:00,0.0,0.0,0.0
2026-06-29 12:55:00+09:00,0.0,0.0,0.0
2026-06-29 13:00:00+09:00,-0.0002535340163891186,1.0,1.0
2026-06-29 13:05:00+09:00,0.0003938148160133843,0.0,0.981854246253306
2026-06-29 13:10:00+09:00,-7.433588866283424e-05,0.0,0.9516602997355276
2026-06-29 13:15:00+09:00,-2.830750826202531e-05,0.0,0.9334410813987659
2026-06-29 13:20:00+09:00,-3.522217203254727e-05,0.0,0.9575374669409347
2026-06-29 13:25:00+09:00,0.00012626531908986274,0.0,0.9454892741698502
2026-06-29 13:30:00+09:00,-0.0001867176021157802,0.9335880105789011,0.0
2026-06-29 13:35:00+09:00,-1.0858066411989421e-05,0.054290332059947106,0.0
2026-06-29 13:40:00+09:00,-2.424331472230385e-06,0.012121657361151925,0.0
2026-06-29 13:45:00+09:00,0.0,0.0,0.0
2026-06-29 13:50:00+09:00,0.0,0.0,0.0
2026-06-29 13:55:00+09:00,0.0,0.0,0.0
2026-06-29 14:00:00+09:00,0.0,0.0,0.0
2026-06-29 14:05:00+09:00,0.0,0.0,0.0
2026-06-29 14:10:00+09:00,0.0,0.0,0.0
2026-06-29 14:15:00+09:00,0.0,0.0,0.0
2026-06-29 14:20:00+09:00,0.0,0.0,0.0
2026-06-29 14:25:00+09:00,0.0,0.0,0.0
2026-06-29 14:30:00+09:00,0.0,0.0,0.0
2026-06-29 14:35:00+09:00,0.0,0.0,0.0
2026-06-29 14:40:00+09:00,0.0,0.0,0.0
2026-06-29 14:45:00+09:00,0.0,0.0,0.0
2026-06-29 14:50:00+09:00,0.0,0.0,0.0
2026-06-29 14:55:00+09:00,0.0,0.0,0.0
2026-06-29 15:00:00+09:00,0.0,0.0,0.0
2026-06-29 15:05:00+09:00,0.0,0.0,0.0
2026-06-29 15:10:00+09:00,0.0,0.0,0.0
2026-06-29 15:15:00+09:00,0.0,0.0,0.0
2026-06-29 15:20:00+09:00,0.0,0.0,0.0
2026-06-30 09:00:00+09:00,0.0,0.0,0.0
2026-06-30 09:05:00+09:00,0.0,0.0,0.0
2026-06-30 09:10:00+09:00,0.0,0.0,0.0
2026-06-30 09:15:00+09:00,0.0,0.0,0.0
2026-06-30 09:20:00+09:00,0.0,0.0,0.0
2026-06-30 09:25:00+09:00,0.0,0.0,0.0
2026-06-30 09:30:00+09:00,8.198713847732219e-05,1.0,1.0
2026-06-30 09:35:00+09:00,-6.295871971679669e-05,0.0,0.9635615633264767
2026-06-30 09:40:00+09:00,0.00019185021181429958,0.0,0.9817807816632385
2026-06-30 09:45:00+09:00,0.00043575504373265445,0.0,0.9515133705553924
2026-06-30 09:50:00+09:00,0.00022208052041390925,0.0,0.9757566852776962
2026-06-30 09:55:00+09:00,0.00024536368108713354,0.0,0.981854246253306
2026-06-30 10:00:00+09:00,-0.00019391713194240377,0.9695856597120188,0.0
2026-06-30 10:05:00+09:00,-6.0828680575962395e-06,0.030414340287981192,0.0
2026-06-30 10:10:00+09:00,0.0,0.0,0.0
2026-06-30 10:15:00+09:00,0.0,0.0,0.0
2026-06-30 10:20:00+09:00,0.0,0.0,0.0
2026-06-30 10:25:00+09:00,0.0,0.0,0.0
2026-06-30 10:30:00+09:00,0.0,0.0,0.0
2026-06-30 10:35:00+09:00,0.0,0.0,0.0
2026-06-30 10:40:00+09:00,0.0,0.0,0.0
2026-06-30 10:45:00+09:00,0.0,0.0,0.0
2026-06-30 10:50:00+09:00,0.0,0.0,0.0
2026-06-30 10:55:00+09:00,0.0,0.0,0.0
2026-06-30 11:00:00+09:00,0.0,0.0,0.0
2026-06-30 11:05:00+09:00,0.0,0.0,0.0
2026-06-30 11:10:00+09:00,0.0,0.0,0.0
2026-06-30 11:15:00+09:00,0.0,0.0,0.0
2026-06-30 11:20:00+09:00,0.0,0.0,0.0
2026-06-30 11:25:00+09:00,0.0,0.0,0.0
2026-06-30 12:30:00+09:00,0.0,0.0,0.0
2026-06-30 12:35:00+09:00,0.0,0.0,0.0
2026-06-30 12:40:00+09:00,0.0,0.0,0.0
2026-06-30 12:45:00+09:00,0.0,0.0,0.0
2026-06-30 12:50:00+09:00,0.0,0.0,0.0
2026-06-30 12:55:00+09:00,0.0,0.0,0.0
2026-06-30 13:00:00+09:00,-0.0001991549527978687,1.0,0.9999999999999998
2026-06-30 13:05:00+09:00,2.348142095564253e-05,0.0,0.9389491117133393
2026-06-30 13:10:00+09:00,1.8810147084058675e-06,0.0,0.9387232761216501
2026-06-30 13:15:00+09:00,-0.00028589544125005064,0.0,0.9571665161096055
2026-06-30 13:20:00+09:00,-0.00042286709967216825,0.0,0.9632640770852152
2026-06-30 13:25:00+09:00,-5.6223745709144425e-05,0.0,0.9633393556157783
2026-06-30 13:30:00+09:00,-0.00019388738331827763,0.9694369165913881,0.0
2026-06-30 13:35:00+09:00,-6.112616681722374e-06,0.030563083408611864,0.0
2026-06-30 13:40:00+09:00,0.0,0.0,0.0
2026-06-30 13:45:00+09:00,0.0,0.0,0.0
2026-06-30 13:50:00+09:00,0.0,0.0,0.0
2026-06-30 13:55:00+09:00,0.0,0.0,0.0
2026-06-30 14:00:00+09:00,0.0,0.0,0.0
2026-06-30 14:05:00+09:00,0.0,0.0,0.0
2026-06-30 14:10:00+09:00,0.0,0.0,0.0
2026-06-30 14:15:00+09:00,0.0,0.0,0.0
2026-06-30 14:20:00+09:00,0.0,0.0,0.0
2026-06-30 14:25:00+09:00,0.0,0.0,0.0
2026-06-30 14:30:00+09:00,0.0,0.0,0.0
2026-06-30 14:35:00+09:00,0.0,0.0,0.0
2026-06-30 14:40:00+09:00,0.0,0.0,0.0
2026-06-30 14:45:00+09:00,0.0,0.0,0.0
2026-06-30 14:50:00+09:00,0.0,0.0,0.0
2026-06-30 14:55:00+09:00,0.0,0.0,0.0
2026-06-30 15:00:00+09:00,0.0,0.0,0.0
2026-06-30 15:05:00+09:00,0.0,0.0,0.0
2026-06-30 15:10:00+09:00,0.0,0.0,0.0
2026-06-30 15:15:00+09:00,0.0,0.0,0.0
2026-06-30 15:20:00+09:00,0.0,0.0,0.0
2026-07-01 09:00:00+09:00,0.0,0.0,0.0
2026-07-01 09:05:00+09:00,0.0,0.0,0.0
2026-07-01 09:10:00+09:00,0.0,0.0,0.0
2026-07-01 09:15:00+09:00,0.0,0.0,0.0
2026-07-01 09:20:00+09:00,0.0,0.0,0.0
2026-07-01 09:25:00+09:00,0.0,0.0,0.0
2026-07-01 09:30:00+09:00,-0.0003668018628154894,1.0,1.0
2026-07-01 09:35:00+09:00,-0.0006622404275795641,0.0,0.9509936766034326
2026-07-01 09:40:00+09:00,0.0002035647584303894,0.0,0.9266787112315567
2026-07-01 09:45:00+09:00,0.0006626568333072695,0.0,0.9572417946401686
2026-07-01 09:50:00+09:00,0.0003563054998818496,0.0,0.9694369165913881
2026-07-01 09:55:00+09:00,0.000567223338897203,0.0,0.9939024390243902
2026-07-01 10:00:00+09:00,-0.00019632640770852154,0.9816320385426076,0.0
2026-07-01 10:05:00+09:00,-2.4390243902439027e-06,0.012195121951219513,0.0
2026-07-01 10:10:00+09:00,-1.234567901234568e-06,0.006172839506172839,0.0
2026-07-01 10:15:00+09:00,0.0,0.0,0.0
2026-07-01 10:20:00+09:00,0.0,0.0,0.0
2026-07-01 10:25:00+09:00,0.0,0.0,0.0
2026-07-01 10:30:00+09:00,0.0,0.0,0.0
2026-07-01 10:35:00+09:00,0.0,0.0,0.0
2026-07-01 10:40:00+09:00,0.0,0.0,0.0
2026-07-01 10:45:00+09:00,0.0,0.0,0.0
2026-07-01 10:50:00+09:00,0.0,0.0,0.0
2026-07-01 10:55:00+09:00,0.0,0.0,0.0
2026-07-01 11:00:00+09:00,0.0,0.0,0.0
2026-07-01 11:05:00+09:00,0.0,0.0,0.0
2026-07-01 11:10:00+09:00,0.0,0.0,0.0
2026-07-01 11:15:00+09:00,0.0,0.0,0.0
2026-07-01 11:20:00+09:00,0.0,0.0,0.0
2026-07-01 11:25:00+09:00,0.0,0.0,0.0
2026-07-01 12:30:00+09:00,0.0,0.0,0.0
2026-07-01 12:35:00+09:00,0.0,0.0,0.0
2026-07-01 12:40:00+09:00,0.0,0.0,0.0
2026-07-01 12:45:00+09:00,0.0,0.0,0.0
2026-07-01 12:50:00+09:00,0.0,0.0,0.0
2026-07-01 12:55:00+09:00,0.0,0.0,0.0
2026-07-01 13:00:00+09:00,-0.0002564700204700201,1.0,1.0
2026-07-01 13:05:00+09:00,9.232273061228999e-05,0.0,0.9570912375790425
2026-07-01 13:10:00+09:00,3.857477663549e-05,0.0,0.9140319180969587
2026-07-01 13:15:00+09:00,-0.00017280383368737566,0.0,0.9138060825052695
2026-07-01 13:20:00+09:00,-0.00019799451239837357,0.0,0.9631887985546521
2026-07-01 13:25:00+09:00,9.00827694461183e-05,0.0,0.9446702800361336
2026-07-01 13:30:00+09:00,-0.00018277627220716653,0.9138813610358326,0.0
2026-07-01 13:35:00+09:00,-1.1096055404998494e-05,0.05548027702499247,0.0
2026-07-01 13:40:00+09:00,-6.1276723878349895e-06,0.03063836193917495,0.0
2026-07-01 13:45:00+09:00,0.0,0.0,0.0
2026-07-01 13:50:00+09:00,0.0,0.0,0.0
2026-07-01 13:55:00+09:00,0.0,0.0,0.0
2026-07-01 14:00:00+09:00,0.0,0.0,0.0
2026-07-01 14:05:00+09:00,0.0,0.0,0.0
2026-07-01 14:10:00+09:00,0.0,0.0,0.0
2026-07-01 14:15:00+09:00,0.0,0.0,0.0
2026-07-01 14:20:00+09:00,0.0,0.0,0.0
2026-07-01 14:25:00+09:00,0.0,0.0,0.0
2026-07-01 14:30:00+09:00,0.0,0.0,0.0
2026-07-01 14:35:00+09:00,0.0,0.0,0.0
2026-07-01 14:40:00+09:00,0.0,0.0,0.0
2026-07-01 14:45:00+09:00,0.0,0.0,0.0
2026-07-01 14:50:00+09:00,0.0,0.0,0.0
2026-07-01 14:55:00+09:00,0.0,0.0,0.0
2026-07-01 15:00:00+09:00,0.0,0.0,0.0
2026-07-01 15:05:00+09:00,0.0,0.0,0.0
2026-07-01 15:10:00+09:00,0.0,0.0,0.0
2026-07-01 15:15:00+09:00,0.0,0.0,0.0
2026-07-01 15:20:00+09:00,0.0,0.0,0.0
2026-07-02 09:00:00+09:00,0.0,0.0,0.0
2026-07-02 09:05:00+09:00,0.0,0.0,0.0
2026-07-02 09:10:00+09:00,0.0,0.0,0.0
2026-07-02 09:15:00+09:00,0.0,0.0,0.0
2026-07-02 09:20:00+09:00,0.0,0.0,0.0
2026-07-02 09:25:00+09:00,0.0,0.0,0.0
2026-07-02 09:30:00+09:00,-0.0013495708977824508,1.0,1.0
2026-07-02 09:35:00+09:00,-0.0017730236435123334,0.0,0.9574640023508669
2026-07-02 09:40:00+09:00,0.0012406983080239576,0.0,0.9695121951219513
2026-07-02 09:45:00+09:00,0.00012187277257801167,0.0,0.9695856597120189
2026-07-02 09:50:00+09:00,0.0007414895962591317,0.0,0.9393182486041729
2026-07-02 09:55:00+09:00,0.0008074073836586607,0.0,0.9757566852776962
2026-07-02 10:00:00+09:00,-0.00019515133705553926,0.9757566852776962,0.0
2026-07-02 10:05:00+09:00,-4.84866294446077e-06,0.02424331472230385,0.0
2026-07-02 10:10:00+09:00,0.0,0.0,0.0
2026-07-02 10:15:00+09:00,0.0,0.0,0.0
2026-07-02 10:20:00+09:00,0.0,0.0,0.0
2026-07-02 10:25:00+09:00,0.0,0.0,0.0
2026-07-02 10:30:00+09:00,0.0,0.0,0.0
2026-07-02 10:35:00+09:00,0.0,0.0,0.0
2026-07-02 10:40:00+09:00,0.0,0.0,0.0
2026-07-02 10:45:00+09:00,0.0,0.0,0.0
2026-07-02 10:50:00+09:00,0.0,0.0,0.0
2026-07-02 10:55:00+09:00,0.0,0.0,0.0
2026-07-02 11:00:00+09:00,0.0,0.0,0.0
2026-07-02 11:05:00+09:00,0.0,0.0,0.0
2026-07-02 11:10:00+09:00,0.0,0.0,0.0
2026-07-02 11:15:00+09:00,0.0,0.0,0.0
2026-07-02 11:20:00+09:00,0.0,0.0,0.0
2026-07-02 11:25:00+09:00,0.0,0.0,0.0
2026-07-02 12:30:00+09:00,0.0,0.0,0.0
2026-07-02 12:35:00+09:00,0.0,0.0,0.0
2026-07-02 12:40:00+09:00,0.0,0.0,0.0
2026-07-02 12:45:00+09:00,0.0,0.0,0.0
2026-07-02 12:50:00+09:00,0.0,0.0,0.0
2026-07-02 12:55:00+09:00,0.0,0.0,0.0
2026-07-02 13:00:00+09:00,-9.663022221946978e-06,1.0,1.0
2026-07-02 13:05:00+09:00,-0.00015827985240103327,0.0,0.9317901234567901
2026-07-02 13:10:00+09:00,-0.0001430262506668135,0.0,0.9690586419753087
2026-07-02 13:15:00+09:00,-0.00015545804435817152,0.0,0.9814043209876543
2026-07-02 13:20:00+09:00,-0.0002300392944563999,0.0,0.9378858024691359
2026-07-02 13:25:00+09:00,0.0004477560827057399,0.0,0.9440586419753086
2026-07-02 13:30:00+09:00,-0.0001900925925925926,0.950462962962963,0.0
2026-07-02 13:35:00+09:00,-7.42283950617284e-06,0.037114197530864194,0.0
2026-07-02 13:40:00+09:00,-1.25e-06,0.00625,0.0
2026-07-02 13:45:00+09:00,0.0,0.0,0.0
2026-07-02 13:50:00+09:00,-1.234567901234568e-06,0.006172839506172839,0.0
2026-07-02 13:55:00+09:00,0.0,0.0,0.0
2026-07-02 14:00:00+09:00,0.0,0.0,0.0
2026-07-02 14:05:00+09:00,0.0,0.0,0.0
2026-07-02 14:10:00+09:00,0.0,0.0,0.0
2026-07-02 14:15:00+09:00,0.0,0.0,0.0
2026-07-02 14:20:00+09:00,0.0,0.0,0.0
2026-07-02 14:25:00+09:00,0.0,0.0,0.0
2026-07-02 14:30:00+09:00,0.0,0.0,0.0
2026-07-02 14:35:00+09:00,0.0,0.0,0.0
2026-07-02 14:40:00+09:00,0.0,0.0,0.0
2026-07-02 14:45:00+09:00,0.0,0.0,0.0
2026-07-02 14:50:00+09:00,0.0,0.0,0.0
2026-07-02 14:55:00+09:00,0.0,0.0,0.0
2026-07-02 15:00:00+09:00,0.0,0.0,0.0
2026-07-02 15:05:00+09:00,0.0,0.0,0.0
2026-07-02 15:10:00+09:00,0.0,0.0,0.0
2026-07-02 15:15:00+09:00,0.0,0.0,0.0
2026-07-02 15:20:00+09:00,0.0,0.0,0.0
2026-07-03 09:00:00+09:00,0.0,0.0,0.0
2026-07-03 09:05:00+09:00,0.0,0.0,0.0
2026-07-03 09:10:00+09:00,0.0,0.0,0.0
2026-07-03 09:15:00+09:00,0.0,0.0,0.0
2026-07-03 09:20:00+09:00,0.0,0.0,0.0
2026-07-03 09:25:00+09:00,0.0,0.0,0.0
2026-07-03 09:30:00+09:00,0.0007526874476503558,1.0,1.0
2026-07-03 09:35:00+09:00,-0.0003649352301879357,0.0,0.9876543209876543
2026-07-03 09:40:00+09:00,0.0005184924393801588,0.0,0.9753839205058717
2026-07-03 09:45:00+09:00,0.0003109368986863836,0.0,0.932324601023788
2026-07-03 09:50:00+09:00,0.00021582409992086673,0.0,0.9568654019873531
2026-07-03 09:55:00+09:00,0.0015765216971487406,0.0,0.9753839205058716
2026-07-03 10:00:00+09:00,-0.00019262270400481783,0.9631135200240891,0.0
2026-07-03 10:05:00+09:00,-6.142728093947607e-06,0.03071364046973803,0.0
2026-07-03 10:10:00+09:00,-1.234567901234568e-06,0.006172839506172839,0.0
2026-07-03 10:15:00+09:00,0.0,0.0,0.0
2026-07-03 10:20:00+09:00,0.0,0.0,0.0
2026-07-03 10:25:00+09:00,0.0,0.0,0.0
2026-07-03 10:30:00+09:00,0.0,0.0,0.0
2026-07-03 10:35:00+09:00,0.0,0.0,0.0
2026-07-03 10:40:00+09:00,0.0,0.0,0.0
2026-07-03 10:45:00+09:00,0.0,0.0,0.0
2026-07-03 10:50:00+09:00,0.0,0.0,0.0
2026-07-03 10:55:00+09:00,0.0,0.0,0.0
2026-07-03 11:00:00+09:00,0.0,0.0,0.0
2026-07-03 11:05:00+09:00,0.0,0.0,0.0
2026-07-03 11:10:00+09:00,0.0,0.0,0.0
2026-07-03 11:15:00+09:00,0.0,0.0,0.0
2026-07-03 11:20:00+09:00,0.0,0.0,0.0
2026-07-03 11:25:00+09:00,0.0,0.0,0.0
2026-07-03 12:30:00+09:00,0.0,0.0,0.0
2026-07-03 12:35:00+09:00,0.0,0.0,0.0
2026-07-03 12:40:00+09:00,0.0,0.0,0.0
2026-07-03 12:45:00+09:00,0.0,0.0,0.0
2026-07-03 12:50:00+09:00,0.0,0.0,0.0
2026-07-03 12:55:00+09:00,0.0,0.0,0.0
2026-07-03 13:00:00+09:00,-0.00027244202569649963,1.0,1.0
2026-07-03 13:05:00+09:00,-9.808001101329474e-05,0.0,0.9317901234567901
2026-07-03 13:10:00+09:00,-0.0004452743357647683,0.0,0.9628086419753086
2026-07-03 13:15:00+09:00,0.00013171683138367012,0.0,0.9254629629629629
2026-07-03 13:20:00+09:00,4.671418885574686e-05,0.0,0.9256172839506172
2026-07-03 13:25:00+09:00,3.648891958755105e-05,0.0,0.9441358024691359
2026-07-03 13:30:00+09:00,-0.0001962962962962963,0.9814814814814815,0.0
2026-07-03 13:35:00+09:00,-3.7037037037037037e-06,0.018518518518518517,0.0
2026-07-03 13:40:00+09:00,0.0,0.0,0.0
2026-07-03 13:45:00+09:00,0.0,0.0,0.0
2026-07-03 13:50:00+09:00,0.0,0.0,0.0
2026-07-03 13:55:00+09:00,0.0,0.0,0.0
2026-07-03 14:00:00+09:00,0.0,0.0,0.0
2026-07-03 14:05:00+09:00,0.0,0.0,0.0
2026-07-03 14:10:00+09:00,0.0,0.0,0.0
2026-07-03 14:15:00+09:00,0.0,0.0,0.0
2026-07-03 14:20:00+09:00,0.0,0.0,0.0
2026-07-03 14:25:00+09:00,0.0,0.0,0.0
2026-07-03 14:30:00+09:00,0.0,0.0,0.0
2026-07-03 14:35:00+09:00,0.0,0.0,0.0
2026-07-03 14:40:00+09:00,0.0,0.0,0.0
2026-07-03 14:45:00+09:00,0.0,0.0,0.0
2026-07-03 14:50:00+09:00,0.0,0.0,0.0
2026-07-03 14:55:00+09:00,0.0,0.0,0.0
2026-07-03 15:00:00+09:00,0.0,0.0,0.0
2026-07-03 15:05:00+09:00,0.0,0.0,0.0
2026-07-03 15:10:00+09:00,0.0,0.0,0.0
2026-07-03 15:15:00+09:00,0.0,0.0,0.0
2026-07-03 15:20:00+09:00,0.0,0.0,0.0
2026-07-06 09:00:00+09:00,0.0,0.0,0.0
2026-07-06 09:05:00+09:00,0.0,0.0,0.0
2026-07-06 09:10:00+09:00,0.0,0.0,0.0
2026-07-06 09:15:00+09:00,0.0,0.0,0.0
2026-07-06 09:20:00+09:00,0.0,0.0,0.0
2026-07-06 09:25:00+09:00,0.0,0.0,0.0
2026-07-06 09:30:00+09:00,-4.6928466532940605e-05,1.0,1.0
2026-07-06 09:35:00+09:00,0.001106344811152131,0.0,0.9878048780487806
2026-07-06 09:40:00+09:00,0.0008751207899750049,0.0,0.9576109315310021
2026-07-06 09:45:00+09:00,-0.0002773542441260011,0.0,0.9575374669409344
2026-07-06 09:50:00+09:00,-0.00035630768237743655,0.0,0.9574640023508669
2026-07-06 09:55:00+09:00,-0.0013790429695144926,0.0,0.9634880987364092
2026-07-06 10:00:00+09:00,-0.0001951219512195122,0.9756097560975611,0.0
2026-07-06 10:05:00+09:00,-2.4390243902439027e-06,0.012195121951219513,0.0
2026-07-06 10:10:00+09:00,-1.2195121951219514e-06,0.006097560975609756,0.0
2026-07-06 10:15:00+09:00,0.0,0.0,0.0
2026-07-06 10:20:00+09:00,0.0,0.0,0.0
2026-07-06 10:25:00+09:00,0.0,0.0,0.0
2026-07-06 10:30:00+09:00,0.0,0.0,0.0
2026-07-06 10:35:00+09:00,0.0,0.0,0.0
2026-07-06 10:40:00+09:00,0.0,0.0,0.0
2026-07-06 10:45:00+09:00,0.0,0.0,0.0
2026-07-06 10:50:00+09:00,0.0,0.0,0.0
2026-07-06 10:55:00+09:00,0.0,0.0,0.0
2026-07-06 11:00:00+09:00,0.0,0.0,0.0
2026-07-06 11:05:00+09:00,0.0,0.0,0.0
2026-07-06 11:10:00+09:00,0.0,0.0,0.0
2026-07-06 11:15:00+09:00,-1.2195121951219514e-06,0.006097560975609756,0.0
2026-07-06 11:20:00+09:00,0.0,0.0,0.0
2026-07-06 11:25:00+09:00,0.0,0.0,0.0
2026-07-06 12:30:00+09:00,0.0,0.0,0.0
2026-07-06 12:35:00+09:00,0.0,0.0,0.0
2026-07-06 12:40:00+09:00,0.0,0.0,0.0
2026-07-06 12:45:00+09:00,0.0,0.0,0.0
2026-07-06 12:50:00+09:00,0.0,0.0,0.0
2026-07-06 12:55:00+09:00,0.0,0.0,0.0
2026-07-06 13:00:00+09:00,-0.0002944833449552923,1.0,1.0
2026-07-06 13:05:00+09:00,-0.00025005476489173685,0.0,0.9435126582278481
2026-07-06 13:10:00+09:00,-0.00019374048668073965,0.0,0.9622626582278482
2026-07-06 13:15:00+09:00,0.00010451790471216376,0.0,0.9811708860759494
2026-07-06 13:20:00+09:00,-0.00027537068936733306,0.0,0.9624208860759493
2026-07-06 13:25:00+09:00,-1.4202658248625373e-05,0.0,0.9623417721518988
2026-07-06 13:30:00+09:00,-0.00019373417721518988,0.9686708860759494,0.0
2026-07-06 13:35:00+09:00,-6.265822784810127e-06,0.03132911392405063,0.0
2026-07-06 13:40:00+09:00,0.0,0.0,0.0
2026-07-06 13:45:00+09:00,0.0,0.0,0.0
2026-07-06 13:50:00+09:00,0.0,0.0,0.0
2026-07-06 13:55:00+09:00,0.0,0.0,0.0
2026-07-06 14:00:00+09:00,0.0,0.0,0.0
2026-07-06 14:05:00+09:00,0.0,0.0,0.0
2026-07-06 14:10:00+09:00,0.0,0.0,0.0
2026-07-06 14:15:00+09:00,0.0,0.0,0.0
2026-07-06 14:20:00+09:00,0.0,0.0,0.0
2026-07-06 14:25:00+09:00,0.0,0.0,0.0
2026-07-06 14:30:00+09:00,0.0,0.0,0.0
2026-07-06 14:35:00+09:00,0.0,0.0,0.0
2026-07-06 14:40:00+09:00,0.0,0.0,0.0
2026-07-06 14:45:00+09:00,0.0,0.0,0.0
2026-07-06 14:50:00+09:00,0.0,0.0,0.0
2026-07-06 14:55:00+09:00,0.0,0.0,0.0
2026-07-06 15:00:00+09:00,0.0,0.0,0.0
2026-07-06 15:05:00+09:00,0.0,0.0,0.0
2026-07-06 15:10:00+09:00,0.0,0.0,0.0
2026-07-06 15:15:00+09:00,0.0,0.0,0.0
2026-07-06 15:20:00+09:00,0.0,0.0,0.0
2026-07-07 09:00:00+09:00,0.0,0.0,0.0
2026-07-07 09:05:00+09:00,0.0,0.0,0.0
2026-07-07 09:10:00+09:00,0.0,0.0,0.0
2026-07-07 09:15:00+09:00,0.0,0.0,0.0
2026-07-07 09:20:00+09:00,0.0,0.0,0.0
2026-07-07 09:25:00+09:00,0.0,0.0,0.0
2026-07-07 09:30:00+09:00,-0.0002676517670557814,1.0,1.0
2026-07-07 09:35:00+09:00,-0.0005208524572747122,0.0,0.9696591243020865
2026-07-07 09:40:00+09:00,0.0004805326824658031,0.0,0.9270496620628859
2026-07-07 09:45:00+09:00,0.00017441621405232805,0.0,0.9512929767851895
2026-07-07 09:50:00+09:00,-0.00038644130328285094,0.0,0.9392447840141053
2026-07-07 09:55:00+09:00,0.0005001846263707228,0.0,0.9637084925066118
2026-07-07 10:00:00+09:00,-0.00019269761974728182,0.9634880987364091,0.0
2026-07-07 10:05:00+09:00,-6.0975609756097564e-06,0.03048780487804878,0.0
2026-07-07 10:10:00+09:00,-1.2048192771084338e-06,0.006024096385542169,0.0
2026-07-07 10:15:00+09:00,0.0,0.0,0.0
2026-07-07 10:20:00+09:00,0.0,0.0,0.0
2026-07-07 10:25:00+09:00,0.0,0.0,0.0
2026-07-07 10:30:00+09:00,0.0,0.0,0.0
2026-07-07 10:35:00+09:00,0.0,0.0,0.0
2026-07-07 10:40:00+09:00,0.0,0.0,0.0
2026-07-07 10:45:00+09:00,0.0,0.0,0.0
2026-07-07 10:50:00+09:00,0.0,0.0,0.0
2026-07-07 10:55:00+09:00,0.0,0.0,0.0
2026-07-07 11:00:00+09:00,0.0,0.0,0.0
2026-07-07 11:05:00+09:00,0.0,0.0,0.0
2026-07-07 11:10:00+09:00,0.0,0.0,0.0
2026-07-07 11:15:00+09:00,0.0,0.0,0.0
2026-07-07 11:20:00+09:00,0.0,0.0,0.0
2026-07-07 11:25:00+09:00,0.0,0.0,0.0
2026-07-07 12:30:00+09:00,0.0,0.0,0.0
2026-07-07 12:35:00+09:00,0.0,0.0,0.0
2026-07-07 12:40:00+09:00,0.0,0.0,0.0
2026-07-07 12:45:00+09:00,0.0,0.0,0.0
2026-07-07 12:50:00+09:00,0.0,0.0,0.0
2026-07-07 12:55:00+09:00,0.0,0.0,0.0
2026-07-07 13:00:00+09:00,-0.00027181702819207095,1.0,1.0
2026-07-07 13:05:00+09:00,-5.3257483977195575e-05,0.0,0.9817807816632385
2026-07-07 13:10:00+09:00,-0.0002409148585635254,0.0,0.9819277108433736
2026-07-07 13:15:00+09:00,-7.426803376525446e-05,0.0,0.9696591243020865
2026-07-07 13:20:00+09:00,0.00014066242353136038,0.0,0.9576843961210697
2026-07-07 13:25:00+09:00,8.760845196429274e-05,0.0,0.9696591243020865
2026-07-07 13:30:00+09:00,-0.0001939318248604173,0.9696591243020865,0.0
2026-07-07 13:35:00+09:00,-3.6438436673523368e-06,0.018219218336761683,0.0
2026-07-07 13:40:00+09:00,-1.2195121951219514e-06,0.006097560975609756,0.0
2026-07-07 13:45:00+09:00,-1.2048192771084338e-06,0.006024096385542169,0.0
2026-07-07 13:50:00+09:00,0.0,0.0,0.0
2026-07-07 13:55:00+09:00,0.0,0.0,0.0
2026-07-07 14:00:00+09:00,0.0,0.0,0.0
2026-07-07 14:05:00+09:00,0.0,0.0,0.0
2026-07-07 14:10:00+09:00,0.0,0.0,0.0
2026-07-07 14:15:00+09:00,0.0,0.0,0.0
2026-07-07 14:20:00+09:00,0.0,0.0,0.0
2026-07-07 14:25:00+09:00,0.0,0.0,0.0
2026-07-07 14:30:00+09:00,0.0,0.0,0.0
2026-07-07 14:35:00+09:00,0.0,0.0,0.0
2026-07-07 14:40:00+09:00,0.0,0.0,0.0
2026-07-07 14:45:00+09:00,0.0,0.0,0.0
2026-07-07 14:50:00+09:00,0.0,0.0,0.0
2026-07-07 14:55:00+09:00,0.0,0.0,0.0
2026-07-07 15:00:00+09:00,0.0,0.0,0.0
2026-07-07 15:05:00+09:00,0.0,0.0,0.0
2026-07-07 15:10:00+09:00,0.0,0.0,0.0
2026-07-07 15:15:00+09:00,0.0,0.0,0.0
2026-07-07 15:20:00+09:00,0.0,0.0,0.0
2026-07-08 09:00:00+09:00,0.0,0.0,0.0
2026-07-08 09:05:00+09:00,0.0,0.0,0.0
2026-07-08 09:10:00+09:00,0.0,0.0,0.0
2026-07-08 09:15:00+09:00,0.0,0.0,0.0
2026-07-08 09:20:00+09:00,0.0,0.0,0.0
2026-07-08 09:25:00+09:00,0.0,0.0,0.0
2026-07-08 09:30:00+09:00,-0.00016912561670177112,1.0,1.0
2026-07-08 09:35:00+09:00,0.000809209820638868,0.0,0.9636350279165442
2026-07-08 09:40:00+09:00,6.432644916382306e-05,0.0,0.993975903614458
2026-07-08 09:45:00+09:00,0.0003219690548545682,0.0,0.9392447840141053
2026-07-08 09:50:00+09:00,0.00022132956877445154,0.0,0.969732588892154
2026-07-08 09:55:00+09:00,-0.00016027762738533803,0.0,0.9213194240376139
2026-07-08 10:00:00+09:00,-0.00019879518072289158,0.9939759036144579,0.0
2026-07-08 10:05:00+09:00,-1.2048192771084338e-06,0.006024096385542169,0.0
2026-07-08 10:10:00+09:00,0.0,0.0,0.0
2026-07-08 10:15:00+09:00,0.0,0.0,0.0
2026-07-08 10:20:00+09:00,0.0,0.0,0.0
2026-07-08 10:25:00+09:00,0.0,0.0,0.0
2026-07-08 10:30:00+09:00,0.0,0.0,0.0
2026-07-08 10:35:00+09:00,0.0,0.0,0.0
2026-07-08 10:40:00+09:00,0.0,0.0,0.0
2026-07-08 10:45:00+09:00,0.0,0.0,0.0
2026-07-08 10:50:00+09:00,0.0,0.0,0.0
2026-07-08 10:55:00+09:00,0.0,0.0,0.0
2026-07-08 11:00:00+09:00,0.0,0.0,0.0
2026-07-08 11:05:00+09:00,0.0,0.0,0.0
2026-07-08 11:10:00+09:00,0.0,0.0,0.0
2026-07-08 11:15:00+09:00,0.0,0.0,0.0
2026-07-08 11:20:00+09:00,0.0,0.0,0.0
2026-07-08 11:25:00+09:00,0.0,0.0,0.0
2026-07-08 12:30:00+09:00,0.0,0.0,0.0
2026-07-08 12:35:00+09:00,0.0,0.0,0.0
2026-07-08 12:40:00+09:00,0.0,0.0,0.0
2026-07-08 12:45:00+09:00,0.0,0.0,0.0
2026-07-08 12:50:00+09:00,0.0,0.0,0.0
2026-07-08 12:55:00+09:00,0.0,0.0,0.0
2026-07-08 13:00:00+09:00,-0.00016902300869617103,1.0,1.0
2026-07-08 13:05:00+09:00,2.4210184202585043e-05,0.0,0.9274904496032912
2026-07-08 13:10:00+09:00,0.000179417888911726,0.0,0.9516602997355275
2026-07-08 13:15:00+09:00,0.00010209094360681041,0.0,0.9516602997355276
2026-07-08 13:20:00+09:00,-0.00039589035233472404,0.0,0.969732588892154
2026-07-08 13:25:00+09:00,0.00011673210089726654,0.0,0.9396121069644432
2026-07-08 13:30:00+09:00,-0.0001939318248604173,0.9696591243020865,0.0
2026-07-08 13:35:00+09:00,-4.863355862474288e-06,0.024316779312371438,0.0
2026-07-08 13:40:00+09:00,-1.2048192771084338e-06,0.006024096385542169,0.0
2026-07-08 13:45:00+09:00,0.0,0.0,0.0
2026-07-08 13:50:00+09:00,0.0,0.0,0.0
2026-07-08 13:55:00+09:00,0.0,0.0,0.0
2026-07-08 14:00:00+09:00,0.0,0.0,0.0
2026-07-08 14:05:00+09:00,0.0,0.0,0.0
2026-07-08 14:10:00+09:00,0.0,0.0,0.0
2026-07-08 14:15:00+09:00,0.0,0.0,0.0
2026-07-08 14:20:00+09:00,0.0,0.0,0.0
2026-07-08 14:25:00+09:00,0.0,0.0,0.0
2026-07-08 14:30:00+09:00,0.0,0.0,0.0
2026-07-08 14:35:00+09:00,0.0,0.0,0.0
2026-07-08 14:40:00+09:00,0.0,0.0,0.0
2026-07-08 14:45:00+09:00,0.0,0.0,0.0
2026-07-08 14:50:00+09:00,0.0,0.0,0.0
2026-07-08 14:55:00+09:00,0.0,0.0,0.0
2026-07-08 15:00:00+09:00,0.0,0.0,0.0
2026-07-08 15:05:00+09:00,0.0,0.0,0.0
2026-07-08 15:10:00+09:00,0.0,0.0,0.0
2026-07-08 15:15:00+09:00,0.0,0.0,0.0
2026-07-08 15:20:00+09:00,0.0,0.0,0.0
2026-07-09 09:00:00+09:00,0.0,0.0,0.0
2026-07-09 09:05:00+09:00,0.0,0.0,0.0
2026-07-09 09:10:00+09:00,0.0,0.0,0.0
2026-07-09 09:15:00+09:00,0.0,0.0,0.0
2026-07-09 09:20:00+09:00,0.0,0.0,0.0
2026-07-09 09:25:00+09:00,0.0,0.0,0.0
2026-07-09 09:30:00+09:00,-0.0004931134608384228,1.0,1.0
2026-07-09 09:35:00+09:00,-0.0004020712452051808,0.0,0.9331472230384954
2026-07-09 09:40:00+09:00,0.00013002758482717256,0.0,0.9513664413752572
2026-07-09 09:45:00+09:00,0.0003267604444488033,0.0,0.9393182486041728
2026-07-09 09:50:00+09:00,-8.950001133471367e-05,0.0,0.9634880987364092
2026-07-09 09:55:00+09:00,0.00027747787675160576,0.0,0.9211724948574788
2026-07-09 10:00:00+09:00,-0.00019027328827505145,0.9513664413752572,0.0
2026-07-09 10:05:00+09:00,-6.0828680575962395e-06,0.030414340287981192,0.0
2026-07-09 10:10:00+09:00,-2.424331472230385e-06,0.012121657361151925,0.0
2026-07-09 10:15:00+09:00,0.0,0.0,0.0
2026-07-09 10:20:00+09:00,-1.2195121951219514e-06,0.006097560975609756,0.0
2026-07-09 10:25:00+09:00,0.0,0.0,0.0
2026-07-09 10:30:00+09:00,0.0,0.0,0.0
2026-07-09 10:35:00+09:00,0.0,0.0,0.0
2026-07-09 10:40:00+09:00,0.0,0.0,0.0
2026-07-09 10:45:00+09:00,0.0,0.0,0.0
2026-07-09 10:50:00+09:00,0.0,0.0,0.0
2026-07-09 10:55:00+09:00,0.0,0.0,0.0
2026-07-09 11:00:00+09:00,0.0,0.0,0.0
2026-07-09 11:05:00+09:00,0.0,0.0,0.0
2026-07-09 11:10:00+09:00,0.0,0.0,0.0
2026-07-09 11:15:00+09:00,0.0,0.0,0.0
2026-07-09 11:20:00+09:00,0.0,0.0,0.0
2026-07-09 11:25:00+09:00,0.0,0.0,0.0
2026-07-09 12:30:00+09:00,0.0,0.0,0.0
2026-07-09 12:35:00+09:00,0.0,0.0,0.0
2026-07-09 12:40:00+09:00,0.0,0.0,0.0
2026-07-09 12:45:00+09:00,0.0,0.0,0.0
2026-07-09 12:50:00+09:00,0.0,0.0,0.0
2026-07-09 12:55:00+09:00,0.0,0.0,0.0
2026-07-09 13:00:00+09:00,-9.252566042698265e-05,1.0,1.0
2026-07-09 13:05:00+09:00,0.00017456116474542623,0.0,0.9329268292682927
2026-07-09 13:10:00+09:00,-0.0002887659988387774,0.0,0.8902439024390245
2026-07-09 13:15:00+09:00,-7.837667534518422e-05,0.0,0.9390243902439025
2026-07-09 13:20:00+09:00,0.00017835634308223505,0.0,0.9695121951219512
2026-07-09 13:25:00+09:00,-4.105188099160365e-05,0.0,0.9634146341463415
2026-07-09 13:30:00+09:00,-0.00018902439024390247,0.9451219512195123,0.0
2026-07-09 13:35:00+09:00,-8.53658536585366e-06,0.042682926829268296,0.0
2026-07-09 13:40:00+09:00,-1.2195121951219514e-06,0.006097560975609756,0.0
2026-07-09 13:45:00+09:00,0.0,0.0,0.0
2026-07-09 13:50:00+09:00,-1.2195121951219514e-06,0.006097560975609756,0.0
2026-07-09 13:55:00+09:00,0.0,0.0,0.0
2026-07-09 14:00:00+09:00,0.0,0.0,0.0
2026-07-09 14:05:00+09:00,0.0,0.0,0.0
2026-07-09 14:10:00+09:00,0.0,0.0,0.0
2026-07-09 14:15:00+09:00,0.0,0.0,0.0
2026-07-09 14:20:00+09:00,0.0,0.0,0.0
2026-07-09 14:25:00+09:00,0.0,0.0,0.0
2026-07-09 14:30:00+09:00,0.0,0.0,0.0
2026-07-09 14:35:00+09:00,0.0,0.0,0.0
2026-07-09 14:40:00+09:00,0.0,0.0,0.0
2026-07-09 14:45:00+09:00,0.0,0.0,0.0
2026-07-09 14:50:00+09:00,0.0,0.0,0.0
2026-07-09 14:55:00+09:00,0.0,0.0,0.0
2026-07-09 15:00:00+09:00,0.0,0.0,0.0
2026-07-09 15:05:00+09:00,0.0,0.0,0.0
2026-07-09 15:10:00+09:00,0.0,0.0,0.0
2026-07-09 15:15:00+09:00,0.0,0.0,0.0
2026-07-09 15:20:00+09:00,0.0,0.0,0.0
2026-07-10 09:00:00+09:00,0.0,0.0,0.0
2026-07-10 09:05:00+09:00,0.0,0.0,0.0
2026-07-10 09:10:00+09:00,0.0,0.0,0.0
2026-07-10 09:15:00+09:00,0.0,0.0,0.0
2026-07-10 09:20:00+09:00,0.0,0.0,0.0
2026-07-10 09:25:00+09:00,0.0,0.0,0.0
2026-07-10 09:30:00+09:00,-0.0004351741153879387,1.0,1.0
2026-07-10 09:35:00+09:00,-0.00043731841041901216,0.0,0.9637819570966795
2026-07-10 09:40:00+09:00,0.00020441802275034517,0.0,0.933588010578901
2026-07-10 09:45:00+09:00,-0.0005242404627819341,0.0,0.933588010578901
2026-07-10 09:50:00+09:00,-0.0005107480826801148,0.0,0.9396855715545107
2026-07-10 09:55:00+09:00,0.000625710037128248,0.0,0.9515868351454599
2026-07-10 10:00:00+09:00,-0.0001963708492506612,0.981854246253306,0.0
2026-07-10 10:05:00+09:00,-3.629150749338819e-06,0.018145753746694096,0.0
2026-07-10 10:10:00+09:00,0.0,0.0,0.0
2026-07-10 10:15:00+09:00,0.0,0.0,0.0
2026-07-10 10:20:00+09:00,0.0,0.0,0.0
2026-07-10 10:25:00+09:00,0.0,0.0,0.0
2026-07-10 10:30:00+09:00,0.0,0.0,0.0
2026-07-10 10:35:00+09:00,0.0,0.0,0.0
2026-07-10 10:40:00+09:00,0.0,0.0,0.0
2026-07-10 10:45:00+09:00,0.0,0.0,0.0
2026-07-10 10:50:00+09:00,0.0,0.0,0.0
2026-07-10 10:55:00+09:00,0.0,0.0,0.0
2026-07-10 11:00:00+09:00,0.0,0.0,0.0
2026-07-10 11:05:00+09:00,0.0,0.0,0.0
2026-07-10 11:10:00+09:00,0.0,0.0,0.0
2026-07-10 11:15:00+09:00,0.0,0.0,0.0
2026-07-10 11:20:00+09:00,0.0,0.0,0.0
2026-07-10 11:25:00+09:00,0.0,0.0,0.0
2026-07-10 12:30:00+09:00,0.0,0.0,0.0
2026-07-10 12:35:00+09:00,0.0,0.0,0.0
2026-07-10 12:40:00+09:00,0.0,0.0,0.0
2026-07-10 12:45:00+09:00,0.0,0.0,0.0
2026-07-10 12:50:00+09:00,0.0,0.0,0.0
2026-07-10 12:55:00+09:00,0.0,0.0,0.0
2026-07-10 13:00:00+09:00,-0.0002112363628906504,1.0,1.0
2026-07-10 13:05:00+09:00,3.190063366528077e-05,0.0,0.9499208860759495
2026-07-10 13:10:00+09:00,-1.1111994761799298e-05,0.0,0.9559335443037975
2026-07-10 13:15:00+09:00,0.00010643521732880353,0.0,0.98125
2026-07-10 13:20:00+09:00,0.00011271771824719958,0.0,0.9559335443037975
2026-07-10 13:25:00+09:00,-1.6526250972056807e-05,0.0,0.9310126582278482
2026-07-10 13:30:00+09:00,-0.00019496835443037975,0.9748417721518987,0.0
2026-07-10 13:35:00+09:00,-2.531645569620253e-06,0.012658227848101266,0.0
2026-07-10 13:40:00+09:00,-1.25e-06,0.00625,0.0
2026-07-10 13:45:00+09:00,0.0,0.0,0.0
2026-07-10 13:50:00+09:00,-1.25e-06,0.00625,0.0
2026-07-10 13:55:00+09:00,0.0,0.0,0.0
2026-07-10 14:00:00+09:00,0.0,0.0,0.0
2026-07-10 14:05:00+09:00,0.0,0.0,0.0
2026-07-10 14:10:00+09:00,0.0,0.0,0.0
2026-07-10 14:15:00+09:00,0.0,0.0,0.0
2026-07-10 14:20:00+09:00,0.0,0.0,0.0
2026-07-10 14:25:00+09:00,0.0,0.0,0.0
2026-07-10 14:30:00+09:00,0.0,0.0,0.0
2026-07-10 14:35:00+09:00,0.0,0.0,0.0
2026-07-10 14:40:00+09:00,0.0,0.0,0.0
2026-07-10 14:45:00+09:00,0.0,0.0,0.0
2026-07-10 14:50:00+09:00,0.0,0.0,0.0
2026-07-10 14:55:00+09:00,0.0,0.0,0.0
2026-07-10 15:00:00+09:00,0.0,0.0,0.0
2026-07-10 15:05:00+09:00,0.0,0.0,0.0
2026-07-10 15:10:00+09:00,0.0,0.0,0.0
2026-07-10 15:15:00+09:00,0.0,0.0,0.0
2026-07-10 15:20:00+09:00,0.0,0.0,0.0
2026-07-13 09:00:00+09:00,0.0,0.0,0.0
2026-07-13 09:05:00+09:00,0.0,0.0,0.0
2026-07-13 09:10:00+09:00,0.0,0.0,0.0
2026-07-13 09:15:00+09:00,0.0,0.0,0.0
2026-07-13 09:20:00+09:00,0.0,0.0,0.0
2026-07-13 09:25:00+09:00,0.0,0.0,0.0
2026-07-13 09:30:00+09:00,0.00019383133291298878,1.0,1.0
2026-07-13 09:35:00+09:00,0.000690475056593253,0.0,0.9815567600120445
2026-07-13 09:40:00+09:00,-8.168494119861933e-05,0.0,0.9753839205058716
2026-07-13 09:45:00+09:00,0.00014330814111736246,0.0,0.9877295995182174
2026-07-13 09:50:00+09:00,-0.00013841293480019892,0.0,0.9815567600120445
2026-07-13 09:55:00+09:00,0.0004312640896701361,0.0,0.9755344775669978
2026-07-13 10:00:00+09:00,-0.00019876543209876546,0.9938271604938271,0.0
2026-07-13 10:05:00+09:00,0.0,0.0,0.0
2026-07-13 10:10:00+09:00,0.0,0.0,0.0
2026-07-13 10:15:00+09:00,0.0,0.0,0.0
2026-07-13 10:20:00+09:00,0.0,0.0,0.0
2026-07-13 10:25:00+09:00,0.0,0.0,0.0
2026-07-13 10:30:00+09:00,0.0,0.0,0.0
2026-07-13 10:35:00+09:00,0.0,0.0,0.0
2026-07-13 10:40:00+09:00,0.0,0.0,0.0
2026-07-13 10:45:00+09:00,0.0,0.0,0.0
2026-07-13 10:50:00+09:00,0.0,0.0,0.0
2026-07-13 10:55:00+09:00,0.0,0.0,0.0
2026-07-13 11:00:00+09:00,0.0,0.0,0.0
2026-07-13 11:05:00+09:00,0.0,0.0,0.0
2026-07-13 11:10:00+09:00,-1.234567901234568e-06,0.006172839506172839,0.0
2026-07-13 11:15:00+09:00,0.0,0.0,0.0
2026-07-13 11:20:00+09:00,0.0,0.0,0.0
2026-07-13 11:25:00+09:00,0.0,0.0,0.0
2026-07-13 12:30:00+09:00,0.0,0.0,0.0
2026-07-13 12:35:00+09:00,0.0,0.0,0.0
2026-07-13 12:40:00+09:00,0.0,0.0,0.0
2026-07-13 12:45:00+09:00,0.0,0.0,0.0
2026-07-13 12:50:00+09:00,0.0,0.0,0.0
2026-07-13 12:55:00+09:00,0.0,0.0,0.0
2026-07-13 13:00:00+09:00,0.000301515463059396,1.0,1.0
2026-07-13 13:05:00+09:00,0.0001836181298872542,0.0,0.9069444444444446
2026-07-13 13:10:00+09:00,0.0002080980311378069,0.0,0.9377314814814816
2026-07-13 13:15:00+09:00,0.0004405441229431524,0.0,0.9502314814814815
2026-07-13 13:20:00+09:00,-0.00027577354436769495,0.0,0.9626543209876541
2026-07-13 13:25:00+09:00,-0.00014061559074156403,0.0,0.9628086419753087
2026-07-13 13:30:00+09:00,-0.00019254629629629632,0.9627314814814815,0.0
2026-07-13 13:35:00+09:00,-6.203703703703704e-06,0.031018518518518518,0.0
2026-07-13 13:40:00+09:00,0.0,0.0,0.0
2026-07-13 13:45:00+09:00,-1.25e-06,0.00625,0.0
2026-07-13 13:50:00+09:00,0.0,0.0,0.0
2026-07-13 13:55:00+09:00,0.0,0.0,0.0
2026-07-13 14:00:00+09:00,0.0,0.0,0.0
2026-07-13 14:05:00+09:00,0.0,0.0,0.0
2026-07-13 14:10:00+09:00,0.0,0.0,0.0
2026-07-13 14:15:00+09:00,0.0,0.0,0.0
2026-07-13 14:20:00+09:00,0.0,0.0,0.0
2026-07-13 14:25:00+09:00,0.0,0.0,0.0
2026-07-13 14:30:00+09:00,0.0,0.0,0.0
2026-07-13 14:35:00+09:00,0.0,0.0,0.0
2026-07-13 14:40:00+09:00,0.0,0.0,0.0
2026-07-13 14:45:00+09:00,0.0,0.0,0.0
2026-07-13 14:50:00+09:00,0.0,0.0,0.0
2026-07-13 14:55:00+09:00,0.0,0.0,0.0
2026-07-13 15:00:00+09:00,0.0,0.0,0.0
2026-07-13 15:05:00+09:00,0.0,0.0,0.0
2026-07-13 15:10:00+09:00,0.0,0.0,0.0
2026-07-13 15:15:00+09:00,0.0,0.0,0.0
2026-07-13 15:20:00+09:00,0.0,0.0,0.0
2026-07-14 09:00:00+09:00,0.0,0.0,0.0
2026-07-14 09:05:00+09:00,0.0,0.0,0.0
2026-07-14 09:10:00+09:00,0.0,0.0,0.0
2026-07-14 09:15:00+09:00,0.0,0.0,0.0
2026-07-14 09:20:00+09:00,0.0,0.0,0.0
2026-07-14 09:25:00+09:00,0.0,0.0,0.0
2026-07-14 09:30:00+09:00,-0.0006562941857068724,1.0,1.0
2026-07-14 09:35:00+09:00,-0.000662070270284934,0.0,0.981854246253306
2026-07-14 09:40:00+09:00,0.0008937850543614194,0.0,0.9878783426388482
2026-07-14 09:45:00+09:00,0.0010324278007188444,0.0,0.9757566852776962
2026-07-14 09:50:00+09:00,0.0019121110902551581,0.0,0.9757566852776962
2026-07-14 09:55:00+09:00,-7.947675050935819e-05,0.0,0.9817807816632385
2026-07-14 10:00:00+09:00,-0.00018790772847487514,0.9395386423743756,0.0
2026-07-14 10:05:00+09:00,-9.682632970908023e-06,0.048413164854540114,0.0
2026-07-14 10:10:00+09:00,-1.2048192771084338e-06,0.006024096385542169,0.0
2026-07-14 10:15:00+09:00,0.0,0.0,0.0
2026-07-14 10:20:00+09:00,0.0,0.0,0.0
2026-07-14 10:25:00+09:00,-1.2048192771084338e-06,0.006024096385542169,0.0
2026-07-14 10:30:00+09:00,0.0,0.0,0.0
2026-07-14 10:35:00+09:00,0.0,0.0,0.0
2026-07-14 10:40:00+09:00,0.0,0.0,0.0
2026-07-14 10:45:00+09:00,0.0,0.0,0.0
2026-07-14 10:50:00+09:00,0.0,0.0,0.0
2026-07-14 10:55:00+09:00,0.0,0.0,0.0
2026-07-14 11:00:00+09:00,0.0,0.0,0.0
2026-07-14 11:05:00+09:00,0.0,0.0,0.0
2026-07-14 11:10:00+09:00,0.0,0.0,0.0
2026-07-14 11:15:00+09:00,0.0,0.0,0.0
2026-07-14 11:20:00+09:00,0.0,0.0,0.0
2026-07-14 11:25:00+09:00,0.0,0.0,0.0
2026-07-14 12:30:00+09:00,0.0,0.0,0.0
2026-07-14 12:35:00+09:00,0.0,0.0,0.0
2026-07-14 12:40:00+09:00,0.0,0.0,0.0
2026-07-14 12:45:00+09:00,0.0,0.0,0.0
2026-07-14 12:50:00+09:00,0.0,0.0,0.0
2026-07-14 12:55:00+09:00,0.0,0.0,0.0
2026-07-14 13:00:00+09:00,-0.0005396592992140944,1.0,1.0
2026-07-14 13:05:00+09:00,-0.0003191436865080407,0.0,0.9628086419753086
2026-07-14 13:10:00+09:00,-8.00280317237011e-05,0.0,0.9316358024691357
2026-07-14 13:15:00+09:00,1.998148019975013e-05,0.0,0.9067129629629629
2026-07-14 13:20:00+09:00,0.0002855096954911642,0.0,0.9564814814814814
2026-07-14 13:25:00+09:00,0.00010257511359209068,0.0,0.9131172839506172
2026-07-14 13:30:00+09:00,-0.000195,0.975,0.0
2026-07-14 13:35:00+09:00,-3.7500000000000005e-06,0.018750000000000003,0.0
2026-07-14 13:40:00+09:00,0.0,0.0,0.0
2026-07-14 13:45:00+09:00,-1.25e-06,0.00625,0.0
2026-07-14 13:50:00+09:00,0.0,0.0,0.0
2026-07-14 13:55:00+09:00,0.0,0.0,0.0
2026-07-14 14:00:00+09:00,0.0,0.0,0.0
2026-07-14 14:05:00+09:00,0.0,0.0,0.0
2026-07-14 14:10:00+09:00,0.0,0.0,0.0
2026-07-14 14:15:00+09:00,0.0,0.0,0.0
2026-07-14 14:20:00+09:00,0.0,0.0,0.0
2026-07-14 14:25:00+09:00,0.0,0.0,0.0
2026-07-14 14:30:00+09:00,0.0,0.0,0.0
2026-07-14 14:35:00+09:00,0.0,0.0,0.0
2026-07-14 14:40:00+09:00,0.0,0.0,0.0
2026-07-14 14:45:00+09:00,0.0,0.0,0.0
2026-07-14 14:50:00+09:00,0.0,0.0,0.0
2026-07-14 14:55:00+09:00,0.0,0.0,0.0
2026-07-14 15:00:00+09:00,0.0,0.0,0.0
2026-07-14 15:05:00+09:00,0.0,0.0,0.0
2026-07-14 15:10:00+09:00,0.0,0.0,0.0
2026-07-14 15:15:00+09:00,0.0,0.0,0.0
2026-07-14 15:20:00+09:00,0.0,0.0,0.0
2026-07-15 09:00:00+09:00,0.0,0.0,0.0
2026-07-15 09:05:00+09:00,0.0,0.0,0.0
2026-07-15 09:10:00+09:00,0.0,0.0,0.0
2026-07-15 09:15:00+09:00,0.0,0.0,0.0
2026-07-15 09:20:00+09:00,0.0,0.0,0.0
2026-07-15 09:25:00+09:00,0.0,0.0,0.0
2026-07-15 09:30:00+09:00,-0.0004814164050418127,1.0,0.9999999999999999
2026-07-15 09:35:00+09:00,-2.0198459065275856e-05,0.0,0.9815567600120446
2026-07-15 09:40:00+09:00,-5.020596373598675e-05,0.0,0.9570159590484792
2026-07-15 09:45:00+09:00,-0.0001475145525160576,0.0,0.9754591990364347
2026-07-15 09:50:00+09:00,0.00022844749542099405,0.0,0.9446702800361336
2026-07-15 09:55:00+09:00,-7.287948245739363e-05,0.0,1.0
2026-07-15 10:00:00+09:00,-0.00019509183980728696,0.9754591990364347,0.0
2026-07-15 10:05:00+09:00,-4.9081601927130386e-06,0.02454080096356519,0.0
2026-07-15 10:10:00+09:00,0.0,0.0,0.0
2026-07-15 10:15:00+09:00,0.0,0.0,0.0
2026-07-15 10:20:00+09:00,0.0,0.0,0.0
2026-07-15 10:25:00+09:00,0.0,0.0,0.0
2026-07-15 10:30:00+09:00,0.0,0.0,0.0
2026-07-15 10:35:00+09:00,0.0,0.0,0.0
2026-07-15 10:40:00+09:00,0.0,0.0,0.0
2026-07-15 10:45:00+09:00,0.0,0.0,0.0
2026-07-15 10:50:00+09:00,0.0,0.0,0.0
2026-07-15 10:55:00+09:00,0.0,0.0,0.0
2026-07-15 11:00:00+09:00,0.0,0.0,0.0
2026-07-15 11:05:00+09:00,0.0,0.0,0.0
2026-07-15 11:10:00+09:00,0.0,0.0,0.0
2026-07-15 11:15:00+09:00,0.0,0.0,0.0
2026-07-15 11:20:00+09:00,0.0,0.0,0.0
2026-07-15 11:25:00+09:00,0.0,0.0,0.0
2026-07-15 12:30:00+09:00,0.0,0.0,0.0
2026-07-15 12:35:00+09:00,0.0,0.0,0.0
2026-07-15 12:40:00+09:00,0.0,0.0,0.0
2026-07-15 12:45:00+09:00,0.0,0.0,0.0
2026-07-15 12:50:00+09:00,0.0,0.0,0.0
2026-07-15 12:55:00+09:00,0.0,0.0,0.0
2026-07-15 13:00:00+09:00,-0.00021303266501603168,1.0,1.0
2026-07-15 13:05:00+09:00,-8.822883224552061e-05,0.0,0.9561708860759495
2026-07-15 13:10:00+09:00,-1.9449035254293276e-05,0.0,0.943354430379747
2026-07-15 13:15:00+09:00,1.2154728522377464e-05,0.0,0.8931962025316457
2026-07-15 13:20:00+09:00,-2.1058713031832932e-05,0.0,0.9055379746835444
2026-07-15 13:25:00+09:00,0.0001818161903362149,0.0,0.892879746835443
2026-07-15 13:30:00+09:00,-0.00017860759493670887,0.8930379746835443,0.0
2026-07-15 13:35:00+09:00,-1.3844936708860759e-05,0.0692246835443038,0.0
2026-07-15 13:40:00+09:00,-6.29746835443038e-06,0.0314873417721519,0.0
2026-07-15 13:45:00+09:00,-1.25e-06,0.00625,0.0
2026-07-15 13:50:00+09:00,0.0,0.0,0.0
2026-07-15 13:55:00+09:00,0.0,0.0,0.0
2026-07-15 14:00:00+09:00,0.0,0.0,0.0
2026-07-15 14:05:00+09:00,0.0,0.0,0.0
2026-07-15 14:10:00+09:00,0.0,0.0,0.0
2026-07-15 14:15:00+09:00,0.0,0.0,0.0
2026-07-15 14:20:00+09:00,0.0,0.0,0.0
2026-07-15 14:25:00+09:00,0.0,0.0,0.0
2026-07-15 14:30:00+09:00,0.0,0.0,0.0
2026-07-15 14:35:00+09:00,0.0,0.0,0.0
2026-07-15 14:40:00+09:00,0.0,0.0,0.0
2026-07-15 14:45:00+09:00,0.0,0.0,0.0
2026-07-15 14:50:00+09:00,0.0,0.0,0.0
2026-07-15 14:55:00+09:00,0.0,0.0,0.0
2026-07-15 15:00:00+09:00,0.0,0.0,0.0
2026-07-15 15:05:00+09:00,0.0,0.0,0.0
2026-07-15 15:10:00+09:00,0.0,0.0,0.0
2026-07-15 15:15:00+09:00,0.0,0.0,0.0
2026-07-15 15:20:00+09:00,0.0,0.0,0.0
2026-07-16 09:00:00+09:00,0.0,0.0,0.0
2026-07-16 09:05:00+09:00,0.0,0.0,0.0
2026-07-16 09:10:00+09:00,0.0,0.0,0.0
2026-07-16 09:15:00+09:00,0.0,0.0,0.0
2026-07-16 09:20:00+09:00,0.0,0.0,0.0
2026-07-16 09:25:00+09:00,0.0,0.0,0.0
2026-07-16 09:30:00+09:00,-0.0015924159440930026,1.0,1.0
2026-07-16 09:35:00+09:00,-0.0011765340998216049,0.0,0.9756832206876287
2026-07-16 09:40:00+09:00,0.0008336432999200088,0.0,0.9758301498677638
2026-07-16 09:45:00+09:00,0.0003080933851817448,0.0,0.9272700558330886
2026-07-16 09:50:00+09:00,-0.0005660530107636013,0.0,0.9878048780487806
2026-07-16 09:55:00+09:00,-0.0007047511140095775,0.0,0.9634146341463415
2026-07-16 10:00:00+09:00,-0.00019757566852776962,0.9878783426388481,0.0
2026-07-16 10:05:00+09:00,-1.2195121951219514e-06,0.006097560975609756,0.0
2026-07-16 10:10:00+09:00,-1.2048192771084338e-06,0.006024096385542169,0.0
2026-07-16 10:15:00+09:00,0.0,0.0,0.0
2026-07-16 10:20:00+09:00,0.0,0.0,0.0
2026-07-16 10:25:00+09:00,0.0,0.0,0.0
2026-07-16 10:30:00+09:00,0.0,0.0,0.0
2026-07-16 10:35:00+09:00,0.0,0.0,0.0
2026-07-16 10:40:00+09:00,0.0,0.0,0.0
2026-07-16 10:45:00+09:00,0.0,0.0,0.0
2026-07-16 10:50:00+09:00,0.0,0.0,0.0
2026-07-16 10:55:00+09:00,0.0,0.0,0.0
2026-07-16 11:00:00+09:00,0.0,0.0,0.0
2026-07-16 11:05:00+09:00,0.0,0.0,0.0
2026-07-16 11:10:00+09:00,0.0,0.0,0.0
2026-07-16 11:15:00+09:00,0.0,0.0,0.0
2026-07-16 11:20:00+09:00,0.0,0.0,0.0
2026-07-16 11:25:00+09:00,0.0,0.0,0.0
2026-07-16 12:30:00+09:00,0.0,0.0,0.0
2026-07-16 12:35:00+09:00,0.0,0.0,0.0
2026-07-16 12:40:00+09:00,0.0,0.0,0.0
2026-07-16 12:45:00+09:00,0.0,0.0,0.0
2026-07-16 12:50:00+09:00,0.0,0.0,0.0
2026-07-16 12:55:00+09:00,0.0,0.0,0.0
2026-07-16 13:00:00+09:00,-0.0003602327255630575,1.0,1.0
2026-07-16 13:05:00+09:00,-7.736364909044228e-05,0.0,0.9094181604466647
2026-07-16 13:10:00+09:00,0.00019114512983259795,0.0,0.9032471348809875
2026-07-16 13:15:00+09:00,0.0004144831434307127,0.0,0.8911989421099031
2026-07-16 13:20:00+09:00,0.00022523426450938127,0.0,0.927710843373494
2026-07-16 13:25:00+09:00,-2.3379469867421935e-05,0.0,0.9457831325301205
2026-07-16 13:30:00+09:00,-0.00017938583602703499,0.8969291801351749,0.0
2026-07-16 13:35:00+09:00,-1.94093446958566e-05,0.09704672347928299,0.0
2026-07-16 13:40:00+09:00,0.0,0.0,0.0
2026-07-16 13:45:00+09:00,0.0,0.0,0.0
2026-07-16 13:50:00+09:00,-1.2048192771084338e-06,0.006024096385542169,0.0
2026-07-16 13:55:00+09:00,0.0,0.0,0.0
2026-07-16 14:00:00+09:00,0.0,0.0,0.0
2026-07-16 14:05:00+09:00,0.0,0.0,0.0
2026-07-16 14:10:00+09:00,0.0,0.0,0.0
2026-07-16 14:15:00+09:00,0.0,0.0,0.0
2026-07-16 14:20:00+09:00,0.0,0.0,0.0
2026-07-16 14:25:00+09:00,0.0,0.0,0.0
2026-07-16 14:30:00+09:00,0.0,0.0,0.0
2026-07-16 14:35:00+09:00,0.0,0.0,0.0
2026-07-16 14:40:00+09:00,0.0,0.0,0.0
2026-07-16 14:45:00+09:00,0.0,0.0,0.0
2026-07-16 14:50:00+09:00,0.0,0.0,0.0
2026-07-16 14:55:00+09:00,0.0,0.0,0.0
2026-07-16 15:00:00+09:00,0.0,0.0,0.0
2026-07-16 15:05:00+09:00,0.0,0.0,0.0
2026-07-16 15:10:00+09:00,0.0,0.0,0.0
2026-07-16 15:15:00+09:00,0.0,0.0,0.0
2026-07-16 15:20:00+09:00,0.0,0.0,0.0
2026-07-17 09:00:00+09:00,0.0,0.0,0.0
2026-07-17 09:05:00+09:00,0.0,0.0,0.0
2026-07-17 09:10:00+09:00,0.0,0.0,0.0
2026-07-17 09:15:00+09:00,0.0,0.0,0.0
2026-07-17 09:20:00+09:00,0.0,0.0,0.0
2026-07-17 09:25:00+09:00,0.0,0.0,0.0
2026-07-17 09:30:00+09:00,0.00021330583138502536,1.0,1.0
2026-07-17 09:35:00+09:00,-0.0013919780076030557,0.0,0.9939759036144579
2026-07-17 09:40:00+09:00,0.002677879756788202,0.0,0.9757566852776962
2026-07-17 09:45:00+09:00,0.000938080517619736,0.0,0.9817807816632383
2026-07-17 09:50:00+09:00,-0.001715116218407842,0.0,0.981854246253306
2026-07-17 09:55:00+09:00,-0.001425689477835969,0.0,0.9878048780487805
2026-07-17 10:00:00+09:00,-0.00019391713194240377,0.9695856597120188,0.0
2026-07-17 10:05:00+09:00,-6.0828680575962395e-06,0.030414340287981192,0.0
2026-07-17 10:10:00+09:00,0.0,0.0,0.0
2026-07-17 10:15:00+09:00,0.0,0.0,0.0
2026-07-17 10:20:00+09:00,0.0,0.0,0.0
2026-07-17 10:25:00+09:00,0.0,0.0,0.0
2026-07-17 10:30:00+09:00,0.0,0.0,0.0
2026-07-17 10:35:00+09:00,0.0,0.0,0.0
2026-07-17 10:40:00+09:00,0.0,0.0,0.0
2026-07-17 10:45:00+09:00,0.0,0.0,0.0
2026-07-17 10:50:00+09:00,0.0,0.0,0.0
2026-07-17 10:55:00+09:00,0.0,0.0,0.0
2026-07-17 11:00:00+09:00,0.0,0.0,0.0
2026-07-17 11:05:00+09:00,0.0,0.0,0.0
2026-07-17 11:10:00+09:00,0.0,0.0,0.0
2026-07-17 11:15:00+09:00,0.0,0.0,0.0
2026-07-17 11:20:00+09:00,0.0,0.0,0.0
2026-07-17 11:25:00+09:00,0.0,0.0,0.0
2026-07-17 12:30:00+09:00,0.0,0.0,0.0
2026-07-17 12:35:00+09:00,0.0,0.0,0.0
2026-07-17 12:40:00+09:00,0.0,0.0,0.0
2026-07-17 12:45:00+09:00,0.0,0.0,0.0
2026-07-17 12:50:00+09:00,0.0,0.0,0.0
2026-07-17 12:55:00+09:00,0.0,0.0,0.0
2026-07-17 13:00:00+09:00,-0.0004978193686274032,1.0,1.0
2026-07-17 13:05:00+09:00,-0.0007638617666345655,0.0,0.9940476190476191
2026-07-17 13:10:00+09:00,-0.0005676242834564347,0.0,0.976118760757315
2026-07-17 13:15:00+09:00,-0.000550091909425551,0.0,0.9821428571428571
2026-07-17 13:20:00+09:00,-0.0002684206705369189,0.0,0.9880235226620768
2026-07-17 13:25:00+09:00,-6.39701440120245e-05,0.0,0.9940476190476191
2026-07-17 13:30:00+09:00,-0.00019520940906483076,0.9760470453241538,0.0
2026-07-17 13:35:00+09:00,-3.5857716580608144e-06,0.01792885829030407,0.0
2026-07-17 13:40:00+09:00,-1.2048192771084338e-06,0.006024096385542169,0.0
2026-07-17 13:45:00+09:00,0.0,0.0,0.0
2026-07-17 13:50:00+09:00,0.0,0.0,0.0
2026-07-17 13:55:00+09:00,0.0,0.0,0.0
2026-07-17 14:00:00+09:00,0.0,0.0,0.0
2026-07-17 14:05:00+09:00,0.0,0.0,0.0
2026-07-17 14:10:00+09:00,0.0,0.0,0.0
2026-07-17 14:15:00+09:00,0.0,0.0,0.0
2026-07-17 14:20:00+09:00,0.0,0.0,0.0
2026-07-17 14:25:00+09:00,0.0,0.0,0.0
2026-07-17 14:30:00+09:00,0.0,0.0,0.0
2026-07-17 14:35:00+09:00,0.0,0.0,0.0
2026-07-17 14:40:00+09:00,0.0,0.0,0.0
2026-07-17 14:45:00+09:00,0.0,0.0,0.0
2026-07-17 14:50:00+09:00,0.0,0.0,0.0
2026-07-17 14:55:00+09:00,0.0,0.0,0.0
2026-07-17 15:00:00+09:00,0.0,0.0,0.0
2026-07-17 15:05:00+09:00,0.0,0.0,0.0
2026-07-17 15:10:00+09:00,0.0,0.0,0.0
2026-07-17 15:15:00+09:00,0.0,0.0,0.0
2026-07-17 15:20:00+09:00,0.0,0.0,0.0
