timestamp,net_return,turnover,gross_exposure
2026-06-01 09:00:00+09:00,0.0,0.0,0.0
2026-06-01 09:05:00+09:00,0.0,0.0,0.0
2026-06-01 09:10:00+09:00,0.0,0.0,0.0
2026-06-01 09:15:00+09:00,0.0,0.0,0.0
2026-06-01 09:20:00+09:00,0.0,0.0,0.0
2026-06-01 09:25:00+09:00,0.0,0.0,0.0
2026-06-01 09:30:00+09:00,-0.0001194744291359782,1.0,1.0
2026-06-01 09:35:00+09:00,0.00028402998111395683,0.0,0.9939759036144579
2026-06-01 09:40:00+09:00,-0.0007455649889056038,0.0,1.0
2026-06-01 09:45:00+09:00,-0.0004905559620469426,0.0,0.9939759036144578
2026-06-01 09:50:00+09:00,8.29752174224645e-05,0.0,1.0
2026-06-01 09:55:00+09:00,-0.0005878765681488514,0.0,0.9939759036144578
2026-06-01 10:00:00+09:00,-0.0002,1.0,0.0
2026-06-01 10:05:00+09:00,0.0,0.0,0.0
2026-06-01 10:10:00+09:00,0.0,0.0,0.0
2026-06-01 10:15:00+09:00,0.0,0.0,0.0
2026-06-01 10:20:00+09:00,0.0,0.0,0.0
2026-06-01 10:25:00+09:00,0.0,0.0,0.0
2026-06-01 10:30:00+09:00,0.0,0.0,0.0
2026-06-01 10:35:00+09:00,0.0,0.0,0.0
2026-06-01 10:40:00+09:00,0.0,0.0,0.0
2026-06-01 10:45:00+09:00,0.0,0.0,0.0
2026-06-01 10:50:00+09:00,0.0,0.0,0.0
2026-06-01 10:55:00+09:00,0.0,0.0,0.0
2026-06-01 11:00:00+09:00,0.0,0.0,0.0
2026-06-01 11:05:00+09:00,0.0,0.0,0.0
2026-06-01 11:10:00+09:00,0.0,0.0,0.0
2026-06-01 11:15:00+09:00,0.0,0.0,0.0
2026-06-01 11:20:00+09:00,0.0,0.0,0.0
2026-06-01 11:25:00+09:00,0.0,0.0,0.0
2026-06-01 12:30:00+09:00,0.0,0.0,0.0
2026-06-01 12:35:00+09:00,0.0,0.0,0.0
2026-06-01 12:40:00+09:00,0.0,0.0,0.0
2026-06-01 12:45:00+09:00,0.0,0.0,0.0
2026-06-01 12:50:00+09:00,0.0,0.0,0.0
2026-06-01 12:55:00+09:00,0.0,0.0,0.0
2026-06-01 13:00:00+09:00,-0.0001602049509522145,1.0,1.0
2026-06-01 13:05:00+09:00,-0.00021519518819474633,0.0,0.9879518072289157
2026-06-01 13:10:00+09:00,-0.00020572433188930446,0.0,0.9939759036144579
2026-06-01 13:15:00+09:00,-0.0005578252414413273,0.0,0.9819277108433735
2026-06-01 13:20:00+09:00,-0.0003749213577558769,0.0,0.9879518072289157
2026-06-01 13:25:00+09:00,-0.0005098107539680874,0.0,0.9939759036144579
2026-06-01 13:30:00+09:00,-0.00019759036144578314,0.9879518072289157,0.0
2026-06-01 13:35:00+09:00,-2.4096385542168676e-06,0.012048192771084338,0.0
2026-06-01 13:40:00+09:00,0.0,0.0,0.0
2026-06-01 13:45:00+09:00,0.0,0.0,0.0
2026-06-01 13:50:00+09:00,0.0,0.0,0.0
2026-06-01 13:55:00+09:00,0.0,0.0,0.0
2026-06-01 14:00:00+09:00,0.0,0.0,0.0
2026-06-01 14:05:00+09:00,0.0,0.0,0.0
2026-06-01 14:10:00+09:00,0.0,0.0,0.0
2026-06-01 14:15:00+09:00,0.0,0.0,0.0
2026-06-01 14:20:00+09:00,0.0,0.0,0.0
2026-06-01 14:25:00+09:00,0.0,0.0,0.0
2026-06-01 14:30:00+09:00,0.0,0.0,0.0
2026-06-01 14:35:00+09:00,0.0,0.0,0.0
2026-06-01 14:40:00+09:00,0.0,0.0,0.0
2026-06-01 14:45:00+09:00,0.0,0.0,0.0
2026-06-01 14:50:00+09:00,0.0,0.0,0.0
2026-06-01 14:55:00+09:00,0.0,0.0,0.0
2026-06-01 15:00:00+09:00,0.0,0.0,0.0
2026-06-01 15:05:00+09:00,0.0,0.0,0.0
2026-06-01 15:10:00+09:00,0.0,0.0,0.0
2026-06-01 15:15:00+09:00,0.0,0.0,0.0
2026-06-01 15:20:00+09:00,0.0,0.0,0.0
2026-06-02 09:00:00+09:00,0.0,0.0,0.0
2026-06-02 09:05:00+09:00,0.0,0.0,0.0
2026-06-02 09:10:00+09:00,0.0,0.0,0.0
2026-06-02 09:15:00+09:00,0.0,0.0,0.0
2026-06-02 09:20:00+09:00,0.0,0.0,0.0
2026-06-02 09:25:00+09:00,0.0,0.0,0.0
2026-06-02 09:30:00+09:00,-0.0006628809190535646,1.0,1.0
2026-06-02 09:35:00+09:00,2.343400878484201e-05,0.0,1.0
2026-06-02 09:40:00+09:00,-0.0009082378440313953,0.0,1.0
2026-06-02 09:45:00+09:00,-0.0017350275555804648,0.0,1.0
2026-06-02 09:50:00+09:00,-0.0002115097132124445,0.0,1.0
2026-06-02 09:55:00+09:00,0.0009701315419699415,0.0,0.9939024390243903
2026-06-02 10:00:00+09:00,-0.00019757566852776962,0.9878783426388481,0.0
2026-06-02 10:05:00+09:00,-2.424331472230385e-06,0.012121657361151925,0.0
2026-06-02 10:10:00+09:00,0.0,0.0,0.0
2026-06-02 10:15:00+09:00,0.0,0.0,0.0
2026-06-02 10:20:00+09:00,0.0,0.0,0.0
2026-06-02 10:25:00+09:00,0.0,0.0,0.0
2026-06-02 10:30:00+09:00,0.0,0.0,0.0
2026-06-02 10:35:00+09:00,0.0,0.0,0.0
2026-06-02 10:40:00+09:00,0.0,0.0,0.0
2026-06-02 10:45:00+09:00,0.0,0.0,0.0
2026-06-02 10:50:00+09:00,0.0,0.0,0.0
2026-06-02 10:55:00+09:00,0.0,0.0,0.0
2026-06-02 11:00:00+09:00,0.0,0.0,0.0
2026-06-02 11:05:00+09:00,0.0,0.0,0.0
2026-06-02 11:10:00+09:00,0.0,0.0,0.0
2026-06-02 11:15:00+09:00,0.0,0.0,0.0
2026-06-02 11:20:00+09:00,0.0,0.0,0.0
2026-06-02 11:25:00+09:00,0.0,0.0,0.0
2026-06-02 12:30:00+09:00,0.0,0.0,0.0
2026-06-02 12:35:00+09:00,0.0,0.0,0.0
2026-06-02 12:40:00+09:00,0.0,0.0,0.0
2026-06-02 12:45:00+09:00,0.0,0.0,0.0
2026-06-02 12:50:00+09:00,0.0,0.0,0.0
2026-06-02 12:55:00+09:00,0.0,0.0,0.0
2026-06-02 13:00:00+09:00,0.0001451914084725686,1.0,1.0
2026-06-02 13:05:00+09:00,-0.0006075992463421089,0.0,0.9939759036144579
2026-06-02 13:10:00+09:00,-0.0004191011934349208,0.0,0.9819277108433735
2026-06-02 13:15:00+09:00,-0.0004966929901585129,0.0,0.9757566852776962
2026-06-02 13:20:00+09:00,1.1709607498548163e-05,0.0,0.9637084925066118
2026-06-02 13:25:00+09:00,0.0005694406525181866,0.0,0.9756832206876287
2026-06-02 13:30:00+09:00,-0.00019757566852776962,0.9878783426388481,0.0
2026-06-02 13:35:00+09:00,-1.2195121951219514e-06,0.006097560975609756,0.0
2026-06-02 13:40:00+09:00,0.0,0.0,0.0
2026-06-02 13:45:00+09:00,-1.2048192771084338e-06,0.006024096385542169,0.0
2026-06-02 13:50:00+09:00,0.0,0.0,0.0
2026-06-02 13:55:00+09:00,0.0,0.0,0.0
2026-06-02 14:00:00+09:00,0.0,0.0,0.0
2026-06-02 14:05:00+09:00,0.0,0.0,0.0
2026-06-02 14:10:00+09:00,0.0,0.0,0.0
2026-06-02 14:15:00+09:00,0.0,0.0,0.0
2026-06-02 14:20:00+09:00,0.0,0.0,0.0
2026-06-02 14:25:00+09:00,0.0,0.0,0.0
2026-06-02 14:30:00+09:00,0.0,0.0,0.0
2026-06-02 14:35:00+09:00,0.0,0.0,0.0
2026-06-02 14:40:00+09:00,0.0,0.0,0.0
2026-06-02 14:45:00+09:00,0.0,0.0,0.0
2026-06-02 14:50:00+09:00,0.0,0.0,0.0
2026-06-02 14:55:00+09:00,0.0,0.0,0.0
2026-06-02 15:00:00+09:00,0.0,0.0,0.0
2026-06-02 15:05:00+09:00,0.0,0.0,0.0
2026-06-02 15:10:00+09:00,0.0,0.0,0.0
2026-06-02 15:15:00+09:00,0.0,0.0,0.0
2026-06-02 15:20:00+09:00,0.0,0.0,0.0
2026-06-03 09:00:00+09:00,0.0,0.0,0.0
2026-06-03 09:05:00+09:00,0.0,0.0,0.0
2026-06-03 09:10:00+09:00,0.0,0.0,0.0
2026-06-03 09:15:00+09:00,0.0,0.0,0.0
2026-06-03 09:20:00+09:00,0.0,0.0,0.0
2026-06-03 09:25:00+09:00,0.0,0.0,0.0
2026-06-03 09:30:00+09:00,0.00048756422535867195,1.0,1.0
2026-06-03 09:35:00+09:00,0.000983131177619036,0.0,0.9878048780487806
2026-06-03 09:40:00+09:00,0.0014983360104094212,0.0,0.9817073170731708
2026-06-03 09:45:00+09:00,-0.0005845502145669388,0.0,0.9817073170731708
2026-06-03 09:50:00+09:00,0.0009950985874593197,0.0,0.9878048780487806
2026-06-03 09:55:00+09:00,0.00010011360910519164,0.0,0.9817073170731708
2026-06-03 10:00:00+09:00,-0.00019756097560975612,0.9878048780487805,0.0
2026-06-03 10:05:00+09:00,-2.4390243902439027e-06,0.012195121951219513,0.0
2026-06-03 10:10:00+09:00,0.0,0.0,0.0
2026-06-03 10:15:00+09:00,0.0,0.0,0.0
2026-06-03 10:20:00+09:00,0.0,0.0,0.0
2026-06-03 10:25:00+09:00,0.0,0.0,0.0
2026-06-03 10:30:00+09:00,0.0,0.0,0.0
2026-06-03 10:35:00+09:00,0.0,0.0,0.0
2026-06-03 10:40:00+09:00,0.0,0.0,0.0
2026-06-03 10:45:00+09:00,0.0,0.0,0.0
2026-06-03 10:50:00+09:00,0.0,0.0,0.0
2026-06-03 10:55:00+09:00,0.0,0.0,0.0
2026-06-03 11:00:00+09:00,0.0,0.0,0.0
2026-06-03 11:05:00+09:00,0.0,0.0,0.0
2026-06-03 11:10:00+09:00,0.0,0.0,0.0
2026-06-03 11:15:00+09:00,0.0,0.0,0.0
2026-06-03 11:20:00+09:00,0.0,0.0,0.0
2026-06-03 11:25:00+09:00,0.0,0.0,0.0
2026-06-03 12:30:00+09:00,0.0,0.0,0.0
2026-06-03 12:35:00+09:00,0.0,0.0,0.0
2026-06-03 12:40:00+09:00,0.0,0.0,0.0
2026-06-03 12:45:00+09:00,0.0,0.0,0.0
2026-06-03 12:50:00+09:00,0.0,0.0,0.0
2026-06-03 12:55:00+09:00,0.0,0.0,0.0
2026-06-03 13:00:00+09:00,0.00039298584213607257,1.0,1.0
2026-06-03 13:05:00+09:00,7.34719316876581e-05,0.0,0.9752314814814814
2026-06-03 13:10:00+09:00,-3.646518474404378e-05,0.0,0.9689814814814814
2026-06-03 13:15:00+09:00,-9.392709632537378e-05,0.0,0.9442129629629629
2026-06-03 13:20:00+09:00,0.0002897262755104135,0.0,0.9567129629629629
2026-06-03 13:25:00+09:00,0.0003492124511810016,0.0,0.9689814814814814
2026-06-03 13:30:00+09:00,-0.00019257716049382717,0.9628858024691358,0.0
2026-06-03 13:35:00+09:00,-7.42283950617284e-06,0.037114197530864194,0.0
2026-06-03 13:40:00+09:00,0.0,0.0,0.0
2026-06-03 13:45:00+09:00,0.0,0.0,0.0
2026-06-03 13:50:00+09:00,0.0,0.0,0.0
2026-06-03 13:55:00+09:00,0.0,0.0,0.0
2026-06-03 14:00:00+09:00,0.0,0.0,0.0
2026-06-03 14:05:00+09:00,0.0,0.0,0.0
2026-06-03 14:10:00+09:00,0.0,0.0,0.0
2026-06-03 14:15:00+09:00,0.0,0.0,0.0
2026-06-03 14:20:00+09:00,0.0,0.0,0.0
2026-06-03 14:25:00+09:00,0.0,0.0,0.0
2026-06-03 14:30:00+09:00,0.0,0.0,0.0
2026-06-03 14:35:00+09:00,0.0,0.0,0.0
2026-06-03 14:40:00+09:00,0.0,0.0,0.0
2026-06-03 14:45:00+09:00,0.0,0.0,0.0
2026-06-03 14:50:00+09:00,0.0,0.0,0.0
2026-06-03 14:55:00+09:00,0.0,0.0,0.0
2026-06-03 15:00:00+09:00,0.0,0.0,0.0
2026-06-03 15:05:00+09:00,0.0,0.0,0.0
2026-06-03 15:10:00+09:00,0.0,0.0,0.0
2026-06-03 15:15:00+09:00,0.0,0.0,0.0
2026-06-03 15:20:00+09:00,0.0,0.0,0.0
2026-06-04 09:00:00+09:00,0.0,0.0,0.0
2026-06-04 09:05:00+09:00,0.0,0.0,0.0
2026-06-04 09:10:00+09:00,0.0,0.0,0.0
2026-06-04 09:15:00+09:00,0.0,0.0,0.0
2026-06-04 09:20:00+09:00,0.0,0.0,0.0
2026-06-04 09:25:00+09:00,0.0,0.0,0.0
2026-06-04 09:30:00+09:00,0.0002913739827103448,1.0,1.0
2026-06-04 09:35:00+09:00,0.00021452466807089538,0.0,0.9757566852776962
2026-06-04 09:40:00+09:00,0.00022940239560604098,0.0,0.993975903614458
2026-06-04 09:45:00+09:00,-0.00010477146060169173,0.0,1.0
2026-06-04 09:50:00+09:00,-0.0002624383984001869,0.0,0.9878048780487805
2026-06-04 09:55:00+09:00,-0.00024948595592455216,0.0,0.987878342638848
2026-06-04 10:00:00+09:00,-0.0002,1.0,0.0
2026-06-04 10:05:00+09:00,0.0,0.0,0.0
2026-06-04 10:10:00+09:00,0.0,0.0,0.0
2026-06-04 10:15:00+09:00,0.0,0.0,0.0
2026-06-04 10:20:00+09:00,0.0,0.0,0.0
2026-06-04 10:25:00+09:00,0.0,0.0,0.0
2026-06-04 10:30:00+09:00,0.0,0.0,0.0
2026-06-04 10:35:00+09:00,0.0,0.0,0.0
2026-06-04 10:40:00+09:00,0.0,0.0,0.0
2026-06-04 10:45:00+09:00,0.0,0.0,0.0
2026-06-04 10:50:00+09:00,0.0,0.0,0.0
2026-06-04 10:55:00+09:00,0.0,0.0,0.0
2026-06-04 11:00:00+09:00,0.0,0.0,0.0
2026-06-04 11:05:00+09:00,0.0,0.0,0.0
2026-06-04 11:10:00+09:00,0.0,0.0,0.0
2026-06-04 11:15:00+09:00,0.0,0.0,0.0
2026-06-04 11:20:00+09:00,0.0,0.0,0.0
2026-06-04 11:25:00+09:00,0.0,0.0,0.0
2026-06-04 12:30:00+09:00,0.0,0.0,0.0
2026-06-04 12:35:00+09:00,0.0,0.0,0.0
2026-06-04 12:40:00+09:00,0.0,0.0,0.0
2026-06-04 12:45:00+09:00,0.0,0.0,0.0
2026-06-04 12:50:00+09:00,0.0,0.0,0.0
2026-06-04 12:55:00+09:00,0.0,0.0,0.0
2026-06-04 13:00:00+09:00,-2.578304870596156e-05,1.0,0.9999999999999999
2026-06-04 13:05:00+09:00,0.00015894598248091172,0.0,0.9812500000000001
2026-06-04 13:10:00+09:00,-5.7222174775306466e-05,0.0,0.9689814814814816
2026-06-04 13:15:00+09:00,-2.3335215223900804e-05,0.0,0.9875771604938273
2026-06-04 13:20:00+09:00,-7.733126241353163e-05,0.0,0.975
2026-06-04 13:25:00+09:00,-0.00022597998304267944,0.0,0.9813271604938272
2026-06-04 13:30:00+09:00,-0.00019751543209876543,0.9875771604938272,0.0
2026-06-04 13:35:00+09:00,-2.4845679012345682e-06,0.01242283950617284,0.0
2026-06-04 13:40:00+09:00,0.0,0.0,0.0
2026-06-04 13:45:00+09:00,0.0,0.0,0.0
2026-06-04 13:50:00+09:00,0.0,0.0,0.0
2026-06-04 13:55:00+09:00,0.0,0.0,0.0
2026-06-04 14:00:00+09:00,0.0,0.0,0.0
2026-06-04 14:05:00+09:00,0.0,0.0,0.0
2026-06-04 14:10:00+09:00,0.0,0.0,0.0
2026-06-04 14:15:00+09:00,0.0,0.0,0.0
2026-06-04 14:20:00+09:00,0.0,0.0,0.0
2026-06-04 14:25:00+09:00,0.0,0.0,0.0
2026-06-04 14:30:00+09:00,0.0,0.0,0.0
2026-06-04 14:35:00+09:00,0.0,0.0,0.0
2026-06-04 14:40:00+09:00,0.0,0.0,0.0
2026-06-04 14:45:00+09:00,0.0,0.0,0.0
2026-06-04 14:50:00+09:00,0.0,0.0,0.0
2026-06-04 14:55:00+09:00,0.0,0.0,0.0
2026-06-04 15:00:00+09:00,0.0,0.0,0.0
2026-06-04 15:05:00+09:00,0.0,0.0,0.0
2026-06-04 15:10:00+09:00,0.0,0.0,0.0
2026-06-04 15:15:00+09:00,0.0,0.0,0.0
2026-06-04 15:20:00+09:00,0.0,0.0,0.0
2026-06-05 09:00:00+09:00,0.0,0.0,0.0
2026-06-05 09:05:00+09:00,0.0,0.0,0.0
2026-06-05 09:10:00+09:00,0.0,0.0,0.0
2026-06-05 09:15:00+09:00,0.0,0.0,0.0
2026-06-05 09:20:00+09:00,0.0,0.0,0.0
2026-06-05 09:25:00+09:00,0.0,0.0,0.0
2026-06-05 09:30:00+09:00,0.0007453725454415361,1.0,1.0
2026-06-05 09:35:00+09:00,0.0003320670439486241,0.0,0.9695121951219512
2026-06-05 09:40:00+09:00,0.0008994980795161368,0.0,0.975609756097561
2026-06-05 09:45:00+09:00,0.0009690852004136904,0.0,0.9755344775669978
2026-06-05 09:50:00+09:00,-0.0006715511575320207,0.0,0.9939024390243902
2026-06-05 09:55:00+09:00,-0.00017774472544257008,0.0,0.9816320385426076
2026-06-05 10:00:00+09:00,-0.00019878048780487805,0.9939024390243902,0.0
2026-06-05 10:05:00+09:00,0.0,0.0,0.0
2026-06-05 10:10:00+09:00,-1.2195121951219514e-06,0.006097560975609756,0.0
2026-06-05 10:15:00+09:00,0.0,0.0,0.0
2026-06-05 10:20:00+09:00,0.0,0.0,0.0
2026-06-05 10:25:00+09:00,0.0,0.0,0.0
2026-06-05 10:30:00+09:00,0.0,0.0,0.0
2026-06-05 10:35:00+09:00,0.0,0.0,0.0
2026-06-05 10:40:00+09:00,0.0,0.0,0.0
2026-06-05 10:45:00+09:00,0.0,0.0,0.0
2026-06-05 10:50:00+09:00,0.0,0.0,0.0
2026-06-05 10:55:00+09:00,0.0,0.0,0.0
2026-06-05 11:00:00+09:00,0.0,0.0,0.0
2026-06-05 11:05:00+09:00,0.0,0.0,0.0
2026-06-05 11:10:00+09:00,0.0,0.0,0.0
2026-06-05 11:15:00+09:00,0.0,0.0,0.0
2026-06-05 11:20:00+09:00,0.0,0.0,0.0
2026-06-05 11:25:00+09:00,0.0,0.0,0.0
2026-06-05 12:30:00+09:00,0.0,0.0,0.0
2026-06-05 12:35:00+09:00,0.0,0.0,0.0
2026-06-05 12:40:00+09:00,0.0,0.0,0.0
2026-06-05 12:45:00+09:00,0.0,0.0,0.0
2026-06-05 12:50:00+09:00,0.0,0.0,0.0
2026-06-05 12:55:00+09:00,0.0,0.0,0.0
2026-06-05 13:00:00+09:00,-0.00012535992196556278,1.0,1.0
2026-06-05 13:05:00+09:00,0.0002958709352380889,0.0,0.9378086419753087
2026-06-05 13:10:00+09:00,-0.00017086936814955005,0.0,0.9379629629629629
2026-06-05 13:15:00+09:00,-9.582448154293877e-05,0.0,0.9689814814814814
2026-06-05 13:20:00+09:00,4.813730594766496e-05,0.0,0.9813271604938272
2026-06-05 13:25:00+09:00,-0.0002909765660945443,0.0,0.9566358024691357
2026-06-05 13:30:00+09:00,-0.00019253086419753087,0.9626543209876544,0.0
2026-06-05 13:35:00+09:00,-7.469135802469136e-06,0.03734567901234568,0.0
2026-06-05 13:40:00+09:00,0.0,0.0,0.0
2026-06-05 13:45:00+09:00,0.0,0.0,0.0
2026-06-05 13:50:00+09:00,0.0,0.0,0.0
2026-06-05 13:55:00+09:00,0.0,0.0,0.0
2026-06-05 14:00:00+09:00,0.0,0.0,0.0
2026-06-05 14:05:00+09:00,0.0,0.0,0.0
2026-06-05 14:10:00+09:00,0.0,0.0,0.0
2026-06-05 14:15:00+09:00,0.0,0.0,0.0
2026-06-05 14:20:00+09:00,0.0,0.0,0.0
2026-06-05 14:25:00+09:00,0.0,0.0,0.0
2026-06-05 14:30:00+09:00,0.0,0.0,0.0
2026-06-05 14:35:00+09:00,0.0,0.0,0.0
2026-06-05 14:40:00+09:00,0.0,0.0,0.0
2026-06-05 14:45:00+09:00,0.0,0.0,0.0
2026-06-05 14:50:00+09:00,0.0,0.0,0.0
2026-06-05 14:55:00+09:00,0.0,0.0,0.0
2026-06-05 15:00:00+09:00,0.0,0.0,0.0
2026-06-05 15:05:00+09:00,0.0,0.0,0.0
2026-06-05 15:10:00+09:00,0.0,0.0,0.0
2026-06-05 15:15:00+09:00,0.0,0.0,0.0
2026-06-05 15:20:00+09:00,0.0,0.0,0.0
2026-06-08 09:00:00+09:00,0.0,0.0,0.0
2026-06-08 09:05:00+09:00,0.0,0.0,0.0
2026-06-08 09:10:00+09:00,0.0,0.0,0.0
2026-06-08 09:15:00+09:00,0.0,0.0,0.0
2026-06-08 09:20:00+09:00,0.0,0.0,0.0
2026-06-08 09:25:00+09:00,0.0,0.0,0.0
2026-06-08 09:30:00+09:00,-0.0035423362610325637,1.0,1.0
2026-06-08 09:35:00+09:00,0.0019890319212115424,0.0,0.9939759036144579
2026-06-08 09:40:00+09:00,0.00048755938168610155,0.0,0.9939759036144579
2026-06-08 09:45:00+09:00,0.0001290945062865788,0.0,1.0
2026-06-08 09:50:00+09:00,2.95827690703301e-06,0.0,0.9939759036144579
2026-06-08 09:55:00+09:00,0.0007961453252305194,0.0,1.0
2026-06-08 10:00:00+09:00,-0.00019757566852776962,0.9878783426388481,0.0
2026-06-08 10:05:00+09:00,-2.424331472230385e-06,0.012121657361151925,0.0
2026-06-08 10:10:00+09:00,0.0,0.0,0.0
2026-06-08 10:15:00+09:00,0.0,0.0,0.0
2026-06-08 10:20:00+09:00,0.0,0.0,0.0
2026-06-08 10:25:00+09:00,0.0,0.0,0.0
2026-06-08 10:30:00+09:00,0.0,0.0,0.0
2026-06-08 10:35:00+09:00,0.0,0.0,0.0
2026-06-08 10:40:00+09:00,0.0,0.0,0.0
2026-06-08 10:45:00+09:00,0.0,0.0,0.0
2026-06-08 10:50:00+09:00,0.0,0.0,0.0
2026-06-08 10:55:00+09:00,0.0,0.0,0.0
2026-06-08 11:00:00+09:00,0.0,0.0,0.0
2026-06-08 11:05:00+09:00,0.0,0.0,0.0
2026-06-08 11:10:00+09:00,0.0,0.0,0.0
2026-06-08 11:15:00+09:00,0.0,0.0,0.0
2026-06-08 11:20:00+09:00,0.0,0.0,0.0
2026-06-08 11:25:00+09:00,0.0,0.0,0.0
2026-06-08 12:30:00+09:00,0.0,0.0,0.0
2026-06-08 12:35:00+09:00,0.0,0.0,0.0
2026-06-08 12:40:00+09:00,0.0,0.0,0.0
2026-06-08 12:45:00+09:00,0.0,0.0,0.0
2026-06-08 12:50:00+09:00,0.0,0.0,0.0
2026-06-08 12:55:00+09:00,0.0,0.0,0.0
2026-06-08 13:00:00+09:00,-5.400918914074377e-05,1.0,1.0
2026-06-08 13:05:00+09:00,-3.7734958661197004e-05,0.0,0.9509183980728696
2026-06-08 13:10:00+09:00,-3.947513380117702e-06,0.0,0.9447455585666968
2026-06-08 13:15:00+09:00,-0.00010502989909271646,0.0,0.9569406805179161
2026-06-08 13:20:00+09:00,0.0002387158986387207,0.0,0.9631887985546521
2026-06-08 13:25:00+09:00,6.388787366531908e-05,0.0,0.9631135200240891
2026-06-08 13:30:00+09:00,-0.0002,1.0,0.0
2026-06-08 13:35:00+09:00,0.0,0.0,0.0
2026-06-08 13:40:00+09:00,0.0,0.0,0.0
2026-06-08 13:45:00+09:00,0.0,0.0,0.0
2026-06-08 13:50:00+09:00,0.0,0.0,0.0
2026-06-08 13:55:00+09:00,0.0,0.0,0.0
2026-06-08 14:00:00+09:00,0.0,0.0,0.0
2026-06-08 14:05:00+09:00,0.0,0.0,0.0
2026-06-08 14:10:00+09:00,0.0,0.0,0.0
2026-06-08 14:15:00+09:00,0.0,0.0,0.0
2026-06-08 14:20:00+09:00,0.0,0.0,0.0
2026-06-08 14:25:00+09:00,0.0,0.0,0.0
2026-06-08 14:30:00+09:00,0.0,0.0,0.0
2026-06-08 14:35:00+09:00,0.0,0.0,0.0
2026-06-08 14:40:00+09:00,0.0,0.0,0.0
2026-06-08 14:45:00+09:00,0.0,0.0,0.0
2026-06-08 14:50:00+09:00,0.0,0.0,0.0
2026-06-08 14:55:00+09:00,0.0,0.0,0.0
2026-06-08 15:00:00+09:00,0.0,0.0,0.0
2026-06-08 15:05:00+09:00,0.0,0.0,0.0
2026-06-08 15:10:00+09:00,0.0,0.0,0.0
2026-06-08 15:15:00+09:00,0.0,0.0,0.0
2026-06-08 15:20:00+09:00,0.0,0.0,0.0
2026-06-09 09:00:00+09:00,0.0,0.0,0.0
2026-06-09 09:05:00+09:00,0.0,0.0,0.0
2026-06-09 09:10:00+09:00,0.0,0.0,0.0
2026-06-09 09:15:00+09:00,0.0,0.0,0.0
2026-06-09 09:20:00+09:00,0.0,0.0,0.0
2026-06-09 09:25:00+09:00,0.0,0.0,0.0
2026-06-09 09:30:00+09:00,0.00037794695343435554,1.0,1.0
2026-06-09 09:35:00+09:00,-0.0014885152635004568,0.0,0.9938271604938271
2026-06-09 09:40:00+09:00,0.0003683605638933231,0.0,0.99375
2026-06-09 09:45:00+09:00,-0.0008259237571624517,0.0,0.9937499999999999
2026-06-09 09:50:00+09:00,6.30425629875071e-05,0.0,0.9503086419753086
2026-06-09 09:55:00+09:00,0.0006531880885542494,0.0,0.9688271604938272
2026-06-09 10:00:00+09:00,-0.00019129629629629632,0.9564814814814815,0.0
2026-06-09 10:05:00+09:00,-7.469135802469136e-06,0.03734567901234568,0.0
2026-06-09 10:10:00+09:00,0.0,0.0,0.0
2026-06-09 10:15:00+09:00,-1.234567901234568e-06,0.006172839506172839,0.0
2026-06-09 10:20:00+09:00,0.0,0.0,0.0
2026-06-09 10:25:00+09:00,0.0,0.0,0.0
2026-06-09 10:30:00+09:00,0.0,0.0,0.0
2026-06-09 10:35:00+09:00,0.0,0.0,0.0
2026-06-09 10:40:00+09:00,0.0,0.0,0.0
2026-06-09 10:45:00+09:00,0.0,0.0,0.0
2026-06-09 10:50:00+09:00,0.0,0.0,0.0
2026-06-09 10:55:00+09:00,0.0,0.0,0.0
2026-06-09 11:00:00+09:00,0.0,0.0,0.0
2026-06-09 11:05:00+09:00,0.0,0.0,0.0
2026-06-09 11:10:00+09:00,0.0,0.0,0.0
2026-06-09 11:15:00+09:00,0.0,0.0,0.0
2026-06-09 11:20:00+09:00,0.0,0.0,0.0
2026-06-09 11:25:00+09:00,0.0,0.0,0.0
2026-06-09 12:30:00+09:00,0.0,0.0,0.0
2026-06-09 12:35:00+09:00,0.0,0.0,0.0
2026-06-09 12:40:00+09:00,0.0,0.0,0.0
2026-06-09 12:45:00+09:00,0.0,0.0,0.0
2026-06-09 12:50:00+09:00,0.0,0.0,0.0
2026-06-09 12:55:00+09:00,0.0,0.0,0.0
2026-06-09 13:00:00+09:00,-0.0005044169915346335,1.0,1.0
2026-06-09 13:05:00+09:00,0.0004120910362315674,0.0,0.9814043209876543
2026-06-09 13:10:00+09:00,-0.0011376446858557391,0.0,0.98125
2026-06-09 13:15:00+09:00,0.0006834603348834243,0.0,0.9938271604938271
2026-06-09 13:20:00+09:00,0.0005053437861808252,0.0,0.9875771604938272
2026-06-09 13:25:00+09:00,-0.0001865201801755967,0.0,0.9751543209876542
2026-06-09 13:30:00+09:00,-0.00019376543209876545,0.9688271604938271,0.0
2026-06-09 13:35:00+09:00,-4.984567901234568e-06,0.024922839506172842,0.0
2026-06-09 13:40:00+09:00,-1.25e-06,0.00625,0.0
2026-06-09 13:45:00+09:00,0.0,0.0,0.0
2026-06-09 13:50:00+09:00,0.0,0.0,0.0
2026-06-09 13:55:00+09:00,0.0,0.0,0.0
2026-06-09 14:00:00+09:00,0.0,0.0,0.0
2026-06-09 14:05:00+09:00,0.0,0.0,0.0
2026-06-09 14:10:00+09:00,0.0,0.0,0.0
2026-06-09 14:15:00+09:00,0.0,0.0,0.0
2026-06-09 14:20:00+09:00,0.0,0.0,0.0
2026-06-09 14:25:00+09:00,0.0,0.0,0.0
2026-06-09 14:30:00+09:00,0.0,0.0,0.0
2026-06-09 14:35:00+09:00,0.0,0.0,0.0
2026-06-09 14:40:00+09:00,0.0,0.0,0.0
2026-06-09 14:45:00+09:00,0.0,0.0,0.0
2026-06-09 14:50:00+09:00,0.0,0.0,0.0
2026-06-09 14:55:00+09:00,0.0,0.0,0.0
2026-06-09 15:00:00+09:00,0.0,0.0,0.0
2026-06-09 15:05:00+09:00,0.0,0.0,0.0
2026-06-09 15:10:00+09:00,0.0,0.0,0.0
2026-06-09 15:15:00+09:00,0.0,0.0,0.0
2026-06-09 15:20:00+09:00,0.0,0.0,0.0
2026-06-10 09:00:00+09:00,0.0,0.0,0.0
2026-06-10 09:05:00+09:00,0.0,0.0,0.0
2026-06-10 09:10:00+09:00,0.0,0.0,0.0
2026-06-10 09:15:00+09:00,0.0,0.0,0.0
2026-06-10 09:20:00+09:00,0.0,0.0,0.0
2026-06-10 09:25:00+09:00,0.0,0.0,0.0
2026-06-10 09:30:00+09:00,0.0015862002963943052,1.0,0.9999999999999999
2026-06-10 09:35:00+09:00,0.0005184303627579946,0.0,0.9878048780487804
2026-06-10 09:40:00+09:00,-0.00020632302766765816,0.0,0.9816320385426076
2026-06-10 09:45:00+09:00,-5.8026742060676825e-05,0.0,0.9876543209876543
2026-06-10 09:50:00+09:00,-0.0004467416711334135,0.0,0.9878048780487804
2026-06-10 09:55:00+09:00,-0.0007528770512799818,0.0,0.9694369165913881
2026-06-10 10:00:00+09:00,-0.00019631135200240892,0.9815567600120445,0.0
2026-06-10 10:05:00+09:00,-2.469135802469136e-06,0.012345679012345678,0.0
2026-06-10 10:10:00+09:00,-1.2195121951219514e-06,0.006097560975609756,0.0
2026-06-10 10:15:00+09:00,0.0,0.0,0.0
2026-06-10 10:20:00+09:00,0.0,0.0,0.0
2026-06-10 10:25:00+09:00,0.0,0.0,0.0
2026-06-10 10:30:00+09:00,0.0,0.0,0.0
2026-06-10 10:35:00+09:00,0.0,0.0,0.0
2026-06-10 10:40:00+09:00,0.0,0.0,0.0
2026-06-10 10:45:00+09:00,0.0,0.0,0.0
2026-06-10 10:50:00+09:00,0.0,0.0,0.0
2026-06-10 10:55:00+09:00,0.0,0.0,0.0
2026-06-10 11:00:00+09:00,0.0,0.0,0.0
2026-06-10 11:05:00+09:00,0.0,0.0,0.0
2026-06-10 11:10:00+09:00,0.0,0.0,0.0
2026-06-10 11:15:00+09:00,0.0,0.0,0.0
2026-06-10 11:20:00+09:00,0.0,0.0,0.0
2026-06-10 11:25:00+09:00,0.0,0.0,0.0
2026-06-10 12:30:00+09:00,0.0,0.0,0.0
2026-06-10 12:35:00+09:00,0.0,0.0,0.0
2026-06-10 12:40:00+09:00,0.0,0.0,0.0
2026-06-10 12:45:00+09:00,0.0,0.0,0.0
2026-06-10 12:50:00+09:00,0.0,0.0,0.0
2026-06-10 12:55:00+09:00,0.0,0.0,0.0
2026-06-10 13:00:00+09:00,-0.00029051275577994957,1.0,0.9999999999999998
2026-06-10 13:05:00+09:00,-0.0004869754404498954,0.0,0.9814814814814814
2026-06-10 13:10:00+09:00,9.809186680444755e-05,0.0,0.9692110809996989
2026-06-10 13:15:00+09:00,-0.0004422361835748229,0.0,0.9753086419753085
2026-06-10 13:20:00+09:00,-0.0012336587903953953,0.0,0.9445197229750075
2026-06-10 13:25:00+09:00,-0.00039870434701101324,0.0,0.9630382414935259
2026-06-10 13:30:00+09:00,-0.00018768443239987957,0.9384221619993978,0.0
2026-06-10 13:35:00+09:00,-9.84643179765131e-06,0.049232158988256544,0.0
2026-06-10 13:40:00+09:00,-1.234567901234568e-06,0.006172839506172839,0.0
2026-06-10 13:45:00+09:00,0.0,0.0,0.0
2026-06-10 13:50:00+09:00,-1.234567901234568e-06,0.006172839506172839,0.0
2026-06-10 13:55:00+09:00,0.0,0.0,0.0
2026-06-10 14:00:00+09:00,0.0,0.0,0.0
2026-06-10 14:05:00+09:00,0.0,0.0,0.0
2026-06-10 14:10:00+09:00,0.0,0.0,0.0
2026-06-10 14:15:00+09:00,0.0,0.0,0.0
2026-06-10 14:20:00+09:00,0.0,0.0,0.0
2026-06-10 14:25:00+09:00,0.0,0.0,0.0
2026-06-10 14:30:00+09:00,0.0,0.0,0.0
2026-06-10 14:35:00+09:00,0.0,0.0,0.0
2026-06-10 14:40:00+09:00,0.0,0.0,0.0
2026-06-10 14:45:00+09:00,0.0,0.0,0.0
2026-06-10 14:50:00+09:00,0.0,0.0,0.0
2026-06-10 14:55:00+09:00,0.0,0.0,0.0
2026-06-10 15:00:00+09:00,0.0,0.0,0.0
2026-06-10 15:05:00+09:00,0.0,0.0,0.0
2026-06-10 15:10:00+09:00,0.0,0.0,0.0
2026-06-10 15:15:00+09:00,0.0,0.0,0.0
2026-06-10 15:20:00+09:00,0.0,0.0,0.0
2026-06-11 09:00:00+09:00,0.0,0.0,0.0
2026-06-11 09:05:00+09:00,0.0,0.0,0.0
2026-06-11 09:10:00+09:00,0.0,0.0,0.0
2026-06-11 09:15:00+09:00,0.0,0.0,0.0
2026-06-11 09:20:00+09:00,0.0,0.0,0.0
2026-06-11 09:25:00+09:00,0.0,0.0,0.0
2026-06-11 09:30:00+09:00,-0.00012081951229944719,1.0,1.0
2026-06-11 09:35:00+09:00,-0.0024015273141819392,0.0,0.9816320385426076
2026-06-11 09:40:00+09:00,-0.0013930875616002443,0.0,0.9878048780487805
2026-06-11 09:45:00+09:00,-4.5279253038140217e-05,0.0,0.9938271604938271
2026-06-11 09:50:00+09:00,0.0004723178694680048,0.0,0.9815567600120445
2026-06-11 09:55:00+09:00,-0.0021760122799369002,0.0,0.9755344775669978
2026-06-11 10:00:00+09:00,-0.00019265281541704308,0.9632640770852153,0.0
2026-06-11 10:05:00+09:00,-6.1276723878349895e-06,0.03063836193917495,0.0
2026-06-11 10:10:00+09:00,-1.2195121951219514e-06,0.006097560975609756,0.0
2026-06-11 10:15:00+09:00,0.0,0.0,0.0
2026-06-11 10:20:00+09:00,0.0,0.0,0.0
2026-06-11 10:25:00+09:00,0.0,0.0,0.0
2026-06-11 10:30:00+09:00,0.0,0.0,0.0
2026-06-11 10:35:00+09:00,0.0,0.0,0.0
2026-06-11 10:40:00+09:00,0.0,0.0,0.0
2026-06-11 10:45:00+09:00,0.0,0.0,0.0
2026-06-11 10:50:00+09:00,0.0,0.0,0.0
2026-06-11 10:55:00+09:00,0.0,0.0,0.0
2026-06-11 11:00:00+09:00,0.0,0.0,0.0
2026-06-11 11:05:00+09:00,0.0,0.0,0.0
2026-06-11 11:10:00+09:00,0.0,0.0,0.0
2026-06-11 11:15:00+09:00,0.0,0.0,0.0
2026-06-11 11:20:00+09:00,0.0,0.0,0.0
2026-06-11 11:25:00+09:00,0.0,0.0,0.0
2026-06-11 12:30:00+09:00,0.0,0.0,0.0
2026-06-11 12:35:00+09:00,0.0,0.0,0.0
2026-06-11 12:40:00+09:00,0.0,0.0,0.0
2026-06-11 12:45:00+09:00,0.0,0.0,0.0
2026-06-11 12:50:00+09:00,0.0,0.0,0.0
2026-06-11 12:55:00+09:00,0.0,0.0,0.0
2026-06-11 13:00:00+09:00,-0.00048340068745891227,1.0,0.9999999999999999
2026-06-11 13:05:00+09:00,0.0002527744966979866,0.0,0.993827160493827
2026-06-11 13:10:00+09:00,0.0002628505182294917,0.0,0.9632640770852152
2026-06-11 13:15:00+09:00,-0.0006282369765586636,0.0,0.9878048780487805
2026-06-11 13:20:00+09:00,0.00011520051581170332,0.0,0.9815567600120445
2026-06-11 13:25:00+09:00,-5.074433068901426e-05,0.0,0.9571665161096056
2026-06-11 13:30:00+09:00,-0.0001975459199036435,0.9877295995182174,0.0
2026-06-11 13:35:00+09:00,-2.4540800963565193e-06,0.012270400481782595,0.0
2026-06-11 13:40:00+09:00,0.0,0.0,0.0
2026-06-11 13:45:00+09:00,0.0,0.0,0.0
2026-06-11 13:50:00+09:00,0.0,0.0,0.0
2026-06-11 13:55:00+09:00,0.0,0.0,0.0
2026-06-11 14:00:00+09:00,0.0,0.0,0.0
2026-06-11 14:05:00+09:00,0.0,0.0,0.0
2026-06-11 14:10:00+09:00,0.0,0.0,0.0
2026-06-11 14:15:00+09:00,0.0,0.0,0.0
2026-06-11 14:20:00+09:00,0.0,0.0,0.0
2026-06-11 14:25:00+09:00,0.0,0.0,0.0
2026-06-11 14:30:00+09:00,0.0,0.0,0.0
2026-06-11 14:35:00+09:00,0.0,0.0,0.0
2026-06-11 14:40:00+09:00,0.0,0.0,0.0
2026-06-11 14:45:00+09:00,0.0,0.0,0.0
2026-06-11 14:50:00+09:00,0.0,0.0,0.0
2026-06-11 14:55:00+09:00,0.0,0.0,0.0
2026-06-11 15:00:00+09:00,0.0,0.0,0.0
2026-06-11 15:05:00+09:00,0.0,0.0,0.0
2026-06-11 15:10:00+09:00,0.0,0.0,0.0
2026-06-11 15:15:00+09:00,0.0,0.0,0.0
2026-06-11 15:20:00+09:00,0.0,0.0,0.0
2026-06-12 09:00:00+09:00,0.0,0.0,0.0
2026-06-12 09:05:00+09:00,0.0,0.0,0.0
2026-06-12 09:10:00+09:00,0.0,0.0,0.0
2026-06-12 09:15:00+09:00,0.0,0.0,0.0
2026-06-12 09:20:00+09:00,0.0,0.0,0.0
2026-06-12 09:25:00+09:00,0.0,0.0,0.0
2026-06-12 09:30:00+09:00,0.0005705785973413913,1.0,0.9999999999999999
2026-06-12 09:35:00+09:00,0.00047964986545212003,0.0,0.993827160493827
2026-06-12 09:40:00+09:00,-0.0012912869369922947,0.0,0.9877295995182174
2026-06-12 09:45:00+09:00,0.0002363302473400115,0.0,0.9753839205058716
2026-06-12 09:50:00+09:00,-0.0003456055559318219,0.0,0.9816320385426076
2026-06-12 09:55:00+09:00,0.0012756355403449806,0.0,0.9754591990364349
2026-06-12 10:00:00+09:00,-0.00019631135200240892,0.9815567600120445,0.0
2026-06-12 10:05:00+09:00,-3.688647997591087e-06,0.018443239987955433,0.0
2026-06-12 10:10:00+09:00,0.0,0.0,0.0
2026-06-12 10:15:00+09:00,0.0,0.0,0.0
2026-06-12 10:20:00+09:00,0.0,0.0,0.0
2026-06-12 10:25:00+09:00,0.0,0.0,0.0
2026-06-12 10:30:00+09:00,0.0,0.0,0.0
2026-06-12 10:35:00+09:00,0.0,0.0,0.0
2026-06-12 10:40:00+09:00,0.0,0.0,0.0
2026-06-12 10:45:00+09:00,0.0,0.0,0.0
2026-06-12 10:50:00+09:00,0.0,0.0,0.0
2026-06-12 10:55:00+09:00,0.0,0.0,0.0
2026-06-12 11:00:00+09:00,0.0,0.0,0.0
2026-06-12 11:05:00+09:00,0.0,0.0,0.0
2026-06-12 11:10:00+09:00,0.0,0.0,0.0
2026-06-12 11:15:00+09:00,0.0,0.0,0.0
2026-06-12 11:20:00+09:00,0.0,0.0,0.0
2026-06-12 11:25:00+09:00,0.0,0.0,0.0
2026-06-12 12:30:00+09:00,0.0,0.0,0.0
2026-06-12 12:35:00+09:00,0.0,0.0,0.0
2026-06-12 12:40:00+09:00,0.0,0.0,0.0
2026-06-12 12:45:00+09:00,0.0,0.0,0.0
2026-06-12 12:50:00+09:00,0.0,0.0,0.0
2026-06-12 12:55:00+09:00,0.0,0.0,0.0
2026-06-12 13:00:00+09:00,0.00033754089285171996,1.0,1.0
2026-06-12 13:05:00+09:00,0.0005761474421603812,0.0,0.9632640770852152
2026-06-12 13:10:00+09:00,-0.00017720413320540204,0.0,0.9753086419753085
2026-06-12 13:15:00+09:00,8.751703943759508e-06,0.0,0.9938271604938271
2026-06-12 13:20:00+09:00,0.00026494197537778476,0.0,0.9631887985546522
2026-06-12 13:25:00+09:00,-0.00028844687450164843,0.0,0.969286359530262
2026-06-12 13:30:00+09:00,-0.0001975459199036435,0.9877295995182174,0.0
2026-06-12 13:35:00+09:00,-2.4540800963565193e-06,0.012270400481782595,0.0
2026-06-12 13:40:00+09:00,0.0,0.0,0.0
2026-06-12 13:45:00+09:00,0.0,0.0,0.0
2026-06-12 13:50:00+09:00,0.0,0.0,0.0
2026-06-12 13:55:00+09:00,0.0,0.0,0.0
2026-06-12 14:00:00+09:00,0.0,0.0,0.0
2026-06-12 14:05:00+09:00,0.0,0.0,0.0
2026-06-12 14:10:00+09:00,0.0,0.0,0.0
2026-06-12 14:15:00+09:00,0.0,0.0,0.0
2026-06-12 14:20:00+09:00,0.0,0.0,0.0
2026-06-12 14:25:00+09:00,0.0,0.0,0.0
2026-06-12 14:30:00+09:00,0.0,0.0,0.0
2026-06-12 14:35:00+09:00,0.0,0.0,0.0
2026-06-12 14:40:00+09:00,0.0,0.0,0.0
2026-06-12 14:45:00+09:00,0.0,0.0,0.0
2026-06-12 14:50:00+09:00,0.0,0.0,0.0
2026-06-12 14:55:00+09:00,0.0,0.0,0.0
2026-06-12 15:00:00+09:00,0.0,0.0,0.0
2026-06-12 15:05:00+09:00,0.0,0.0,0.0
2026-06-12 15:10:00+09:00,0.0,0.0,0.0
2026-06-12 15:15:00+09:00,0.0,0.0,0.0
2026-06-12 15:20:00+09:00,0.0,0.0,0.0
2026-06-15 09:00:00+09:00,0.0,0.0,0.0
2026-06-15 09:05:00+09:00,0.0,0.0,0.0
2026-06-15 09:10:00+09:00,0.0,0.0,0.0
2026-06-15 09:15:00+09:00,0.0,0.0,0.0
2026-06-15 09:20:00+09:00,0.0,0.0,0.0
2026-06-15 09:25:00+09:00,0.0,0.0,0.0
2026-06-15 09:30:00+09:00,-7.351201769165275e-05,1.0,0.9999999999999999
2026-06-15 09:35:00+09:00,-0.00023842613608658433,0.0,0.9812440645773978
2026-06-15 09:40:00+09:00,0.0005128382706112827,0.0,0.9812440645773978
2026-06-15 09:45:00+09:00,0.0003028733835215388,0.0,0.9935897435897435
2026-06-15 09:50:00+09:00,-6.835330689621002e-05,0.0,0.9810066476733142
2026-06-15 09:55:00+09:00,-0.00038921136132406007,0.0,0.9812440645773978
2026-06-15 10:00:00+09:00,-0.00019999999999999998,1.0,0.0
2026-06-15 10:05:00+09:00,0.0,0.0,0.0
2026-06-15 10:10:00+09:00,0.0,0.0,0.0
2026-06-15 10:15:00+09:00,0.0,0.0,0.0
2026-06-15 10:20:00+09:00,0.0,0.0,0.0
2026-06-15 10:25:00+09:00,0.0,0.0,0.0
2026-06-15 10:30:00+09:00,0.0,0.0,0.0
2026-06-15 10:35:00+09:00,0.0,0.0,0.0
2026-06-15 10:40:00+09:00,0.0,0.0,0.0
2026-06-15 10:45:00+09:00,0.0,0.0,0.0
2026-06-15 10:50:00+09:00,0.0,0.0,0.0
2026-06-15 10:55:00+09:00,0.0,0.0,0.0
2026-06-15 11:00:00+09:00,0.0,0.0,0.0
2026-06-15 11:05:00+09:00,0.0,0.0,0.0
2026-06-15 11:10:00+09:00,0.0,0.0,0.0
2026-06-15 11:15:00+09:00,0.0,0.0,0.0
2026-06-15 11:20:00+09:00,0.0,0.0,0.0
2026-06-15 11:25:00+09:00,0.0,0.0,0.0
2026-06-15 12:30:00+09:00,0.0,0.0,0.0
2026-06-15 12:35:00+09:00,0.0,0.0,0.0
2026-06-15 12:40:00+09:00,0.0,0.0,0.0
2026-06-15 12:45:00+09:00,0.0,0.0,0.0
2026-06-15 12:50:00+09:00,0.0,0.0,0.0
2026-06-15 12:55:00+09:00,0.0,0.0,0.0
2026-06-15 13:00:00+09:00,-7.147976755690376e-05,1.0,1.0
2026-06-15 13:05:00+09:00,1.3185918964956032e-05,0.0,0.937962962962963
2026-06-15 13:10:00+09:00,-0.0001902547429455419,0.0,0.9814043209876543
2026-06-15 13:15:00+09:00,-0.00014998462502410304,0.0,0.9566358024691357
2026-06-15 13:20:00+09:00,3.212931231884546e-05,0.0,0.99375
2026-06-15 13:25:00+09:00,-0.00029723769696405423,0.0,0.9505401234567901
2026-06-15 13:30:00+09:00,-0.0001900925925925926,0.950462962962963,0.0
2026-06-15 13:35:00+09:00,-7.4382716049382714e-06,0.037191358024691354,0.0
2026-06-15 13:40:00+09:00,-2.469135802469136e-06,0.012345679012345678,0.0
2026-06-15 13:45:00+09:00,0.0,0.0,0.0
2026-06-15 13:50:00+09:00,0.0,0.0,0.0
2026-06-15 13:55:00+09:00,0.0,0.0,0.0
2026-06-15 14:00:00+09:00,0.0,0.0,0.0
2026-06-15 14:05:00+09:00,0.0,0.0,0.0
2026-06-15 14:10:00+09:00,0.0,0.0,0.0
2026-06-15 14:15:00+09:00,0.0,0.0,0.0
2026-06-15 14:20:00+09:00,0.0,0.0,0.0
2026-06-15 14:25:00+09:00,0.0,0.0,0.0
2026-06-15 14:30:00+09:00,0.0,0.0,0.0
2026-06-15 14:35:00+09:00,0.0,0.0,0.0
2026-06-15 14:40:00+09:00,0.0,0.0,0.0
2026-06-15 14:45:00+09:00,0.0,0.0,0.0
2026-06-15 14:50:00+09:00,0.0,0.0,0.0
2026-06-15 14:55:00+09:00,0.0,0.0,0.0
2026-06-15 15:00:00+09:00,0.0,0.0,0.0
2026-06-15 15:05:00+09:00,0.0,0.0,0.0
2026-06-15 15:10:00+09:00,0.0,0.0,0.0
2026-06-15 15:15:00+09:00,0.0,0.0,0.0
2026-06-15 15:20:00+09:00,0.0,0.0,0.0
2026-06-16 09:00:00+09:00,0.0,0.0,0.0
2026-06-16 09:05:00+09:00,0.0,0.0,0.0
2026-06-16 09:10:00+09:00,0.0,0.0,0.0
2026-06-16 09:15:00+09:00,0.0,0.0,0.0
2026-06-16 09:20:00+09:00,0.0,0.0,0.0
2026-06-16 09:25:00+09:00,0.0,0.0,0.0
2026-06-16 09:30:00+09:00,-5.827730950940464e-05,1.0,1.0
2026-06-16 09:35:00+09:00,0.00010851564078189205,0.0,0.9878048780487805
2026-06-16 09:40:00+09:00,-0.0005405461976709503,0.0,0.9817073170731708
2026-06-16 09:45:00+09:00,7.459905301564597e-05,0.0,1.0
2026-06-16 09:50:00+09:00,0.00010162490272802635,0.0,0.9817073170731708
2026-06-16 09:55:00+09:00,0.0009559937447980003,0.0,0.9939024390243902
2026-06-16 10:00:00+09:00,-0.00019878048780487808,0.9939024390243902,0.0
2026-06-16 10:05:00+09:00,-1.2195121951219514e-06,0.006097560975609756,0.0
2026-06-16 10:10:00+09:00,0.0,0.0,0.0
2026-06-16 10:15:00+09:00,0.0,0.0,0.0
2026-06-16 10:20:00+09:00,0.0,0.0,0.0
2026-06-16 10:25:00+09:00,0.0,0.0,0.0
2026-06-16 10:30:00+09:00,0.0,0.0,0.0
2026-06-16 10:35:00+09:00,0.0,0.0,0.0
2026-06-16 10:40:00+09:00,0.0,0.0,0.0
2026-06-16 10:45:00+09:00,0.0,0.0,0.0
2026-06-16 10:50:00+09:00,0.0,0.0,0.0
2026-06-16 10:55:00+09:00,0.0,0.0,0.0
2026-06-16 11:00:00+09:00,0.0,0.0,0.0
2026-06-16 11:05:00+09:00,0.0,0.0,0.0
2026-06-16 11:10:00+09:00,0.0,0.0,0.0
2026-06-16 11:15:00+09:00,0.0,0.0,0.0
2026-06-16 11:20:00+09:00,0.0,0.0,0.0
2026-06-16 11:25:00+09:00,0.0,0.0,0.0
2026-06-16 12:30:00+09:00,0.0,0.0,0.0
2026-06-16 12:35:00+09:00,0.0,0.0,0.0
2026-06-16 12:40:00+09:00,0.0,0.0,0.0
2026-06-16 12:45:00+09:00,0.0,0.0,0.0
2026-06-16 12:50:00+09:00,0.0,0.0,0.0
2026-06-16 12:55:00+09:00,0.0,0.0,0.0
2026-06-16 13:00:00+09:00,-0.0004217101480098915,1.0,0.9999999999999999
2026-06-16 13:05:00+09:00,-0.00026141580560692186,0.0,0.9876543209876543
2026-06-16 13:10:00+09:00,7.549641953599446e-05,0.0,0.9692110809996988
2026-06-16 13:15:00+09:00,7.380363712073861e-05,0.0,0.9445950015055706
2026-06-16 13:20:00+09:00,-6.245264576363307e-05,0.0,0.9691358024691358
2026-06-16 13:25:00+09:00,-0.00011591700484409722,0.0,0.9506925624811804
2026-06-16 13:30:00+09:00,-0.00018647997591087024,0.9323998795543511,0.0
2026-06-16 13:35:00+09:00,-1.1050888286660645e-05,0.05525444143330322,0.0
2026-06-16 13:40:00+09:00,-2.469135802469136e-06,0.012345679012345678,0.0
2026-06-16 13:45:00+09:00,0.0,0.0,0.0
2026-06-16 13:50:00+09:00,0.0,0.0,0.0
2026-06-16 13:55:00+09:00,0.0,0.0,0.0
2026-06-16 14:00:00+09:00,0.0,0.0,0.0
2026-06-16 14:05:00+09:00,0.0,0.0,0.0
2026-06-16 14:10:00+09:00,0.0,0.0,0.0
2026-06-16 14:15:00+09:00,0.0,0.0,0.0
2026-06-16 14:20:00+09:00,0.0,0.0,0.0
2026-06-16 14:25:00+09:00,0.0,0.0,0.0
2026-06-16 14:30:00+09:00,0.0,0.0,0.0
2026-06-16 14:35:00+09:00,0.0,0.0,0.0
2026-06-16 14:40:00+09:00,0.0,0.0,0.0
2026-06-16 14:45:00+09:00,0.0,0.0,0.0
2026-06-16 14:50:00+09:00,0.0,0.0,0.0
2026-06-16 14:55:00+09:00,0.0,0.0,0.0
2026-06-16 15:00:00+09:00,0.0,0.0,0.0
2026-06-16 15:05:00+09:00,0.0,0.0,0.0
2026-06-16 15:10:00+09:00,0.0,0.0,0.0
2026-06-16 15:15:00+09:00,0.0,0.0,0.0
2026-06-16 15:20:00+09:00,0.0,0.0,0.0
2026-06-17 09:00:00+09:00,0.0,0.0,0.0
2026-06-17 09:05:00+09:00,0.0,0.0,0.0
2026-06-17 09:10:00+09:00,0.0,0.0,0.0
2026-06-17 09:15:00+09:00,0.0,0.0,0.0
2026-06-17 09:20:00+09:00,0.0,0.0,0.0
2026-06-17 09:25:00+09:00,0.0,0.0,0.0
2026-06-17 09:30:00+09:00,-0.00033218658490674776,1.0,1.0
2026-06-17 09:35:00+09:00,0.00045992476174493656,0.0,0.9756097560975611
2026-06-17 09:40:00+09:00,-0.0009102464312604925,0.0,0.9817073170731707
2026-06-17 09:45:00+09:00,-0.00037266641160760516,0.0,0.9878048780487805
2026-06-17 09:50:00+09:00,-0.00039889070494861196,0.0,0.9756097560975611
2026-06-17 09:55:00+09:00,-0.0013145053257201454,0.0,0.9817073170731707
2026-06-17 10:00:00+09:00,-0.00019634146341463416,0.9817073170731707,0.0
2026-06-17 10:05:00+09:00,-3.658536585365854e-06,0.01829268292682927,0.0
2026-06-17 10:10:00+09:00,0.0,0.0,0.0
2026-06-17 10:15:00+09:00,0.0,0.0,0.0
2026-06-17 10:20:00+09:00,0.0,0.0,0.0
2026-06-17 10:25:00+09:00,0.0,0.0,0.0
2026-06-17 10:30:00+09:00,0.0,0.0,0.0
2026-06-17 10:35:00+09:00,0.0,0.0,0.0
2026-06-17 10:40:00+09:00,0.0,0.0,0.0
2026-06-17 10:45:00+09:00,0.0,0.0,0.0
2026-06-17 10:50:00+09:00,0.0,0.0,0.0
2026-06-17 10:55:00+09:00,0.0,0.0,0.0
2026-06-17 11:00:00+09:00,0.0,0.0,0.0
2026-06-17 11:05:00+09:00,0.0,0.0,0.0
2026-06-17 11:10:00+09:00,0.0,0.0,0.0
2026-06-17 11:15:00+09:00,0.0,0.0,0.0
2026-06-17 11:20:00+09:00,0.0,0.0,0.0
2026-06-17 11:25:00+09:00,0.0,0.0,0.0
2026-06-17 12:30:00+09:00,0.0,0.0,0.0
2026-06-17 12:35:00+09:00,0.0,0.0,0.0
2026-06-17 12:40:00+09:00,0.0,0.0,0.0
2026-06-17 12:45:00+09:00,0.0,0.0,0.0
2026-06-17 12:50:00+09:00,0.0,0.0,0.0
2026-06-17 12:55:00+09:00,0.0,0.0,0.0
2026-06-17 13:00:00+09:00,-0.00024312223014032677,1.0,1.0
2026-06-17 13:05:00+09:00,6.174225989735497e-05,0.0,0.969361638060825
2026-06-17 13:10:00+09:00,-0.00025335701237370005,0.0,0.9631887985546522
2026-06-17 13:15:00+09:00,-6.31392016840104e-06,0.0,0.9631887985546521
2026-06-17 13:20:00+09:00,0.0001451010793810547,0.0,0.9755344775669978
2026-06-17 13:25:00+09:00,-0.00016525854972915038,0.0,0.9694369165913881
2026-06-17 13:30:00+09:00,-0.00019510689551339959,0.9755344775669978,0.0
2026-06-17 13:35:00+09:00,-2.4390243902439027e-06,0.012195121951219513,0.0
2026-06-17 13:40:00+09:00,-1.234567901234568e-06,0.006172839506172839,0.0
2026-06-17 13:45:00+09:00,-1.2195121951219514e-06,0.006097560975609756,0.0
2026-06-17 13:50:00+09:00,0.0,0.0,0.0
2026-06-17 13:55:00+09:00,0.0,0.0,0.0
2026-06-17 14:00:00+09:00,0.0,0.0,0.0
2026-06-17 14:05:00+09:00,0.0,0.0,0.0
2026-06-17 14:10:00+09:00,0.0,0.0,0.0
2026-06-17 14:15:00+09:00,0.0,0.0,0.0
2026-06-17 14:20:00+09:00,0.0,0.0,0.0
2026-06-17 14:25:00+09:00,0.0,0.0,0.0
2026-06-17 14:30:00+09:00,0.0,0.0,0.0
2026-06-17 14:35:00+09:00,0.0,0.0,0.0
2026-06-17 14:40:00+09:00,0.0,0.0,0.0
2026-06-17 14:45:00+09:00,0.0,0.0,0.0
2026-06-17 14:50:00+09:00,0.0,0.0,0.0
2026-06-17 14:55:00+09:00,0.0,0.0,0.0
2026-06-17 15:00:00+09:00,0.0,0.0,0.0
2026-06-17 15:05:00+09:00,0.0,0.0,0.0
2026-06-17 15:10:00+09:00,0.0,0.0,0.0
2026-06-17 15:15:00+09:00,0.0,0.0,0.0
2026-06-17 15:20:00+09:00,0.0,0.0,0.0
2026-06-18 09:00:00+09:00,0.0,0.0,0.0
2026-06-18 09:05:00+09:00,0.0,0.0,0.0
2026-06-18 09:10:00+09:00,0.0,0.0,0.0
2026-06-18 09:15:00+09:00,0.0,0.0,0.0
2026-06-18 09:20:00+09:00,0.0,0.0,0.0
2026-06-18 09:25:00+09:00,0.0,0.0,0.0
2026-06-18 09:30:00+09:00,-0.0006302988322956631,1.0,1.0
2026-06-18 09:35:00+09:00,0.00043594412073312886,0.0,0.9755344775669978
2026-06-18 09:40:00+09:00,-0.00010632819071581433,0.0,0.9938271604938271
2026-06-18 09:45:00+09:00,-9.07378446005201e-05,0.0,0.9571665161096055
2026-06-18 09:50:00+09:00,0.0005422759784560654,0.0,0.9694369165913881
2026-06-18 09:55:00+09:00,0.00013707313672627882,0.0,0.9877295995182174
2026-06-18 10:00:00+09:00,-0.00019753086419753088,0.9876543209876543,0.0
2026-06-18 10:05:00+09:00,-2.469135802469136e-06,0.012345679012345678,0.0
2026-06-18 10:10:00+09:00,0.0,0.0,0.0
2026-06-18 10:15:00+09:00,0.0,0.0,0.0
2026-06-18 10:20:00+09:00,0.0,0.0,0.0
2026-06-18 10:25:00+09:00,0.0,0.0,0.0
2026-06-18 10:30:00+09:00,0.0,0.0,0.0
2026-06-18 10:35:00+09:00,0.0,0.0,0.0
2026-06-18 10:40:00+09:00,0.0,0.0,0.0
2026-06-18 10:45:00+09:00,0.0,0.0,0.0
2026-06-18 10:50:00+09:00,0.0,0.0,0.0
2026-06-18 10:55:00+09:00,0.0,0.0,0.0
2026-06-18 11:00:00+09:00,0.0,0.0,0.0
2026-06-18 11:05:00+09:00,0.0,0.0,0.0
2026-06-18 11:10:00+09:00,0.0,0.0,0.0
2026-06-18 11:15:00+09:00,0.0,0.0,0.0
2026-06-18 11:20:00+09:00,0.0,0.0,0.0
2026-06-18 11:25:00+09:00,0.0,0.0,0.0
2026-06-18 12:30:00+09:00,0.0,0.0,0.0
2026-06-18 12:35:00+09:00,0.0,0.0,0.0
2026-06-18 12:40:00+09:00,0.0,0.0,0.0
2026-06-18 12:45:00+09:00,0.0,0.0,0.0
2026-06-18 12:50:00+09:00,0.0,0.0,0.0
2026-06-18 12:55:00+09:00,0.0,0.0,0.0
2026-06-18 13:00:00+09:00,-0.00027978238796562904,1.0,1.0
2026-06-18 13:05:00+09:00,-9.118944451791426e-05,0.0,0.9570912375790425
2026-06-18 13:10:00+09:00,0.00017440285331854125,0.0,0.9325504366154771
2026-06-18 13:15:00+09:00,0.00014635956550217304,0.0,0.9265281541704307
2026-06-18 13:20:00+09:00,-6.831423188464641e-05,0.0,0.9755344775669978
2026-06-18 13:25:00+09:00,-2.7016990244918084e-05,0.0,0.9572417946401687
2026-06-18 13:30:00+09:00,-0.00019507678410117437,0.9753839205058717,0.0
2026-06-18 13:35:00+09:00,-3.7037037037037037e-06,0.018518518518518517,0.0
2026-06-18 13:40:00+09:00,-1.2195121951219514e-06,0.006097560975609756,0.0
2026-06-18 13:45:00+09:00,0.0,0.0,0.0
2026-06-18 13:50:00+09:00,0.0,0.0,0.0
2026-06-18 13:55:00+09:00,0.0,0.0,0.0
2026-06-18 14:00:00+09:00,0.0,0.0,0.0
2026-06-18 14:05:00+09:00,0.0,0.0,0.0
2026-06-18 14:10:00+09:00,0.0,0.0,0.0
2026-06-18 14:15:00+09:00,0.0,0.0,0.0
2026-06-18 14:20:00+09:00,0.0,0.0,0.0
2026-06-18 14:25:00+09:00,0.0,0.0,0.0
2026-06-18 14:30:00+09:00,0.0,0.0,0.0
2026-06-18 14:35:00+09:00,0.0,0.0,0.0
2026-06-18 14:40:00+09:00,0.0,0.0,0.0
2026-06-18 14:45:00+09:00,0.0,0.0,0.0
2026-06-18 14:50:00+09:00,0.0,0.0,0.0
2026-06-18 14:55:00+09:00,0.0,0.0,0.0
2026-06-18 15:00:00+09:00,0.0,0.0,0.0
2026-06-18 15:05:00+09:00,0.0,0.0,0.0
2026-06-18 15:10:00+09:00,0.0,0.0,0.0
2026-06-18 15:15:00+09:00,0.0,0.0,0.0
2026-06-18 15:20:00+09:00,0.0,0.0,0.0
2026-06-19 09:00:00+09:00,0.0,0.0,0.0
2026-06-19 09:05:00+09:00,0.0,0.0,0.0
2026-06-19 09:10:00+09:00,0.0,0.0,0.0
2026-06-19 09:15:00+09:00,0.0,0.0,0.0
2026-06-19 09:20:00+09:00,0.0,0.0,0.0
2026-06-19 09:25:00+09:00,0.0,0.0,0.0
2026-06-19 09:30:00+09:00,0.0006071682882520642,1.0,1.0
2026-06-19 09:35:00+09:00,-0.0003596760599241081,0.0,1.0
2026-06-19 09:40:00+09:00,0.00035722929530508716,0.0,0.9817807816632385
2026-06-19 09:45:00+09:00,-5.3044285754479875e-05,0.0,0.9878783426388481
2026-06-19 09:50:00+09:00,8.675924937995131e-05,0.0,0.9817807816632385
2026-06-19 09:55:00+09:00,0.0011921272646284414,0.0,0.9878783426388482
2026-06-19 10:00:00+09:00,-0.00019878048780487808,0.9939024390243902,0.0
2026-06-19 10:05:00+09:00,-1.2195121951219514e-06,0.006097560975609756,0.0
2026-06-19 10:10:00+09:00,0.0,0.0,0.0
2026-06-19 10:15:00+09:00,0.0,0.0,0.0
2026-06-19 10:20:00+09:00,0.0,0.0,0.0
2026-06-19 10:25:00+09:00,0.0,0.0,0.0
2026-06-19 10:30:00+09:00,0.0,0.0,0.0
2026-06-19 10:35:00+09:00,0.0,0.0,0.0
2026-06-19 10:40:00+09:00,0.0,0.0,0.0
2026-06-19 10:45:00+09:00,0.0,0.0,0.0
2026-06-19 10:50:00+09:00,0.0,0.0,0.0
2026-06-19 10:55:00+09:00,0.0,0.0,0.0
2026-06-19 11:00:00+09:00,0.0,0.0,0.0
2026-06-19 11:05:00+09:00,0.0,0.0,0.0
2026-06-19 11:10:00+09:00,0.0,0.0,0.0
2026-06-19 11:15:00+09:00,0.0,0.0,0.0
2026-06-19 11:20:00+09:00,0.0,0.0,0.0
2026-06-19 11:25:00+09:00,0.0,0.0,0.0
2026-06-19 12:30:00+09:00,0.0,0.0,0.0
2026-06-19 12:35:00+09:00,0.0,0.0,0.0
2026-06-19 12:40:00+09:00,0.0,0.0,0.0
2026-06-19 12:45:00+09:00,0.0,0.0,0.0
2026-06-19 12:50:00+09:00,0.0,0.0,0.0
2026-06-19 12:55:00+09:00,0.0,0.0,0.0
2026-06-19 13:00:00+09:00,0.0004508005422733587,1.0,1.0
2026-06-19 13:05:00+09:00,-8.845199246721778e-06,0.0,0.9506925624811804
2026-06-19 13:10:00+09:00,-0.00020407976182763786,0.0,0.9446702800361337
2026-06-19 13:15:00+09:00,7.905814448972865e-05,0.0,0.9753086419753085
2026-06-19 13:20:00+09:00,-1.5726226312938657e-05,0.0,0.9754591990364347
2026-06-19 13:25:00+09:00,-0.00041322718945291696,0.0,0.9322493224932249
2026-06-19 13:30:00+09:00,-0.00019019873532068654,0.9509936766034327,0.0
2026-06-19 13:35:00+09:00,-8.566696778078893e-06,0.04283348389039446,0.0
2026-06-19 13:40:00+09:00,-1.234567901234568e-06,0.006172839506172839,0.0
2026-06-19 13:45:00+09:00,0.0,0.0,0.0
2026-06-19 13:50:00+09:00,0.0,0.0,0.0
2026-06-19 13:55:00+09:00,0.0,0.0,0.0
2026-06-19 14:00:00+09:00,0.0,0.0,0.0
2026-06-19 14:05:00+09:00,0.0,0.0,0.0
2026-06-19 14:10:00+09:00,0.0,0.0,0.0
2026-06-19 14:15:00+09:00,0.0,0.0,0.0
2026-06-19 14:20:00+09:00,0.0,0.0,0.0
2026-06-19 14:25:00+09:00,0.0,0.0,0.0
2026-06-19 14:30:00+09:00,0.0,0.0,0.0
2026-06-19 14:35:00+09:00,0.0,0.0,0.0
2026-06-19 14:40:00+09:00,0.0,0.0,0.0
2026-06-19 14:45:00+09:00,0.0,0.0,0.0
2026-06-19 14:50:00+09:00,0.0,0.0,0.0
2026-06-19 14:55:00+09:00,0.0,0.0,0.0
2026-06-19 15:00:00+09:00,0.0,0.0,0.0
2026-06-19 15:05:00+09:00,0.0,0.0,0.0
2026-06-19 15:10:00+09:00,0.0,0.0,0.0
2026-06-19 15:15:00+09:00,0.0,0.0,0.0
2026-06-19 15:20:00+09:00,0.0,0.0,0.0
2026-06-22 09:00:00+09:00,0.0,0.0,0.0
2026-06-22 09:05:00+09:00,0.0,0.0,0.0
2026-06-22 09:10:00+09:00,0.0,0.0,0.0
2026-06-22 09:15:00+09:00,0.0,0.0,0.0
2026-06-22 09:20:00+09:00,0.0,0.0,0.0
2026-06-22 09:25:00+09:00,0.0,0.0,0.0
2026-06-22 09:30:00+09:00,-0.00025205827967643565,1.0,1.0
2026-06-22 09:35:00+09:00,-0.0003850986060589342,0.0,0.9939759036144579
2026-06-22 09:40:00+09:00,-0.00025143947287785726,0.0,0.9939759036144579
2026-06-22 09:45:00+09:00,-0.0002477019147588945,0.0,1.0
2026-06-22 09:50:00+09:00,-2.247537757831077e-06,0.0,0.9576109315310022
2026-06-22 09:55:00+09:00,8.300270284553423e-05,0.0,0.9577578607111372
2026-06-22 10:00:00+09:00,-0.0001963855421686747,0.9819277108433735,0.0
2026-06-22 10:05:00+09:00,-2.4096385542168676e-06,0.012048192771084338,0.0
2026-06-22 10:10:00+09:00,0.0,0.0,0.0
2026-06-22 10:15:00+09:00,0.0,0.0,0.0
2026-06-22 10:20:00+09:00,0.0,0.0,0.0
2026-06-22 10:25:00+09:00,0.0,0.0,0.0
2026-06-22 10:30:00+09:00,0.0,0.0,0.0
2026-06-22 10:35:00+09:00,0.0,0.0,0.0
2026-06-22 10:40:00+09:00,-1.2048192771084338e-06,0.006024096385542169,0.0
2026-06-22 10:45:00+09:00,0.0,0.0,0.0
2026-06-22 10:50:00+09:00,0.0,0.0,0.0
2026-06-22 10:55:00+09:00,0.0,0.0,0.0
2026-06-22 11:00:00+09:00,0.0,0.0,0.0
2026-06-22 11:05:00+09:00,0.0,0.0,0.0
2026-06-22 11:10:00+09:00,0.0,0.0,0.0
2026-06-22 11:15:00+09:00,0.0,0.0,0.0
2026-06-22 11:20:00+09:00,0.0,0.0,0.0
2026-06-22 11:25:00+09:00,0.0,0.0,0.0
2026-06-22 12:30:00+09:00,0.0,0.0,0.0
2026-06-22 12:35:00+09:00,0.0,0.0,0.0
2026-06-22 12:40:00+09:00,0.0,0.0,0.0
2026-06-22 12:45:00+09:00,0.0,0.0,0.0
2026-06-22 12:50:00+09:00,0.0,0.0,0.0
2026-06-22 12:55:00+09:00,0.0,0.0,0.0
2026-06-22 13:00:00+09:00,-0.0004696808494213512,1.0,1.0
2026-06-22 13:05:00+09:00,-0.00026813907838995016,0.0,0.9759036144578314
2026-06-22 13:10:00+09:00,5.0602826536253713e-05,0.0,0.9638554216867471
2026-06-22 13:15:00+09:00,-0.00040161439074791613,0.0,0.957831325301205
2026-06-22 13:20:00+09:00,-0.00014482185516495144,0.0,0.9335880105789011
2026-06-22 13:25:00+09:00,-0.00017527291864764336,0.0,0.9335880105789011
2026-06-22 13:30:00+09:00,-0.00019155157214222746,0.9577578607111372,0.0
2026-06-22 13:35:00+09:00,-2.424331472230385e-06,0.012121657361151925,0.0
2026-06-22 13:40:00+09:00,-3.614457831325301e-06,0.01807228915662651,0.0
2026-06-22 13:45:00+09:00,-1.2048192771084338e-06,0.006024096385542169,0.0
2026-06-22 13:50:00+09:00,0.0,0.0,0.0
2026-06-22 13:55:00+09:00,0.0,0.0,0.0
2026-06-22 14:00:00+09:00,0.0,0.0,0.0
2026-06-22 14:05:00+09:00,0.0,0.0,0.0
2026-06-22 14:10:00+09:00,0.0,0.0,0.0
2026-06-22 14:15:00+09:00,0.0,0.0,0.0
2026-06-22 14:20:00+09:00,0.0,0.0,0.0
2026-06-22 14:25:00+09:00,0.0,0.0,0.0
2026-06-22 14:30:00+09:00,0.0,0.0,0.0
2026-06-22 14:35:00+09:00,0.0,0.0,0.0
2026-06-22 14:40:00+09:00,0.0,0.0,0.0
2026-06-22 14:45:00+09:00,0.0,0.0,0.0
2026-06-22 14:50:00+09:00,0.0,0.0,0.0
2026-06-22 14:55:00+09:00,0.0,0.0,0.0
2026-06-22 15:00:00+09:00,0.0,0.0,0.0
2026-06-22 15:05:00+09:00,0.0,0.0,0.0
2026-06-22 15:10:00+09:00,-1.2048192771084338e-06,0.006024096385542169,0.0
2026-06-22 15:15:00+09:00,0.0,0.0,0.0
2026-06-22 15:20:00+09:00,0.0,0.0,0.0
2026-06-23 09:00:00+09:00,0.0,0.0,0.0
2026-06-23 09:05:00+09:00,0.0,0.0,0.0
2026-06-23 09:10:00+09:00,0.0,0.0,0.0
2026-06-23 09:15:00+09:00,0.0,0.0,0.0
2026-06-23 09:20:00+09:00,0.0,0.0,0.0
2026-06-23 09:25:00+09:00,0.0,0.0,0.0
2026-06-23 09:30:00+09:00,-0.0009213848308008524,1.0,1.0
2026-06-23 09:35:00+09:00,0.00037910907848250704,0.0,0.9634146341463414
2026-06-23 09:40:00+09:00,0.001122106157015939,0.0,0.9146341463414634
2026-06-23 09:45:00+09:00,3.404387790414527e-05,0.0,0.9329268292682927
2026-06-23 09:50:00+09:00,-0.0001920628870325234,0.0,0.9573170731707317
2026-06-23 09:55:00+09:00,0.000540150919132765,0.0,0.9817073170731707
2026-06-23 10:00:00+09:00,-0.00019634146341463416,0.9817073170731707,0.0
2026-06-23 10:05:00+09:00,-2.4390243902439027e-06,0.012195121951219513,0.0
2026-06-23 10:10:00+09:00,-1.2195121951219514e-06,0.006097560975609756,0.0
2026-06-23 10:15:00+09:00,0.0,0.0,0.0
2026-06-23 10:20:00+09:00,0.0,0.0,0.0
2026-06-23 10:25:00+09:00,0.0,0.0,0.0
2026-06-23 10:30:00+09:00,0.0,0.0,0.0
2026-06-23 10:35:00+09:00,0.0,0.0,0.0
2026-06-23 10:40:00+09:00,0.0,0.0,0.0
2026-06-23 10:45:00+09:00,0.0,0.0,0.0
2026-06-23 10:50:00+09:00,0.0,0.0,0.0
2026-06-23 10:55:00+09:00,0.0,0.0,0.0
2026-06-23 11:00:00+09:00,0.0,0.0,0.0
2026-06-23 11:05:00+09:00,0.0,0.0,0.0
2026-06-23 11:10:00+09:00,0.0,0.0,0.0
2026-06-23 11:15:00+09:00,0.0,0.0,0.0
2026-06-23 11:20:00+09:00,0.0,0.0,0.0
2026-06-23 11:25:00+09:00,0.0,0.0,0.0
2026-06-23 12:30:00+09:00,0.0,0.0,0.0
2026-06-23 12:35:00+09:00,0.0,0.0,0.0
2026-06-23 12:40:00+09:00,0.0,0.0,0.0
2026-06-23 12:45:00+09:00,0.0,0.0,0.0
2026-06-23 12:50:00+09:00,0.0,0.0,0.0
2026-06-23 12:55:00+09:00,0.0,0.0,0.0
2026-06-23 13:00:00+09:00,-3.97921556338575e-05,1.0,1.0
2026-06-23 13:05:00+09:00,-8.596778863386829e-05,0.0,0.9753839205058716
2026-06-23 13:10:00+09:00,0.00016407803075402572,0.0,0.9816320385426076
2026-06-23 13:15:00+09:00,-2.2924769396816997e-06,0.0,0.9876543209876543
2026-06-23 13:20:00+09:00,0.00011918231086240461,0.0,0.9815567600120445
2026-06-23 13:25:00+09:00,-3.330428683309871e-05,0.0,0.963113520024089
2026-06-23 13:30:00+09:00,-0.0001914182475158085,0.9570912375790425,0.0
2026-06-23 13:35:00+09:00,-6.142728093947607e-06,0.03071364046973803,0.0
2026-06-23 13:40:00+09:00,0.0,0.0,0.0
2026-06-23 13:45:00+09:00,-1.2195121951219514e-06,0.006097560975609756,0.0
2026-06-23 13:50:00+09:00,-1.2195121951219514e-06,0.006097560975609756,0.0
2026-06-23 13:55:00+09:00,0.0,0.0,0.0
2026-06-23 14:00:00+09:00,0.0,0.0,0.0
2026-06-23 14:05:00+09:00,0.0,0.0,0.0
2026-06-23 14:10:00+09:00,0.0,0.0,0.0
2026-06-23 14:15:00+09:00,0.0,0.0,0.0
2026-06-23 14:20:00+09:00,0.0,0.0,0.0
2026-06-23 14:25:00+09:00,0.0,0.0,0.0
2026-06-23 14:30:00+09:00,0.0,0.0,0.0
2026-06-23 14:35:00+09:00,0.0,0.0,0.0
2026-06-23 14:40:00+09:00,0.0,0.0,0.0
2026-06-23 14:45:00+09:00,0.0,0.0,0.0
2026-06-23 14:50:00+09:00,0.0,0.0,0.0
2026-06-23 14:55:00+09:00,0.0,0.0,0.0
2026-06-23 15:00:00+09:00,0.0,0.0,0.0
2026-06-23 15:05:00+09:00,0.0,0.0,0.0
2026-06-23 15:10:00+09:00,0.0,0.0,0.0
2026-06-23 15:15:00+09:00,0.0,0.0,0.0
2026-06-23 15:20:00+09:00,0.0,0.0,0.0
2026-06-24 09:00:00+09:00,0.0,0.0,0.0
2026-06-24 09:05:00+09:00,0.0,0.0,0.0
2026-06-24 09:10:00+09:00,0.0,0.0,0.0
2026-06-24 09:15:00+09:00,0.0,0.0,0.0
2026-06-24 09:20:00+09:00,0.0,0.0,0.0
2026-06-24 09:25:00+09:00,0.0,0.0,0.0
2026-06-24 09:30:00+09:00,0.0006098090928880448,1.0,1.0
2026-06-24 09:35:00+09:00,0.0004206293595497464,0.0,0.963113520024089
2026-06-24 09:40:00+09:00,0.001066786204726071,0.0,0.9816320385426076
2026-06-24 09:45:00+09:00,0.0005100131026849721,0.0,0.9815567600120445
2026-06-24 09:50:00+09:00,-0.0008529075442574614,0.0,0.9939024390243902
2026-06-24 09:55:00+09:00,0.0008032394335981183,0.0,0.9815567600120445
2026-06-24 10:00:00+09:00,-0.00019631135200240892,0.9815567600120445,0.0
2026-06-24 10:05:00+09:00,-2.4540800963565193e-06,0.012270400481782595,0.0
2026-06-24 10:10:00+09:00,-1.234567901234568e-06,0.006172839506172839,0.0
2026-06-24 10:15:00+09:00,0.0,0.0,0.0
2026-06-24 10:20:00+09:00,0.0,0.0,0.0
2026-06-24 10:25:00+09:00,0.0,0.0,0.0
2026-06-24 10:30:00+09:00,0.0,0.0,0.0
2026-06-24 10:35:00+09:00,0.0,0.0,0.0
2026-06-24 10:40:00+09:00,0.0,0.0,0.0
2026-06-24 10:45:00+09:00,0.0,0.0,0.0
2026-06-24 10:50:00+09:00,0.0,0.0,0.0
2026-06-24 10:55:00+09:00,0.0,0.0,0.0
2026-06-24 11:00:00+09:00,0.0,0.0,0.0
2026-06-24 11:05:00+09:00,0.0,0.0,0.0
2026-06-24 11:10:00+09:00,0.0,0.0,0.0
2026-06-24 11:15:00+09:00,0.0,0.0,0.0
2026-06-24 11:20:00+09:00,0.0,0.0,0.0
2026-06-24 11:25:00+09:00,0.0,0.0,0.0
2026-06-24 12:30:00+09:00,0.0,0.0,0.0
2026-06-24 12:35:00+09:00,0.0,0.0,0.0
2026-06-24 12:40:00+09:00,0.0,0.0,0.0
2026-06-24 12:45:00+09:00,0.0,0.0,0.0
2026-06-24 12:50:00+09:00,0.0,0.0,0.0
2026-06-24 12:55:00+09:00,0.0,0.0,0.0
2026-06-24 13:00:00+09:00,-0.0002032597094504857,1.0,0.9999999999999999
2026-06-24 13:05:00+09:00,-0.0003078821463363663,0.0,0.9691358024691358
2026-06-24 13:10:00+09:00,-0.001005030090856612,0.0,0.9506172839506172
2026-06-24 13:15:00+09:00,-0.0014218280977328116,0.0,0.993827160493827
2026-06-24 13:20:00+09:00,2.2553173239500123e-05,0.0,0.9999999999999999
2026-06-24 13:25:00+09:00,0.001132951552353949,0.0,0.993827160493827
2026-06-24 13:30:00+09:00,-0.00019753086419753088,0.9876543209876543,0.0
2026-06-24 13:35:00+09:00,-2.469135802469136e-06,0.012345679012345678,0.0
2026-06-24 13:40:00+09:00,0.0,0.0,0.0
2026-06-24 13:45:00+09:00,0.0,0.0,0.0
2026-06-24 13:50:00+09:00,0.0,0.0,0.0
2026-06-24 13:55:00+09:00,0.0,0.0,0.0
2026-06-24 14:00:00+09:00,0.0,0.0,0.0
2026-06-24 14:05:00+09:00,0.0,0.0,0.0
2026-06-24 14:10:00+09:00,0.0,0.0,0.0
2026-06-24 14:15:00+09:00,0.0,0.0,0.0
2026-06-24 14:20:00+09:00,0.0,0.0,0.0
2026-06-24 14:25:00+09:00,0.0,0.0,0.0
2026-06-24 14:30:00+09:00,0.0,0.0,0.0
2026-06-24 14:35:00+09:00,0.0,0.0,0.0
2026-06-24 14:40:00+09:00,0.0,0.0,0.0
2026-06-24 14:45:00+09:00,0.0,0.0,0.0
2026-06-24 14:50:00+09:00,0.0,0.0,0.0
2026-06-24 14:55:00+09:00,0.0,0.0,0.0
2026-06-24 15:00:00+09:00,0.0,0.0,0.0
2026-06-24 15:05:00+09:00,0.0,0.0,0.0
2026-06-24 15:10:00+09:00,0.0,0.0,0.0
2026-06-24 15:15:00+09:00,0.0,0.0,0.0
2026-06-24 15:20:00+09:00,0.0,0.0,0.0
2026-06-25 09:00:00+09:00,0.0,0.0,0.0
2026-06-25 09:05:00+09:00,0.0,0.0,0.0
2026-06-25 09:10:00+09:00,0.0,0.0,0.0
2026-06-25 09:15:00+09:00,0.0,0.0,0.0
2026-06-25 09:20:00+09:00,0.0,0.0,0.0
2026-06-25 09:25:00+09:00,0.0,0.0,0.0
2026-06-25 09:30:00+09:00,-0.0004411421851575646,0.9938271604938271,0.9938271604938272
2026-06-25 09:35:00+09:00,0.00019951209159816064,0.0,0.9692863595302619
2026-06-25 09:40:00+09:00,0.0003344957278503392,0.0,0.9509183980728695
2026-06-25 09:45:00+09:00,-0.00012279188767140768,0.0,0.9755344775669978
2026-06-25 09:50:00+09:00,0.000434731639139524,0.0,0.9753839205058717
2026-06-25 09:55:00+09:00,-0.00022238915474916268,0.0,0.9692110809996989
2026-06-25 10:00:00+09:00,-0.0001975459199036435,0.9877295995182174,0.0
2026-06-25 10:05:00+09:00,-1.2195121951219514e-06,0.006097560975609756,0.0
2026-06-25 10:10:00+09:00,0.0,0.0,0.0
2026-06-25 10:15:00+09:00,0.0,0.0,0.0
2026-06-25 10:20:00+09:00,0.0,0.0,0.0
2026-06-25 10:25:00+09:00,0.0,0.0,0.0
2026-06-25 10:30:00+09:00,0.0,0.0,0.0
2026-06-25 10:35:00+09:00,0.0,0.0,0.0
2026-06-25 10:40:00+09:00,0.0,0.0,0.0
2026-06-25 10:45:00+09:00,0.0,0.0,0.0
2026-06-25 10:50:00+09:00,0.0,0.0,0.0
2026-06-25 10:55:00+09:00,0.0,0.0,0.0
2026-06-25 11:00:00+09:00,0.0,0.0,0.0
2026-06-25 11:05:00+09:00,0.0,0.0,0.0
2026-06-25 11:10:00+09:00,0.0,0.0,0.0
2026-06-25 11:15:00+09:00,0.0,0.0,0.0
2026-06-25 11:20:00+09:00,0.0,0.0,0.0
2026-06-25 11:25:00+09:00,0.0,0.0,0.0
2026-06-25 12:30:00+09:00,0.0,0.0,0.0
2026-06-25 12:35:00+09:00,0.0,0.0,0.0
2026-06-25 12:40:00+09:00,0.0,0.0,0.0
2026-06-25 12:45:00+09:00,0.0,0.0,0.0
2026-06-25 12:50:00+09:00,0.0,0.0,0.0
2026-06-25 12:55:00+09:00,0.0,0.0,0.0
2026-06-25 13:00:00+09:00,-0.00013025851411339342,1.0,1.0
2026-06-25 13:05:00+09:00,5.9866431565148404e-05,0.0,0.9254629629629629
2026-06-25 13:10:00+09:00,-0.0003317616289713635,0.0,0.9752314814814815
2026-06-25 13:15:00+09:00,0.00018268109211690552,0.0,0.9628858024691357
2026-06-25 13:20:00+09:00,-0.00011777926435810538,0.0,0.9753086419753086
2026-06-25 13:25:00+09:00,1.661819786752805e-05,0.0,0.9814043209876543
2026-06-25 13:30:00+09:00,-0.00018757716049382718,0.9378858024691358,0.0
2026-06-25 13:35:00+09:00,-8.703703703703705e-06,0.04351851851851852,0.0
2026-06-25 13:40:00+09:00,-1.25e-06,0.00625,0.0
2026-06-25 13:45:00+09:00,-2.469135802469136e-06,0.012345679012345678,0.0
2026-06-25 13:50:00+09:00,0.0,0.0,0.0
2026-06-25 13:55:00+09:00,0.0,0.0,0.0
2026-06-25 14:00:00+09:00,0.0,0.0,0.0
2026-06-25 14:05:00+09:00,0.0,0.0,0.0
2026-06-25 14:10:00+09:00,0.0,0.0,0.0
2026-06-25 14:15:00+09:00,0.0,0.0,0.0
2026-06-25 14:20:00+09:00,0.0,0.0,0.0
2026-06-25 14:25:00+09:00,0.0,0.0,0.0
2026-06-25 14:30:00+09:00,0.0,0.0,0.0
2026-06-25 14:35:00+09:00,0.0,0.0,0.0
2026-06-25 14:40:00+09:00,0.0,0.0,0.0
2026-06-25 14:45:00+09:00,0.0,0.0,0.0
2026-06-25 14:50:00+09:00,0.0,0.0,0.0
2026-06-25 14:55:00+09:00,0.0,0.0,0.0
2026-06-25 15:00:00+09:00,0.0,0.0,0.0
2026-06-25 15:05:00+09:00,0.0,0.0,0.0
2026-06-25 15:10:00+09:00,0.0,0.0,0.0
2026-06-25 15:15:00+09:00,0.0,0.0,0.0
2026-06-25 15:20:00+09:00,0.0,0.0,0.0
2026-06-26 09:00:00+09:00,0.0,0.0,0.0
2026-06-26 09:05:00+09:00,0.0,0.0,0.0
2026-06-26 09:10:00+09:00,0.0,0.0,0.0
2026-06-26 09:15:00+09:00,0.0,0.0,0.0
2026-06-26 09:20:00+09:00,0.0,0.0,0.0
2026-06-26 09:25:00+09:00,0.0,0.0,0.0
2026-06-26 09:30:00+09:00,-0.0006860400078118307,1.0,1.0
2026-06-26 09:35:00+09:00,0.00020369996807407457,0.0,0.9514399059653249
2026-06-26 09:40:00+09:00,-0.0004679821529221319,0.0,0.9879518072289157
2026-06-26 09:45:00+09:00,0.0005387173433112009,0.0,0.9756832206876286
2026-06-26 09:50:00+09:00,-1.366458996030895e-05,0.0,0.9636350279165443
2026-06-26 09:55:00+09:00,0.00017907657545824376,0.0,0.9756832206876286
2026-06-26 10:00:00+09:00,-0.00019879518072289158,0.9939759036144579,0.0
2026-06-26 10:05:00+09:00,-1.2048192771084338e-06,0.006024096385542169,0.0
2026-06-26 10:10:00+09:00,0.0,0.0,0.0
2026-06-26 10:15:00+09:00,0.0,0.0,0.0
2026-06-26 10:20:00+09:00,0.0,0.0,0.0
2026-06-26 10:25:00+09:00,0.0,0.0,0.0
2026-06-26 10:30:00+09:00,0.0,0.0,0.0
2026-06-26 10:35:00+09:00,0.0,0.0,0.0
2026-06-26 10:40:00+09:00,0.0,0.0,0.0
2026-06-26 10:45:00+09:00,0.0,0.0,0.0
2026-06-26 10:50:00+09:00,0.0,0.0,0.0
2026-06-26 10:55:00+09:00,0.0,0.0,0.0
2026-06-26 11:00:00+09:00,0.0,0.0,0.0
2026-06-26 11:05:00+09:00,0.0,0.0,0.0
2026-06-26 11:10:00+09:00,0.0,0.0,0.0
2026-06-26 11:15:00+09:00,0.0,0.0,0.0
2026-06-26 11:20:00+09:00,0.0,0.0,0.0
2026-06-26 11:25:00+09:00,0.0,0.0,0.0
2026-06-26 12:30:00+09:00,0.0,0.0,0.0
2026-06-26 12:35:00+09:00,0.0,0.0,0.0
2026-06-26 12:40:00+09:00,0.0,0.0,0.0
2026-06-26 12:45:00+09:00,0.0,0.0,0.0
2026-06-26 12:50:00+09:00,0.0,0.0,0.0
2026-06-26 12:55:00+09:00,0.0,0.0,0.0
2026-06-26 13:00:00+09:00,-0.00032335877373850533,1.0,1.0
2026-06-26 13:05:00+09:00,-7.241074501331709e-05,0.0,0.9576843961210697
2026-06-26 13:10:00+09:00,0.0004593646783035087,0.0,0.9697325888921541
2026-06-26 13:15:00+09:00,0.00023330087428496344,0.0,0.9879518072289157
2026-06-26 13:20:00+09:00,0.00018968480458314118,0.0,0.9817807816632385
2026-06-26 13:25:00+09:00,0.00017341346018129165,0.0,0.9395386423743756
2026-06-26 13:30:00+09:00,-0.00019516602997355275,0.9758301498677637,0.0
2026-06-26 13:35:00+09:00,-4.833970026447253e-06,0.024169850132236263,0.0
2026-06-26 13:40:00+09:00,0.0,0.0,0.0
2026-06-26 13:45:00+09:00,0.0,0.0,0.0
2026-06-26 13:50:00+09:00,0.0,0.0,0.0
2026-06-26 13:55:00+09:00,0.0,0.0,0.0
2026-06-26 14:00:00+09:00,0.0,0.0,0.0
2026-06-26 14:05:00+09:00,0.0,0.0,0.0
2026-06-26 14:10:00+09:00,0.0,0.0,0.0
2026-06-26 14:15:00+09:00,0.0,0.0,0.0
2026-06-26 14:20:00+09:00,0.0,0.0,0.0
2026-06-26 14:25:00+09:00,0.0,0.0,0.0
2026-06-26 14:30:00+09:00,0.0,0.0,0.0
2026-06-26 14:35:00+09:00,0.0,0.0,0.0
2026-06-26 14:40:00+09:00,0.0,0.0,0.0
2026-06-26 14:45:00+09:00,0.0,0.0,0.0
2026-06-26 14:50:00+09:00,0.0,0.0,0.0
2026-06-26 14:55:00+09:00,0.0,0.0,0.0
2026-06-26 15:00:00+09:00,0.0,0.0,0.0
2026-06-26 15:05:00+09:00,0.0,0.0,0.0
2026-06-26 15:10:00+09:00,0.0,0.0,0.0
2026-06-26 15:15:00+09:00,0.0,0.0,0.0
2026-06-26 15:20:00+09:00,0.0,0.0,0.0
2026-06-29 09:00:00+09:00,0.0,0.0,0.0
2026-06-29 09:05:00+09:00,0.0,0.0,0.0
2026-06-29 09:10:00+09:00,0.0,0.0,0.0
2026-06-29 09:15:00+09:00,0.0,0.0,0.0
2026-06-29 09:20:00+09:00,0.0,0.0,0.0
2026-06-29 09:25:00+09:00,0.0,0.0,0.0
2026-06-29 09:30:00+09:00,-0.0010651859909369522,1.0,1.0
2026-06-29 09:35:00+09:00,0.001486838682711395,0.0,0.9939759036144579
2026-06-29 09:40:00+09:00,0.0008025958503985617,0.0,0.993975903614458
2026-06-29 09:45:00+09:00,0.0009441312591112537,0.0,0.9939759036144579
2026-06-29 09:50:00+09:00,0.0011577104911085494,0.0,0.9819277108433736
2026-06-29 09:55:00+09:00,-0.0002609308209425998,0.0,1.0
2026-06-29 10:00:00+09:00,-0.0001963855421686747,0.9819277108433735,0.0
2026-06-29 10:05:00+09:00,-3.614457831325301e-06,0.01807228915662651,0.0
2026-06-29 10:10:00+09:00,0.0,0.0,0.0
2026-06-29 10:15:00+09:00,0.0,0.0,0.0
2026-06-29 10:20:00+09:00,0.0,0.0,0.0
2026-06-29 10:25:00+09:00,0.0,0.0,0.0
2026-06-29 10:30:00+09:00,0.0,0.0,0.0
2026-06-29 10:35:00+09:00,0.0,0.0,0.0
2026-06-29 10:40:00+09:00,0.0,0.0,0.0
2026-06-29 10:45:00+09:00,0.0,0.0,0.0
2026-06-29 10:50:00+09:00,0.0,0.0,0.0
2026-06-29 10:55:00+09:00,0.0,0.0,0.0
2026-06-29 11:00:00+09:00,0.0,0.0,0.0
2026-06-29 11:05:00+09:00,0.0,0.0,0.0
2026-06-29 11:10:00+09:00,0.0,0.0,0.0
2026-06-29 11:15:00+09:00,0.0,0.0,0.0
2026-06-29 11:20:00+09:00,0.0,0.0,0.0
2026-06-29 11:25:00+09:00,0.0,0.0,0.0
2026-06-29 12:30:00+09:00,0.0,0.0,0.0
2026-06-29 12:35:00+09:00,0.0,0.0,0.0
2026-06-29 12:40:00+09:00,0.0,0.0,0.0
2026-06-29 12:45:00+09:00,0.0,0.0,0.0
2026-06-29 12:50:00+09:00,0.0,0.0,0.0
2026-06-29 12:55:00+09:00,0.0,0.0,0.0
2026-06-29 13:00:00+09:00,-0.0002241302989350893,1.0,1.0
2026-06-29 13:05:00+09:00,0.00010489614540774047,0.0,1.0
2026-06-29 13:10:00+09:00,4.633831785221407e-06,0.0,0.9817073170731708
2026-06-29 13:15:00+09:00,-7.644316750899019e-05,0.0,0.9696591243020865
2026-06-29 13:20:00+09:00,0.00022573013098564295,0.0,0.9756832206876285
2026-06-29 13:25:00+09:00,8.416989590551937e-05,0.0,0.9939024390243903
2026-06-29 13:30:00+09:00,-0.00019390243902439025,0.9695121951219513,0.0
2026-06-29 13:35:00+09:00,-4.8780487804878055e-06,0.024390243902439025,0.0
2026-06-29 13:40:00+09:00,-1.2195121951219514e-06,0.006097560975609756,0.0
2026-06-29 13:45:00+09:00,0.0,0.0,0.0
2026-06-29 13:50:00+09:00,0.0,0.0,0.0
2026-06-29 13:55:00+09:00,0.0,0.0,0.0
2026-06-29 14:00:00+09:00,0.0,0.0,0.0
2026-06-29 14:05:00+09:00,0.0,0.0,0.0
2026-06-29 14:10:00+09:00,0.0,0.0,0.0
2026-06-29 14:15:00+09:00,0.0,0.0,0.0
2026-06-29 14:20:00+09:00,0.0,0.0,0.0
2026-06-29 14:25:00+09:00,0.0,0.0,0.0
2026-06-29 14:30:00+09:00,0.0,0.0,0.0
2026-06-29 14:35:00+09:00,0.0,0.0,0.0
2026-06-29 14:40:00+09:00,0.0,0.0,0.0
2026-06-29 14:45:00+09:00,0.0,0.0,0.0
2026-06-29 14:50:00+09:00,0.0,0.0,0.0
2026-06-29 14:55:00+09:00,0.0,0.0,0.0
2026-06-29 15:00:00+09:00,0.0,0.0,0.0
2026-06-29 15:05:00+09:00,0.0,0.0,0.0
2026-06-29 15:10:00+09:00,0.0,0.0,0.0
2026-06-29 15:15:00+09:00,0.0,0.0,0.0
2026-06-29 15:20:00+09:00,0.0,0.0,0.0
2026-06-30 09:00:00+09:00,0.0,0.0,0.0
2026-06-30 09:05:00+09:00,0.0,0.0,0.0
2026-06-30 09:10:00+09:00,0.0,0.0,0.0
2026-06-30 09:15:00+09:00,0.0,0.0,0.0
2026-06-30 09:20:00+09:00,0.0,0.0,0.0
2026-06-30 09:25:00+09:00,0.0,0.0,0.0
2026-06-30 09:30:00+09:00,-0.00031455987871356096,1.0,0.9999999999999999
2026-06-30 09:35:00+09:00,-0.0003731201050058479,0.0,0.9880235226620768
2026-06-30 09:40:00+09:00,0.00028087406811235736,0.0,0.9819277108433735
2026-06-30 09:45:00+09:00,0.00030407613592636356,0.0,0.9700946643717728
2026-06-30 09:50:00+09:00,-0.00027595429219683126,0.0,0.988095238095238
2026-06-30 09:55:00+09:00,-0.0006879675937603445,0.0,0.9999999999999998
2026-06-30 10:00:00+09:00,-0.0001964142283419392,0.9820711417096959,0.0
2026-06-30 10:05:00+09:00,-3.5857716580608144e-06,0.01792885829030407,0.0
2026-06-30 10:10:00+09:00,0.0,0.0,0.0
2026-06-30 10:15:00+09:00,0.0,0.0,0.0
2026-06-30 10:20:00+09:00,0.0,0.0,0.0
2026-06-30 10:25:00+09:00,0.0,0.0,0.0
2026-06-30 10:30:00+09:00,0.0,0.0,0.0
2026-06-30 10:35:00+09:00,0.0,0.0,0.0
2026-06-30 10:40:00+09:00,0.0,0.0,0.0
2026-06-30 10:45:00+09:00,0.0,0.0,0.0
2026-06-30 10:50:00+09:00,0.0,0.0,0.0
2026-06-30 10:55:00+09:00,0.0,0.0,0.0
2026-06-30 11:00:00+09:00,0.0,0.0,0.0
2026-06-30 11:05:00+09:00,0.0,0.0,0.0
2026-06-30 11:10:00+09:00,0.0,0.0,0.0
2026-06-30 11:15:00+09:00,0.0,0.0,0.0
2026-06-30 11:20:00+09:00,0.0,0.0,0.0
2026-06-30 11:25:00+09:00,0.0,0.0,0.0
2026-06-30 12:30:00+09:00,0.0,0.0,0.0
2026-06-30 12:35:00+09:00,0.0,0.0,0.0
2026-06-30 12:40:00+09:00,0.0,0.0,0.0
2026-06-30 12:45:00+09:00,0.0,0.0,0.0
2026-06-30 12:50:00+09:00,0.0,0.0,0.0
2026-06-30 12:55:00+09:00,0.0,0.0,0.0
2026-06-30 13:00:00+09:00,-0.00010523084969642275,1.0,0.9999999999999999
2026-06-30 13:05:00+09:00,-1.71846386773104e-05,0.0,0.9753086419753086
2026-06-30 13:10:00+09:00,-0.0002085876391918227,0.0,0.9632640770852153
2026-06-30 13:15:00+09:00,3.78388238389808e-05,0.0,0.9877295995182173
2026-06-30 13:20:00+09:00,-6.354963103972596e-05,0.0,0.9815567600120445
2026-06-30 13:25:00+09:00,5.421566347245977e-05,0.0,0.9570912375790424
2026-06-30 13:30:00+09:00,-0.00019753086419753088,0.9876543209876543,0.0
2026-06-30 13:35:00+09:00,-2.469135802469136e-06,0.012345679012345678,0.0
2026-06-30 13:40:00+09:00,0.0,0.0,0.0
2026-06-30 13:45:00+09:00,0.0,0.0,0.0
2026-06-30 13:50:00+09:00,0.0,0.0,0.0
2026-06-30 13:55:00+09:00,0.0,0.0,0.0
2026-06-30 14:00:00+09:00,0.0,0.0,0.0
2026-06-30 14:05:00+09:00,0.0,0.0,0.0
2026-06-30 14:10:00+09:00,0.0,0.0,0.0
2026-06-30 14:15:00+09:00,0.0,0.0,0.0
2026-06-30 14:20:00+09:00,0.0,0.0,0.0
2026-06-30 14:25:00+09:00,0.0,0.0,0.0
2026-06-30 14:30:00+09:00,0.0,0.0,0.0
2026-06-30 14:35:00+09:00,0.0,0.0,0.0
2026-06-30 14:40:00+09:00,0.0,0.0,0.0
2026-06-30 14:45:00+09:00,0.0,0.0,0.0
2026-06-30 14:50:00+09:00,0.0,0.0,0.0
2026-06-30 14:55:00+09:00,0.0,0.0,0.0
2026-06-30 15:00:00+09:00,0.0,0.0,0.0
2026-06-30 15:05:00+09:00,0.0,0.0,0.0
2026-06-30 15:10:00+09:00,0.0,0.0,0.0
2026-06-30 15:15:00+09:00,0.0,0.0,0.0
2026-06-30 15:20:00+09:00,0.0,0.0,0.0
2026-07-01 09:00:00+09:00,0.0,0.0,0.0
2026-07-01 09:05:00+09:00,0.0,0.0,0.0
2026-07-01 09:10:00+09:00,0.0,0.0,0.0
2026-07-01 09:15:00+09:00,0.0,0.0,0.0
2026-07-01 09:20:00+09:00,0.0,0.0,0.0
2026-07-01 09:25:00+09:00,0.0,0.0,0.0
2026-07-01 09:30:00+09:00,-0.00017915136553095585,1.0,1.0
2026-07-01 09:35:00+09:00,0.00021485642395041224,0.0,0.9631887985546521
2026-07-01 09:40:00+09:00,-3.085547905730967e-05,0.0,0.9508431195423066
2026-07-01 09:45:00+09:00,-0.00019906792251439407,0.0,0.9631135200240891
2026-07-01 09:50:00+09:00,9.61140047862168e-05,0.0,0.9939024390243902
2026-07-01 09:55:00+09:00,0.0004100479117998893,0.0,1.0
2026-07-01 10:00:00+09:00,-0.00019507678410117437,0.9753839205058717,0.0
2026-07-01 10:05:00+09:00,-1.234567901234568e-06,0.006172839506172839,0.0
2026-07-01 10:10:00+09:00,-3.688647997591087e-06,0.018443239987955433,0.0
2026-07-01 10:15:00+09:00,0.0,0.0,0.0
2026-07-01 10:20:00+09:00,0.0,0.0,0.0
2026-07-01 10:25:00+09:00,0.0,0.0,0.0
2026-07-01 10:30:00+09:00,0.0,0.0,0.0
2026-07-01 10:35:00+09:00,0.0,0.0,0.0
2026-07-01 10:40:00+09:00,0.0,0.0,0.0
2026-07-01 10:45:00+09:00,0.0,0.0,0.0
2026-07-01 10:50:00+09:00,0.0,0.0,0.0
2026-07-01 10:55:00+09:00,0.0,0.0,0.0
2026-07-01 11:00:00+09:00,0.0,0.0,0.0
2026-07-01 11:05:00+09:00,0.0,0.0,0.0
2026-07-01 11:10:00+09:00,0.0,0.0,0.0
2026-07-01 11:15:00+09:00,0.0,0.0,0.0
2026-07-01 11:20:00+09:00,0.0,0.0,0.0
2026-07-01 11:25:00+09:00,0.0,0.0,0.0
2026-07-01 12:30:00+09:00,0.0,0.0,0.0
2026-07-01 12:35:00+09:00,0.0,0.0,0.0
2026-07-01 12:40:00+09:00,0.0,0.0,0.0
2026-07-01 12:45:00+09:00,0.0,0.0,0.0
2026-07-01 12:50:00+09:00,0.0,0.0,0.0
2026-07-01 12:55:00+09:00,0.0,0.0,0.0
2026-07-01 13:00:00+09:00,0.00016117733509544158,1.0,1.0
2026-07-01 13:05:00+09:00,9.26631011504196e-05,0.0,0.9631887985546522
2026-07-01 13:10:00+09:00,-0.00022951786277742924,0.0,0.9573170731707317
2026-07-01 13:15:00+09:00,-2.42516473156616e-05,0.0,0.9694369165913881
2026-07-01 13:20:00+09:00,1.367983219866941e-05,0.0,0.9754591990364349
2026-07-01 13:25:00+09:00,-4.458864290775213e-05,0.0,0.9693616380608251
2026-07-01 13:30:00+09:00,-0.0001889792231255646,0.9448961156278229,0.0
2026-07-01 13:35:00+09:00,-7.332128876844325e-06,0.03666064438422162,0.0
2026-07-01 13:40:00+09:00,-3.688647997591087e-06,0.018443239987955433,0.0
2026-07-01 13:45:00+09:00,0.0,0.0,0.0
2026-07-01 13:50:00+09:00,0.0,0.0,0.0
2026-07-01 13:55:00+09:00,0.0,0.0,0.0
2026-07-01 14:00:00+09:00,0.0,0.0,0.0
2026-07-01 14:05:00+09:00,0.0,0.0,0.0
2026-07-01 14:10:00+09:00,0.0,0.0,0.0
2026-07-01 14:15:00+09:00,0.0,0.0,0.0
2026-07-01 14:20:00+09:00,0.0,0.0,0.0
2026-07-01 14:25:00+09:00,0.0,0.0,0.0
2026-07-01 14:30:00+09:00,0.0,0.0,0.0
2026-07-01 14:35:00+09:00,0.0,0.0,0.0
2026-07-01 14:40:00+09:00,0.0,0.0,0.0
2026-07-01 14:45:00+09:00,0.0,0.0,0.0
2026-07-01 14:50:00+09:00,0.0,0.0,0.0
2026-07-01 14:55:00+09:00,0.0,0.0,0.0
2026-07-01 15:00:00+09:00,0.0,0.0,0.0
2026-07-01 15:05:00+09:00,0.0,0.0,0.0
2026-07-01 15:10:00+09:00,0.0,0.0,0.0
2026-07-01 15:15:00+09:00,0.0,0.0,0.0
2026-07-01 15:20:00+09:00,0.0,0.0,0.0
2026-07-02 09:00:00+09:00,0.0,0.0,0.0
2026-07-02 09:05:00+09:00,0.0,0.0,0.0
2026-07-02 09:10:00+09:00,0.0,0.0,0.0
2026-07-02 09:15:00+09:00,0.0,0.0,0.0
2026-07-02 09:20:00+09:00,0.0,0.0,0.0
2026-07-02 09:25:00+09:00,0.0,0.0,0.0
2026-07-02 09:30:00+09:00,0.0005595320981204144,1.0,1.0
2026-07-02 09:35:00+09:00,0.0013308186276474575,0.0,0.9698060534822216
2026-07-02 09:40:00+09:00,-0.0009432308124175338,0.0,0.9819277108433735
2026-07-02 09:45:00+09:00,0.0005184620489984029,0.0,0.9637819570966796
2026-07-02 09:50:00+09:00,-1.3764403996405146e-05,0.0,0.9636350279165442
2026-07-02 09:55:00+09:00,-0.0002510482267025143,0.0,0.9879518072289157
2026-07-02 10:00:00+09:00,-0.00019518072289156628,0.9759036144578314,0.0
2026-07-02 10:05:00+09:00,-3.614457831325301e-06,0.01807228915662651,0.0
2026-07-02 10:10:00+09:00,-1.2048192771084338e-06,0.006024096385542169,0.0
2026-07-02 10:15:00+09:00,0.0,0.0,0.0
2026-07-02 10:20:00+09:00,0.0,0.0,0.0
2026-07-02 10:25:00+09:00,0.0,0.0,0.0
2026-07-02 10:30:00+09:00,0.0,0.0,0.0
2026-07-02 10:35:00+09:00,0.0,0.0,0.0
2026-07-02 10:40:00+09:00,0.0,0.0,0.0
2026-07-02 10:45:00+09:00,0.0,0.0,0.0
2026-07-02 10:50:00+09:00,0.0,0.0,0.0
2026-07-02 10:55:00+09:00,0.0,0.0,0.0
2026-07-02 11:00:00+09:00,0.0,0.0,0.0
2026-07-02 11:05:00+09:00,0.0,0.0,0.0
2026-07-02 11:10:00+09:00,0.0,0.0,0.0
2026-07-02 11:15:00+09:00,0.0,0.0,0.0
2026-07-02 11:20:00+09:00,0.0,0.0,0.0
2026-07-02 11:25:00+09:00,0.0,0.0,0.0
2026-07-02 12:30:00+09:00,0.0,0.0,0.0
2026-07-02 12:35:00+09:00,0.0,0.0,0.0
2026-07-02 12:40:00+09:00,0.0,0.0,0.0
2026-07-02 12:45:00+09:00,0.0,0.0,0.0
2026-07-02 12:50:00+09:00,0.0,0.0,0.0
2026-07-02 12:55:00+09:00,0.0,0.0,0.0
2026-07-02 13:00:00+09:00,-0.0005178017960106216,1.0,1.0
2026-07-02 13:05:00+09:00,0.0002884244173351403,0.0,0.9814043209876544
2026-07-02 13:10:00+09:00,-0.0002082947897597612,0.0,1.0
2026-07-02 13:15:00+09:00,0.00012530039967885168,0.0,1.0
2026-07-02 13:20:00+09:00,-4.5381165932408816e-05,0.0,0.9626543209876544
2026-07-02 13:25:00+09:00,-0.0003119984623507575,0.0,0.9938271604938271
2026-07-02 13:30:00+09:00,-0.00019875,0.99375,0.0
2026-07-02 13:35:00+09:00,-1.25e-06,0.00625,0.0
2026-07-02 13:40:00+09:00,0.0,0.0,0.0
2026-07-02 13:45:00+09:00,0.0,0.0,0.0
2026-07-02 13:50:00+09:00,0.0,0.0,0.0
2026-07-02 13:55:00+09:00,0.0,0.0,0.0
2026-07-02 14:00:00+09:00,0.0,0.0,0.0
2026-07-02 14:05:00+09:00,0.0,0.0,0.0
2026-07-02 14:10:00+09:00,0.0,0.0,0.0
2026-07-02 14:15:00+09:00,0.0,0.0,0.0
2026-07-02 14:20:00+09:00,0.0,0.0,0.0
2026-07-02 14:25:00+09:00,0.0,0.0,0.0
2026-07-02 14:30:00+09:00,0.0,0.0,0.0
2026-07-02 14:35:00+09:00,0.0,0.0,0.0
2026-07-02 14:40:00+09:00,0.0,0.0,0.0
2026-07-02 14:45:00+09:00,0.0,0.0,0.0
2026-07-02 14:50:00+09:00,0.0,0.0,0.0
2026-07-02 14:55:00+09:00,0.0,0.0,0.0
2026-07-02 15:00:00+09:00,0.0,0.0,0.0
2026-07-02 15:05:00+09:00,0.0,0.0,0.0
2026-07-02 15:10:00+09:00,0.0,0.0,0.0
2026-07-02 15:15:00+09:00,0.0,0.0,0.0
2026-07-02 15:20:00+09:00,0.0,0.0,0.0
2026-07-03 09:00:00+09:00,0.0,0.0,0.0
2026-07-03 09:05:00+09:00,0.0,0.0,0.0
2026-07-03 09:10:00+09:00,0.0,0.0,0.0
2026-07-03 09:15:00+09:00,0.0,0.0,0.0
2026-07-03 09:20:00+09:00,0.0,0.0,0.0
2026-07-03 09:25:00+09:00,0.0,0.0,0.0
2026-07-03 09:30:00+09:00,0.00017613088746975435,1.0,1.0
2026-07-03 09:35:00+09:00,-4.266188598048934e-05,0.0,1.0
2026-07-03 09:40:00+09:00,-0.0004782089251438142,0.0,0.9938271604938271
2026-07-03 09:45:00+09:00,0.00017731383252218735,0.0,0.9755344775669978
2026-07-03 09:50:00+09:00,-0.00012055483769853714,0.0,0.9754591990364347
2026-07-03 09:55:00+09:00,0.00028946512340571916,0.0,0.9753839205058716
2026-07-03 10:00:00+09:00,-0.00019878048780487805,0.9939024390243902,0.0
2026-07-03 10:05:00+09:00,0.0,0.0,0.0
2026-07-03 10:10:00+09:00,-1.2195121951219514e-06,0.006097560975609756,0.0
2026-07-03 10:15:00+09:00,0.0,0.0,0.0
2026-07-03 10:20:00+09:00,0.0,0.0,0.0
2026-07-03 10:25:00+09:00,0.0,0.0,0.0
2026-07-03 10:30:00+09:00,0.0,0.0,0.0
2026-07-03 10:35:00+09:00,0.0,0.0,0.0
2026-07-03 10:40:00+09:00,0.0,0.0,0.0
2026-07-03 10:45:00+09:00,0.0,0.0,0.0
2026-07-03 10:50:00+09:00,0.0,0.0,0.0
2026-07-03 10:55:00+09:00,0.0,0.0,0.0
2026-07-03 11:00:00+09:00,0.0,0.0,0.0
2026-07-03 11:05:00+09:00,0.0,0.0,0.0
2026-07-03 11:10:00+09:00,0.0,0.0,0.0
2026-07-03 11:15:00+09:00,0.0,0.0,0.0
2026-07-03 11:20:00+09:00,0.0,0.0,0.0
2026-07-03 11:25:00+09:00,0.0,0.0,0.0
2026-07-03 12:30:00+09:00,0.0,0.0,0.0
2026-07-03 12:35:00+09:00,0.0,0.0,0.0
2026-07-03 12:40:00+09:00,0.0,0.0,0.0
2026-07-03 12:45:00+09:00,0.0,0.0,0.0
2026-07-03 12:50:00+09:00,0.0,0.0,0.0
2026-07-03 12:55:00+09:00,0.0,0.0,0.0
2026-07-03 13:00:00+09:00,-0.000368663749781369,1.0,0.9999999999999999
2026-07-03 13:05:00+09:00,0.00014251913612969993,0.0,0.9750771604938271
2026-07-03 13:10:00+09:00,0.00015591516495943548,0.0,0.9751543209876543
2026-07-03 13:15:00+09:00,-7.528965747410775e-05,0.0,0.9503086419753086
2026-07-03 13:20:00+09:00,-2.306303716978781e-05,0.0,0.9688271604938272
2026-07-03 13:25:00+09:00,1.933591961078986e-05,0.0,0.987577160493827
2026-07-03 13:30:00+09:00,-0.0001975,0.9875,0.0
2026-07-03 13:35:00+09:00,-1.25e-06,0.00625,0.0
2026-07-03 13:40:00+09:00,-1.25e-06,0.00625,0.0
2026-07-03 13:45:00+09:00,0.0,0.0,0.0
2026-07-03 13:50:00+09:00,0.0,0.0,0.0
2026-07-03 13:55:00+09:00,0.0,0.0,0.0
2026-07-03 14:00:00+09:00,0.0,0.0,0.0
2026-07-03 14:05:00+09:00,0.0,0.0,0.0
2026-07-03 14:10:00+09:00,0.0,0.0,0.0
2026-07-03 14:15:00+09:00,0.0,0.0,0.0
2026-07-03 14:20:00+09:00,0.0,0.0,0.0
2026-07-03 14:25:00+09:00,0.0,0.0,0.0
2026-07-03 14:30:00+09:00,0.0,0.0,0.0
2026-07-03 14:35:00+09:00,0.0,0.0,0.0
2026-07-03 14:40:00+09:00,0.0,0.0,0.0
2026-07-03 14:45:00+09:00,0.0,0.0,0.0
2026-07-03 14:50:00+09:00,0.0,0.0,0.0
2026-07-03 14:55:00+09:00,0.0,0.0,0.0
2026-07-03 15:00:00+09:00,0.0,0.0,0.0
2026-07-03 15:05:00+09:00,0.0,0.0,0.0
2026-07-03 15:10:00+09:00,0.0,0.0,0.0
2026-07-03 15:15:00+09:00,0.0,0.0,0.0
2026-07-03 15:20:00+09:00,0.0,0.0,0.0
2026-07-06 09:00:00+09:00,0.0,0.0,0.0
2026-07-06 09:05:00+09:00,0.0,0.0,0.0
2026-07-06 09:10:00+09:00,0.0,0.0,0.0
2026-07-06 09:15:00+09:00,0.0,0.0,0.0
2026-07-06 09:20:00+09:00,0.0,0.0,0.0
2026-07-06 09:25:00+09:00,0.0,0.0,0.0
2026-07-06 09:30:00+09:00,-0.0008493948698638823,1.0,1.0
2026-07-06 09:35:00+09:00,0.00019410956606729634,0.0,0.993975903614458
2026-07-06 09:40:00+09:00,0.00017152457007370782,0.0,0.9577578607111372
2026-07-06 09:45:00+09:00,-1.1396161825430537e-05,0.0,0.9698060534822216
2026-07-06 09:50:00+09:00,0.00020416263821684656,0.0,0.9819277108433735
2026-07-06 09:55:00+09:00,9.058026391065107e-05,0.0,1.0
2026-07-06 10:00:00+09:00,-0.00019879518072289158,0.9939759036144579,0.0
2026-07-06 10:05:00+09:00,0.0,0.0,0.0
2026-07-06 10:10:00+09:00,0.0,0.0,0.0
2026-07-06 10:15:00+09:00,0.0,0.0,0.0
2026-07-06 10:20:00+09:00,0.0,0.0,0.0
2026-07-06 10:25:00+09:00,0.0,0.0,0.0
2026-07-06 10:30:00+09:00,0.0,0.0,0.0
2026-07-06 10:35:00+09:00,0.0,0.0,0.0
2026-07-06 10:40:00+09:00,0.0,0.0,0.0
2026-07-06 10:45:00+09:00,0.0,0.0,0.0
2026-07-06 10:50:00+09:00,0.0,0.0,0.0
2026-07-06 10:55:00+09:00,0.0,0.0,0.0
2026-07-06 11:00:00+09:00,0.0,0.0,0.0
2026-07-06 11:05:00+09:00,0.0,0.0,0.0
2026-07-06 11:10:00+09:00,0.0,0.0,0.0
2026-07-06 11:15:00+09:00,-1.2048192771084338e-06,0.006024096385542169,0.0
2026-07-06 11:20:00+09:00,0.0,0.0,0.0
2026-07-06 11:25:00+09:00,0.0,0.0,0.0
2026-07-06 12:30:00+09:00,0.0,0.0,0.0
2026-07-06 12:35:00+09:00,0.0,0.0,0.0
2026-07-06 12:40:00+09:00,0.0,0.0,0.0
2026-07-06 12:45:00+09:00,0.0,0.0,0.0
2026-07-06 12:50:00+09:00,0.0,0.0,0.0
2026-07-06 12:55:00+09:00,0.0,0.0,0.0
2026-07-06 13:00:00+09:00,0.0002357781171012962,1.0,1.0
2026-07-06 13:05:00+09:00,-0.00016570962581599353,0.0,0.9746835443037974
2026-07-06 13:10:00+09:00,-0.00040288776953984395,0.0,0.9747626582278481
2026-07-06 13:15:00+09:00,1.0653150048631595e-05,0.0,0.9748417721518987
2026-07-06 13:20:00+09:00,-0.0001356024507028257,0.0,0.9684335443037975
2026-07-06 13:25:00+09:00,-0.0002779123656632641,0.0,0.9557753164556962
2026-07-06 13:30:00+09:00,-0.0001949367088607595,0.9746835443037974,0.0
2026-07-06 13:35:00+09:00,-5.063291139240506e-06,0.02531645569620253,0.0
2026-07-06 13:40:00+09:00,0.0,0.0,0.0
2026-07-06 13:45:00+09:00,0.0,0.0,0.0
2026-07-06 13:50:00+09:00,0.0,0.0,0.0
2026-07-06 13:55:00+09:00,0.0,0.0,0.0
2026-07-06 14:00:00+09:00,0.0,0.0,0.0
2026-07-06 14:05:00+09:00,0.0,0.0,0.0
2026-07-06 14:10:00+09:00,0.0,0.0,0.0
2026-07-06 14:15:00+09:00,0.0,0.0,0.0
2026-07-06 14:20:00+09:00,0.0,0.0,0.0
2026-07-06 14:25:00+09:00,0.0,0.0,0.0
2026-07-06 14:30:00+09:00,0.0,0.0,0.0
2026-07-06 14:35:00+09:00,0.0,0.0,0.0
2026-07-06 14:40:00+09:00,0.0,0.0,0.0
2026-07-06 14:45:00+09:00,0.0,0.0,0.0
2026-07-06 14:50:00+09:00,0.0,0.0,0.0
2026-07-06 14:55:00+09:00,0.0,0.0,0.0
2026-07-06 15:00:00+09:00,0.0,0.0,0.0
2026-07-06 15:05:00+09:00,0.0,0.0,0.0
2026-07-06 15:10:00+09:00,0.0,0.0,0.0
2026-07-06 15:15:00+09:00,0.0,0.0,0.0
2026-07-06 15:20:00+09:00,0.0,0.0,0.0
2026-07-07 09:00:00+09:00,0.0,0.0,0.0
2026-07-07 09:05:00+09:00,0.0,0.0,0.0
2026-07-07 09:10:00+09:00,0.0,0.0,0.0
2026-07-07 09:15:00+09:00,0.0,0.0,0.0
2026-07-07 09:20:00+09:00,0.0,0.0,0.0
2026-07-07 09:25:00+09:00,0.0,0.0,0.0
2026-07-07 09:30:00+09:00,-4.3224950454882914e-05,1.0,1.0
2026-07-07 09:35:00+09:00,0.0010454580253894227,0.0,0.9879518072289156
2026-07-07 09:40:00+09:00,4.911701474141428e-05,0.0,0.9576109315310022
2026-07-07 09:45:00+09:00,-9.638886622055435e-05,0.0,0.9637819570966795
2026-07-07 09:50:00+09:00,0.0006621398027310458,0.0,0.9334410813987659
2026-07-07 09:55:00+09:00,5.337478459123251e-05,0.0,0.981854246253306
2026-07-07 10:00:00+09:00,-0.00019396121069644432,0.9698060534822216,0.0
2026-07-07 10:05:00+09:00,-4.833970026447253e-06,0.024169850132236263,0.0
2026-07-07 10:10:00+09:00,-1.2048192771084338e-06,0.006024096385542169,0.0
2026-07-07 10:15:00+09:00,0.0,0.0,0.0
2026-07-07 10:20:00+09:00,0.0,0.0,0.0
2026-07-07 10:25:00+09:00,0.0,0.0,0.0
2026-07-07 10:30:00+09:00,0.0,0.0,0.0
2026-07-07 10:35:00+09:00,0.0,0.0,0.0
2026-07-07 10:40:00+09:00,0.0,0.0,0.0
2026-07-07 10:45:00+09:00,0.0,0.0,0.0
2026-07-07 10:50:00+09:00,0.0,0.0,0.0
2026-07-07 10:55:00+09:00,0.0,0.0,0.0
2026-07-07 11:00:00+09:00,0.0,0.0,0.0
2026-07-07 11:05:00+09:00,0.0,0.0,0.0
2026-07-07 11:10:00+09:00,0.0,0.0,0.0
2026-07-07 11:15:00+09:00,0.0,0.0,0.0
2026-07-07 11:20:00+09:00,0.0,0.0,0.0
2026-07-07 11:25:00+09:00,0.0,0.0,0.0
2026-07-07 12:30:00+09:00,0.0,0.0,0.0
2026-07-07 12:35:00+09:00,0.0,0.0,0.0
2026-07-07 12:40:00+09:00,0.0,0.0,0.0
2026-07-07 12:45:00+09:00,0.0,0.0,0.0
2026-07-07 12:50:00+09:00,0.0,0.0,0.0
2026-07-07 12:55:00+09:00,0.0,0.0,0.0
2026-07-07 13:00:00+09:00,6.554617848438867e-05,1.0,1.0
2026-07-07 13:05:00+09:00,-0.0004100048207888528,0.0,0.9817807816632385
2026-07-07 13:10:00+09:00,-0.00016862484126886908,0.0,0.9756832206876287
2026-07-07 13:15:00+09:00,-4.038847196796806e-06,0.0,0.9817807816632382
2026-07-07 13:20:00+09:00,8.071723714468619e-05,0.0,0.9939024390243903
2026-07-07 13:25:00+09:00,0.00018026112258287023,0.0,0.9758301498677637
2026-07-07 13:30:00+09:00,-0.0001939318248604173,0.9696591243020865,0.0
2026-07-07 13:35:00+09:00,-4.84866294446077e-06,0.02424331472230385,0.0
2026-07-07 13:40:00+09:00,0.0,0.0,0.0
2026-07-07 13:45:00+09:00,-1.2195121951219514e-06,0.006097560975609756,0.0
2026-07-07 13:50:00+09:00,0.0,0.0,0.0
2026-07-07 13:55:00+09:00,0.0,0.0,0.0
2026-07-07 14:00:00+09:00,0.0,0.0,0.0
2026-07-07 14:05:00+09:00,0.0,0.0,0.0
2026-07-07 14:10:00+09:00,0.0,0.0,0.0
2026-07-07 14:15:00+09:00,0.0,0.0,0.0
2026-07-07 14:20:00+09:00,0.0,0.0,0.0
2026-07-07 14:25:00+09:00,0.0,0.0,0.0
2026-07-07 14:30:00+09:00,0.0,0.0,0.0
2026-07-07 14:35:00+09:00,0.0,0.0,0.0
2026-07-07 14:40:00+09:00,0.0,0.0,0.0
2026-07-07 14:45:00+09:00,0.0,0.0,0.0
2026-07-07 14:50:00+09:00,0.0,0.0,0.0
2026-07-07 14:55:00+09:00,0.0,0.0,0.0
2026-07-07 15:00:00+09:00,0.0,0.0,0.0
2026-07-07 15:05:00+09:00,0.0,0.0,0.0
2026-07-07 15:10:00+09:00,0.0,0.0,0.0
2026-07-07 15:15:00+09:00,0.0,0.0,0.0
2026-07-07 15:20:00+09:00,0.0,0.0,0.0
2026-07-08 09:00:00+09:00,0.0,0.0,0.0
2026-07-08 09:05:00+09:00,0.0,0.0,0.0
2026-07-08 09:10:00+09:00,0.0,0.0,0.0
2026-07-08 09:15:00+09:00,0.0,0.0,0.0
2026-07-08 09:20:00+09:00,0.0,0.0,0.0
2026-07-08 09:25:00+09:00,0.0,0.0,0.0
2026-07-08 09:30:00+09:00,-0.0013988374540750384,1.0,1.0
2026-07-08 09:35:00+09:00,-0.001947677044345576,0.0,0.9817807816632382
2026-07-08 09:40:00+09:00,-0.0009976554202069158,0.0,0.9939024390243902
2026-07-08 09:45:00+09:00,-0.000413672241301979,0.0,0.9759036144578314
2026-07-08 09:50:00+09:00,-0.00015568981655564694,0.0,0.9817807816632383
2026-07-08 09:55:00+09:00,0.00039301976123928156,0.0,0.9758301498677637
2026-07-08 10:00:00+09:00,-0.00019879518072289158,0.9939759036144579,0.0
2026-07-08 10:05:00+09:00,-1.2048192771084338e-06,0.006024096385542169,0.0
2026-07-08 10:10:00+09:00,0.0,0.0,0.0
2026-07-08 10:15:00+09:00,0.0,0.0,0.0
2026-07-08 10:20:00+09:00,0.0,0.0,0.0
2026-07-08 10:25:00+09:00,0.0,0.0,0.0
2026-07-08 10:30:00+09:00,0.0,0.0,0.0
2026-07-08 10:35:00+09:00,0.0,0.0,0.0
2026-07-08 10:40:00+09:00,0.0,0.0,0.0
2026-07-08 10:45:00+09:00,0.0,0.0,0.0
2026-07-08 10:50:00+09:00,0.0,0.0,0.0
2026-07-08 10:55:00+09:00,0.0,0.0,0.0
2026-07-08 11:00:00+09:00,0.0,0.0,0.0
2026-07-08 11:05:00+09:00,0.0,0.0,0.0
2026-07-08 11:10:00+09:00,0.0,0.0,0.0
2026-07-08 11:15:00+09:00,0.0,0.0,0.0
2026-07-08 11:20:00+09:00,0.0,0.0,0.0
2026-07-08 11:25:00+09:00,0.0,0.0,0.0
2026-07-08 12:30:00+09:00,0.0,0.0,0.0
2026-07-08 12:35:00+09:00,0.0,0.0,0.0
2026-07-08 12:40:00+09:00,0.0,0.0,0.0
2026-07-08 12:45:00+09:00,0.0,0.0,0.0
2026-07-08 12:50:00+09:00,0.0,0.0,0.0
2026-07-08 12:55:00+09:00,0.0,0.0,0.0
2026-07-08 13:00:00+09:00,-0.00019663023482261656,1.0,1.0
2026-07-08 13:05:00+09:00,-2.7243309611842952e-05,0.0,0.9451219512195123
2026-07-08 13:10:00+09:00,-7.439723197784474e-05,0.0,0.9634146341463414
2026-07-08 13:15:00+09:00,0.0004193517636746543,0.0,0.9573170731707318
2026-07-08 13:20:00+09:00,-0.000361435893253613,0.0,0.9817073170731708
2026-07-08 13:25:00+09:00,-0.0005703294262680032,0.0,0.9451219512195123
2026-07-08 13:30:00+09:00,-0.0001951219512195122,0.975609756097561,0.0
2026-07-08 13:35:00+09:00,-3.658536585365854e-06,0.01829268292682927,0.0
2026-07-08 13:40:00+09:00,-1.2195121951219514e-06,0.006097560975609756,0.0
2026-07-08 13:45:00+09:00,0.0,0.0,0.0
2026-07-08 13:50:00+09:00,0.0,0.0,0.0
2026-07-08 13:55:00+09:00,0.0,0.0,0.0
2026-07-08 14:00:00+09:00,0.0,0.0,0.0
2026-07-08 14:05:00+09:00,0.0,0.0,0.0
2026-07-08 14:10:00+09:00,0.0,0.0,0.0
2026-07-08 14:15:00+09:00,0.0,0.0,0.0
2026-07-08 14:20:00+09:00,0.0,0.0,0.0
2026-07-08 14:25:00+09:00,0.0,0.0,0.0
2026-07-08 14:30:00+09:00,0.0,0.0,0.0
2026-07-08 14:35:00+09:00,0.0,0.0,0.0
2026-07-08 14:40:00+09:00,0.0,0.0,0.0
2026-07-08 14:45:00+09:00,0.0,0.0,0.0
2026-07-08 14:50:00+09:00,0.0,0.0,0.0
2026-07-08 14:55:00+09:00,0.0,0.0,0.0
2026-07-08 15:00:00+09:00,0.0,0.0,0.0
2026-07-08 15:05:00+09:00,0.0,0.0,0.0
2026-07-08 15:10:00+09:00,0.0,0.0,0.0
2026-07-08 15:15:00+09:00,0.0,0.0,0.0
2026-07-08 15:20:00+09:00,0.0,0.0,0.0
2026-07-09 09:00:00+09:00,0.0,0.0,0.0
2026-07-09 09:05:00+09:00,0.0,0.0,0.0
2026-07-09 09:10:00+09:00,0.0,0.0,0.0
2026-07-09 09:15:00+09:00,0.0,0.0,0.0
2026-07-09 09:20:00+09:00,0.0,0.0,0.0
2026-07-09 09:25:00+09:00,0.0,0.0,0.0
2026-07-09 09:30:00+09:00,-0.0001817818605169698,1.0,1.0
2026-07-09 09:35:00+09:00,0.0002687407560541878,0.0,0.9637084925066118
2026-07-09 09:40:00+09:00,-0.00016236445441304256,0.0,0.9757566852776962
2026-07-09 09:45:00+09:00,0.0002560151018367538,0.0,0.9637819570966795
2026-07-09 09:50:00+09:00,-0.0003882487251825752,0.0,0.9819277108433735
2026-07-09 09:55:00+09:00,-0.00014399378484300355,0.0,0.9575374669409344
2026-07-09 10:00:00+09:00,-0.00019516602997355275,0.9758301498677637,0.0
2026-07-09 10:05:00+09:00,-3.629150749338819e-06,0.018145753746694096,0.0
2026-07-09 10:10:00+09:00,0.0,0.0,0.0
2026-07-09 10:15:00+09:00,0.0,0.0,0.0
2026-07-09 10:20:00+09:00,-1.2048192771084338e-06,0.006024096385542169,0.0
2026-07-09 10:25:00+09:00,0.0,0.0,0.0
2026-07-09 10:30:00+09:00,0.0,0.0,0.0
2026-07-09 10:35:00+09:00,0.0,0.0,0.0
2026-07-09 10:40:00+09:00,0.0,0.0,0.0
2026-07-09 10:45:00+09:00,0.0,0.0,0.0
2026-07-09 10:50:00+09:00,0.0,0.0,0.0
2026-07-09 10:55:00+09:00,0.0,0.0,0.0
2026-07-09 11:00:00+09:00,0.0,0.0,0.0
2026-07-09 11:05:00+09:00,0.0,0.0,0.0
2026-07-09 11:10:00+09:00,0.0,0.0,0.0
2026-07-09 11:15:00+09:00,0.0,0.0,0.0
2026-07-09 11:20:00+09:00,0.0,0.0,0.0
2026-07-09 11:25:00+09:00,0.0,0.0,0.0
2026-07-09 12:30:00+09:00,0.0,0.0,0.0
2026-07-09 12:35:00+09:00,0.0,0.0,0.0
2026-07-09 12:40:00+09:00,0.0,0.0,0.0
2026-07-09 12:45:00+09:00,0.0,0.0,0.0
2026-07-09 12:50:00+09:00,0.0,0.0,0.0
2026-07-09 12:55:00+09:00,0.0,0.0,0.0
2026-07-09 13:00:00+09:00,-7.545638245166655e-05,1.0,0.9999999999999999
2026-07-09 13:05:00+09:00,9.918337907272714e-05,0.0,0.9755344775669978
2026-07-09 13:10:00+09:00,0.0004690085657856539,0.0,0.9633393556157783
2026-07-09 13:15:00+09:00,9.500805449999951e-05,0.0,0.9939024390243902
2026-07-09 13:20:00+09:00,-4.5201404098685344e-05,0.0,0.9939024390243902
2026-07-09 13:25:00+09:00,1.020994813694037e-05,0.0,0.975609756097561
2026-07-09 13:30:00+09:00,-0.00019265281541704308,0.9632640770852153,0.0
2026-07-09 13:35:00+09:00,-3.688647997591087e-06,0.018443239987955433,0.0
2026-07-09 13:40:00+09:00,-1.2195121951219514e-06,0.006097560975609756,0.0
2026-07-09 13:45:00+09:00,0.0,0.0,0.0
2026-07-09 13:50:00+09:00,-2.4390243902439027e-06,0.012195121951219513,0.0
2026-07-09 13:55:00+09:00,0.0,0.0,0.0
2026-07-09 14:00:00+09:00,0.0,0.0,0.0
2026-07-09 14:05:00+09:00,0.0,0.0,0.0
2026-07-09 14:10:00+09:00,0.0,0.0,0.0
2026-07-09 14:15:00+09:00,0.0,0.0,0.0
2026-07-09 14:20:00+09:00,0.0,0.0,0.0
2026-07-09 14:25:00+09:00,0.0,0.0,0.0
2026-07-09 14:30:00+09:00,0.0,0.0,0.0
2026-07-09 14:35:00+09:00,0.0,0.0,0.0
2026-07-09 14:40:00+09:00,0.0,0.0,0.0
2026-07-09 14:45:00+09:00,0.0,0.0,0.0
2026-07-09 14:50:00+09:00,0.0,0.0,0.0
2026-07-09 14:55:00+09:00,0.0,0.0,0.0
2026-07-09 15:00:00+09:00,0.0,0.0,0.0
2026-07-09 15:05:00+09:00,0.0,0.0,0.0
2026-07-09 15:10:00+09:00,0.0,0.0,0.0
2026-07-09 15:15:00+09:00,0.0,0.0,0.0
2026-07-09 15:20:00+09:00,0.0,0.0,0.0
2026-07-10 09:00:00+09:00,0.0,0.0,0.0
2026-07-10 09:05:00+09:00,0.0,0.0,0.0
2026-07-10 09:10:00+09:00,0.0,0.0,0.0
2026-07-10 09:15:00+09:00,0.0,0.0,0.0
2026-07-10 09:20:00+09:00,0.0,0.0,0.0
2026-07-10 09:25:00+09:00,0.0,0.0,0.0
2026-07-10 09:30:00+09:00,1.0874822628281501e-05,1.0,1.0
2026-07-10 09:35:00+09:00,0.00041584480575693476,0.0,0.9636350279165442
2026-07-10 09:40:00+09:00,-4.657774723441918e-05,0.0,0.9636350279165442
2026-07-10 09:45:00+09:00,-8.03738532790577e-05,0.0,0.9817807816632383
2026-07-10 09:50:00+09:00,0.0002136413035257147,0.0,0.9514399059653248
2026-07-10 09:55:00+09:00,-0.00025688461432469135,0.0,0.9576843961210697
2026-07-10 10:00:00+09:00,-0.00019757566852776962,0.9878783426388481,0.0
2026-07-10 10:05:00+09:00,-2.424331472230385e-06,0.012121657361151925,0.0
2026-07-10 10:10:00+09:00,0.0,0.0,0.0
2026-07-10 10:15:00+09:00,0.0,0.0,0.0
2026-07-10 10:20:00+09:00,0.0,0.0,0.0
2026-07-10 10:25:00+09:00,0.0,0.0,0.0
2026-07-10 10:30:00+09:00,0.0,0.0,0.0
2026-07-10 10:35:00+09:00,0.0,0.0,0.0
2026-07-10 10:40:00+09:00,0.0,0.0,0.0
2026-07-10 10:45:00+09:00,0.0,0.0,0.0
2026-07-10 10:50:00+09:00,0.0,0.0,0.0
2026-07-10 10:55:00+09:00,0.0,0.0,0.0
2026-07-10 11:00:00+09:00,0.0,0.0,0.0
2026-07-10 11:05:00+09:00,0.0,0.0,0.0
2026-07-10 11:10:00+09:00,0.0,0.0,0.0
2026-07-10 11:15:00+09:00,0.0,0.0,0.0
2026-07-10 11:20:00+09:00,0.0,0.0,0.0
2026-07-10 11:25:00+09:00,0.0,0.0,0.0
2026-07-10 12:30:00+09:00,0.0,0.0,0.0
2026-07-10 12:35:00+09:00,0.0,0.0,0.0
2026-07-10 12:40:00+09:00,0.0,0.0,0.0
2026-07-10 12:45:00+09:00,0.0,0.0,0.0
2026-07-10 12:50:00+09:00,0.0,0.0,0.0
2026-07-10 12:55:00+09:00,0.0,0.0,0.0
2026-07-10 13:00:00+09:00,-0.00010257339272063572,1.0,1.0
2026-07-10 13:05:00+09:00,-3.504615736327918e-05,0.0,0.9810917721518988
2026-07-10 13:10:00+09:00,-8.940008512141693e-05,0.0,0.9621835443037975
2026-07-10 13:15:00+09:00,0.00019349457487439912,0.0,0.9684335443037975
2026-07-10 13:20:00+09:00,-0.00027956427279715915,0.0,0.9684335443037975
2026-07-10 13:25:00+09:00,9.089276863459126e-05,0.0,0.9495253164556963
2026-07-10 13:30:00+09:00,-0.00019371835443037974,0.9685917721518987,0.0
2026-07-10 13:35:00+09:00,-3.7500000000000005e-06,0.018750000000000003,0.0
2026-07-10 13:40:00+09:00,-1.2658227848101265e-06,0.006329113924050633,0.0
2026-07-10 13:45:00+09:00,0.0,0.0,0.0
2026-07-10 13:50:00+09:00,-1.2658227848101265e-06,0.006329113924050633,0.0
2026-07-10 13:55:00+09:00,0.0,0.0,0.0
2026-07-10 14:00:00+09:00,0.0,0.0,0.0
2026-07-10 14:05:00+09:00,0.0,0.0,0.0
2026-07-10 14:10:00+09:00,0.0,0.0,0.0
2026-07-10 14:15:00+09:00,0.0,0.0,0.0
2026-07-10 14:20:00+09:00,0.0,0.0,0.0
2026-07-10 14:25:00+09:00,0.0,0.0,0.0
2026-07-10 14:30:00+09:00,0.0,0.0,0.0
2026-07-10 14:35:00+09:00,0.0,0.0,0.0
2026-07-10 14:40:00+09:00,0.0,0.0,0.0
2026-07-10 14:45:00+09:00,0.0,0.0,0.0
2026-07-10 14:50:00+09:00,0.0,0.0,0.0
2026-07-10 14:55:00+09:00,0.0,0.0,0.0
2026-07-10 15:00:00+09:00,0.0,0.0,0.0
2026-07-10 15:05:00+09:00,0.0,0.0,0.0
2026-07-10 15:10:00+09:00,0.0,0.0,0.0
2026-07-10 15:15:00+09:00,0.0,0.0,0.0
2026-07-10 15:20:00+09:00,0.0,0.0,0.0
2026-07-13 09:00:00+09:00,0.0,0.0,0.0
2026-07-13 09:05:00+09:00,0.0,0.0,0.0
2026-07-13 09:10:00+09:00,0.0,0.0,0.0
2026-07-13 09:15:00+09:00,0.0,0.0,0.0
2026-07-13 09:20:00+09:00,0.0,0.0,0.0
2026-07-13 09:25:00+09:00,0.0,0.0,0.0
2026-07-13 09:30:00+09:00,0.0005460353237260879,1.0,1.0
2026-07-13 09:35:00+09:00,0.00025125524026915194,0.0,0.9878048780487805
2026-07-13 09:40:00+09:00,0.00025910075688465663,0.0,0.9694369165913881
2026-07-13 09:45:00+09:00,0.0002727472456654072,0.0,0.9815567600120445
2026-07-13 09:50:00+09:00,-7.433712648449873e-05,0.0,0.9877295995182174
2026-07-13 09:55:00+09:00,0.0001451893380366504,0.0,0.9815567600120445
2026-07-13 10:00:00+09:00,-0.00019878048780487805,0.9939024390243902,0.0
2026-07-13 10:05:00+09:00,-1.2195121951219514e-06,0.006097560975609756,0.0
2026-07-13 10:10:00+09:00,0.0,0.0,0.0
2026-07-13 10:15:00+09:00,0.0,0.0,0.0
2026-07-13 10:20:00+09:00,0.0,0.0,0.0
2026-07-13 10:25:00+09:00,0.0,0.0,0.0
2026-07-13 10:30:00+09:00,0.0,0.0,0.0
2026-07-13 10:35:00+09:00,0.0,0.0,0.0
2026-07-13 10:40:00+09:00,0.0,0.0,0.0
2026-07-13 10:45:00+09:00,0.0,0.0,0.0
2026-07-13 10:50:00+09:00,0.0,0.0,0.0
2026-07-13 10:55:00+09:00,0.0,0.0,0.0
2026-07-13 11:00:00+09:00,0.0,0.0,0.0
2026-07-13 11:05:00+09:00,0.0,0.0,0.0
2026-07-13 11:10:00+09:00,0.0,0.0,0.0
2026-07-13 11:15:00+09:00,0.0,0.0,0.0
2026-07-13 11:20:00+09:00,0.0,0.0,0.0
2026-07-13 11:25:00+09:00,0.0,0.0,0.0
2026-07-13 12:30:00+09:00,0.0,0.0,0.0
2026-07-13 12:35:00+09:00,0.0,0.0,0.0
2026-07-13 12:40:00+09:00,0.0,0.0,0.0
2026-07-13 12:45:00+09:00,0.0,0.0,0.0
2026-07-13 12:50:00+09:00,0.0,0.0,0.0
2026-07-13 12:55:00+09:00,0.0,0.0,0.0
2026-07-13 13:00:00+09:00,-0.00015449070778714605,1.0,1.0
2026-07-13 13:05:00+09:00,0.00037869258929750107,0.0,0.9316358024691358
2026-07-13 13:10:00+09:00,-0.00013007505831959222,0.0,0.9503858024691357
2026-07-13 13:15:00+09:00,0.00046789233107431046,0.0,0.9378086419753086
2026-07-13 13:20:00+09:00,7.356507286678852e-05,0.0,0.9628086419753086
2026-07-13 13:25:00+09:00,-0.0003243913710014048,0.0,0.9562499999999999
2026-07-13 13:30:00+09:00,-0.00019129629629629632,0.9564814814814815,0.0
2026-07-13 13:35:00+09:00,-6.203703703703704e-06,0.031018518518518518,0.0
2026-07-13 13:40:00+09:00,-2.5e-06,0.0125,0.0
2026-07-13 13:45:00+09:00,0.0,0.0,0.0
2026-07-13 13:50:00+09:00,0.0,0.0,0.0
2026-07-13 13:55:00+09:00,0.0,0.0,0.0
2026-07-13 14:00:00+09:00,0.0,0.0,0.0
2026-07-13 14:05:00+09:00,0.0,0.0,0.0
2026-07-13 14:10:00+09:00,0.0,0.0,0.0
2026-07-13 14:15:00+09:00,0.0,0.0,0.0
2026-07-13 14:20:00+09:00,0.0,0.0,0.0
2026-07-13 14:25:00+09:00,0.0,0.0,0.0
2026-07-13 14:30:00+09:00,0.0,0.0,0.0
2026-07-13 14:35:00+09:00,0.0,0.0,0.0
2026-07-13 14:40:00+09:00,0.0,0.0,0.0
2026-07-13 14:45:00+09:00,0.0,0.0,0.0
2026-07-13 14:50:00+09:00,0.0,0.0,0.0
2026-07-13 14:55:00+09:00,0.0,0.0,0.0
2026-07-13 15:00:00+09:00,0.0,0.0,0.0
2026-07-13 15:05:00+09:00,0.0,0.0,0.0
2026-07-13 15:10:00+09:00,0.0,0.0,0.0
2026-07-13 15:15:00+09:00,0.0,0.0,0.0
2026-07-13 15:20:00+09:00,0.0,0.0,0.0
2026-07-14 09:00:00+09:00,0.0,0.0,0.0
2026-07-14 09:05:00+09:00,0.0,0.0,0.0
2026-07-14 09:10:00+09:00,0.0,0.0,0.0
2026-07-14 09:15:00+09:00,0.0,0.0,0.0
2026-07-14 09:20:00+09:00,0.0,0.0,0.0
2026-07-14 09:25:00+09:00,0.0,0.0,0.0
2026-07-14 09:30:00+09:00,0.00011980775385750463,1.0,1.0
2026-07-14 09:35:00+09:00,0.0003198889760584277,0.0,0.981854246253306
2026-07-14 09:40:00+09:00,-1.7705401063736184e-06,0.0,0.9879518072289157
2026-07-14 09:45:00+09:00,-0.0001563194227463777,0.0,0.9454892741698502
2026-07-14 09:50:00+09:00,-0.00019843849864863595,0.0,1.0
2026-07-14 09:55:00+09:00,-0.00019973398187700993,0.0,0.9819277108433735
2026-07-14 10:00:00+09:00,-0.0001963561563326477,0.9817807816632383,0.0
2026-07-14 10:05:00+09:00,-3.6438436673523368e-06,0.018219218336761683,0.0
2026-07-14 10:10:00+09:00,0.0,0.0,0.0
2026-07-14 10:15:00+09:00,0.0,0.0,0.0
2026-07-14 10:20:00+09:00,0.0,0.0,0.0
2026-07-14 10:25:00+09:00,0.0,0.0,0.0
2026-07-14 10:30:00+09:00,0.0,0.0,0.0
2026-07-14 10:35:00+09:00,0.0,0.0,0.0
2026-07-14 10:40:00+09:00,0.0,0.0,0.0
2026-07-14 10:45:00+09:00,0.0,0.0,0.0
2026-07-14 10:50:00+09:00,0.0,0.0,0.0
2026-07-14 10:55:00+09:00,0.0,0.0,0.0
2026-07-14 11:00:00+09:00,0.0,0.0,0.0
2026-07-14 11:05:00+09:00,0.0,0.0,0.0
2026-07-14 11:10:00+09:00,0.0,0.0,0.0
2026-07-14 11:15:00+09:00,0.0,0.0,0.0
2026-07-14 11:20:00+09:00,0.0,0.0,0.0
2026-07-14 11:25:00+09:00,0.0,0.0,0.0
2026-07-14 12:30:00+09:00,0.0,0.0,0.0
2026-07-14 12:35:00+09:00,0.0,0.0,0.0
2026-07-14 12:40:00+09:00,0.0,0.0,0.0
2026-07-14 12:45:00+09:00,0.0,0.0,0.0
2026-07-14 12:50:00+09:00,0.0,0.0,0.0
2026-07-14 12:55:00+09:00,0.0,0.0,0.0
2026-07-14 13:00:00+09:00,0.0004147992070943661,1.0,0.9999999999999999
2026-07-14 13:05:00+09:00,0.0002604563597453082,0.0,0.9689814814814814
2026-07-14 13:10:00+09:00,5.604544800070446e-05,0.0,0.9628086419753086
2026-07-14 13:15:00+09:00,-0.0002956633003304042,0.0,0.9503858024691358
2026-07-14 13:20:00+09:00,-0.00041040658328038876,0.0,0.9813271604938272
2026-07-14 13:25:00+09:00,-9.518500988925419e-05,0.0,0.9069444444444443
2026-07-14 13:30:00+09:00,-0.00019753086419753088,0.9876543209876543,0.0
2026-07-14 13:35:00+09:00,-1.234567901234568e-06,0.006172839506172839,0.0
2026-07-14 13:40:00+09:00,-1.234567901234568e-06,0.006172839506172839,0.0
2026-07-14 13:45:00+09:00,0.0,0.0,0.0
2026-07-14 13:50:00+09:00,0.0,0.0,0.0
2026-07-14 13:55:00+09:00,0.0,0.0,0.0
2026-07-14 14:00:00+09:00,0.0,0.0,0.0
2026-07-14 14:05:00+09:00,0.0,0.0,0.0
2026-07-14 14:10:00+09:00,0.0,0.0,0.0
2026-07-14 14:15:00+09:00,0.0,0.0,0.0
2026-07-14 14:20:00+09:00,0.0,0.0,0.0
2026-07-14 14:25:00+09:00,0.0,0.0,0.0
2026-07-14 14:30:00+09:00,0.0,0.0,0.0
2026-07-14 14:35:00+09:00,0.0,0.0,0.0
2026-07-14 14:40:00+09:00,0.0,0.0,0.0
2026-07-14 14:45:00+09:00,0.0,0.0,0.0
2026-07-14 14:50:00+09:00,0.0,0.0,0.0
2026-07-14 14:55:00+09:00,0.0,0.0,0.0
2026-07-14 15:00:00+09:00,0.0,0.0,0.0
2026-07-14 15:05:00+09:00,0.0,0.0,0.0
2026-07-14 15:10:00+09:00,0.0,0.0,0.0
2026-07-14 15:15:00+09:00,0.0,0.0,0.0
2026-07-14 15:20:00+09:00,0.0,0.0,0.0
2026-07-15 09:00:00+09:00,0.0,0.0,0.0
2026-07-15 09:05:00+09:00,0.0,0.0,0.0
2026-07-15 09:10:00+09:00,0.0,0.0,0.0
2026-07-15 09:15:00+09:00,0.0,0.0,0.0
2026-07-15 09:20:00+09:00,0.0,0.0,0.0
2026-07-15 09:25:00+09:00,0.0,0.0,0.0
2026-07-15 09:30:00+09:00,-0.00032142306701074823,1.0,0.9999999999999999
2026-07-15 09:35:00+09:00,-0.00014430089503956008,0.0,0.9938271604938271
2026-07-15 09:40:00+09:00,-0.0002347930732649039,0.0,0.9877295995182174
2026-07-15 09:45:00+09:00,-1.6415182365133632e-05,0.0,0.9754591990364347
2026-07-15 09:50:00+09:00,0.00011139336465195156,0.0,0.9815567600120445
2026-07-15 09:55:00+09:00,0.00013378593397014648,0.0,1.0
2026-07-15 10:00:00+09:00,-0.00019506172839506175,0.9753086419753086,0.0
2026-07-15 10:05:00+09:00,-4.938271604938272e-06,0.024691358024691357,0.0
2026-07-15 10:10:00+09:00,0.0,0.0,0.0
2026-07-15 10:15:00+09:00,0.0,0.0,0.0
2026-07-15 10:20:00+09:00,0.0,0.0,0.0
2026-07-15 10:25:00+09:00,0.0,0.0,0.0
2026-07-15 10:30:00+09:00,0.0,0.0,0.0
2026-07-15 10:35:00+09:00,0.0,0.0,0.0
2026-07-15 10:40:00+09:00,0.0,0.0,0.0
2026-07-15 10:45:00+09:00,0.0,0.0,0.0
2026-07-15 10:50:00+09:00,0.0,0.0,0.0
2026-07-15 10:55:00+09:00,0.0,0.0,0.0
2026-07-15 11:00:00+09:00,0.0,0.0,0.0
2026-07-15 11:05:00+09:00,0.0,0.0,0.0
2026-07-15 11:10:00+09:00,0.0,0.0,0.0
2026-07-15 11:15:00+09:00,0.0,0.0,0.0
2026-07-15 11:20:00+09:00,0.0,0.0,0.0
2026-07-15 11:25:00+09:00,0.0,0.0,0.0
2026-07-15 12:30:00+09:00,0.0,0.0,0.0
2026-07-15 12:35:00+09:00,0.0,0.0,0.0
2026-07-15 12:40:00+09:00,0.0,0.0,0.0
2026-07-15 12:45:00+09:00,0.0,0.0,0.0
2026-07-15 12:50:00+09:00,0.0,0.0,0.0
2026-07-15 12:55:00+09:00,0.0,0.0,0.0
2026-07-15 13:00:00+09:00,9.84402413914576e-05,1.0,1.0
2026-07-15 13:05:00+09:00,-0.00013601773939794014,0.0,0.9873417721518989
2026-07-15 13:10:00+09:00,4.054359029073409e-05,0.0,0.9748417721518987
2026-07-15 13:15:00+09:00,-6.177066996538092e-05,0.0,0.9622626582278482
2026-07-15 13:20:00+09:00,0.0002558912180984063,0.0,0.9434335443037976
2026-07-15 13:25:00+09:00,-0.0001438151401196461,0.0,0.9687500000000001
2026-07-15 13:30:00+09:00,-0.00018995253164556962,0.9497626582278481,0.0
2026-07-15 13:35:00+09:00,-6.281645569620253e-06,0.03140822784810127,0.0
2026-07-15 13:40:00+09:00,-2.5e-06,0.0125,0.0
2026-07-15 13:45:00+09:00,-1.2658227848101265e-06,0.006329113924050633,0.0
2026-07-15 13:50:00+09:00,0.0,0.0,0.0
2026-07-15 13:55:00+09:00,0.0,0.0,0.0
2026-07-15 14:00:00+09:00,0.0,0.0,0.0
2026-07-15 14:05:00+09:00,0.0,0.0,0.0
2026-07-15 14:10:00+09:00,0.0,0.0,0.0
2026-07-15 14:15:00+09:00,0.0,0.0,0.0
2026-07-15 14:20:00+09:00,0.0,0.0,0.0
2026-07-15 14:25:00+09:00,0.0,0.0,0.0
2026-07-15 14:30:00+09:00,0.0,0.0,0.0
2026-07-15 14:35:00+09:00,0.0,0.0,0.0
2026-07-15 14:40:00+09:00,0.0,0.0,0.0
2026-07-15 14:45:00+09:00,0.0,0.0,0.0
2026-07-15 14:50:00+09:00,0.0,0.0,0.0
2026-07-15 14:55:00+09:00,0.0,0.0,0.0
2026-07-15 15:00:00+09:00,0.0,0.0,0.0
2026-07-15 15:05:00+09:00,0.0,0.0,0.0
2026-07-15 15:10:00+09:00,0.0,0.0,0.0
2026-07-15 15:15:00+09:00,0.0,0.0,0.0
2026-07-15 15:20:00+09:00,0.0,0.0,0.0
2026-07-16 09:00:00+09:00,0.0,0.0,0.0
2026-07-16 09:05:00+09:00,0.0,0.0,0.0
2026-07-16 09:10:00+09:00,0.0,0.0,0.0
2026-07-16 09:15:00+09:00,0.0,0.0,0.0
2026-07-16 09:20:00+09:00,0.0,0.0,0.0
2026-07-16 09:25:00+09:00,0.0,0.0,0.0
2026-07-16 09:30:00+09:00,0.000611777918894022,1.0,1.0
2026-07-16 09:35:00+09:00,0.00039375818612494295,0.0,0.9817807816632383
2026-07-16 09:40:00+09:00,-0.000631300097156143,0.0,0.9939759036144579
2026-07-16 09:45:00+09:00,-0.0001596458585183112,0.0,0.9698795180722892
2026-07-16 09:50:00+09:00,0.0004063856678707164,0.0,1.0
2026-07-16 09:55:00+09:00,0.0002602939750999247,0.0,0.9698060534822217
2026-07-16 10:00:00+09:00,-0.0002,1.0,0.0
2026-07-16 10:05:00+09:00,0.0,0.0,0.0
2026-07-16 10:10:00+09:00,0.0,0.0,0.0
2026-07-16 10:15:00+09:00,0.0,0.0,0.0
2026-07-16 10:20:00+09:00,0.0,0.0,0.0
2026-07-16 10:25:00+09:00,0.0,0.0,0.0
2026-07-16 10:30:00+09:00,0.0,0.0,0.0
2026-07-16 10:35:00+09:00,0.0,0.0,0.0
2026-07-16 10:40:00+09:00,0.0,0.0,0.0
2026-07-16 10:45:00+09:00,0.0,0.0,0.0
2026-07-16 10:50:00+09:00,0.0,0.0,0.0
2026-07-16 10:55:00+09:00,0.0,0.0,0.0
2026-07-16 11:00:00+09:00,0.0,0.0,0.0
2026-07-16 11:05:00+09:00,0.0,0.0,0.0
2026-07-16 11:10:00+09:00,0.0,0.0,0.0
2026-07-16 11:15:00+09:00,0.0,0.0,0.0
2026-07-16 11:20:00+09:00,0.0,0.0,0.0
2026-07-16 11:25:00+09:00,0.0,0.0,0.0
2026-07-16 12:30:00+09:00,0.0,0.0,0.0
2026-07-16 12:35:00+09:00,0.0,0.0,0.0
2026-07-16 12:40:00+09:00,0.0,0.0,0.0
2026-07-16 12:45:00+09:00,0.0,0.0,0.0
2026-07-16 12:50:00+09:00,0.0,0.0,0.0
2026-07-16 12:55:00+09:00,0.0,0.0,0.0
2026-07-16 13:00:00+09:00,-0.00024674010762425376,1.0,1.0
2026-07-16 13:05:00+09:00,6.820651236156007e-05,0.0,0.9514399059653248
2026-07-16 13:10:00+09:00,2.1460438815891587e-05,0.0,0.9331472230384956
2026-07-16 13:15:00+09:00,2.882670744865979e-05,0.0,0.9271965912430209
2026-07-16 13:20:00+09:00,-3.6707990288070546e-05,0.0,0.9513664413752572
2026-07-16 13:25:00+09:00,4.5937103956841464e-05,0.0,0.975609756097561
2026-07-16 13:30:00+09:00,-0.0001878783426388481,0.9393917131942404,0.0
2026-07-16 13:35:00+09:00,-1.2121657361151927e-05,0.06060828680575962,0.0
2026-07-16 13:40:00+09:00,0.0,0.0,0.0
2026-07-16 13:45:00+09:00,0.0,0.0,0.0
2026-07-16 13:50:00+09:00,0.0,0.0,0.0
2026-07-16 13:55:00+09:00,0.0,0.0,0.0
2026-07-16 14:00:00+09:00,0.0,0.0,0.0
2026-07-16 14:05:00+09:00,0.0,0.0,0.0
2026-07-16 14:10:00+09:00,0.0,0.0,0.0
2026-07-16 14:15:00+09:00,0.0,0.0,0.0
2026-07-16 14:20:00+09:00,0.0,0.0,0.0
2026-07-16 14:25:00+09:00,0.0,0.0,0.0
2026-07-16 14:30:00+09:00,0.0,0.0,0.0
2026-07-16 14:35:00+09:00,0.0,0.0,0.0
2026-07-16 14:40:00+09:00,0.0,0.0,0.0
2026-07-16 14:45:00+09:00,0.0,0.0,0.0
2026-07-16 14:50:00+09:00,0.0,0.0,0.0
2026-07-16 14:55:00+09:00,0.0,0.0,0.0
2026-07-16 15:00:00+09:00,0.0,0.0,0.0
2026-07-16 15:05:00+09:00,0.0,0.0,0.0
2026-07-16 15:10:00+09:00,0.0,0.0,0.0
2026-07-16 15:15:00+09:00,0.0,0.0,0.0
2026-07-16 15:20:00+09:00,0.0,0.0,0.0
2026-07-17 09:00:00+09:00,0.0,0.0,0.0
2026-07-17 09:05:00+09:00,0.0,0.0,0.0
2026-07-17 09:10:00+09:00,0.0,0.0,0.0
2026-07-17 09:15:00+09:00,0.0,0.0,0.0
2026-07-17 09:20:00+09:00,0.0,0.0,0.0
2026-07-17 09:25:00+09:00,0.0,0.0,0.0
2026-07-17 09:30:00+09:00,0.00028052287418825933,1.0,1.0
2026-07-17 09:35:00+09:00,-0.0016692641736384837,0.0,0.9878783426388481
2026-07-17 09:40:00+09:00,0.0017923210143428333,0.0,0.9817807816632385
2026-07-17 09:45:00+09:00,0.0015736939988958605,0.0,0.9939759036144578
2026-07-17 09:50:00+09:00,-0.0003117619770854884,0.0,0.9878783426388482
2026-07-17 09:55:00+09:00,-0.0002756424534843092,0.0,0.9879518072289157
2026-07-17 10:00:00+09:00,-0.00019878048780487808,0.9939024390243902,0.0
2026-07-17 10:05:00+09:00,-1.2195121951219514e-06,0.006097560975609756,0.0
2026-07-17 10:10:00+09:00,0.0,0.0,0.0
2026-07-17 10:15:00+09:00,0.0,0.0,0.0
2026-07-17 10:20:00+09:00,0.0,0.0,0.0
2026-07-17 10:25:00+09:00,0.0,0.0,0.0
2026-07-17 10:30:00+09:00,0.0,0.0,0.0
2026-07-17 10:35:00+09:00,0.0,0.0,0.0
2026-07-17 10:40:00+09:00,0.0,0.0,0.0
2026-07-17 10:45:00+09:00,0.0,0.0,0.0
2026-07-17 10:50:00+09:00,0.0,0.0,0.0
2026-07-17 10:55:00+09:00,0.0,0.0,0.0
2026-07-17 11:00:00+09:00,0.0,0.0,0.0
2026-07-17 11:05:00+09:00,0.0,0.0,0.0
2026-07-17 11:10:00+09:00,0.0,0.0,0.0
2026-07-17 11:15:00+09:00,0.0,0.0,0.0
2026-07-17 11:20:00+09:00,0.0,0.0,0.0
2026-07-17 11:25:00+09:00,0.0,0.0,0.0
2026-07-17 12:30:00+09:00,0.0,0.0,0.0
2026-07-17 12:35:00+09:00,0.0,0.0,0.0
2026-07-17 12:40:00+09:00,0.0,0.0,0.0
2026-07-17 12:45:00+09:00,0.0,0.0,0.0
2026-07-17 12:50:00+09:00,0.0,0.0,0.0
2026-07-17 12:55:00+09:00,0.0,0.0,0.0
2026-07-17 13:00:00+09:00,-0.0002680600499508783,1.0,1.0
2026-07-17 13:05:00+09:00,-0.00023096550078003888,0.0,0.9819277108433735
2026-07-17 13:10:00+09:00,-0.0010448349046629705,0.0,0.9819277108433735
2026-07-17 13:15:00+09:00,-0.0007774379777869809,0.0,0.9698795180722891
2026-07-17 13:20:00+09:00,-0.000535685232720407,0.0,0.9879518072289156
2026-07-17 13:25:00+09:00,-0.000779771493956167,0.0,0.9819277108433735
2026-07-17 13:30:00+09:00,-0.0001951950659781985,0.9759753298909926,0.0
2026-07-17 13:35:00+09:00,-4.804934021801491e-06,0.02402467010900746,0.0
2026-07-17 13:40:00+09:00,0.0,0.0,0.0
2026-07-17 13:45:00+09:00,0.0,0.0,0.0
2026-07-17 13:50:00+09:00,0.0,0.0,0.0
2026-07-17 13:55:00+09:00,0.0,0.0,0.0
2026-07-17 14:00:00+09:00,0.0,0.0,0.0
2026-07-17 14:05:00+09:00,0.0,0.0,0.0
2026-07-17 14:10:00+09:00,0.0,0.0,0.0
2026-07-17 14:15:00+09:00,0.0,0.0,0.0
2026-07-17 14:20:00+09:00,0.0,0.0,0.0
2026-07-17 14:25:00+09:00,0.0,0.0,0.0
2026-07-17 14:30:00+09:00,0.0,0.0,0.0
2026-07-17 14:35:00+09:00,0.0,0.0,0.0
2026-07-17 14:40:00+09:00,0.0,0.0,0.0
2026-07-17 14:45:00+09:00,0.0,0.0,0.0
2026-07-17 14:50:00+09:00,0.0,0.0,0.0
2026-07-17 14:55:00+09:00,0.0,0.0,0.0
2026-07-17 15:00:00+09:00,0.0,0.0,0.0
2026-07-17 15:05:00+09:00,0.0,0.0,0.0
2026-07-17 15:10:00+09:00,0.0,0.0,0.0
2026-07-17 15:15:00+09:00,0.0,0.0,0.0
2026-07-17 15:20:00+09:00,0.0,0.0,0.0
