timestamp,net_return,turnover,gross_exposure
2026-06-01 09:00:00+09:00,0.0,0.0,0.0
2026-06-01 09:05:00+09:00,0.0,0.0,0.0
2026-06-01 09:10:00+09:00,0.0,0.0,0.0
2026-06-01 09:15:00+09:00,0.0,0.0,0.0
2026-06-01 09:20:00+09:00,0.0,0.0,0.0
2026-06-01 09:25:00+09:00,0.0,0.0,0.0
2026-06-01 09:30:00+09:00,-0.00039632402682706356,1.0,0.9999999999999999
2026-06-01 09:35:00+09:00,0.0013497475119684404,0.0,0.9939759036144578
2026-06-01 09:40:00+09:00,0.00015852613389778154,0.0,0.9999999999999999
2026-06-01 09:45:00+09:00,-0.0001257092405743702,0.0,0.9939759036144578
2026-06-01 09:50:00+09:00,0.0004093188910854636,0.0,0.9999999999999999
2026-06-01 09:55:00+09:00,-0.0006636614122622037,0.0,0.9939759036144578
2026-06-01 10:00:00+09:00,-0.0002,1.0,0.0
2026-06-01 10:05:00+09:00,0.0,0.0,0.0
2026-06-01 10:10:00+09:00,0.0,0.0,0.0
2026-06-01 10:15:00+09:00,0.0,0.0,0.0
2026-06-01 10:20:00+09:00,0.0,0.0,0.0
2026-06-01 10:25:00+09:00,0.0,0.0,0.0
2026-06-01 10:30:00+09:00,0.0,0.0,0.0
2026-06-01 10:35:00+09:00,0.0,0.0,0.0
2026-06-01 10:40:00+09:00,0.0,0.0,0.0
2026-06-01 10:45:00+09:00,0.0,0.0,0.0
2026-06-01 10:50:00+09:00,0.0,0.0,0.0
2026-06-01 10:55:00+09:00,0.0,0.0,0.0
2026-06-01 11:00:00+09:00,0.0,0.0,0.0
2026-06-01 11:05:00+09:00,0.0,0.0,0.0
2026-06-01 11:10:00+09:00,0.0,0.0,0.0
2026-06-01 11:15:00+09:00,0.0,0.0,0.0
2026-06-01 11:20:00+09:00,0.0,0.0,0.0
2026-06-01 11:25:00+09:00,0.0,0.0,0.0
2026-06-01 12:30:00+09:00,0.0,0.0,0.0
2026-06-01 12:35:00+09:00,0.0,0.0,0.0
2026-06-01 12:40:00+09:00,0.0,0.0,0.0
2026-06-01 12:45:00+09:00,0.0,0.0,0.0
2026-06-01 12:50:00+09:00,0.0,0.0,0.0
2026-06-01 12:55:00+09:00,0.0,0.0,0.0
2026-06-01 13:00:00+09:00,6.481126858527534e-06,1.0,1.0
2026-06-01 13:05:00+09:00,-8.558144293327999e-05,0.0,0.9820711417096958
2026-06-01 13:10:00+09:00,-0.00013275167210697385,0.0,0.9880235226620768
2026-06-01 13:15:00+09:00,0.00023112298392893824,0.0,0.963855421686747
2026-06-01 13:20:00+09:00,-0.00010198922394705995,0.0,0.9700229489386116
2026-06-01 13:25:00+09:00,-0.00012670593938592534,0.0,0.9940476190476191
2026-06-01 13:30:00+09:00,-0.00019401893287435457,0.9700946643717728,0.0
2026-06-01 13:35:00+09:00,-3.600114744693058e-06,0.01800057372346529,0.0
2026-06-01 13:40:00+09:00,-1.1904761904761904e-06,0.005952380952380952,0.0
2026-06-01 13:45:00+09:00,-1.1904761904761904e-06,0.005952380952380952,0.0
2026-06-01 13:50:00+09:00,0.0,0.0,0.0
2026-06-01 13:55:00+09:00,0.0,0.0,0.0
2026-06-01 14:00:00+09:00,0.0,0.0,0.0
2026-06-01 14:05:00+09:00,0.0,0.0,0.0
2026-06-01 14:10:00+09:00,0.0,0.0,0.0
2026-06-01 14:15:00+09:00,0.0,0.0,0.0
2026-06-01 14:20:00+09:00,0.0,0.0,0.0
2026-06-01 14:25:00+09:00,0.0,0.0,0.0
2026-06-01 14:30:00+09:00,0.0,0.0,0.0
2026-06-01 14:35:00+09:00,0.0,0.0,0.0
2026-06-01 14:40:00+09:00,0.0,0.0,0.0
2026-06-01 14:45:00+09:00,0.0,0.0,0.0
2026-06-01 14:50:00+09:00,0.0,0.0,0.0
2026-06-01 14:55:00+09:00,0.0,0.0,0.0
2026-06-01 15:00:00+09:00,0.0,0.0,0.0
2026-06-01 15:05:00+09:00,0.0,0.0,0.0
2026-06-01 15:10:00+09:00,0.0,0.0,0.0
2026-06-01 15:15:00+09:00,0.0,0.0,0.0
2026-06-01 15:20:00+09:00,0.0,0.0,0.0
2026-06-02 09:00:00+09:00,0.0,0.0,0.0
2026-06-02 09:05:00+09:00,0.0,0.0,0.0
2026-06-02 09:10:00+09:00,0.0,0.0,0.0
2026-06-02 09:15:00+09:00,0.0,0.0,0.0
2026-06-02 09:20:00+09:00,0.0,0.0,0.0
2026-06-02 09:25:00+09:00,0.0,0.0,0.0
2026-06-02 09:30:00+09:00,0.00037816450442180723,1.0,1.0
2026-06-02 09:35:00+09:00,-0.0006576847742348215,0.0,0.9939024390243903
2026-06-02 09:40:00+09:00,-0.0005462295050226693,0.0,0.9878048780487806
2026-06-02 09:45:00+09:00,-0.0007505608597162066,0.0,0.9939024390243903
2026-06-02 09:50:00+09:00,-0.0011568101909472759,0.0,0.9817807816632385
2026-06-02 09:55:00+09:00,-0.0003438941283224555,0.0,0.9817807816632385
2026-06-02 10:00:00+09:00,-0.00019634146341463416,0.9817073170731708,0.0
2026-06-02 10:05:00+09:00,-3.658536585365854e-06,0.01829268292682927,0.0
2026-06-02 10:10:00+09:00,0.0,0.0,0.0
2026-06-02 10:15:00+09:00,0.0,0.0,0.0
2026-06-02 10:20:00+09:00,0.0,0.0,0.0
2026-06-02 10:25:00+09:00,0.0,0.0,0.0
2026-06-02 10:30:00+09:00,0.0,0.0,0.0
2026-06-02 10:35:00+09:00,0.0,0.0,0.0
2026-06-02 10:40:00+09:00,0.0,0.0,0.0
2026-06-02 10:45:00+09:00,0.0,0.0,0.0
2026-06-02 10:50:00+09:00,0.0,0.0,0.0
2026-06-02 10:55:00+09:00,0.0,0.0,0.0
2026-06-02 11:00:00+09:00,0.0,0.0,0.0
2026-06-02 11:05:00+09:00,0.0,0.0,0.0
2026-06-02 11:10:00+09:00,0.0,0.0,0.0
2026-06-02 11:15:00+09:00,0.0,0.0,0.0
2026-06-02 11:20:00+09:00,0.0,0.0,0.0
2026-06-02 11:25:00+09:00,0.0,0.0,0.0
2026-06-02 12:30:00+09:00,0.0,0.0,0.0
2026-06-02 12:35:00+09:00,0.0,0.0,0.0
2026-06-02 12:40:00+09:00,0.0,0.0,0.0
2026-06-02 12:45:00+09:00,0.0,0.0,0.0
2026-06-02 12:50:00+09:00,0.0,0.0,0.0
2026-06-02 12:55:00+09:00,0.0,0.0,0.0
2026-06-02 13:00:00+09:00,-0.000241832701115254,1.0,1.0
2026-06-02 13:05:00+09:00,-4.285719955364977e-06,0.0,0.9878048780487805
2026-06-02 13:10:00+09:00,0.00010739761257275317,0.0,0.9698060534822217
2026-06-02 13:15:00+09:00,3.0078886376785072e-05,0.0,0.9756832206876287
2026-06-02 13:20:00+09:00,-0.0001493736564658901,0.0,0.9758301498677637
2026-06-02 13:25:00+09:00,-0.00018255592025286611,0.0,0.9575374669409346
2026-06-02 13:30:00+09:00,-0.00019149280047017338,0.9574640023508669,0.0
2026-06-02 13:35:00+09:00,-6.0828680575962395e-06,0.030414340287981192,0.0
2026-06-02 13:40:00+09:00,0.0,0.0,0.0
2026-06-02 13:45:00+09:00,-1.2048192771084338e-06,0.006024096385542169,0.0
2026-06-02 13:50:00+09:00,-1.2195121951219514e-06,0.006097560975609756,0.0
2026-06-02 13:55:00+09:00,0.0,0.0,0.0
2026-06-02 14:00:00+09:00,0.0,0.0,0.0
2026-06-02 14:05:00+09:00,0.0,0.0,0.0
2026-06-02 14:10:00+09:00,0.0,0.0,0.0
2026-06-02 14:15:00+09:00,0.0,0.0,0.0
2026-06-02 14:20:00+09:00,0.0,0.0,0.0
2026-06-02 14:25:00+09:00,0.0,0.0,0.0
2026-06-02 14:30:00+09:00,0.0,0.0,0.0
2026-06-02 14:35:00+09:00,0.0,0.0,0.0
2026-06-02 14:40:00+09:00,0.0,0.0,0.0
2026-06-02 14:45:00+09:00,0.0,0.0,0.0
2026-06-02 14:50:00+09:00,0.0,0.0,0.0
2026-06-02 14:55:00+09:00,0.0,0.0,0.0
2026-06-02 15:00:00+09:00,0.0,0.0,0.0
2026-06-02 15:05:00+09:00,0.0,0.0,0.0
2026-06-02 15:10:00+09:00,0.0,0.0,0.0
2026-06-02 15:15:00+09:00,0.0,0.0,0.0
2026-06-02 15:20:00+09:00,0.0,0.0,0.0
2026-06-03 09:00:00+09:00,0.0,0.0,0.0
2026-06-03 09:05:00+09:00,0.0,0.0,0.0
2026-06-03 09:10:00+09:00,0.0,0.0,0.0
2026-06-03 09:15:00+09:00,0.0,0.0,0.0
2026-06-03 09:20:00+09:00,0.0,0.0,0.0
2026-06-03 09:25:00+09:00,0.0,0.0,0.0
2026-06-03 09:30:00+09:00,0.00017858986422354626,1.0,1.0
2026-06-03 09:35:00+09:00,0.0005053877735486153,0.0,0.9633393556157783
2026-06-03 09:40:00+09:00,0.001048755792075129,0.0,0.969361638060825
2026-06-03 09:45:00+09:00,-0.00013394291572216478,0.0,0.9878048780487805
2026-06-03 09:50:00+09:00,0.000698345610180849,0.0,0.9509936766034326
2026-06-03 09:55:00+09:00,7.75475045519131e-06,0.0,0.9569406805179163
2026-06-03 10:00:00+09:00,-0.0001938422161999398,0.9692110809996989,0.0
2026-06-03 10:05:00+09:00,-6.157783800060223e-06,0.03078891900030111,0.0
2026-06-03 10:10:00+09:00,0.0,0.0,0.0
2026-06-03 10:15:00+09:00,0.0,0.0,0.0
2026-06-03 10:20:00+09:00,0.0,0.0,0.0
2026-06-03 10:25:00+09:00,0.0,0.0,0.0
2026-06-03 10:30:00+09:00,0.0,0.0,0.0
2026-06-03 10:35:00+09:00,0.0,0.0,0.0
2026-06-03 10:40:00+09:00,0.0,0.0,0.0
2026-06-03 10:45:00+09:00,0.0,0.0,0.0
2026-06-03 10:50:00+09:00,0.0,0.0,0.0
2026-06-03 10:55:00+09:00,0.0,0.0,0.0
2026-06-03 11:00:00+09:00,0.0,0.0,0.0
2026-06-03 11:05:00+09:00,0.0,0.0,0.0
2026-06-03 11:10:00+09:00,0.0,0.0,0.0
2026-06-03 11:15:00+09:00,0.0,0.0,0.0
2026-06-03 11:20:00+09:00,0.0,0.0,0.0
2026-06-03 11:25:00+09:00,0.0,0.0,0.0
2026-06-03 12:30:00+09:00,0.0,0.0,0.0
2026-06-03 12:35:00+09:00,0.0,0.0,0.0
2026-06-03 12:40:00+09:00,0.0,0.0,0.0
2026-06-03 12:45:00+09:00,0.0,0.0,0.0
2026-06-03 12:50:00+09:00,0.0,0.0,0.0
2026-06-03 12:55:00+09:00,0.0,0.0,0.0
2026-06-03 13:00:00+09:00,-0.00023349937279586817,1.0,1.0
2026-06-03 13:05:00+09:00,0.0002532018344497821,0.0,0.9751543209876542
2026-06-03 13:10:00+09:00,9.677526577598277e-05,0.0,0.9688271604938271
2026-06-03 13:15:00+09:00,0.00017468140945522395,0.0,0.9316358024691358
2026-06-03 13:20:00+09:00,-9.911792444227095e-05,0.0,0.950462962962963
2026-06-03 13:25:00+09:00,0.00018402137480652613,0.0,0.9192129629629628
2026-06-03 13:30:00+09:00,-0.00019131172839506174,0.9565586419753086,0.0
2026-06-03 13:35:00+09:00,-8.688271604938271e-06,0.04344135802469136,0.0
2026-06-03 13:40:00+09:00,0.0,0.0,0.0
2026-06-03 13:45:00+09:00,0.0,0.0,0.0
2026-06-03 13:50:00+09:00,0.0,0.0,0.0
2026-06-03 13:55:00+09:00,0.0,0.0,0.0
2026-06-03 14:00:00+09:00,0.0,0.0,0.0
2026-06-03 14:05:00+09:00,0.0,0.0,0.0
2026-06-03 14:10:00+09:00,0.0,0.0,0.0
2026-06-03 14:15:00+09:00,0.0,0.0,0.0
2026-06-03 14:20:00+09:00,0.0,0.0,0.0
2026-06-03 14:25:00+09:00,0.0,0.0,0.0
2026-06-03 14:30:00+09:00,0.0,0.0,0.0
2026-06-03 14:35:00+09:00,0.0,0.0,0.0
2026-06-03 14:40:00+09:00,0.0,0.0,0.0
2026-06-03 14:45:00+09:00,0.0,0.0,0.0
2026-06-03 14:50:00+09:00,0.0,0.0,0.0
2026-06-03 14:55:00+09:00,0.0,0.0,0.0
2026-06-03 15:00:00+09:00,0.0,0.0,0.0
2026-06-03 15:05:00+09:00,0.0,0.0,0.0
2026-06-03 15:10:00+09:00,0.0,0.0,0.0
2026-06-03 15:15:00+09:00,0.0,0.0,0.0
2026-06-03 15:20:00+09:00,0.0,0.0,0.0
2026-06-04 09:00:00+09:00,0.0,0.0,0.0
2026-06-04 09:05:00+09:00,0.0,0.0,0.0
2026-06-04 09:10:00+09:00,0.0,0.0,0.0
2026-06-04 09:15:00+09:00,0.0,0.0,0.0
2026-06-04 09:20:00+09:00,0.0,0.0,0.0
2026-06-04 09:25:00+09:00,0.0,0.0,0.0
2026-06-04 09:30:00+09:00,-0.0002564973170943485,1.0,1.0
2026-06-04 09:35:00+09:00,-0.00015057161652305852,0.0,0.9696591243020865
2026-06-04 09:40:00+09:00,4.186653348559471e-05,0.0,0.9817807816632383
2026-06-04 09:45:00+09:00,0.0002141588917839617,0.0,0.981854246253306
2026-06-04 09:50:00+09:00,0.00015295464356592469,0.0,0.9817073170731708
2026-06-04 09:55:00+09:00,-0.0003574681085354373,0.0,0.9878048780487805
2026-06-04 10:00:00+09:00,-0.00019634146341463416,0.9817073170731708,0.0
2026-06-04 10:05:00+09:00,-2.4390243902439027e-06,0.012195121951219513,0.0
2026-06-04 10:10:00+09:00,-1.2195121951219514e-06,0.006097560975609756,0.0
2026-06-04 10:15:00+09:00,0.0,0.0,0.0
2026-06-04 10:20:00+09:00,0.0,0.0,0.0
2026-06-04 10:25:00+09:00,0.0,0.0,0.0
2026-06-04 10:30:00+09:00,0.0,0.0,0.0
2026-06-04 10:35:00+09:00,0.0,0.0,0.0
2026-06-04 10:40:00+09:00,0.0,0.0,0.0
2026-06-04 10:45:00+09:00,0.0,0.0,0.0
2026-06-04 10:50:00+09:00,0.0,0.0,0.0
2026-06-04 10:55:00+09:00,0.0,0.0,0.0
2026-06-04 11:00:00+09:00,0.0,0.0,0.0
2026-06-04 11:05:00+09:00,0.0,0.0,0.0
2026-06-04 11:10:00+09:00,0.0,0.0,0.0
2026-06-04 11:15:00+09:00,0.0,0.0,0.0
2026-06-04 11:20:00+09:00,0.0,0.0,0.0
2026-06-04 11:25:00+09:00,0.0,0.0,0.0
2026-06-04 12:30:00+09:00,0.0,0.0,0.0
2026-06-04 12:35:00+09:00,0.0,0.0,0.0
2026-06-04 12:40:00+09:00,0.0,0.0,0.0
2026-06-04 12:45:00+09:00,0.0,0.0,0.0
2026-06-04 12:50:00+09:00,0.0,0.0,0.0
2026-06-04 12:55:00+09:00,0.0,0.0,0.0
2026-06-04 13:00:00+09:00,-0.00012839932025832872,1.0,0.9999999999999999
2026-06-04 13:05:00+09:00,1.5922305343006817e-05,0.0,0.9377314814814814
2026-06-04 13:10:00+09:00,0.000465993297656589,0.0,0.9564043209876543
2026-06-04 13:15:00+09:00,0.000129590888899956,0.0,0.9439043209876543
2026-06-04 13:20:00+09:00,0.00017596491231581794,0.0,0.9439814814814814
2026-06-04 13:25:00+09:00,0.00040076152671225613,0.0,0.9503086419753085
2026-06-04 13:30:00+09:00,-0.00019129629629629632,0.9564814814814815,0.0
2026-06-04 13:35:00+09:00,-7.453703703703704e-06,0.03726851851851852,0.0
2026-06-04 13:40:00+09:00,-1.25e-06,0.00625,0.0
2026-06-04 13:45:00+09:00,0.0,0.0,0.0
2026-06-04 13:50:00+09:00,0.0,0.0,0.0
2026-06-04 13:55:00+09:00,0.0,0.0,0.0
2026-06-04 14:00:00+09:00,0.0,0.0,0.0
2026-06-04 14:05:00+09:00,0.0,0.0,0.0
2026-06-04 14:10:00+09:00,0.0,0.0,0.0
2026-06-04 14:15:00+09:00,0.0,0.0,0.0
2026-06-04 14:20:00+09:00,0.0,0.0,0.0
2026-06-04 14:25:00+09:00,0.0,0.0,0.0
2026-06-04 14:30:00+09:00,0.0,0.0,0.0
2026-06-04 14:35:00+09:00,0.0,0.0,0.0
2026-06-04 14:40:00+09:00,0.0,0.0,0.0
2026-06-04 14:45:00+09:00,0.0,0.0,0.0
2026-06-04 14:50:00+09:00,0.0,0.0,0.0
2026-06-04 14:55:00+09:00,0.0,0.0,0.0
2026-06-04 15:00:00+09:00,0.0,0.0,0.0
2026-06-04 15:05:00+09:00,0.0,0.0,0.0
2026-06-04 15:10:00+09:00,0.0,0.0,0.0
2026-06-04 15:15:00+09:00,0.0,0.0,0.0
2026-06-04 15:20:00+09:00,0.0,0.0,0.0
2026-06-05 09:00:00+09:00,0.0,0.0,0.0
2026-06-05 09:05:00+09:00,0.0,0.0,0.0
2026-06-05 09:10:00+09:00,0.0,0.0,0.0
2026-06-05 09:15:00+09:00,0.0,0.0,0.0
2026-06-05 09:20:00+09:00,0.0,0.0,0.0
2026-06-05 09:25:00+09:00,0.0,0.0,0.0
2026-06-05 09:30:00+09:00,0.0008627350966651244,1.0,0.9999999999999999
2026-06-05 09:35:00+09:00,0.0002354549544042373,0.0,0.9634146341463414
2026-06-05 09:40:00+09:00,0.001191926007060428,0.0,0.9572417946401686
2026-06-05 09:45:00+09:00,0.0005816623795049469,0.0,0.9511442336645589
2026-06-05 09:50:00+09:00,-0.0003300655475430739,0.0,0.9816320385426076
2026-06-05 09:55:00+09:00,0.00023397045825305365,0.0,0.9694369165913881
2026-06-05 10:00:00+09:00,-0.0001951219512195122,0.975609756097561,0.0
2026-06-05 10:05:00+09:00,-2.4390243902439027e-06,0.012195121951219513,0.0
2026-06-05 10:10:00+09:00,-1.2195121951219514e-06,0.006097560975609756,0.0
2026-06-05 10:15:00+09:00,-1.2195121951219514e-06,0.006097560975609756,0.0
2026-06-05 10:20:00+09:00,0.0,0.0,0.0
2026-06-05 10:25:00+09:00,0.0,0.0,0.0
2026-06-05 10:30:00+09:00,0.0,0.0,0.0
2026-06-05 10:35:00+09:00,0.0,0.0,0.0
2026-06-05 10:40:00+09:00,0.0,0.0,0.0
2026-06-05 10:45:00+09:00,0.0,0.0,0.0
2026-06-05 10:50:00+09:00,0.0,0.0,0.0
2026-06-05 10:55:00+09:00,0.0,0.0,0.0
2026-06-05 11:00:00+09:00,0.0,0.0,0.0
2026-06-05 11:05:00+09:00,0.0,0.0,0.0
2026-06-05 11:10:00+09:00,0.0,0.0,0.0
2026-06-05 11:15:00+09:00,0.0,0.0,0.0
2026-06-05 11:20:00+09:00,0.0,0.0,0.0
2026-06-05 11:25:00+09:00,0.0,0.0,0.0
2026-06-05 12:30:00+09:00,0.0,0.0,0.0
2026-06-05 12:35:00+09:00,0.0,0.0,0.0
2026-06-05 12:40:00+09:00,0.0,0.0,0.0
2026-06-05 12:45:00+09:00,0.0,0.0,0.0
2026-06-05 12:50:00+09:00,0.0,0.0,0.0
2026-06-05 12:55:00+09:00,0.0,0.0,0.0
2026-06-05 13:00:00+09:00,-1.2176702340007004e-05,1.0,1.0
2026-06-05 13:05:00+09:00,-0.00010654866186967567,0.0,0.9378858024691358
2026-06-05 13:10:00+09:00,-2.5018927956074388e-05,0.0,0.9256172839506173
2026-06-05 13:15:00+09:00,1.6805292976801473e-05,0.0,0.9380401234567901
2026-06-05 13:20:00+09:00,-3.2080977807327326e-05,0.0,0.9502314814814814
2026-06-05 13:25:00+09:00,-1.1761721327611207e-05,0.0,0.93179012345679
2026-06-05 13:30:00+09:00,-0.0001863425925925926,0.9317129629629629,0.0
2026-06-05 13:35:00+09:00,-9.938271604938273e-06,0.04969135802469136,0.0
2026-06-05 13:40:00+09:00,-2.4845679012345682e-06,0.01242283950617284,0.0
2026-06-05 13:45:00+09:00,-1.234567901234568e-06,0.006172839506172839,0.0
2026-06-05 13:50:00+09:00,0.0,0.0,0.0
2026-06-05 13:55:00+09:00,0.0,0.0,0.0
2026-06-05 14:00:00+09:00,0.0,0.0,0.0
2026-06-05 14:05:00+09:00,0.0,0.0,0.0
2026-06-05 14:10:00+09:00,0.0,0.0,0.0
2026-06-05 14:15:00+09:00,0.0,0.0,0.0
2026-06-05 14:20:00+09:00,0.0,0.0,0.0
2026-06-05 14:25:00+09:00,0.0,0.0,0.0
2026-06-05 14:30:00+09:00,0.0,0.0,0.0
2026-06-05 14:35:00+09:00,0.0,0.0,0.0
2026-06-05 14:40:00+09:00,0.0,0.0,0.0
2026-06-05 14:45:00+09:00,0.0,0.0,0.0
2026-06-05 14:50:00+09:00,0.0,0.0,0.0
2026-06-05 14:55:00+09:00,0.0,0.0,0.0
2026-06-05 15:00:00+09:00,0.0,0.0,0.0
2026-06-05 15:05:00+09:00,0.0,0.0,0.0
2026-06-05 15:10:00+09:00,0.0,0.0,0.0
2026-06-05 15:15:00+09:00,0.0,0.0,0.0
2026-06-05 15:20:00+09:00,0.0,0.0,0.0
2026-06-08 09:00:00+09:00,0.0,0.0,0.0
2026-06-08 09:05:00+09:00,0.0,0.0,0.0
2026-06-08 09:10:00+09:00,0.0,0.0,0.0
2026-06-08 09:15:00+09:00,0.0,0.0,0.0
2026-06-08 09:20:00+09:00,0.0,0.0,0.0
2026-06-08 09:25:00+09:00,0.0,0.0,0.0
2026-06-08 09:30:00+09:00,-0.002238872021978731,1.0,1.0
2026-06-08 09:35:00+09:00,0.0008520491967082788,0.0,1.0
2026-06-08 09:40:00+09:00,0.0004517092083614578,0.0,0.993975903614458
2026-06-08 09:45:00+09:00,0.00011363214347279178,0.0,1.0
2026-06-08 09:50:00+09:00,0.0003539350989296997,0.0,1.0
2026-06-08 09:55:00+09:00,0.000510425413393562,0.0,1.0
2026-06-08 10:00:00+09:00,-0.0001963855421686747,0.9819277108433735,0.0
2026-06-08 10:05:00+09:00,-3.614457831325301e-06,0.01807228915662651,0.0
2026-06-08 10:10:00+09:00,0.0,0.0,0.0
2026-06-08 10:15:00+09:00,0.0,0.0,0.0
2026-06-08 10:20:00+09:00,0.0,0.0,0.0
2026-06-08 10:25:00+09:00,0.0,0.0,0.0
2026-06-08 10:30:00+09:00,0.0,0.0,0.0
2026-06-08 10:35:00+09:00,0.0,0.0,0.0
2026-06-08 10:40:00+09:00,0.0,0.0,0.0
2026-06-08 10:45:00+09:00,0.0,0.0,0.0
2026-06-08 10:50:00+09:00,0.0,0.0,0.0
2026-06-08 10:55:00+09:00,0.0,0.0,0.0
2026-06-08 11:00:00+09:00,0.0,0.0,0.0
2026-06-08 11:05:00+09:00,0.0,0.0,0.0
2026-06-08 11:10:00+09:00,0.0,0.0,0.0
2026-06-08 11:15:00+09:00,0.0,0.0,0.0
2026-06-08 11:20:00+09:00,0.0,0.0,0.0
2026-06-08 11:25:00+09:00,0.0,0.0,0.0
2026-06-08 12:30:00+09:00,0.0,0.0,0.0
2026-06-08 12:35:00+09:00,0.0,0.0,0.0
2026-06-08 12:40:00+09:00,0.0,0.0,0.0
2026-06-08 12:45:00+09:00,0.0,0.0,0.0
2026-06-08 12:50:00+09:00,0.0,0.0,0.0
2026-06-08 12:55:00+09:00,0.0,0.0,0.0
2026-06-08 13:00:00+09:00,-0.00023809976533722775,1.0,0.9999999999999999
2026-06-08 13:05:00+09:00,0.00011482901572191586,0.0,0.9569406805179164
2026-06-08 13:10:00+09:00,-6.240757347987761e-05,0.0,0.9263775971093045
2026-06-08 13:15:00+09:00,-7.070065597542908e-05,0.0,0.9815567600120446
2026-06-08 13:20:00+09:00,0.00046704771300553764,0.0,0.9692863595302619
2026-06-08 13:25:00+09:00,-0.00011532084844030732,0.0,0.9815567600120444
2026-06-08 13:30:00+09:00,-0.0002,1.0,0.0
2026-06-08 13:35:00+09:00,0.0,0.0,0.0
2026-06-08 13:40:00+09:00,0.0,0.0,0.0
2026-06-08 13:45:00+09:00,0.0,0.0,0.0
2026-06-08 13:50:00+09:00,0.0,0.0,0.0
2026-06-08 13:55:00+09:00,0.0,0.0,0.0
2026-06-08 14:00:00+09:00,0.0,0.0,0.0
2026-06-08 14:05:00+09:00,0.0,0.0,0.0
2026-06-08 14:10:00+09:00,0.0,0.0,0.0
2026-06-08 14:15:00+09:00,0.0,0.0,0.0
2026-06-08 14:20:00+09:00,0.0,0.0,0.0
2026-06-08 14:25:00+09:00,0.0,0.0,0.0
2026-06-08 14:30:00+09:00,0.0,0.0,0.0
2026-06-08 14:35:00+09:00,0.0,0.0,0.0
2026-06-08 14:40:00+09:00,0.0,0.0,0.0
2026-06-08 14:45:00+09:00,0.0,0.0,0.0
2026-06-08 14:50:00+09:00,0.0,0.0,0.0
2026-06-08 14:55:00+09:00,0.0,0.0,0.0
2026-06-08 15:00:00+09:00,0.0,0.0,0.0
2026-06-08 15:05:00+09:00,0.0,0.0,0.0
2026-06-08 15:10:00+09:00,0.0,0.0,0.0
2026-06-08 15:15:00+09:00,0.0,0.0,0.0
2026-06-08 15:20:00+09:00,0.0,0.0,0.0
2026-06-09 09:00:00+09:00,0.0,0.0,0.0
2026-06-09 09:05:00+09:00,0.0,0.0,0.0
2026-06-09 09:10:00+09:00,0.0,0.0,0.0
2026-06-09 09:15:00+09:00,0.0,0.0,0.0
2026-06-09 09:20:00+09:00,0.0,0.0,0.0
2026-06-09 09:25:00+09:00,0.0,0.0,0.0
2026-06-09 09:30:00+09:00,-7.6258656357446666e-06,1.0,1.0
2026-06-09 09:35:00+09:00,-0.0004564094118495043,0.0,0.9938271604938271
2026-06-09 09:40:00+09:00,0.0007813669620683839,0.0,1.0
2026-06-09 09:45:00+09:00,-0.00044848931012746786,0.0,0.9751543209876543
2026-06-09 09:50:00+09:00,0.00021416221940470678,0.0,0.9566358024691358
2026-06-09 09:55:00+09:00,0.0003717347135236776,0.0,0.9752314814814815
2026-06-09 10:00:00+09:00,-0.0001888425925925926,0.944212962962963,0.0
2026-06-09 10:05:00+09:00,-7.4382716049382714e-06,0.037191358024691354,0.0
2026-06-09 10:10:00+09:00,-1.234567901234568e-06,0.006172839506172839,0.0
2026-06-09 10:15:00+09:00,-2.4845679012345682e-06,0.01242283950617284,0.0
2026-06-09 10:20:00+09:00,0.0,0.0,0.0
2026-06-09 10:25:00+09:00,0.0,0.0,0.0
2026-06-09 10:30:00+09:00,0.0,0.0,0.0
2026-06-09 10:35:00+09:00,0.0,0.0,0.0
2026-06-09 10:40:00+09:00,0.0,0.0,0.0
2026-06-09 10:45:00+09:00,0.0,0.0,0.0
2026-06-09 10:50:00+09:00,0.0,0.0,0.0
2026-06-09 10:55:00+09:00,0.0,0.0,0.0
2026-06-09 11:00:00+09:00,0.0,0.0,0.0
2026-06-09 11:05:00+09:00,0.0,0.0,0.0
2026-06-09 11:10:00+09:00,0.0,0.0,0.0
2026-06-09 11:15:00+09:00,0.0,0.0,0.0
2026-06-09 11:20:00+09:00,0.0,0.0,0.0
2026-06-09 11:25:00+09:00,0.0,0.0,0.0
2026-06-09 12:30:00+09:00,0.0,0.0,0.0
2026-06-09 12:35:00+09:00,0.0,0.0,0.0
2026-06-09 12:40:00+09:00,0.0,0.0,0.0
2026-06-09 12:45:00+09:00,0.0,0.0,0.0
2026-06-09 12:50:00+09:00,0.0,0.0,0.0
2026-06-09 12:55:00+09:00,0.0,0.0,0.0
2026-06-09 13:00:00+09:00,0.0002679208676439535,1.0,1.0
2026-06-09 13:05:00+09:00,-0.0004249278182678207,0.0,0.99375
2026-06-09 13:10:00+09:00,0.0019319128445045533,0.0,0.9625771604938271
2026-06-09 13:15:00+09:00,-0.0011224224535033988,0.0,0.9999999999999999
2026-06-09 13:20:00+09:00,-0.000501777826839667,0.0,0.9688271604938271
2026-06-09 13:25:00+09:00,0.00034363691793314657,0.0,0.9751543209876543
2026-06-09 13:30:00+09:00,-0.00018503086419753087,0.9251543209876543,0.0
2026-06-09 13:35:00+09:00,-1.123456790123457e-05,0.05617283950617284,0.0
2026-06-09 13:40:00+09:00,-3.734567901234568e-06,0.01867283950617284,0.0
2026-06-09 13:45:00+09:00,0.0,0.0,0.0
2026-06-09 13:50:00+09:00,0.0,0.0,0.0
2026-06-09 13:55:00+09:00,0.0,0.0,0.0
2026-06-09 14:00:00+09:00,0.0,0.0,0.0
2026-06-09 14:05:00+09:00,0.0,0.0,0.0
2026-06-09 14:10:00+09:00,0.0,0.0,0.0
2026-06-09 14:15:00+09:00,0.0,0.0,0.0
2026-06-09 14:20:00+09:00,0.0,0.0,0.0
2026-06-09 14:25:00+09:00,0.0,0.0,0.0
2026-06-09 14:30:00+09:00,0.0,0.0,0.0
2026-06-09 14:35:00+09:00,0.0,0.0,0.0
2026-06-09 14:40:00+09:00,0.0,0.0,0.0
2026-06-09 14:45:00+09:00,0.0,0.0,0.0
2026-06-09 14:50:00+09:00,0.0,0.0,0.0
2026-06-09 14:55:00+09:00,0.0,0.0,0.0
2026-06-09 15:00:00+09:00,0.0,0.0,0.0
2026-06-09 15:05:00+09:00,0.0,0.0,0.0
2026-06-09 15:10:00+09:00,0.0,0.0,0.0
2026-06-09 15:15:00+09:00,0.0,0.0,0.0
2026-06-09 15:20:00+09:00,0.0,0.0,0.0
2026-06-10 09:00:00+09:00,0.0,0.0,0.0
2026-06-10 09:05:00+09:00,0.0,0.0,0.0
2026-06-10 09:10:00+09:00,0.0,0.0,0.0
2026-06-10 09:15:00+09:00,0.0,0.0,0.0
2026-06-10 09:20:00+09:00,0.0,0.0,0.0
2026-06-10 09:25:00+09:00,0.0,0.0,0.0
2026-06-10 09:30:00+09:00,0.001236925674852939,1.0,0.9999999999999999
2026-06-10 09:35:00+09:00,0.00016021210398278442,0.0,0.9878048780487805
2026-06-10 09:40:00+09:00,-0.0007304376377333739,0.0,0.9510689551339958
2026-06-10 09:45:00+09:00,-0.0007039560950046806,0.0,0.969361638060825
2026-06-10 09:50:00+09:00,-0.002096746290647776,0.0,0.9756097560975608
2026-06-10 09:55:00+09:00,-0.001205162747371697,0.0,0.9694369165913881
2026-06-10 10:00:00+09:00,-0.00019631135200240892,0.9815567600120445,0.0
2026-06-10 10:05:00+09:00,-2.469135802469136e-06,0.012345679012345678,0.0
2026-06-10 10:10:00+09:00,-1.2195121951219514e-06,0.006097560975609756,0.0
2026-06-10 10:15:00+09:00,0.0,0.0,0.0
2026-06-10 10:20:00+09:00,0.0,0.0,0.0
2026-06-10 10:25:00+09:00,0.0,0.0,0.0
2026-06-10 10:30:00+09:00,0.0,0.0,0.0
2026-06-10 10:35:00+09:00,0.0,0.0,0.0
2026-06-10 10:40:00+09:00,0.0,0.0,0.0
2026-06-10 10:45:00+09:00,0.0,0.0,0.0
2026-06-10 10:50:00+09:00,0.0,0.0,0.0
2026-06-10 10:55:00+09:00,0.0,0.0,0.0
2026-06-10 11:00:00+09:00,0.0,0.0,0.0
2026-06-10 11:05:00+09:00,0.0,0.0,0.0
2026-06-10 11:10:00+09:00,0.0,0.0,0.0
2026-06-10 11:15:00+09:00,0.0,0.0,0.0
2026-06-10 11:20:00+09:00,0.0,0.0,0.0
2026-06-10 11:25:00+09:00,0.0,0.0,0.0
2026-06-10 12:30:00+09:00,0.0,0.0,0.0
2026-06-10 12:35:00+09:00,0.0,0.0,0.0
2026-06-10 12:40:00+09:00,0.0,0.0,0.0
2026-06-10 12:45:00+09:00,0.0,0.0,0.0
2026-06-10 12:50:00+09:00,0.0,0.0,0.0
2026-06-10 12:55:00+09:00,0.0,0.0,0.0
2026-06-10 13:00:00+09:00,-7.746062712134741e-05,1.0,0.9999999999999999
2026-06-10 13:05:00+09:00,0.0002719196604882816,0.0,0.9814814814814815
2026-06-10 13:10:00+09:00,-0.00018359666921264904,0.0,0.9385727190605239
2026-06-10 13:15:00+09:00,0.00016149980462522458,0.0,0.963038241493526
2026-06-10 13:20:00+09:00,0.00037074806479761254,0.0,0.9323998795543511
2026-06-10 13:25:00+09:00,6.304716264942454e-05,0.0,0.9263775971093045
2026-06-10 13:30:00+09:00,-0.00017911773562180068,0.8955886781090033,0.0
2026-06-10 13:35:00+09:00,-1.7193616380608252e-05,0.08596808190304125,0.0
2026-06-10 13:40:00+09:00,-2.4540800963565193e-06,0.012270400481782595,0.0
2026-06-10 13:45:00+09:00,0.0,0.0,0.0
2026-06-10 13:50:00+09:00,-1.234567901234568e-06,0.006172839506172839,0.0
2026-06-10 13:55:00+09:00,0.0,0.0,0.0
2026-06-10 14:00:00+09:00,0.0,0.0,0.0
2026-06-10 14:05:00+09:00,0.0,0.0,0.0
2026-06-10 14:10:00+09:00,0.0,0.0,0.0
2026-06-10 14:15:00+09:00,0.0,0.0,0.0
2026-06-10 14:20:00+09:00,0.0,0.0,0.0
2026-06-10 14:25:00+09:00,0.0,0.0,0.0
2026-06-10 14:30:00+09:00,0.0,0.0,0.0
2026-06-10 14:35:00+09:00,0.0,0.0,0.0
2026-06-10 14:40:00+09:00,0.0,0.0,0.0
2026-06-10 14:45:00+09:00,0.0,0.0,0.0
2026-06-10 14:50:00+09:00,0.0,0.0,0.0
2026-06-10 14:55:00+09:00,0.0,0.0,0.0
2026-06-10 15:00:00+09:00,0.0,0.0,0.0
2026-06-10 15:05:00+09:00,0.0,0.0,0.0
2026-06-10 15:10:00+09:00,0.0,0.0,0.0
2026-06-10 15:15:00+09:00,0.0,0.0,0.0
2026-06-10 15:20:00+09:00,0.0,0.0,0.0
2026-06-11 09:00:00+09:00,0.0,0.0,0.0
2026-06-11 09:05:00+09:00,0.0,0.0,0.0
2026-06-11 09:10:00+09:00,0.0,0.0,0.0
2026-06-11 09:15:00+09:00,0.0,0.0,0.0
2026-06-11 09:20:00+09:00,0.0,0.0,0.0
2026-06-11 09:25:00+09:00,0.0,0.0,0.0
2026-06-11 09:30:00+09:00,-5.927384570295188e-05,1.0,1.0
2026-06-11 09:35:00+09:00,-0.0019718229113153143,0.0,0.9816320385426076
2026-06-11 09:40:00+09:00,-0.0006513274146401886,0.0,0.9938271604938271
2026-06-11 09:45:00+09:00,-0.0004921316104774448,0.0,0.9939024390243902
2026-06-11 09:50:00+09:00,0.0003410426351172086,0.0,0.9815567600120446
2026-06-11 09:55:00+09:00,-0.0008386483145655225,0.0,0.9816320385426077
2026-06-11 10:00:00+09:00,-0.00019506172839506175,0.9753086419753086,0.0
2026-06-11 10:05:00+09:00,-4.938271604938272e-06,0.024691358024691357,0.0
2026-06-11 10:10:00+09:00,0.0,0.0,0.0
2026-06-11 10:15:00+09:00,0.0,0.0,0.0
2026-06-11 10:20:00+09:00,0.0,0.0,0.0
2026-06-11 10:25:00+09:00,0.0,0.0,0.0
2026-06-11 10:30:00+09:00,0.0,0.0,0.0
2026-06-11 10:35:00+09:00,0.0,0.0,0.0
2026-06-11 10:40:00+09:00,0.0,0.0,0.0
2026-06-11 10:45:00+09:00,0.0,0.0,0.0
2026-06-11 10:50:00+09:00,0.0,0.0,0.0
2026-06-11 10:55:00+09:00,0.0,0.0,0.0
2026-06-11 11:00:00+09:00,0.0,0.0,0.0
2026-06-11 11:05:00+09:00,0.0,0.0,0.0
2026-06-11 11:10:00+09:00,0.0,0.0,0.0
2026-06-11 11:15:00+09:00,0.0,0.0,0.0
2026-06-11 11:20:00+09:00,0.0,0.0,0.0
2026-06-11 11:25:00+09:00,0.0,0.0,0.0
2026-06-11 12:30:00+09:00,0.0,0.0,0.0
2026-06-11 12:35:00+09:00,0.0,0.0,0.0
2026-06-11 12:40:00+09:00,0.0,0.0,0.0
2026-06-11 12:45:00+09:00,0.0,0.0,0.0
2026-06-11 12:50:00+09:00,0.0,0.0,0.0
2026-06-11 12:55:00+09:00,0.0,0.0,0.0
2026-06-11 13:00:00+09:00,-0.0003790975718936754,1.0,0.9999999999999999
2026-06-11 13:05:00+09:00,-0.00024752341969374025,0.0,0.9876543209876543
2026-06-11 13:10:00+09:00,-0.00032078072765362155,0.0,0.9202800361336947
2026-06-11 13:15:00+09:00,0.0002839235816490159,0.0,0.9631135200240892
2026-06-11 13:20:00+09:00,-7.993815665318236e-05,0.0,0.9568654019873531
2026-06-11 13:25:00+09:00,-0.0001267585587580016,0.0,0.9265281541704307
2026-06-11 13:30:00+09:00,-0.00019509183980728696,0.9754591990364347,0.0
2026-06-11 13:35:00+09:00,-4.9081601927130386e-06,0.02454080096356519,0.0
2026-06-11 13:40:00+09:00,0.0,0.0,0.0
2026-06-11 13:45:00+09:00,0.0,0.0,0.0
2026-06-11 13:50:00+09:00,0.0,0.0,0.0
2026-06-11 13:55:00+09:00,0.0,0.0,0.0
2026-06-11 14:00:00+09:00,0.0,0.0,0.0
2026-06-11 14:05:00+09:00,0.0,0.0,0.0
2026-06-11 14:10:00+09:00,0.0,0.0,0.0
2026-06-11 14:15:00+09:00,0.0,0.0,0.0
2026-06-11 14:20:00+09:00,0.0,0.0,0.0
2026-06-11 14:25:00+09:00,0.0,0.0,0.0
2026-06-11 14:30:00+09:00,0.0,0.0,0.0
2026-06-11 14:35:00+09:00,0.0,0.0,0.0
2026-06-11 14:40:00+09:00,0.0,0.0,0.0
2026-06-11 14:45:00+09:00,0.0,0.0,0.0
2026-06-11 14:50:00+09:00,0.0,0.0,0.0
2026-06-11 14:55:00+09:00,0.0,0.0,0.0
2026-06-11 15:00:00+09:00,0.0,0.0,0.0
2026-06-11 15:05:00+09:00,0.0,0.0,0.0
2026-06-11 15:10:00+09:00,0.0,0.0,0.0
2026-06-11 15:15:00+09:00,0.0,0.0,0.0
2026-06-11 15:20:00+09:00,0.0,0.0,0.0
2026-06-12 09:00:00+09:00,0.0,0.0,0.0
2026-06-12 09:05:00+09:00,0.0,0.0,0.0
2026-06-12 09:10:00+09:00,0.0,0.0,0.0
2026-06-12 09:15:00+09:00,0.0,0.0,0.0
2026-06-12 09:20:00+09:00,0.0,0.0,0.0
2026-06-12 09:25:00+09:00,0.0,0.0,0.0
2026-06-12 09:30:00+09:00,-0.00041798023188650835,1.0,1.0
2026-06-12 09:35:00+09:00,-0.00010909136120217458,0.0,0.9631887985546521
2026-06-12 09:40:00+09:00,0.00041988026601817567,0.0,0.9755344775669978
2026-06-12 09:45:00+09:00,8.972044954379825e-07,0.0,0.9694369165913881
2026-06-12 09:50:00+09:00,0.0002846629703530394,0.0,0.9755344775669978
2026-06-12 09:55:00+09:00,-0.0004700002331979479,0.0,0.9326257151460403
2026-06-12 10:00:00+09:00,-0.00019265281541704308,0.9632640770852153,0.0
2026-06-12 10:05:00+09:00,-7.347184582956941e-06,0.036735922914784704,0.0
2026-06-12 10:10:00+09:00,0.0,0.0,0.0
2026-06-12 10:15:00+09:00,0.0,0.0,0.0
2026-06-12 10:20:00+09:00,0.0,0.0,0.0
2026-06-12 10:25:00+09:00,0.0,0.0,0.0
2026-06-12 10:30:00+09:00,0.0,0.0,0.0
2026-06-12 10:35:00+09:00,0.0,0.0,0.0
2026-06-12 10:40:00+09:00,0.0,0.0,0.0
2026-06-12 10:45:00+09:00,0.0,0.0,0.0
2026-06-12 10:50:00+09:00,0.0,0.0,0.0
2026-06-12 10:55:00+09:00,0.0,0.0,0.0
2026-06-12 11:00:00+09:00,0.0,0.0,0.0
2026-06-12 11:05:00+09:00,0.0,0.0,0.0
2026-06-12 11:10:00+09:00,0.0,0.0,0.0
2026-06-12 11:15:00+09:00,0.0,0.0,0.0
2026-06-12 11:20:00+09:00,0.0,0.0,0.0
2026-06-12 11:25:00+09:00,0.0,0.0,0.0
2026-06-12 12:30:00+09:00,0.0,0.0,0.0
2026-06-12 12:35:00+09:00,0.0,0.0,0.0
2026-06-12 12:40:00+09:00,0.0,0.0,0.0
2026-06-12 12:45:00+09:00,0.0,0.0,0.0
2026-06-12 12:50:00+09:00,0.0,0.0,0.0
2026-06-12 12:55:00+09:00,0.0,0.0,0.0
2026-06-12 13:00:00+09:00,-0.0004386566629897699,1.0,1.0
2026-06-12 13:05:00+09:00,2.7527758591364476e-06,0.0,0.9570159590484792
2026-06-12 13:10:00+09:00,-0.00018669334585741653,0.0,0.9384974405299608
2026-06-12 13:15:00+09:00,6.0864782847991095e-05,0.0,0.9877295995182174
2026-06-12 13:20:00+09:00,-0.00020347234098303383,0.0,0.9631887985546521
2026-06-12 13:25:00+09:00,7.728716525410733e-05,0.0,0.9509936766034327
2026-06-12 13:30:00+09:00,-0.00019509183980728696,0.9754591990364347,0.0
2026-06-12 13:35:00+09:00,-4.9081601927130386e-06,0.02454080096356519,0.0
2026-06-12 13:40:00+09:00,0.0,0.0,0.0
2026-06-12 13:45:00+09:00,0.0,0.0,0.0
2026-06-12 13:50:00+09:00,0.0,0.0,0.0
2026-06-12 13:55:00+09:00,0.0,0.0,0.0
2026-06-12 14:00:00+09:00,0.0,0.0,0.0
2026-06-12 14:05:00+09:00,0.0,0.0,0.0
2026-06-12 14:10:00+09:00,0.0,0.0,0.0
2026-06-12 14:15:00+09:00,0.0,0.0,0.0
2026-06-12 14:20:00+09:00,0.0,0.0,0.0
2026-06-12 14:25:00+09:00,0.0,0.0,0.0
2026-06-12 14:30:00+09:00,0.0,0.0,0.0
2026-06-12 14:35:00+09:00,0.0,0.0,0.0
2026-06-12 14:40:00+09:00,0.0,0.0,0.0
2026-06-12 14:45:00+09:00,0.0,0.0,0.0
2026-06-12 14:50:00+09:00,0.0,0.0,0.0
2026-06-12 14:55:00+09:00,0.0,0.0,0.0
2026-06-12 15:00:00+09:00,0.0,0.0,0.0
2026-06-12 15:05:00+09:00,0.0,0.0,0.0
2026-06-12 15:10:00+09:00,0.0,0.0,0.0
2026-06-12 15:15:00+09:00,0.0,0.0,0.0
2026-06-12 15:20:00+09:00,0.0,0.0,0.0
2026-06-15 09:00:00+09:00,0.0,0.0,0.0
2026-06-15 09:05:00+09:00,0.0,0.0,0.0
2026-06-15 09:10:00+09:00,0.0,0.0,0.0
2026-06-15 09:15:00+09:00,0.0,0.0,0.0
2026-06-15 09:20:00+09:00,0.0,0.0,0.0
2026-06-15 09:25:00+09:00,0.0,0.0,0.0
2026-06-15 09:30:00+09:00,-7.621523093927115e-05,1.0,1.0
2026-06-15 09:35:00+09:00,0.00016786238643242814,0.0,0.9627314814814816
2026-06-15 09:40:00+09:00,0.0005159650888849674,0.0,0.9876543209876543
2026-06-15 09:45:00+09:00,0.00043741468431512297,0.0,1.0
2026-06-15 09:50:00+09:00,-0.0002521325558192853,0.0,0.9628858024691358
2026-06-15 09:55:00+09:00,-4.2145269572197745e-05,0.0,0.987577160493827
2026-06-15 10:00:00+09:00,-0.0001937962962962963,0.9689814814814814,0.0
2026-06-15 10:05:00+09:00,-4.953703703703704e-06,0.024768518518518516,0.0
2026-06-15 10:10:00+09:00,-1.25e-06,0.00625,0.0
2026-06-15 10:15:00+09:00,0.0,0.0,0.0
2026-06-15 10:20:00+09:00,0.0,0.0,0.0
2026-06-15 10:25:00+09:00,0.0,0.0,0.0
2026-06-15 10:30:00+09:00,0.0,0.0,0.0
2026-06-15 10:35:00+09:00,0.0,0.0,0.0
2026-06-15 10:40:00+09:00,0.0,0.0,0.0
2026-06-15 10:45:00+09:00,0.0,0.0,0.0
2026-06-15 10:50:00+09:00,0.0,0.0,0.0
2026-06-15 10:55:00+09:00,0.0,0.0,0.0
2026-06-15 11:00:00+09:00,0.0,0.0,0.0
2026-06-15 11:05:00+09:00,0.0,0.0,0.0
2026-06-15 11:10:00+09:00,0.0,0.0,0.0
2026-06-15 11:15:00+09:00,0.0,0.0,0.0
2026-06-15 11:20:00+09:00,0.0,0.0,0.0
2026-06-15 11:25:00+09:00,0.0,0.0,0.0
2026-06-15 12:30:00+09:00,0.0,0.0,0.0
2026-06-15 12:35:00+09:00,0.0,0.0,0.0
2026-06-15 12:40:00+09:00,0.0,0.0,0.0
2026-06-15 12:45:00+09:00,0.0,0.0,0.0
2026-06-15 12:50:00+09:00,0.0,0.0,0.0
2026-06-15 12:55:00+09:00,0.0,0.0,0.0
2026-06-15 13:00:00+09:00,7.39878354034426e-05,1.0,1.0
2026-06-15 13:05:00+09:00,-8.150971899921243e-05,0.0,0.9814814814814814
2026-06-15 13:10:00+09:00,0.00017157424063768292,0.0,0.9565586419753087
2026-06-15 13:15:00+09:00,8.911608729401202e-05,0.0,0.9381172839506173
2026-06-15 13:20:00+09:00,7.400235634974542e-05,0.0,0.9937499999999999
2026-06-15 13:25:00+09:00,0.00014426311153639877,0.0,0.9131172839506172
2026-06-15 13:30:00+09:00,-0.0001937962962962963,0.9689814814814814,0.0
2026-06-15 13:35:00+09:00,-6.203703703703704e-06,0.031018518518518518,0.0
2026-06-15 13:40:00+09:00,0.0,0.0,0.0
2026-06-15 13:45:00+09:00,0.0,0.0,0.0
2026-06-15 13:50:00+09:00,0.0,0.0,0.0
2026-06-15 13:55:00+09:00,0.0,0.0,0.0
2026-06-15 14:00:00+09:00,0.0,0.0,0.0
2026-06-15 14:05:00+09:00,0.0,0.0,0.0
2026-06-15 14:10:00+09:00,0.0,0.0,0.0
2026-06-15 14:15:00+09:00,0.0,0.0,0.0
2026-06-15 14:20:00+09:00,0.0,0.0,0.0
2026-06-15 14:25:00+09:00,0.0,0.0,0.0
2026-06-15 14:30:00+09:00,0.0,0.0,0.0
2026-06-15 14:35:00+09:00,0.0,0.0,0.0
2026-06-15 14:40:00+09:00,0.0,0.0,0.0
2026-06-15 14:45:00+09:00,0.0,0.0,0.0
2026-06-15 14:50:00+09:00,0.0,0.0,0.0
2026-06-15 14:55:00+09:00,0.0,0.0,0.0
2026-06-15 15:00:00+09:00,0.0,0.0,0.0
2026-06-15 15:05:00+09:00,0.0,0.0,0.0
2026-06-15 15:10:00+09:00,0.0,0.0,0.0
2026-06-15 15:15:00+09:00,0.0,0.0,0.0
2026-06-15 15:20:00+09:00,0.0,0.0,0.0
2026-06-16 09:00:00+09:00,0.0,0.0,0.0
2026-06-16 09:05:00+09:00,0.0,0.0,0.0
2026-06-16 09:10:00+09:00,0.0,0.0,0.0
2026-06-16 09:15:00+09:00,0.0,0.0,0.0
2026-06-16 09:20:00+09:00,0.0,0.0,0.0
2026-06-16 09:25:00+09:00,0.0,0.0,0.0
2026-06-16 09:30:00+09:00,4.9876834027997423e-05,1.0,1.0
2026-06-16 09:35:00+09:00,-0.0009131431404592139,0.0,0.9817073170731708
2026-06-16 09:40:00+09:00,-0.0005748105969373805,0.0,0.9817807816632385
2026-06-16 09:45:00+09:00,-0.0003942545047320151,0.0,0.9756832206876287
2026-06-16 09:50:00+09:00,-3.649858844501669e-05,0.0,0.9878048780487805
2026-06-16 09:55:00+09:00,0.000453380272730837,0.0,0.945342344989715
2026-06-16 10:00:00+09:00,-0.00019757566852776962,0.9878783426388481,0.0
2026-06-16 10:05:00+09:00,-1.2195121951219514e-06,0.006097560975609756,0.0
2026-06-16 10:10:00+09:00,0.0,0.0,0.0
2026-06-16 10:15:00+09:00,-1.2048192771084338e-06,0.006024096385542169,0.0
2026-06-16 10:20:00+09:00,0.0,0.0,0.0
2026-06-16 10:25:00+09:00,0.0,0.0,0.0
2026-06-16 10:30:00+09:00,0.0,0.0,0.0
2026-06-16 10:35:00+09:00,0.0,0.0,0.0
2026-06-16 10:40:00+09:00,0.0,0.0,0.0
2026-06-16 10:45:00+09:00,0.0,0.0,0.0
2026-06-16 10:50:00+09:00,0.0,0.0,0.0
2026-06-16 10:55:00+09:00,0.0,0.0,0.0
2026-06-16 11:00:00+09:00,0.0,0.0,0.0
2026-06-16 11:05:00+09:00,0.0,0.0,0.0
2026-06-16 11:10:00+09:00,0.0,0.0,0.0
2026-06-16 11:15:00+09:00,0.0,0.0,0.0
2026-06-16 11:20:00+09:00,0.0,0.0,0.0
2026-06-16 11:25:00+09:00,0.0,0.0,0.0
2026-06-16 12:30:00+09:00,0.0,0.0,0.0
2026-06-16 12:35:00+09:00,0.0,0.0,0.0
2026-06-16 12:40:00+09:00,0.0,0.0,0.0
2026-06-16 12:45:00+09:00,0.0,0.0,0.0
2026-06-16 12:50:00+09:00,0.0,0.0,0.0
2026-06-16 12:55:00+09:00,0.0,0.0,0.0
2026-06-16 13:00:00+09:00,-0.0001881660067572343,1.0,1.0
2026-06-16 13:05:00+09:00,-0.00011260450330722671,0.0,0.9877295995182174
2026-06-16 13:10:00+09:00,9.815390210728429e-05,0.0,0.9570159590484794
2026-06-16 13:15:00+09:00,0.0001373486159272532,0.0,0.963038241493526
2026-06-16 13:20:00+09:00,0.00018196549269208884,0.0,0.9753086419753085
2026-06-16 13:25:00+09:00,-1.3422916850892733e-05,0.0,0.9384221619993978
2026-06-16 13:30:00+09:00,-0.00018649503161698286,0.9324751580849142,0.0
2026-06-16 13:35:00+09:00,-1.1050888286660645e-05,0.05525444143330322,0.0
2026-06-16 13:40:00+09:00,-2.4540800963565193e-06,0.012270400481782595,0.0
2026-06-16 13:45:00+09:00,0.0,0.0,0.0
2026-06-16 13:50:00+09:00,0.0,0.0,0.0
2026-06-16 13:55:00+09:00,0.0,0.0,0.0
2026-06-16 14:00:00+09:00,0.0,0.0,0.0
2026-06-16 14:05:00+09:00,0.0,0.0,0.0
2026-06-16 14:10:00+09:00,0.0,0.0,0.0
2026-06-16 14:15:00+09:00,0.0,0.0,0.0
2026-06-16 14:20:00+09:00,0.0,0.0,0.0
2026-06-16 14:25:00+09:00,0.0,0.0,0.0
2026-06-16 14:30:00+09:00,0.0,0.0,0.0
2026-06-16 14:35:00+09:00,0.0,0.0,0.0
2026-06-16 14:40:00+09:00,0.0,0.0,0.0
2026-06-16 14:45:00+09:00,0.0,0.0,0.0
2026-06-16 14:50:00+09:00,0.0,0.0,0.0
2026-06-16 14:55:00+09:00,0.0,0.0,0.0
2026-06-16 15:00:00+09:00,0.0,0.0,0.0
2026-06-16 15:05:00+09:00,0.0,0.0,0.0
2026-06-16 15:10:00+09:00,0.0,0.0,0.0
2026-06-16 15:15:00+09:00,0.0,0.0,0.0
2026-06-16 15:20:00+09:00,0.0,0.0,0.0
2026-06-17 09:00:00+09:00,0.0,0.0,0.0
2026-06-17 09:05:00+09:00,0.0,0.0,0.0
2026-06-17 09:10:00+09:00,0.0,0.0,0.0
2026-06-17 09:15:00+09:00,0.0,0.0,0.0
2026-06-17 09:20:00+09:00,0.0,0.0,0.0
2026-06-17 09:25:00+09:00,0.0,0.0,0.0
2026-06-17 09:30:00+09:00,-0.00042421936052721256,1.0,1.0
2026-06-17 09:35:00+09:00,-4.333736406560214e-05,0.0,0.9694369165913881
2026-06-17 09:40:00+09:00,3.543060591913382e-05,0.0,0.9509183980728695
2026-06-17 09:45:00+09:00,0.00012463919173598688,0.0,0.9692863595302619
2026-06-17 09:50:00+09:00,-0.00020059715360513607,0.0,0.9509936766034327
2026-06-17 09:55:00+09:00,-0.0002742907280241583,0.0,0.9509936766034326
2026-06-17 10:00:00+09:00,-0.00019509183980728696,0.9754591990364347,0.0
2026-06-17 10:05:00+09:00,-2.469135802469136e-06,0.012345679012345678,0.0
2026-06-17 10:10:00+09:00,-2.4390243902439027e-06,0.012195121951219513,0.0
2026-06-17 10:15:00+09:00,0.0,0.0,0.0
2026-06-17 10:20:00+09:00,0.0,0.0,0.0
2026-06-17 10:25:00+09:00,0.0,0.0,0.0
2026-06-17 10:30:00+09:00,0.0,0.0,0.0
2026-06-17 10:35:00+09:00,0.0,0.0,0.0
2026-06-17 10:40:00+09:00,0.0,0.0,0.0
2026-06-17 10:45:00+09:00,0.0,0.0,0.0
2026-06-17 10:50:00+09:00,0.0,0.0,0.0
2026-06-17 10:55:00+09:00,0.0,0.0,0.0
2026-06-17 11:00:00+09:00,0.0,0.0,0.0
2026-06-17 11:05:00+09:00,0.0,0.0,0.0
2026-06-17 11:10:00+09:00,0.0,0.0,0.0
2026-06-17 11:15:00+09:00,0.0,0.0,0.0
2026-06-17 11:20:00+09:00,0.0,0.0,0.0
2026-06-17 11:25:00+09:00,0.0,0.0,0.0
2026-06-17 12:30:00+09:00,0.0,0.0,0.0
2026-06-17 12:35:00+09:00,0.0,0.0,0.0
2026-06-17 12:40:00+09:00,0.0,0.0,0.0
2026-06-17 12:45:00+09:00,0.0,0.0,0.0
2026-06-17 12:50:00+09:00,0.0,0.0,0.0
2026-06-17 12:55:00+09:00,0.0,0.0,0.0
2026-06-17 13:00:00+09:00,-7.385330866279103e-05,1.0,1.0
2026-06-17 13:05:00+09:00,3.691482481650912e-05,0.0,0.9388738331827763
2026-06-17 13:10:00+09:00,7.536538858191922e-08,0.0,0.8709725986148751
2026-06-17 13:15:00+09:00,-7.088435632896177e-05,0.0,0.938572719060524
2026-06-17 13:20:00+09:00,-0.00011670590780848451,0.0,0.9324751580849142
2026-06-17 13:25:00+09:00,-0.00012855715522995601,0.0,0.9262270400481782
2026-06-17 13:30:00+09:00,-0.0001852755194218609,0.9263775971093045,0.0
2026-06-17 13:35:00+09:00,-1.2270400481782596e-05,0.061352002408912976,0.0
2026-06-17 13:40:00+09:00,-1.234567901234568e-06,0.006172839506172839,0.0
2026-06-17 13:45:00+09:00,-1.2195121951219514e-06,0.006097560975609756,0.0
2026-06-17 13:50:00+09:00,0.0,0.0,0.0
2026-06-17 13:55:00+09:00,0.0,0.0,0.0
2026-06-17 14:00:00+09:00,0.0,0.0,0.0
2026-06-17 14:05:00+09:00,0.0,0.0,0.0
2026-06-17 14:10:00+09:00,0.0,0.0,0.0
2026-06-17 14:15:00+09:00,0.0,0.0,0.0
2026-06-17 14:20:00+09:00,0.0,0.0,0.0
2026-06-17 14:25:00+09:00,0.0,0.0,0.0
2026-06-17 14:30:00+09:00,0.0,0.0,0.0
2026-06-17 14:35:00+09:00,0.0,0.0,0.0
2026-06-17 14:40:00+09:00,0.0,0.0,0.0
2026-06-17 14:45:00+09:00,0.0,0.0,0.0
2026-06-17 14:50:00+09:00,0.0,0.0,0.0
2026-06-17 14:55:00+09:00,0.0,0.0,0.0
2026-06-17 15:00:00+09:00,0.0,0.0,0.0
2026-06-17 15:05:00+09:00,0.0,0.0,0.0
2026-06-17 15:10:00+09:00,0.0,0.0,0.0
2026-06-17 15:15:00+09:00,0.0,0.0,0.0
2026-06-17 15:20:00+09:00,0.0,0.0,0.0
2026-06-18 09:00:00+09:00,0.0,0.0,0.0
2026-06-18 09:05:00+09:00,0.0,0.0,0.0
2026-06-18 09:10:00+09:00,0.0,0.0,0.0
2026-06-18 09:15:00+09:00,0.0,0.0,0.0
2026-06-18 09:20:00+09:00,0.0,0.0,0.0
2026-06-18 09:25:00+09:00,0.0,0.0,0.0
2026-06-18 09:30:00+09:00,-0.00010489779458734775,1.0,1.0
2026-06-18 09:35:00+09:00,0.00021424054937595752,0.0,0.9570912375790424
2026-06-18 09:40:00+09:00,-0.0009688155526785164,0.0,0.9938271604938271
2026-06-18 09:45:00+09:00,0.0003009987106972583,0.0,0.9570159590484792
2026-06-18 09:50:00+09:00,-2.697527520146637e-05,0.0,0.9694369165913881
2026-06-18 09:55:00+09:00,-1.351365958210056e-05,0.0,0.9815567600120445
2026-06-18 10:00:00+09:00,-0.0001962962962962963,0.9814814814814815,0.0
2026-06-18 10:05:00+09:00,-3.7037037037037037e-06,0.018518518518518517,0.0
2026-06-18 10:10:00+09:00,0.0,0.0,0.0
2026-06-18 10:15:00+09:00,0.0,0.0,0.0
2026-06-18 10:20:00+09:00,0.0,0.0,0.0
2026-06-18 10:25:00+09:00,0.0,0.0,0.0
2026-06-18 10:30:00+09:00,0.0,0.0,0.0
2026-06-18 10:35:00+09:00,0.0,0.0,0.0
2026-06-18 10:40:00+09:00,0.0,0.0,0.0
2026-06-18 10:45:00+09:00,0.0,0.0,0.0
2026-06-18 10:50:00+09:00,0.0,0.0,0.0
2026-06-18 10:55:00+09:00,0.0,0.0,0.0
2026-06-18 11:00:00+09:00,0.0,0.0,0.0
2026-06-18 11:05:00+09:00,0.0,0.0,0.0
2026-06-18 11:10:00+09:00,0.0,0.0,0.0
2026-06-18 11:15:00+09:00,0.0,0.0,0.0
2026-06-18 11:20:00+09:00,0.0,0.0,0.0
2026-06-18 11:25:00+09:00,0.0,0.0,0.0
2026-06-18 12:30:00+09:00,0.0,0.0,0.0
2026-06-18 12:35:00+09:00,0.0,0.0,0.0
2026-06-18 12:40:00+09:00,0.0,0.0,0.0
2026-06-18 12:45:00+09:00,0.0,0.0,0.0
2026-06-18 12:50:00+09:00,0.0,0.0,0.0
2026-06-18 12:55:00+09:00,0.0,0.0,0.0
2026-06-18 13:00:00+09:00,-7.208669926080482e-05,1.0,0.9999999999999999
2026-06-18 13:05:00+09:00,4.147198594493575e-06,0.0,0.9384974405299609
2026-06-18 13:10:00+09:00,-0.0004459538360082465,0.0,0.9446702800361336
2026-06-18 13:15:00+09:00,0.00047191285948603774,0.0,0.9570159590484792
2026-06-18 13:20:00+09:00,5.839576497679579e-05,0.0,0.9938271604938271
2026-06-18 13:25:00+09:00,-0.00011053242549722215,0.0,0.9508431195423066
2026-06-18 13:30:00+09:00,-0.0001962962962962963,0.9814814814814815,0.0
2026-06-18 13:35:00+09:00,-3.7037037037037037e-06,0.018518518518518517,0.0
2026-06-18 13:40:00+09:00,0.0,0.0,0.0
2026-06-18 13:45:00+09:00,0.0,0.0,0.0
2026-06-18 13:50:00+09:00,0.0,0.0,0.0
2026-06-18 13:55:00+09:00,0.0,0.0,0.0
2026-06-18 14:00:00+09:00,0.0,0.0,0.0
2026-06-18 14:05:00+09:00,0.0,0.0,0.0
2026-06-18 14:10:00+09:00,0.0,0.0,0.0
2026-06-18 14:15:00+09:00,0.0,0.0,0.0
2026-06-18 14:20:00+09:00,0.0,0.0,0.0
2026-06-18 14:25:00+09:00,0.0,0.0,0.0
2026-06-18 14:30:00+09:00,0.0,0.0,0.0
2026-06-18 14:35:00+09:00,0.0,0.0,0.0
2026-06-18 14:40:00+09:00,0.0,0.0,0.0
2026-06-18 14:45:00+09:00,0.0,0.0,0.0
2026-06-18 14:50:00+09:00,0.0,0.0,0.0
2026-06-18 14:55:00+09:00,0.0,0.0,0.0
2026-06-18 15:00:00+09:00,0.0,0.0,0.0
2026-06-18 15:05:00+09:00,0.0,0.0,0.0
2026-06-18 15:10:00+09:00,0.0,0.0,0.0
2026-06-18 15:15:00+09:00,0.0,0.0,0.0
2026-06-18 15:20:00+09:00,0.0,0.0,0.0
2026-06-19 09:00:00+09:00,0.0,0.0,0.0
2026-06-19 09:05:00+09:00,0.0,0.0,0.0
2026-06-19 09:10:00+09:00,0.0,0.0,0.0
2026-06-19 09:15:00+09:00,0.0,0.0,0.0
2026-06-19 09:20:00+09:00,0.0,0.0,0.0
2026-06-19 09:25:00+09:00,0.0,0.0,0.0
2026-06-19 09:30:00+09:00,2.691200338288934e-05,1.0,1.0
2026-06-19 09:35:00+09:00,-0.00010316244224987536,0.0,0.9758301498677638
2026-06-19 09:40:00+09:00,0.0004952824614299871,0.0,0.963708492506612
2026-06-19 09:45:00+09:00,-0.00012961663072740324,0.006024096385542169,0.9637819570966795
2026-06-19 09:50:00+09:00,-0.00012836130744091302,0.0,0.9637084925066118
2026-06-19 09:55:00+09:00,0.0003981484724788285,0.0,0.9698060534822216
2026-06-19 10:00:00+09:00,-0.0001927416985013224,0.9637084925066118,0.0
2026-06-19 10:05:00+09:00,-4.84866294446077e-06,0.02424331472230385,0.0
2026-06-19 10:10:00+09:00,0.0,0.0,0.0
2026-06-19 10:15:00+09:00,-1.2048192771084338e-06,0.006024096385542169,0.0
2026-06-19 10:20:00+09:00,0.0,0.0,0.0
2026-06-19 10:25:00+09:00,0.0,0.0,0.0
2026-06-19 10:30:00+09:00,0.0,0.0,0.0
2026-06-19 10:35:00+09:00,0.0,0.0,0.0
2026-06-19 10:40:00+09:00,0.0,0.0,0.0
2026-06-19 10:45:00+09:00,0.0,0.0,0.0
2026-06-19 10:50:00+09:00,0.0,0.0,0.0
2026-06-19 10:55:00+09:00,0.0,0.0,0.0
2026-06-19 11:00:00+09:00,0.0,0.0,0.0
2026-06-19 11:05:00+09:00,0.0,0.0,0.0
2026-06-19 11:10:00+09:00,0.0,0.0,0.0
2026-06-19 11:15:00+09:00,0.0,0.0,0.0
2026-06-19 11:20:00+09:00,0.0,0.0,0.0
2026-06-19 11:25:00+09:00,0.0,0.0,0.0
2026-06-19 12:30:00+09:00,0.0,0.0,0.0
2026-06-19 12:35:00+09:00,0.0,0.0,0.0
2026-06-19 12:40:00+09:00,0.0,0.0,0.0
2026-06-19 12:45:00+09:00,0.0,0.0,0.0
2026-06-19 12:50:00+09:00,0.0,0.0,0.0
2026-06-19 12:55:00+09:00,0.0,0.0,0.0
2026-06-19 13:00:00+09:00,-4.663907533495771e-06,1.0,1.0
2026-06-19 13:05:00+09:00,0.0002507900334542603,0.0,0.9507678410117435
2026-06-19 13:10:00+09:00,-0.00018452397028880264,0.0,0.9445950015055706
2026-06-19 13:15:00+09:00,-1.0983225459224149e-05,0.0,0.963113520024089
2026-06-19 13:20:00+09:00,-8.915053665123538e-06,0.0,0.9753086419753085
2026-06-19 13:25:00+09:00,-0.0003828383448297567,0.0,0.9199789220114423
2026-06-19 13:30:00+09:00,-0.00018649503161698286,0.9324751580849142,0.0
2026-06-19 13:35:00+09:00,-1.1050888286660645e-05,0.05525444143330322,0.0
2026-06-19 13:40:00+09:00,-2.4540800963565193e-06,0.012270400481782595,0.0
2026-06-19 13:45:00+09:00,0.0,0.0,0.0
2026-06-19 13:50:00+09:00,0.0,0.0,0.0
2026-06-19 13:55:00+09:00,0.0,0.0,0.0
2026-06-19 14:00:00+09:00,0.0,0.0,0.0
2026-06-19 14:05:00+09:00,0.0,0.0,0.0
2026-06-19 14:10:00+09:00,0.0,0.0,0.0
2026-06-19 14:15:00+09:00,0.0,0.0,0.0
2026-06-19 14:20:00+09:00,0.0,0.0,0.0
2026-06-19 14:25:00+09:00,0.0,0.0,0.0
2026-06-19 14:30:00+09:00,0.0,0.0,0.0
2026-06-19 14:35:00+09:00,0.0,0.0,0.0
2026-06-19 14:40:00+09:00,0.0,0.0,0.0
2026-06-19 14:45:00+09:00,0.0,0.0,0.0
2026-06-19 14:50:00+09:00,0.0,0.0,0.0
2026-06-19 14:55:00+09:00,0.0,0.0,0.0
2026-06-19 15:00:00+09:00,0.0,0.0,0.0
2026-06-19 15:05:00+09:00,0.0,0.0,0.0
2026-06-19 15:10:00+09:00,0.0,0.0,0.0
2026-06-19 15:15:00+09:00,0.0,0.0,0.0
2026-06-19 15:20:00+09:00,0.0,0.0,0.0
2026-06-22 09:00:00+09:00,0.0,0.0,0.0
2026-06-22 09:05:00+09:00,0.0,0.0,0.0
2026-06-22 09:10:00+09:00,0.0,0.0,0.0
2026-06-22 09:15:00+09:00,0.0,0.0,0.0
2026-06-22 09:20:00+09:00,0.0,0.0,0.0
2026-06-22 09:25:00+09:00,0.0,0.0,0.0
2026-06-22 09:30:00+09:00,-0.00034811780756004786,1.0,1.0
2026-06-22 09:35:00+09:00,-0.0001604969057430383,0.0,0.987878342638848
2026-06-22 09:40:00+09:00,0.0002072912290508467,0.0,0.9878783426388482
2026-06-22 09:45:00+09:00,0.0003696636898101339,0.0,1.0
2026-06-22 09:50:00+09:00,0.00022700495807273237,0.0,0.9514399059653248
2026-06-22 09:55:00+09:00,0.00012755788602232274,0.0,0.9332941522186307
2026-06-22 10:00:00+09:00,-0.00019516602997355275,0.9758301498677637,0.0
2026-06-22 10:05:00+09:00,-2.4096385542168676e-06,0.012048192771084338,0.0
2026-06-22 10:10:00+09:00,-1.2195121951219514e-06,0.006097560975609756,0.0
2026-06-22 10:15:00+09:00,0.0,0.0,0.0
2026-06-22 10:20:00+09:00,0.0,0.0,0.0
2026-06-22 10:25:00+09:00,0.0,0.0,0.0
2026-06-22 10:30:00+09:00,0.0,0.0,0.0
2026-06-22 10:35:00+09:00,0.0,0.0,0.0
2026-06-22 10:40:00+09:00,-1.2048192771084338e-06,0.006024096385542169,0.0
2026-06-22 10:45:00+09:00,0.0,0.0,0.0
2026-06-22 10:50:00+09:00,0.0,0.0,0.0
2026-06-22 10:55:00+09:00,0.0,0.0,0.0
2026-06-22 11:00:00+09:00,0.0,0.0,0.0
2026-06-22 11:05:00+09:00,0.0,0.0,0.0
2026-06-22 11:10:00+09:00,0.0,0.0,0.0
2026-06-22 11:15:00+09:00,0.0,0.0,0.0
2026-06-22 11:20:00+09:00,0.0,0.0,0.0
2026-06-22 11:25:00+09:00,0.0,0.0,0.0
2026-06-22 12:30:00+09:00,0.0,0.0,0.0
2026-06-22 12:35:00+09:00,0.0,0.0,0.0
2026-06-22 12:40:00+09:00,0.0,0.0,0.0
2026-06-22 12:45:00+09:00,0.0,0.0,0.0
2026-06-22 12:50:00+09:00,0.0,0.0,0.0
2026-06-22 12:55:00+09:00,0.0,0.0,0.0
2026-06-22 13:00:00+09:00,-0.00033420445397676146,1.0,1.0
2026-06-22 13:05:00+09:00,-8.965244021208704e-05,0.0,0.9274904496032912
2026-06-22 13:10:00+09:00,-2.7035556022983846e-06,0.0,0.9516602997355276
2026-06-22 13:15:00+09:00,-7.377972478792315e-05,0.0,0.9274904496032912
2026-06-22 13:20:00+09:00,-9.031061009646393e-05,0.0,0.9033940640611227
2026-06-22 13:25:00+09:00,0.00041854425637966085,0.0,0.9214663532177492
2026-06-22 13:30:00+09:00,-0.00018548339700264475,0.9274169850132237,0.0
2026-06-22 13:35:00+09:00,-8.477813693799589e-06,0.04238906846899795,0.0
2026-06-22 13:40:00+09:00,-3.614457831325301e-06,0.01807228915662651,0.0
2026-06-22 13:45:00+09:00,-1.2195121951219514e-06,0.006097560975609756,0.0
2026-06-22 13:50:00+09:00,0.0,0.0,0.0
2026-06-22 13:55:00+09:00,0.0,0.0,0.0
2026-06-22 14:00:00+09:00,0.0,0.0,0.0
2026-06-22 14:05:00+09:00,0.0,0.0,0.0
2026-06-22 14:10:00+09:00,0.0,0.0,0.0
2026-06-22 14:15:00+09:00,0.0,0.0,0.0
2026-06-22 14:20:00+09:00,0.0,0.0,0.0
2026-06-22 14:25:00+09:00,0.0,0.0,0.0
2026-06-22 14:30:00+09:00,0.0,0.0,0.0
2026-06-22 14:35:00+09:00,0.0,0.0,0.0
2026-06-22 14:40:00+09:00,0.0,0.0,0.0
2026-06-22 14:45:00+09:00,0.0,0.0,0.0
2026-06-22 14:50:00+09:00,0.0,0.0,0.0
2026-06-22 14:55:00+09:00,0.0,0.0,0.0
2026-06-22 15:00:00+09:00,0.0,0.0,0.0
2026-06-22 15:05:00+09:00,0.0,0.0,0.0
2026-06-22 15:10:00+09:00,-1.2048192771084338e-06,0.006024096385542169,0.0
2026-06-22 15:15:00+09:00,0.0,0.0,0.0
2026-06-22 15:20:00+09:00,0.0,0.0,0.0
2026-06-23 09:00:00+09:00,0.0,0.0,0.0
2026-06-23 09:05:00+09:00,0.0,0.0,0.0
2026-06-23 09:10:00+09:00,0.0,0.0,0.0
2026-06-23 09:15:00+09:00,0.0,0.0,0.0
2026-06-23 09:20:00+09:00,0.0,0.0,0.0
2026-06-23 09:25:00+09:00,0.0,0.0,0.0
2026-06-23 09:30:00+09:00,-0.00048704606196501476,1.0,1.0
2026-06-23 09:35:00+09:00,6.7218653701803e-05,0.0,0.9575374669409344
2026-06-23 09:40:00+09:00,0.0002961184756784182,0.0,0.939465177784308
2026-06-23 09:45:00+09:00,0.00019428459125784165,0.0,0.9091977666764619
2026-06-23 09:50:00+09:00,-2.2419926581647065e-05,0.0,0.981854246253306
2026-06-23 09:55:00+09:00,6.909565468636645e-05,0.0,0.9758301498677637
2026-06-23 10:00:00+09:00,-0.00019034675286511903,0.9517337643255951,0.0
2026-06-23 10:05:00+09:00,-6.038789303555687e-06,0.03019394651777843,0.0
2026-06-23 10:10:00+09:00,-1.2048192771084338e-06,0.006024096385542169,0.0
2026-06-23 10:15:00+09:00,-2.4096385542168676e-06,0.012048192771084338,0.0
2026-06-23 10:20:00+09:00,0.0,0.0,0.0
2026-06-23 10:25:00+09:00,0.0,0.0,0.0
2026-06-23 10:30:00+09:00,0.0,0.0,0.0
2026-06-23 10:35:00+09:00,0.0,0.0,0.0
2026-06-23 10:40:00+09:00,0.0,0.0,0.0
2026-06-23 10:45:00+09:00,0.0,0.0,0.0
2026-06-23 10:50:00+09:00,0.0,0.0,0.0
2026-06-23 10:55:00+09:00,0.0,0.0,0.0
2026-06-23 11:00:00+09:00,0.0,0.0,0.0
2026-06-23 11:05:00+09:00,0.0,0.0,0.0
2026-06-23 11:10:00+09:00,0.0,0.0,0.0
2026-06-23 11:15:00+09:00,0.0,0.0,0.0
2026-06-23 11:20:00+09:00,0.0,0.0,0.0
2026-06-23 11:25:00+09:00,0.0,0.0,0.0
2026-06-23 12:30:00+09:00,0.0,0.0,0.0
2026-06-23 12:35:00+09:00,0.0,0.0,0.0
2026-06-23 12:40:00+09:00,0.0,0.0,0.0
2026-06-23 12:45:00+09:00,0.0,0.0,0.0
2026-06-23 12:50:00+09:00,0.0,0.0,0.0
2026-06-23 12:55:00+09:00,0.0,0.0,0.0
2026-06-23 13:00:00+09:00,-4.359703930334505e-05,1.0,0.9999999999999999
2026-06-23 13:05:00+09:00,-0.00011416467606005423,0.0,0.9569406805179163
2026-06-23 13:10:00+09:00,0.00010798515236769542,0.0,0.969361638060825
2026-06-23 13:15:00+09:00,-0.0002971560510030968,0.0,0.94482083709726
2026-06-23 13:20:00+09:00,-9.194803588352917e-06,0.0,0.9692110809996989
2026-06-23 13:25:00+09:00,0.00015661363858077642,0.0,0.9509183980728697
2026-06-23 13:30:00+09:00,-0.00018649503161698286,0.9324751580849142,0.0
2026-06-23 13:35:00+09:00,-1.1065943992773261e-05,0.055329719963866306,0.0
2026-06-23 13:40:00+09:00,0.0,0.0,0.0
2026-06-23 13:45:00+09:00,-1.2195121951219514e-06,0.006097560975609756,0.0
2026-06-23 13:50:00+09:00,-1.2195121951219514e-06,0.006097560975609756,0.0
2026-06-23 13:55:00+09:00,0.0,0.0,0.0
2026-06-23 14:00:00+09:00,0.0,0.0,0.0
2026-06-23 14:05:00+09:00,0.0,0.0,0.0
2026-06-23 14:10:00+09:00,0.0,0.0,0.0
2026-06-23 14:15:00+09:00,0.0,0.0,0.0
2026-06-23 14:20:00+09:00,0.0,0.0,0.0
2026-06-23 14:25:00+09:00,0.0,0.0,0.0
2026-06-23 14:30:00+09:00,0.0,0.0,0.0
2026-06-23 14:35:00+09:00,0.0,0.0,0.0
2026-06-23 14:40:00+09:00,0.0,0.0,0.0
2026-06-23 14:45:00+09:00,0.0,0.0,0.0
2026-06-23 14:50:00+09:00,0.0,0.0,0.0
2026-06-23 14:55:00+09:00,0.0,0.0,0.0
2026-06-23 15:00:00+09:00,0.0,0.0,0.0
2026-06-23 15:05:00+09:00,0.0,0.0,0.0
2026-06-23 15:10:00+09:00,0.0,0.0,0.0
2026-06-23 15:15:00+09:00,0.0,0.0,0.0
2026-06-23 15:20:00+09:00,0.0,0.0,0.0
2026-06-24 09:00:00+09:00,0.0,0.0,0.0
2026-06-24 09:05:00+09:00,0.0,0.0,0.0
2026-06-24 09:10:00+09:00,0.0,0.0,0.0
2026-06-24 09:15:00+09:00,0.0,0.0,0.0
2026-06-24 09:20:00+09:00,0.0,0.0,0.0
2026-06-24 09:25:00+09:00,0.0,0.0,0.0
2026-06-24 09:30:00+09:00,-0.00013208467978074561,1.0,1.0
2026-06-24 09:35:00+09:00,0.0002617274224306227,0.0,0.9509183980728696
2026-06-24 09:40:00+09:00,0.00023362969267024287,0.0,0.9570159590484794
2026-06-24 09:45:00+09:00,3.355897006673303e-05,0.0,0.9445950015055706
2026-06-24 09:50:00+09:00,-1.0484517611438882e-05,0.0,0.9815567600120445
2026-06-24 09:55:00+09:00,-1.148072448007597e-05,0.0,0.963038241493526
2026-06-24 10:00:00+09:00,-0.00019140319180969588,0.9570159590484794,0.0
2026-06-24 10:05:00+09:00,-6.142728093947607e-06,0.03071364046973803,0.0
2026-06-24 10:10:00+09:00,-2.4540800963565193e-06,0.012270400481782595,0.0
2026-06-24 10:15:00+09:00,0.0,0.0,0.0
2026-06-24 10:20:00+09:00,0.0,0.0,0.0
2026-06-24 10:25:00+09:00,0.0,0.0,0.0
2026-06-24 10:30:00+09:00,0.0,0.0,0.0
2026-06-24 10:35:00+09:00,0.0,0.0,0.0
2026-06-24 10:40:00+09:00,0.0,0.0,0.0
2026-06-24 10:45:00+09:00,0.0,0.0,0.0
2026-06-24 10:50:00+09:00,0.0,0.0,0.0
2026-06-24 10:55:00+09:00,0.0,0.0,0.0
2026-06-24 11:00:00+09:00,0.0,0.0,0.0
2026-06-24 11:05:00+09:00,0.0,0.0,0.0
2026-06-24 11:10:00+09:00,0.0,0.0,0.0
2026-06-24 11:15:00+09:00,0.0,0.0,0.0
2026-06-24 11:20:00+09:00,0.0,0.0,0.0
2026-06-24 11:25:00+09:00,0.0,0.0,0.0
2026-06-24 12:30:00+09:00,0.0,0.0,0.0
2026-06-24 12:35:00+09:00,0.0,0.0,0.0
2026-06-24 12:40:00+09:00,0.0,0.0,0.0
2026-06-24 12:45:00+09:00,0.0,0.0,0.0
2026-06-24 12:50:00+09:00,0.0,0.0,0.0
2026-06-24 12:55:00+09:00,0.0,0.0,0.0
2026-06-24 13:00:00+09:00,-0.00014163461936406637,1.0,1.0
2026-06-24 13:05:00+09:00,0.00022295430638636027,0.0,0.9502314814814814
2026-06-24 13:10:00+09:00,0.0005786451355954807,0.0,0.9440586419753086
2026-06-24 13:15:00+09:00,0.0005754950179376348,0.0,0.9627314814814815
2026-06-24 13:20:00+09:00,0.0004982774793530903,0.0,0.993827160493827
2026-06-24 13:25:00+09:00,-0.000458014779358914,0.0,0.9689043209876542
2026-06-24 13:30:00+09:00,-0.00018632716049382718,0.9316358024691358,0.0
2026-06-24 13:35:00+09:00,-9.938271604938273e-06,0.04969135802469136,0.0
2026-06-24 13:40:00+09:00,-1.25e-06,0.00625,0.0
2026-06-24 13:45:00+09:00,-1.25e-06,0.00625,0.0
2026-06-24 13:50:00+09:00,0.0,0.0,0.0
2026-06-24 13:55:00+09:00,0.0,0.0,0.0
2026-06-24 14:00:00+09:00,0.0,0.0,0.0
2026-06-24 14:05:00+09:00,0.0,0.0,0.0
2026-06-24 14:10:00+09:00,0.0,0.0,0.0
2026-06-24 14:15:00+09:00,0.0,0.0,0.0
2026-06-24 14:20:00+09:00,0.0,0.0,0.0
2026-06-24 14:25:00+09:00,0.0,0.0,0.0
2026-06-24 14:30:00+09:00,0.0,0.0,0.0
2026-06-24 14:35:00+09:00,-1.234567901234568e-06,0.006172839506172839,0.0
2026-06-24 14:40:00+09:00,0.0,0.0,0.0
2026-06-24 14:45:00+09:00,0.0,0.0,0.0
2026-06-24 14:50:00+09:00,0.0,0.0,0.0
2026-06-24 14:55:00+09:00,0.0,0.0,0.0
2026-06-24 15:00:00+09:00,0.0,0.0,0.0
2026-06-24 15:05:00+09:00,0.0,0.0,0.0
2026-06-24 15:10:00+09:00,0.0,0.0,0.0
2026-06-24 15:15:00+09:00,0.0,0.0,0.0
2026-06-24 15:20:00+09:00,0.0,0.0,0.0
2026-06-25 09:00:00+09:00,0.0,0.0,0.0
2026-06-25 09:05:00+09:00,0.0,0.0,0.0
2026-06-25 09:10:00+09:00,0.0,0.0,0.0
2026-06-25 09:15:00+09:00,0.0,0.0,0.0
2026-06-25 09:20:00+09:00,0.0,0.0,0.0
2026-06-25 09:25:00+09:00,0.0,0.0,0.0
2026-06-25 09:30:00+09:00,-0.0005706773894451349,0.9938271604938271,0.993827160493827
2026-06-25 09:35:00+09:00,0.0002317215526599343,0.0,0.9815567600120445
2026-06-25 09:40:00+09:00,-0.0003346069314317147,0.0,0.9386479975910871
2026-06-25 09:45:00+09:00,0.00010338234639819239,0.0,0.9693616380608251
2026-06-25 09:50:00+09:00,0.0003334029374785208,0.0,0.9692863595302619
2026-06-25 09:55:00+09:00,0.00036498083555063936,0.0,0.9327009936766034
2026-06-25 10:00:00+09:00,-0.00019265281541704308,0.9632640770852153,0.0
2026-06-25 10:05:00+09:00,-6.112616681722374e-06,0.030563083408611864,0.0
2026-06-25 10:10:00+09:00,0.0,0.0,0.0
2026-06-25 10:15:00+09:00,0.0,0.0,0.0
2026-06-25 10:20:00+09:00,0.0,0.0,0.0
2026-06-25 10:25:00+09:00,0.0,0.0,0.0
2026-06-25 10:30:00+09:00,0.0,0.0,0.0
2026-06-25 10:35:00+09:00,0.0,0.0,0.0
2026-06-25 10:40:00+09:00,0.0,0.0,0.0
2026-06-25 10:45:00+09:00,0.0,0.0,0.0
2026-06-25 10:50:00+09:00,0.0,0.0,0.0
2026-06-25 10:55:00+09:00,0.0,0.0,0.0
2026-06-25 11:00:00+09:00,0.0,0.0,0.0
2026-06-25 11:05:00+09:00,0.0,0.0,0.0
2026-06-25 11:10:00+09:00,0.0,0.0,0.0
2026-06-25 11:15:00+09:00,0.0,0.0,0.0
2026-06-25 11:20:00+09:00,0.0,0.0,0.0
2026-06-25 11:25:00+09:00,0.0,0.0,0.0
2026-06-25 12:30:00+09:00,0.0,0.0,0.0
2026-06-25 12:35:00+09:00,0.0,0.0,0.0
2026-06-25 12:40:00+09:00,0.0,0.0,0.0
2026-06-25 12:45:00+09:00,0.0,0.0,0.0
2026-06-25 12:50:00+09:00,0.0,0.0,0.0
2026-06-25 12:55:00+09:00,0.0,0.0,0.0
2026-06-25 13:00:00+09:00,-0.000308060754627666,1.0,1.0
2026-06-25 13:05:00+09:00,0.00029457964406282526,0.0,0.9012345679012346
2026-06-25 13:10:00+09:00,0.00010517349709253866,0.0,0.9259259259259258
2026-06-25 13:15:00+09:00,-7.634573367490596e-05,0.0,0.9259259259259258
2026-06-25 13:20:00+09:00,0.00011592772050505302,0.0,0.95679012345679
2026-06-25 13:25:00+09:00,0.00030637754891262427,0.0,0.9691358024691358
2026-06-25 13:30:00+09:00,-0.00018518518518518518,0.9259259259259258,0.0
2026-06-25 13:35:00+09:00,-9.876543209876543e-06,0.04938271604938271,0.0
2026-06-25 13:40:00+09:00,-2.469135802469136e-06,0.012345679012345678,0.0
2026-06-25 13:45:00+09:00,-1.234567901234568e-06,0.006172839506172839,0.0
2026-06-25 13:50:00+09:00,0.0,0.0,0.0
2026-06-25 13:55:00+09:00,-1.234567901234568e-06,0.006172839506172839,0.0
2026-06-25 14:00:00+09:00,0.0,0.0,0.0
2026-06-25 14:05:00+09:00,0.0,0.0,0.0
2026-06-25 14:10:00+09:00,0.0,0.0,0.0
2026-06-25 14:15:00+09:00,0.0,0.0,0.0
2026-06-25 14:20:00+09:00,0.0,0.0,0.0
2026-06-25 14:25:00+09:00,0.0,0.0,0.0
2026-06-25 14:30:00+09:00,0.0,0.0,0.0
2026-06-25 14:35:00+09:00,0.0,0.0,0.0
2026-06-25 14:40:00+09:00,0.0,0.0,0.0
2026-06-25 14:45:00+09:00,0.0,0.0,0.0
2026-06-25 14:50:00+09:00,0.0,0.0,0.0
2026-06-25 14:55:00+09:00,0.0,0.0,0.0
2026-06-25 15:00:00+09:00,0.0,0.0,0.0
2026-06-25 15:05:00+09:00,0.0,0.0,0.0
2026-06-25 15:10:00+09:00,0.0,0.0,0.0
2026-06-25 15:15:00+09:00,0.0,0.0,0.0
2026-06-25 15:20:00+09:00,0.0,0.0,0.0
2026-06-26 09:00:00+09:00,0.0,0.0,0.0
2026-06-26 09:05:00+09:00,0.0,0.0,0.0
2026-06-26 09:10:00+09:00,0.0,0.0,0.0
2026-06-26 09:15:00+09:00,0.0,0.0,0.0
2026-06-26 09:20:00+09:00,0.0,0.0,0.0
2026-06-26 09:25:00+09:00,0.0,0.0,0.0
2026-06-26 09:30:00+09:00,-0.0005987526750834258,1.0,1.0
2026-06-26 09:35:00+09:00,0.00013943967696524088,0.0,0.9515868351454599
2026-06-26 09:40:00+09:00,-0.0005488364038573878,0.0,0.9759036144578315
2026-06-26 09:45:00+09:00,0.00022548773610186516,0.0,0.9758301498677637
2026-06-26 09:50:00+09:00,-0.00033470243020838496,0.0,0.963708492506612
2026-06-26 09:55:00+09:00,-0.00014837519945070613,0.0,0.9879518072289157
2026-06-26 10:00:00+09:00,-0.0001963855421686747,0.9819277108433735,0.0
2026-06-26 10:05:00+09:00,-1.2048192771084338e-06,0.006024096385542169,0.0
2026-06-26 10:10:00+09:00,-2.4096385542168676e-06,0.012048192771084338,0.0
2026-06-26 10:15:00+09:00,0.0,0.0,0.0
2026-06-26 10:20:00+09:00,0.0,0.0,0.0
2026-06-26 10:25:00+09:00,0.0,0.0,0.0
2026-06-26 10:30:00+09:00,0.0,0.0,0.0
2026-06-26 10:35:00+09:00,0.0,0.0,0.0
2026-06-26 10:40:00+09:00,0.0,0.0,0.0
2026-06-26 10:45:00+09:00,0.0,0.0,0.0
2026-06-26 10:50:00+09:00,0.0,0.0,0.0
2026-06-26 10:55:00+09:00,0.0,0.0,0.0
2026-06-26 11:00:00+09:00,0.0,0.0,0.0
2026-06-26 11:05:00+09:00,0.0,0.0,0.0
2026-06-26 11:10:00+09:00,0.0,0.0,0.0
2026-06-26 11:15:00+09:00,0.0,0.0,0.0
2026-06-26 11:20:00+09:00,0.0,0.0,0.0
2026-06-26 11:25:00+09:00,0.0,0.0,0.0
2026-06-26 12:30:00+09:00,0.0,0.0,0.0
2026-06-26 12:35:00+09:00,0.0,0.0,0.0
2026-06-26 12:40:00+09:00,0.0,0.0,0.0
2026-06-26 12:45:00+09:00,0.0,0.0,0.0
2026-06-26 12:50:00+09:00,0.0,0.0,0.0
2026-06-26 12:55:00+09:00,0.0,0.0,0.0
2026-06-26 13:00:00+09:00,-0.0004175478022491031,1.0,1.0
2026-06-26 13:05:00+09:00,-5.0898009352008364e-05,0.0,0.9335145459888335
2026-06-26 13:10:00+09:00,-0.00025412466529754773,0.0,0.951733764325595
2026-06-26 13:15:00+09:00,0.0004723963417342338,0.0,0.9577578607111372
2026-06-26 13:20:00+09:00,-0.0001733541057383349,0.0,0.9879518072289157
2026-06-26 13:25:00+09:00,0.0001854849721370589,0.0,0.9455627387599178
2026-06-26 13:30:00+09:00,-0.0001903320599471055,0.9516602997355276,0.0
2026-06-26 13:35:00+09:00,-9.667940052894506e-06,0.04833970026447253,0.0
2026-06-26 13:40:00+09:00,0.0,0.0,0.0
2026-06-26 13:45:00+09:00,0.0,0.0,0.0
2026-06-26 13:50:00+09:00,0.0,0.0,0.0
2026-06-26 13:55:00+09:00,0.0,0.0,0.0
2026-06-26 14:00:00+09:00,0.0,0.0,0.0
2026-06-26 14:05:00+09:00,0.0,0.0,0.0
2026-06-26 14:10:00+09:00,0.0,0.0,0.0
2026-06-26 14:15:00+09:00,0.0,0.0,0.0
2026-06-26 14:20:00+09:00,0.0,0.0,0.0
2026-06-26 14:25:00+09:00,0.0,0.0,0.0
2026-06-26 14:30:00+09:00,0.0,0.0,0.0
2026-06-26 14:35:00+09:00,0.0,0.0,0.0
2026-06-26 14:40:00+09:00,0.0,0.0,0.0
2026-06-26 14:45:00+09:00,0.0,0.0,0.0
2026-06-26 14:50:00+09:00,0.0,0.0,0.0
2026-06-26 14:55:00+09:00,0.0,0.0,0.0
2026-06-26 15:00:00+09:00,0.0,0.0,0.0
2026-06-26 15:05:00+09:00,0.0,0.0,0.0
2026-06-26 15:10:00+09:00,0.0,0.0,0.0
2026-06-26 15:15:00+09:00,0.0,0.0,0.0
2026-06-26 15:20:00+09:00,0.0,0.0,0.0
2026-06-29 09:00:00+09:00,0.0,0.0,0.0
2026-06-29 09:05:00+09:00,0.0,0.0,0.0
2026-06-29 09:10:00+09:00,0.0,0.0,0.0
2026-06-29 09:15:00+09:00,0.0,0.0,0.0
2026-06-29 09:20:00+09:00,0.0,0.0,0.0
2026-06-29 09:25:00+09:00,0.0,0.0,0.0
2026-06-29 09:30:00+09:00,0.0010017313507422966,1.0,1.0
2026-06-29 09:35:00+09:00,-0.002804561968796681,0.0,0.9940476190476191
2026-06-29 09:40:00+09:00,-0.0012545348238562598,0.0,0.9880235226620768
2026-06-29 09:45:00+09:00,-0.001622598530905312,0.0,0.9880235226620768
2026-06-29 09:50:00+09:00,-0.0015319029279018295,0.0,0.9880235226620768
2026-06-29 09:55:00+09:00,0.00040917130453614224,0.0,0.982142857142857
2026-06-29 10:00:00+09:00,-0.00019401893287435457,0.9700946643717728,0.0
2026-06-29 10:05:00+09:00,-5.9810671256454385e-06,0.029905335628227194,0.0
2026-06-29 10:10:00+09:00,0.0,0.0,0.0
2026-06-29 10:15:00+09:00,0.0,0.0,0.0
2026-06-29 10:20:00+09:00,0.0,0.0,0.0
2026-06-29 10:25:00+09:00,0.0,0.0,0.0
2026-06-29 10:30:00+09:00,0.0,0.0,0.0
2026-06-29 10:35:00+09:00,0.0,0.0,0.0
2026-06-29 10:40:00+09:00,0.0,0.0,0.0
2026-06-29 10:45:00+09:00,0.0,0.0,0.0
2026-06-29 10:50:00+09:00,0.0,0.0,0.0
2026-06-29 10:55:00+09:00,0.0,0.0,0.0
2026-06-29 11:00:00+09:00,0.0,0.0,0.0
2026-06-29 11:05:00+09:00,0.0,0.0,0.0
2026-06-29 11:10:00+09:00,0.0,0.0,0.0
2026-06-29 11:15:00+09:00,0.0,0.0,0.0
2026-06-29 11:20:00+09:00,0.0,0.0,0.0
2026-06-29 11:25:00+09:00,0.0,0.0,0.0
2026-06-29 12:30:00+09:00,0.0,0.0,0.0
2026-06-29 12:35:00+09:00,0.0,0.0,0.0
2026-06-29 12:40:00+09:00,0.0,0.0,0.0
2026-06-29 12:45:00+09:00,0.0,0.0,0.0
2026-06-29 12:50:00+09:00,0.0,0.0,0.0
2026-06-29 12:55:00+09:00,0.0,0.0,0.0
2026-06-29 13:00:00+09:00,-0.000160842348625421,1.0,1.0
2026-06-29 13:05:00+09:00,-0.0003835869161653979,0.0,0.9817807816632383
2026-06-29 13:10:00+09:00,8.939677871527474e-05,0.0,0.9513664413752572
2026-06-29 13:15:00+09:00,3.679313151414064e-05,0.0,0.9332206876285631
2026-06-29 13:20:00+09:00,6.928653180700985e-05,0.0,0.9576109315310021
2026-06-29 13:25:00+09:00,-0.00012493091422309654,0.0,0.9454158095797827
2026-06-29 13:30:00+09:00,-0.00018661475168968558,0.9330737584484279,0.0
2026-06-29 13:35:00+09:00,-1.0960916838084045e-05,0.05480458419042022,0.0
2026-06-29 13:40:00+09:00,-2.424331472230385e-06,0.012121657361151925,0.0
2026-06-29 13:45:00+09:00,0.0,0.0,0.0
2026-06-29 13:50:00+09:00,0.0,0.0,0.0
2026-06-29 13:55:00+09:00,0.0,0.0,0.0
2026-06-29 14:00:00+09:00,0.0,0.0,0.0
2026-06-29 14:05:00+09:00,0.0,0.0,0.0
2026-06-29 14:10:00+09:00,0.0,0.0,0.0
2026-06-29 14:15:00+09:00,0.0,0.0,0.0
2026-06-29 14:20:00+09:00,0.0,0.0,0.0
2026-06-29 14:25:00+09:00,0.0,0.0,0.0
2026-06-29 14:30:00+09:00,0.0,0.0,0.0
2026-06-29 14:35:00+09:00,0.0,0.0,0.0
2026-06-29 14:40:00+09:00,0.0,0.0,0.0
2026-06-29 14:45:00+09:00,0.0,0.0,0.0
2026-06-29 14:50:00+09:00,0.0,0.0,0.0
2026-06-29 14:55:00+09:00,0.0,0.0,0.0
2026-06-29 15:00:00+09:00,0.0,0.0,0.0
2026-06-29 15:05:00+09:00,0.0,0.0,0.0
2026-06-29 15:10:00+09:00,0.0,0.0,0.0
2026-06-29 15:15:00+09:00,0.0,0.0,0.0
2026-06-29 15:20:00+09:00,0.0,0.0,0.0
2026-06-30 09:00:00+09:00,0.0,0.0,0.0
2026-06-30 09:05:00+09:00,0.0,0.0,0.0
2026-06-30 09:10:00+09:00,0.0,0.0,0.0
2026-06-30 09:15:00+09:00,0.0,0.0,0.0
2026-06-30 09:20:00+09:00,0.0,0.0,0.0
2026-06-30 09:25:00+09:00,0.0,0.0,0.0
2026-06-30 09:30:00+09:00,-0.0004903581452730885,1.0,1.0
2026-06-30 09:35:00+09:00,7.059221714490631e-05,0.0,0.9637084925066117
2026-06-30 09:40:00+09:00,-0.00017976851659264962,0.0,0.9818542462533059
2026-06-30 09:45:00+09:00,-0.00043875672206176005,0.0,0.9515133705553924
2026-06-30 09:50:00+09:00,-0.00021557766126636867,0.0,0.9757566852776962
2026-06-30 09:55:00+09:00,-0.00024204904513813703,0.0,0.9817807816632383
2026-06-30 10:00:00+09:00,-0.00019396121069644432,0.9698060534822216,0.0
2026-06-30 10:05:00+09:00,-6.038789303555687e-06,0.03019394651777843,0.0
2026-06-30 10:10:00+09:00,0.0,0.0,0.0
2026-06-30 10:15:00+09:00,0.0,0.0,0.0
2026-06-30 10:20:00+09:00,0.0,0.0,0.0
2026-06-30 10:25:00+09:00,0.0,0.0,0.0
2026-06-30 10:30:00+09:00,0.0,0.0,0.0
2026-06-30 10:35:00+09:00,0.0,0.0,0.0
2026-06-30 10:40:00+09:00,0.0,0.0,0.0
2026-06-30 10:45:00+09:00,0.0,0.0,0.0
2026-06-30 10:50:00+09:00,0.0,0.0,0.0
2026-06-30 10:55:00+09:00,0.0,0.0,0.0
2026-06-30 11:00:00+09:00,0.0,0.0,0.0
2026-06-30 11:05:00+09:00,0.0,0.0,0.0
2026-06-30 11:10:00+09:00,0.0,0.0,0.0
2026-06-30 11:15:00+09:00,0.0,0.0,0.0
2026-06-30 11:20:00+09:00,0.0,0.0,0.0
2026-06-30 11:25:00+09:00,0.0,0.0,0.0
2026-06-30 12:30:00+09:00,0.0,0.0,0.0
2026-06-30 12:35:00+09:00,0.0,0.0,0.0
2026-06-30 12:40:00+09:00,0.0,0.0,0.0
2026-06-30 12:45:00+09:00,0.0,0.0,0.0
2026-06-30 12:50:00+09:00,0.0,0.0,0.0
2026-06-30 12:55:00+09:00,0.0,0.0,0.0
2026-06-30 13:00:00+09:00,-0.00020712473759182807,1.0,1.0
2026-06-30 13:05:00+09:00,-2.4793132342413027e-05,0.0,0.9383468834688347
2026-06-30 13:10:00+09:00,-8.54348878923824e-06,0.0,0.938572719060524
2026-06-30 13:15:00+09:00,0.0002864254728796531,0.0,0.9569406805179164
2026-06-30 13:20:00+09:00,0.00042145070493045605,0.0,0.9631135200240891
2026-06-30 13:25:00+09:00,4.9270004036604175e-05,0.0,0.963038241493526
2026-06-30 13:30:00+09:00,-0.0001938422161999398,0.9692110809996989,0.0
2026-06-30 13:35:00+09:00,-6.157783800060223e-06,0.03078891900030111,0.0
2026-06-30 13:40:00+09:00,0.0,0.0,0.0
2026-06-30 13:45:00+09:00,0.0,0.0,0.0
2026-06-30 13:50:00+09:00,0.0,0.0,0.0
2026-06-30 13:55:00+09:00,0.0,0.0,0.0
2026-06-30 14:00:00+09:00,0.0,0.0,0.0
2026-06-30 14:05:00+09:00,0.0,0.0,0.0
2026-06-30 14:10:00+09:00,0.0,0.0,0.0
2026-06-30 14:15:00+09:00,0.0,0.0,0.0
2026-06-30 14:20:00+09:00,0.0,0.0,0.0
2026-06-30 14:25:00+09:00,0.0,0.0,0.0
2026-06-30 14:30:00+09:00,0.0,0.0,0.0
2026-06-30 14:35:00+09:00,0.0,0.0,0.0
2026-06-30 14:40:00+09:00,0.0,0.0,0.0
2026-06-30 14:45:00+09:00,0.0,0.0,0.0
2026-06-30 14:50:00+09:00,0.0,0.0,0.0
2026-06-30 14:55:00+09:00,0.0,0.0,0.0
2026-06-30 15:00:00+09:00,0.0,0.0,0.0
2026-06-30 15:05:00+09:00,0.0,0.0,0.0
2026-06-30 15:10:00+09:00,0.0,0.0,0.0
2026-06-30 15:15:00+09:00,0.0,0.0,0.0
2026-06-30 15:20:00+09:00,0.0,0.0,0.0
2026-07-01 09:00:00+09:00,0.0,0.0,0.0
2026-07-01 09:05:00+09:00,0.0,0.0,0.0
2026-07-01 09:10:00+09:00,0.0,0.0,0.0
2026-07-01 09:15:00+09:00,0.0,0.0,0.0
2026-07-01 09:20:00+09:00,0.0,0.0,0.0
2026-07-01 09:25:00+09:00,0.0,0.0,0.0
2026-07-01 09:30:00+09:00,4.5172639491180903e-07,1.0,1.0
2026-07-01 09:35:00+09:00,0.0007266860677879388,0.0,0.9508431195423064
2026-07-01 09:40:00+09:00,-0.00018812760384750716,0.0,0.926076482987052
2026-07-01 09:45:00+09:00,-0.0006622336470117583,0.0,0.9568654019873533
2026-07-01 09:50:00+09:00,-0.0002983949733129644,0.0,0.9692110809996988
2026-07-01 09:55:00+09:00,-0.0005614934548359659,0.0,0.9938271604938271
2026-07-01 10:00:00+09:00,-0.00019631135200240892,0.9815567600120445,0.0
2026-07-01 10:05:00+09:00,-2.469135802469136e-06,0.012345679012345678,0.0
2026-07-01 10:10:00+09:00,-1.2195121951219514e-06,0.006097560975609756,0.0
2026-07-01 10:15:00+09:00,0.0,0.0,0.0
2026-07-01 10:20:00+09:00,0.0,0.0,0.0
2026-07-01 10:25:00+09:00,0.0,0.0,0.0
2026-07-01 10:30:00+09:00,0.0,0.0,0.0
2026-07-01 10:35:00+09:00,0.0,0.0,0.0
2026-07-01 10:40:00+09:00,0.0,0.0,0.0
2026-07-01 10:45:00+09:00,0.0,0.0,0.0
2026-07-01 10:50:00+09:00,0.0,0.0,0.0
2026-07-01 10:55:00+09:00,0.0,0.0,0.0
2026-07-01 11:00:00+09:00,0.0,0.0,0.0
2026-07-01 11:05:00+09:00,0.0,0.0,0.0
2026-07-01 11:10:00+09:00,0.0,0.0,0.0
2026-07-01 11:15:00+09:00,0.0,0.0,0.0
2026-07-01 11:20:00+09:00,0.0,0.0,0.0
2026-07-01 11:25:00+09:00,0.0,0.0,0.0
2026-07-01 12:30:00+09:00,0.0,0.0,0.0
2026-07-01 12:35:00+09:00,0.0,0.0,0.0
2026-07-01 12:40:00+09:00,0.0,0.0,0.0
2026-07-01 12:45:00+09:00,0.0,0.0,0.0
2026-07-01 12:50:00+09:00,0.0,0.0,0.0
2026-07-01 12:55:00+09:00,0.0,0.0,0.0
2026-07-01 13:00:00+09:00,-0.0001464483048879181,1.0,1.0
2026-07-01 13:05:00+09:00,-9.456894757984313e-05,0.0,0.9570159590484792
2026-07-01 13:10:00+09:00,-3.581912925926806e-05,0.0,0.9141824751580848
2026-07-01 13:15:00+09:00,0.00016752903638663148,0.0,0.9144083107497741
2026-07-01 13:20:00+09:00,0.0001827875676796353,0.0,0.9631887985546521
2026-07-01 13:25:00+09:00,-7.683438497519261e-05,0.0,0.9448961156278229
2026-07-01 13:30:00+09:00,-0.00018286660644384223,0.914333032219211,0.0
2026-07-01 13:35:00+09:00,-1.099066546221018e-05,0.05495332731105089,0.0
2026-07-01 13:40:00+09:00,-6.142728093947607e-06,0.03071364046973803,0.0
2026-07-01 13:45:00+09:00,0.0,0.0,0.0
2026-07-01 13:50:00+09:00,0.0,0.0,0.0
2026-07-01 13:55:00+09:00,0.0,0.0,0.0
2026-07-01 14:00:00+09:00,0.0,0.0,0.0
2026-07-01 14:05:00+09:00,0.0,0.0,0.0
2026-07-01 14:10:00+09:00,0.0,0.0,0.0
2026-07-01 14:15:00+09:00,0.0,0.0,0.0
2026-07-01 14:20:00+09:00,0.0,0.0,0.0
2026-07-01 14:25:00+09:00,0.0,0.0,0.0
2026-07-01 14:30:00+09:00,0.0,0.0,0.0
2026-07-01 14:35:00+09:00,0.0,0.0,0.0
2026-07-01 14:40:00+09:00,0.0,0.0,0.0
2026-07-01 14:45:00+09:00,0.0,0.0,0.0
2026-07-01 14:50:00+09:00,0.0,0.0,0.0
2026-07-01 14:55:00+09:00,0.0,0.0,0.0
2026-07-01 15:00:00+09:00,0.0,0.0,0.0
2026-07-01 15:05:00+09:00,0.0,0.0,0.0
2026-07-01 15:10:00+09:00,0.0,0.0,0.0
2026-07-01 15:15:00+09:00,0.0,0.0,0.0
2026-07-01 15:20:00+09:00,0.0,0.0,0.0
2026-07-02 09:00:00+09:00,0.0,0.0,0.0
2026-07-02 09:05:00+09:00,0.0,0.0,0.0
2026-07-02 09:10:00+09:00,0.0,0.0,0.0
2026-07-02 09:15:00+09:00,0.0,0.0,0.0
2026-07-02 09:20:00+09:00,0.0,0.0,0.0
2026-07-02 09:25:00+09:00,0.0,0.0,0.0
2026-07-02 09:30:00+09:00,0.0009459599163096997,1.0,1.0
2026-07-02 09:35:00+09:00,0.0017612403656146749,0.0,0.9576843961210697
2026-07-02 09:40:00+09:00,-0.0012634116477811526,0.0,0.9698795180722892
2026-07-02 09:45:00+09:00,-9.703477993736837e-05,0.0,0.9698060534822217
2026-07-02 09:50:00+09:00,-0.0007398551728762145,0.0,0.939465177784308
2026-07-02 09:55:00+09:00,-0.0007796137946515492,0.0,0.9757566852776962
2026-07-02 10:00:00+09:00,-0.00019515133705553926,0.9757566852776962,0.0
2026-07-02 10:05:00+09:00,-4.84866294446077e-06,0.02424331472230385,0.0
2026-07-02 10:10:00+09:00,0.0,0.0,0.0
2026-07-02 10:15:00+09:00,0.0,0.0,0.0
2026-07-02 10:20:00+09:00,0.0,0.0,0.0
2026-07-02 10:25:00+09:00,0.0,0.0,0.0
2026-07-02 10:30:00+09:00,0.0,0.0,0.0
2026-07-02 10:35:00+09:00,0.0,0.0,0.0
2026-07-02 10:40:00+09:00,0.0,0.0,0.0
2026-07-02 10:45:00+09:00,0.0,0.0,0.0
2026-07-02 10:50:00+09:00,0.0,0.0,0.0
2026-07-02 10:55:00+09:00,0.0,0.0,0.0
2026-07-02 11:00:00+09:00,0.0,0.0,0.0
2026-07-02 11:05:00+09:00,0.0,0.0,0.0
2026-07-02 11:10:00+09:00,0.0,0.0,0.0
2026-07-02 11:15:00+09:00,0.0,0.0,0.0
2026-07-02 11:20:00+09:00,0.0,0.0,0.0
2026-07-02 11:25:00+09:00,0.0,0.0,0.0
2026-07-02 12:30:00+09:00,0.0,0.0,0.0
2026-07-02 12:35:00+09:00,0.0,0.0,0.0
2026-07-02 12:40:00+09:00,0.0,0.0,0.0
2026-07-02 12:45:00+09:00,0.0,0.0,0.0
2026-07-02 12:50:00+09:00,0.0,0.0,0.0
2026-07-02 12:55:00+09:00,0.0,0.0,0.0
2026-07-02 13:00:00+09:00,-0.0003537138163490484,1.0,1.0
2026-07-02 13:05:00+09:00,0.00014532863070257785,0.0,0.9315586419753086
2026-07-02 13:10:00+09:00,0.00017350761391349883,0.0,0.9688271604938272
2026-07-02 13:15:00+09:00,0.00014681978987942412,0.0,0.9813271604938272
2026-07-02 13:20:00+09:00,0.0002343301484159967,0.0,0.9378858024691357
2026-07-02 13:25:00+09:00,-0.00044486324676868837,0.0,0.9441358024691359
2026-07-02 13:30:00+09:00,-0.00019003086419753086,0.9501543209876543,0.0
2026-07-02 13:35:00+09:00,-7.484567901234569e-06,0.03742283950617284,0.0
2026-07-02 13:40:00+09:00,-1.234567901234568e-06,0.006172839506172839,0.0
2026-07-02 13:45:00+09:00,0.0,0.0,0.0
2026-07-02 13:50:00+09:00,-1.25e-06,0.00625,0.0
2026-07-02 13:55:00+09:00,0.0,0.0,0.0
2026-07-02 14:00:00+09:00,0.0,0.0,0.0
2026-07-02 14:05:00+09:00,0.0,0.0,0.0
2026-07-02 14:10:00+09:00,0.0,0.0,0.0
2026-07-02 14:15:00+09:00,0.0,0.0,0.0
2026-07-02 14:20:00+09:00,0.0,0.0,0.0
2026-07-02 14:25:00+09:00,0.0,0.0,0.0
2026-07-02 14:30:00+09:00,0.0,0.0,0.0
2026-07-02 14:35:00+09:00,0.0,0.0,0.0
2026-07-02 14:40:00+09:00,0.0,0.0,0.0
2026-07-02 14:45:00+09:00,0.0,0.0,0.0
2026-07-02 14:50:00+09:00,0.0,0.0,0.0
2026-07-02 14:55:00+09:00,0.0,0.0,0.0
2026-07-02 15:00:00+09:00,0.0,0.0,0.0
2026-07-02 15:05:00+09:00,0.0,0.0,0.0
2026-07-02 15:10:00+09:00,0.0,0.0,0.0
2026-07-02 15:15:00+09:00,0.0,0.0,0.0
2026-07-02 15:20:00+09:00,0.0,0.0,0.0
2026-07-03 09:00:00+09:00,0.0,0.0,0.0
2026-07-03 09:05:00+09:00,0.0,0.0,0.0
2026-07-03 09:10:00+09:00,0.0,0.0,0.0
2026-07-03 09:15:00+09:00,0.0,0.0,0.0
2026-07-03 09:20:00+09:00,0.0,0.0,0.0
2026-07-03 09:25:00+09:00,0.0,0.0,0.0
2026-07-03 09:30:00+09:00,-0.0011011227128167882,1.0,1.0
2026-07-03 09:35:00+09:00,0.00038962664405575075,0.0,0.9878048780487805
2026-07-03 09:40:00+09:00,-0.0005231911888559747,0.0,0.9755344775669978
2026-07-03 09:45:00+09:00,-0.00031667339978447875,0.0,0.9327009936766034
2026-07-03 09:50:00+09:00,-0.0002044721564014559,0.0,0.9572417946401686
2026-07-03 09:55:00+09:00,-0.0015101702876164317,0.0,0.9755344775669978
2026-07-03 10:00:00+09:00,-0.00019265281541704308,0.9632640770852153,0.0
2026-07-03 10:05:00+09:00,-6.1276723878349895e-06,0.03063836193917495,0.0
2026-07-03 10:10:00+09:00,-1.2195121951219514e-06,0.006097560975609756,0.0
2026-07-03 10:15:00+09:00,0.0,0.0,0.0
2026-07-03 10:20:00+09:00,0.0,0.0,0.0
2026-07-03 10:25:00+09:00,0.0,0.0,0.0
2026-07-03 10:30:00+09:00,0.0,0.0,0.0
2026-07-03 10:35:00+09:00,0.0,0.0,0.0
2026-07-03 10:40:00+09:00,0.0,0.0,0.0
2026-07-03 10:45:00+09:00,0.0,0.0,0.0
2026-07-03 10:50:00+09:00,0.0,0.0,0.0
2026-07-03 10:55:00+09:00,0.0,0.0,0.0
2026-07-03 11:00:00+09:00,0.0,0.0,0.0
2026-07-03 11:05:00+09:00,0.0,0.0,0.0
2026-07-03 11:10:00+09:00,0.0,0.0,0.0
2026-07-03 11:15:00+09:00,0.0,0.0,0.0
2026-07-03 11:20:00+09:00,0.0,0.0,0.0
2026-07-03 11:25:00+09:00,0.0,0.0,0.0
2026-07-03 12:30:00+09:00,0.0,0.0,0.0
2026-07-03 12:35:00+09:00,0.0,0.0,0.0
2026-07-03 12:40:00+09:00,0.0,0.0,0.0
2026-07-03 12:45:00+09:00,0.0,0.0,0.0
2026-07-03 12:50:00+09:00,0.0,0.0,0.0
2026-07-03 12:55:00+09:00,0.0,0.0,0.0
2026-07-03 13:00:00+09:00,-0.00014483307016807635,1.0,1.0
2026-07-03 13:05:00+09:00,0.00012391241543799995,0.0,0.9315586419753086
2026-07-03 13:10:00+09:00,0.0004642550685590054,0.0,0.9626543209876544
2026-07-03 13:15:00+09:00,-3.8832817461703184e-05,0.0,0.9254629629629629
2026-07-03 13:20:00+09:00,-7.57780370048882e-05,0.0,0.9253086419753086
2026-07-03 13:25:00+09:00,-3.0576619561084504e-05,0.0,0.9440586419753088
2026-07-03 13:30:00+09:00,-0.00019625,0.98125,0.0
2026-07-03 13:35:00+09:00,-3.7500000000000005e-06,0.018750000000000003,0.0
2026-07-03 13:40:00+09:00,0.0,0.0,0.0
2026-07-03 13:45:00+09:00,0.0,0.0,0.0
2026-07-03 13:50:00+09:00,0.0,0.0,0.0
2026-07-03 13:55:00+09:00,0.0,0.0,0.0
2026-07-03 14:00:00+09:00,0.0,0.0,0.0
2026-07-03 14:05:00+09:00,0.0,0.0,0.0
2026-07-03 14:10:00+09:00,0.0,0.0,0.0
2026-07-03 14:15:00+09:00,0.0,0.0,0.0
2026-07-03 14:20:00+09:00,0.0,0.0,0.0
2026-07-03 14:25:00+09:00,0.0,0.0,0.0
2026-07-03 14:30:00+09:00,0.0,0.0,0.0
2026-07-03 14:35:00+09:00,0.0,0.0,0.0
2026-07-03 14:40:00+09:00,0.0,0.0,0.0
2026-07-03 14:45:00+09:00,0.0,0.0,0.0
2026-07-03 14:50:00+09:00,0.0,0.0,0.0
2026-07-03 14:55:00+09:00,0.0,0.0,0.0
2026-07-03 15:00:00+09:00,0.0,0.0,0.0
2026-07-03 15:05:00+09:00,0.0,0.0,0.0
2026-07-03 15:10:00+09:00,0.0,0.0,0.0
2026-07-03 15:15:00+09:00,0.0,0.0,0.0
2026-07-03 15:20:00+09:00,0.0,0.0,0.0
2026-07-06 09:00:00+09:00,0.0,0.0,0.0
2026-07-06 09:05:00+09:00,0.0,0.0,0.0
2026-07-06 09:10:00+09:00,0.0,0.0,0.0
2026-07-06 09:15:00+09:00,0.0,0.0,0.0
2026-07-06 09:20:00+09:00,0.0,0.0,0.0
2026-07-06 09:25:00+09:00,0.0,0.0,0.0
2026-07-06 09:30:00+09:00,-0.0003553963311315876,1.0,1.0
2026-07-06 09:35:00+09:00,-0.0011113594730273169,0.0,0.9879518072289158
2026-07-06 09:40:00+09:00,-0.0008606046122385518,0.0,0.9575374669409346
2026-07-06 09:45:00+09:00,0.00027744236979519276,0.0,0.9576109315310022
2026-07-06 09:50:00+09:00,0.000354841294141984,0.0,0.9576843961210698
2026-07-06 09:55:00+09:00,0.001370372334067279,0.0,0.9637819570966795
2026-07-06 10:00:00+09:00,-0.00019518072289156628,0.9759036144578314,0.0
2026-07-06 10:05:00+09:00,-2.4096385542168676e-06,0.012048192771084338,0.0
2026-07-06 10:10:00+09:00,-1.2048192771084338e-06,0.006024096385542169,0.0
2026-07-06 10:15:00+09:00,0.0,0.0,0.0
2026-07-06 10:20:00+09:00,0.0,0.0,0.0
2026-07-06 10:25:00+09:00,0.0,0.0,0.0
2026-07-06 10:30:00+09:00,0.0,0.0,0.0
2026-07-06 10:35:00+09:00,0.0,0.0,0.0
2026-07-06 10:40:00+09:00,0.0,0.0,0.0
2026-07-06 10:45:00+09:00,0.0,0.0,0.0
2026-07-06 10:50:00+09:00,0.0,0.0,0.0
2026-07-06 10:55:00+09:00,0.0,0.0,0.0
2026-07-06 11:00:00+09:00,0.0,0.0,0.0
2026-07-06 11:05:00+09:00,0.0,0.0,0.0
2026-07-06 11:10:00+09:00,0.0,0.0,0.0
2026-07-06 11:15:00+09:00,-1.2048192771084338e-06,0.006024096385542169,0.0
2026-07-06 11:20:00+09:00,0.0,0.0,0.0
2026-07-06 11:25:00+09:00,0.0,0.0,0.0
2026-07-06 12:30:00+09:00,0.0,0.0,0.0
2026-07-06 12:35:00+09:00,0.0,0.0,0.0
2026-07-06 12:40:00+09:00,0.0,0.0,0.0
2026-07-06 12:45:00+09:00,0.0,0.0,0.0
2026-07-06 12:50:00+09:00,0.0,0.0,0.0
2026-07-06 12:55:00+09:00,0.0,0.0,0.0
2026-07-06 13:00:00+09:00,-0.00011720044532825802,1.0,1.0
2026-07-06 13:05:00+09:00,0.00024176235477294441,0.0,0.9432753164556962
2026-07-06 13:10:00+09:00,0.00019343339288797198,0.0,0.9622626582278482
2026-07-06 13:15:00+09:00,-0.00011089440629686671,0.0,0.9810917721518988
2026-07-06 13:20:00+09:00,0.00027660924184825695,0.0,0.9621044303797468
2026-07-06 13:25:00+09:00,1.725269659349099e-05,0.0,0.9559335443037976
2026-07-06 13:30:00+09:00,-0.0001936867088607595,0.9684335443037975,0.0
2026-07-06 13:35:00+09:00,-6.313291139240506e-06,0.03156645569620253,0.0
2026-07-06 13:40:00+09:00,0.0,0.0,0.0
2026-07-06 13:45:00+09:00,0.0,0.0,0.0
2026-07-06 13:50:00+09:00,0.0,0.0,0.0
2026-07-06 13:55:00+09:00,0.0,0.0,0.0
2026-07-06 14:00:00+09:00,0.0,0.0,0.0
2026-07-06 14:05:00+09:00,0.0,0.0,0.0
2026-07-06 14:10:00+09:00,0.0,0.0,0.0
2026-07-06 14:15:00+09:00,0.0,0.0,0.0
2026-07-06 14:20:00+09:00,0.0,0.0,0.0
2026-07-06 14:25:00+09:00,0.0,0.0,0.0
2026-07-06 14:30:00+09:00,0.0,0.0,0.0
2026-07-06 14:35:00+09:00,0.0,0.0,0.0
2026-07-06 14:40:00+09:00,0.0,0.0,0.0
2026-07-06 14:45:00+09:00,0.0,0.0,0.0
2026-07-06 14:50:00+09:00,0.0,0.0,0.0
2026-07-06 14:55:00+09:00,0.0,0.0,0.0
2026-07-06 15:00:00+09:00,0.0,0.0,0.0
2026-07-06 15:05:00+09:00,0.0,0.0,0.0
2026-07-06 15:10:00+09:00,0.0,0.0,0.0
2026-07-06 15:15:00+09:00,0.0,0.0,0.0
2026-07-06 15:20:00+09:00,0.0,0.0,0.0
2026-07-07 09:00:00+09:00,0.0,0.0,0.0
2026-07-07 09:05:00+09:00,0.0,0.0,0.0
2026-07-07 09:10:00+09:00,0.0,0.0,0.0
2026-07-07 09:15:00+09:00,0.0,0.0,0.0
2026-07-07 09:20:00+09:00,0.0,0.0,0.0
2026-07-07 09:25:00+09:00,0.0,0.0,0.0
2026-07-07 09:30:00+09:00,-5.8281218680936145e-05,1.0,1.0
2026-07-07 09:35:00+09:00,0.000530862554471353,0.0,0.969732588892154
2026-07-07 09:40:00+09:00,-0.0004873602843526512,0.0,0.9274904496032912
2026-07-07 09:45:00+09:00,-0.00013806814307477862,0.0,0.951733764325595
2026-07-07 09:50:00+09:00,0.000397559829399305,0.0,0.9395386423743756
2026-07-07 09:55:00+09:00,-0.0005088272431124024,0.0,0.9635615633264767
2026-07-07 10:00:00+09:00,-0.0001927563914193359,0.9637819570966795,0.0
2026-07-07 10:05:00+09:00,-6.024096385542169e-06,0.030120481927710843,0.0
2026-07-07 10:10:00+09:00,-1.2195121951219514e-06,0.006097560975609756,0.0
2026-07-07 10:15:00+09:00,0.0,0.0,0.0
2026-07-07 10:20:00+09:00,0.0,0.0,0.0
2026-07-07 10:25:00+09:00,0.0,0.0,0.0
2026-07-07 10:30:00+09:00,0.0,0.0,0.0
2026-07-07 10:35:00+09:00,0.0,0.0,0.0
2026-07-07 10:40:00+09:00,0.0,0.0,0.0
2026-07-07 10:45:00+09:00,0.0,0.0,0.0
2026-07-07 10:50:00+09:00,0.0,0.0,0.0
2026-07-07 10:55:00+09:00,0.0,0.0,0.0
2026-07-07 11:00:00+09:00,0.0,0.0,0.0
2026-07-07 11:05:00+09:00,0.0,0.0,0.0
2026-07-07 11:10:00+09:00,0.0,0.0,0.0
2026-07-07 11:15:00+09:00,0.0,0.0,0.0
2026-07-07 11:20:00+09:00,0.0,0.0,0.0
2026-07-07 11:25:00+09:00,0.0,0.0,0.0
2026-07-07 12:30:00+09:00,0.0,0.0,0.0
2026-07-07 12:35:00+09:00,0.0,0.0,0.0
2026-07-07 12:40:00+09:00,0.0,0.0,0.0
2026-07-07 12:45:00+09:00,0.0,0.0,0.0
2026-07-07 12:50:00+09:00,0.0,0.0,0.0
2026-07-07 12:55:00+09:00,0.0,0.0,0.0
2026-07-07 13:00:00+09:00,-0.00012945851308953624,1.0,1.0
2026-07-07 13:05:00+09:00,5.3066278551587446e-05,0.0,0.981854246253306
2026-07-07 13:10:00+09:00,0.00024023489032851898,0.0,0.9756832206876285
2026-07-07 13:15:00+09:00,8.451453288453744e-05,0.0,0.969732588892154
2026-07-07 13:20:00+09:00,-0.00015012064638430175,0.0,0.9574640023508669
2026-07-07 13:25:00+09:00,-9.527949078724789e-05,0.0,0.963708492506612
2026-07-07 13:30:00+09:00,-0.00019394651777843082,0.969732588892154,0.0
2026-07-07 13:35:00+09:00,-3.629150749338819e-06,0.018145753746694096,0.0
2026-07-07 13:40:00+09:00,-1.2048192771084338e-06,0.006024096385542169,0.0
2026-07-07 13:45:00+09:00,-1.2195121951219514e-06,0.006097560975609756,0.0
2026-07-07 13:50:00+09:00,0.0,0.0,0.0
2026-07-07 13:55:00+09:00,0.0,0.0,0.0
2026-07-07 14:00:00+09:00,0.0,0.0,0.0
2026-07-07 14:05:00+09:00,0.0,0.0,0.0
2026-07-07 14:10:00+09:00,0.0,0.0,0.0
2026-07-07 14:15:00+09:00,0.0,0.0,0.0
2026-07-07 14:20:00+09:00,0.0,0.0,0.0
2026-07-07 14:25:00+09:00,0.0,0.0,0.0
2026-07-07 14:30:00+09:00,0.0,0.0,0.0
2026-07-07 14:35:00+09:00,0.0,0.0,0.0
2026-07-07 14:40:00+09:00,0.0,0.0,0.0
2026-07-07 14:45:00+09:00,0.0,0.0,0.0
2026-07-07 14:50:00+09:00,0.0,0.0,0.0
2026-07-07 14:55:00+09:00,0.0,0.0,0.0
2026-07-07 15:00:00+09:00,0.0,0.0,0.0
2026-07-07 15:05:00+09:00,0.0,0.0,0.0
2026-07-07 15:10:00+09:00,0.0,0.0,0.0
2026-07-07 15:15:00+09:00,0.0,0.0,0.0
2026-07-07 15:20:00+09:00,0.0,0.0,0.0
2026-07-08 09:00:00+09:00,0.0,0.0,0.0
2026-07-08 09:05:00+09:00,0.0,0.0,0.0
2026-07-08 09:10:00+09:00,0.0,0.0,0.0
2026-07-08 09:15:00+09:00,0.0,0.0,0.0
2026-07-08 09:20:00+09:00,0.0,0.0,0.0
2026-07-08 09:25:00+09:00,0.0,0.0,0.0
2026-07-08 09:30:00+09:00,-0.00015652391456562266,1.0,1.0
2026-07-08 09:35:00+09:00,-0.0006847741222384023,0.0,0.9636350279165443
2026-07-08 09:40:00+09:00,-8.00324401990384e-05,0.0,0.9939024390243902
2026-07-08 09:45:00+09:00,-0.0002939697275447516,0.0,0.9395386423743756
2026-07-08 09:50:00+09:00,-0.0002652571533846389,0.0,0.9696591243020866
2026-07-08 09:55:00+09:00,0.0001193660286650515,0.0,0.9210990302674111
2026-07-08 10:00:00+09:00,-0.00019878048780487808,0.9939024390243902,0.0
2026-07-08 10:05:00+09:00,-1.2195121951219514e-06,0.006097560975609756,0.0
2026-07-08 10:10:00+09:00,0.0,0.0,0.0
2026-07-08 10:15:00+09:00,0.0,0.0,0.0
2026-07-08 10:20:00+09:00,0.0,0.0,0.0
2026-07-08 10:25:00+09:00,0.0,0.0,0.0
2026-07-08 10:30:00+09:00,0.0,0.0,0.0
2026-07-08 10:35:00+09:00,0.0,0.0,0.0
2026-07-08 10:40:00+09:00,0.0,0.0,0.0
2026-07-08 10:45:00+09:00,0.0,0.0,0.0
2026-07-08 10:50:00+09:00,0.0,0.0,0.0
2026-07-08 10:55:00+09:00,0.0,0.0,0.0
2026-07-08 11:00:00+09:00,0.0,0.0,0.0
2026-07-08 11:05:00+09:00,0.0,0.0,0.0
2026-07-08 11:10:00+09:00,0.0,0.0,0.0
2026-07-08 11:15:00+09:00,0.0,0.0,0.0
2026-07-08 11:20:00+09:00,0.0,0.0,0.0
2026-07-08 11:25:00+09:00,0.0,0.0,0.0
2026-07-08 12:30:00+09:00,0.0,0.0,0.0
2026-07-08 12:35:00+09:00,0.0,0.0,0.0
2026-07-08 12:40:00+09:00,0.0,0.0,0.0
2026-07-08 12:45:00+09:00,0.0,0.0,0.0
2026-07-08 12:50:00+09:00,0.0,0.0,0.0
2026-07-08 12:55:00+09:00,0.0,0.0,0.0
2026-07-08 13:00:00+09:00,-0.00025605207703866467,1.0,1.0
2026-07-08 13:05:00+09:00,-2.943370614041668e-05,0.0,0.9331472230384955
2026-07-08 13:10:00+09:00,-0.00017822723211207895,0.0,0.9513664413752572
2026-07-08 13:15:00+09:00,-6.822909924927847e-05,0.0,0.9574640023508669
2026-07-08 13:20:00+09:00,0.0003675496871571399,0.0,0.9696591243020865
2026-07-08 13:25:00+09:00,-0.00014381790340616088,0.0,0.9391713194240376
2026-07-08 13:30:00+09:00,-0.00019394651777843082,0.969732588892154,0.0
2026-07-08 13:35:00+09:00,-4.833970026447253e-06,0.024169850132236263,0.0
2026-07-08 13:40:00+09:00,-1.2195121951219514e-06,0.006097560975609756,0.0
2026-07-08 13:45:00+09:00,0.0,0.0,0.0
2026-07-08 13:50:00+09:00,0.0,0.0,0.0
2026-07-08 13:55:00+09:00,0.0,0.0,0.0
2026-07-08 14:00:00+09:00,0.0,0.0,0.0
2026-07-08 14:05:00+09:00,0.0,0.0,0.0
2026-07-08 14:10:00+09:00,0.0,0.0,0.0
2026-07-08 14:15:00+09:00,0.0,0.0,0.0
2026-07-08 14:20:00+09:00,0.0,0.0,0.0
2026-07-08 14:25:00+09:00,0.0,0.0,0.0
2026-07-08 14:30:00+09:00,0.0,0.0,0.0
2026-07-08 14:35:00+09:00,0.0,0.0,0.0
2026-07-08 14:40:00+09:00,0.0,0.0,0.0
2026-07-08 14:45:00+09:00,0.0,0.0,0.0
2026-07-08 14:50:00+09:00,0.0,0.0,0.0
2026-07-08 14:55:00+09:00,0.0,0.0,0.0
2026-07-08 15:00:00+09:00,0.0,0.0,0.0
2026-07-08 15:05:00+09:00,0.0,0.0,0.0
2026-07-08 15:10:00+09:00,0.0,0.0,0.0
2026-07-08 15:15:00+09:00,0.0,0.0,0.0
2026-07-08 15:20:00+09:00,0.0,0.0,0.0
2026-07-09 09:00:00+09:00,0.0,0.0,0.0
2026-07-09 09:05:00+09:00,0.0,0.0,0.0
2026-07-09 09:10:00+09:00,0.0,0.0,0.0
2026-07-09 09:15:00+09:00,0.0,0.0,0.0
2026-07-09 09:20:00+09:00,0.0,0.0,0.0
2026-07-09 09:25:00+09:00,0.0,0.0,0.0
2026-07-09 09:30:00+09:00,8.546900706309649e-05,1.0,1.0
2026-07-09 09:35:00+09:00,0.00039428246003868735,0.0,0.9335145459888334
2026-07-09 09:40:00+09:00,-0.00013628274984959447,0.0,0.9516602997355275
2026-07-09 09:45:00+09:00,-0.0003227192178862011,0.0,0.9394651777843079
2026-07-09 09:50:00+09:00,8.888782733627512e-05,0.0,0.9637819570966795
2026-07-09 09:55:00+09:00,-0.00029138580862427265,0.0,0.9212459594475464
2026-07-09 10:00:00+09:00,-0.0001903320599471055,0.9516602997355276,0.0
2026-07-09 10:05:00+09:00,-6.038789303555687e-06,0.03019394651777843,0.0
2026-07-09 10:10:00+09:00,-2.424331472230385e-06,0.012121657361151925,0.0
2026-07-09 10:15:00+09:00,0.0,0.0,0.0
2026-07-09 10:20:00+09:00,-1.2048192771084338e-06,0.006024096385542169,0.0
2026-07-09 10:25:00+09:00,0.0,0.0,0.0
2026-07-09 10:30:00+09:00,0.0,0.0,0.0
2026-07-09 10:35:00+09:00,0.0,0.0,0.0
2026-07-09 10:40:00+09:00,0.0,0.0,0.0
2026-07-09 10:45:00+09:00,0.0,0.0,0.0
2026-07-09 10:50:00+09:00,0.0,0.0,0.0
2026-07-09 10:55:00+09:00,0.0,0.0,0.0
2026-07-09 11:00:00+09:00,0.0,0.0,0.0
2026-07-09 11:05:00+09:00,0.0,0.0,0.0
2026-07-09 11:10:00+09:00,0.0,0.0,0.0
2026-07-09 11:15:00+09:00,0.0,0.0,0.0
2026-07-09 11:20:00+09:00,0.0,0.0,0.0
2026-07-09 11:25:00+09:00,0.0,0.0,0.0
2026-07-09 12:30:00+09:00,0.0,0.0,0.0
2026-07-09 12:35:00+09:00,0.0,0.0,0.0
2026-07-09 12:40:00+09:00,0.0,0.0,0.0
2026-07-09 12:45:00+09:00,0.0,0.0,0.0
2026-07-09 12:50:00+09:00,0.0,0.0,0.0
2026-07-09 12:55:00+09:00,0.0,0.0,0.0
2026-07-09 13:00:00+09:00,-0.00030883488379070443,1.0,1.0
2026-07-09 13:05:00+09:00,-0.00017583045294851236,0.0,0.9329268292682927
2026-07-09 13:10:00+09:00,0.0002875547826449828,0.0,0.8902439024390245
2026-07-09 13:15:00+09:00,7.709909114077077e-05,0.0,0.9390243902439025
2026-07-09 13:20:00+09:00,-0.00017967540729328532,0.0,0.9695121951219512
2026-07-09 13:25:00+09:00,3.974111278188075e-05,0.0,0.9634146341463415
2026-07-09 13:30:00+09:00,-0.00018902439024390247,0.9451219512195123,0.0
2026-07-09 13:35:00+09:00,-8.53658536585366e-06,0.042682926829268296,0.0
2026-07-09 13:40:00+09:00,-1.2195121951219514e-06,0.006097560975609756,0.0
2026-07-09 13:45:00+09:00,0.0,0.0,0.0
2026-07-09 13:50:00+09:00,-1.2195121951219514e-06,0.006097560975609756,0.0
2026-07-09 13:55:00+09:00,0.0,0.0,0.0
2026-07-09 14:00:00+09:00,0.0,0.0,0.0
2026-07-09 14:05:00+09:00,0.0,0.0,0.0
2026-07-09 14:10:00+09:00,0.0,0.0,0.0
2026-07-09 14:15:00+09:00,0.0,0.0,0.0
2026-07-09 14:20:00+09:00,0.0,0.0,0.0
2026-07-09 14:25:00+09:00,0.0,0.0,0.0
2026-07-09 14:30:00+09:00,0.0,0.0,0.0
2026-07-09 14:35:00+09:00,0.0,0.0,0.0
2026-07-09 14:40:00+09:00,0.0,0.0,0.0
2026-07-09 14:45:00+09:00,0.0,0.0,0.0
2026-07-09 14:50:00+09:00,0.0,0.0,0.0
2026-07-09 14:55:00+09:00,0.0,0.0,0.0
2026-07-09 15:00:00+09:00,0.0,0.0,0.0
2026-07-09 15:05:00+09:00,0.0,0.0,0.0
2026-07-09 15:10:00+09:00,0.0,0.0,0.0
2026-07-09 15:15:00+09:00,0.0,0.0,0.0
2026-07-09 15:20:00+09:00,0.0,0.0,0.0
2026-07-10 09:00:00+09:00,0.0,0.0,0.0
2026-07-10 09:05:00+09:00,0.0,0.0,0.0
2026-07-10 09:10:00+09:00,0.0,0.0,0.0
2026-07-10 09:15:00+09:00,0.0,0.0,0.0
2026-07-10 09:20:00+09:00,0.0,0.0,0.0
2026-07-10 09:25:00+09:00,0.0,0.0,0.0
2026-07-10 09:30:00+09:00,1.1955903051837073e-05,1.0,1.0
2026-07-10 09:35:00+09:00,0.0004254831819415332,0.0,0.9634880987364092
2026-07-10 09:40:00+09:00,-0.0002045787001157723,0.0,0.9330737584484279
2026-07-10 09:45:00+09:00,0.0005347291590168485,0.0,0.9330737584484279
2026-07-10 09:50:00+09:00,0.00052809891416263,0.0,0.9390978548339701
2026-07-10 09:55:00+09:00,-0.0006227953061902303,0.0,0.9514399059653249
2026-07-10 10:00:00+09:00,-0.0001963561563326477,0.9817807816632383,0.0
2026-07-10 10:05:00+09:00,-3.6438436673523368e-06,0.018219218336761683,0.0
2026-07-10 10:10:00+09:00,0.0,0.0,0.0
2026-07-10 10:15:00+09:00,0.0,0.0,0.0
2026-07-10 10:20:00+09:00,0.0,0.0,0.0
2026-07-10 10:25:00+09:00,0.0,0.0,0.0
2026-07-10 10:30:00+09:00,0.0,0.0,0.0
2026-07-10 10:35:00+09:00,0.0,0.0,0.0
2026-07-10 10:40:00+09:00,0.0,0.0,0.0
2026-07-10 10:45:00+09:00,0.0,0.0,0.0
2026-07-10 10:50:00+09:00,0.0,0.0,0.0
2026-07-10 10:55:00+09:00,0.0,0.0,0.0
2026-07-10 11:00:00+09:00,0.0,0.0,0.0
2026-07-10 11:05:00+09:00,0.0,0.0,0.0
2026-07-10 11:10:00+09:00,0.0,0.0,0.0
2026-07-10 11:15:00+09:00,0.0,0.0,0.0
2026-07-10 11:20:00+09:00,0.0,0.0,0.0
2026-07-10 11:25:00+09:00,0.0,0.0,0.0
2026-07-10 12:30:00+09:00,0.0,0.0,0.0
2026-07-10 12:35:00+09:00,0.0,0.0,0.0
2026-07-10 12:40:00+09:00,0.0,0.0,0.0
2026-07-10 12:45:00+09:00,0.0,0.0,0.0
2026-07-10 12:50:00+09:00,0.0,0.0,0.0
2026-07-10 12:55:00+09:00,0.0,0.0,0.0
2026-07-10 13:00:00+09:00,-0.0001965547943344072,1.0,1.0
2026-07-10 13:05:00+09:00,-4.567712489815442e-05,0.0,0.9494462025316456
2026-07-10 13:10:00+09:00,4.2177133000485696e-06,0.0,0.9560126582278481
2026-07-10 13:15:00+09:00,-9.962497769997162e-05,0.0,0.9810126582278482
2026-07-10 13:20:00+09:00,-0.00011674928933770538,0.0,0.9560126582278481
2026-07-10 13:25:00+09:00,1.2746860592872696e-05,0.0,0.9306170886075948
2026-07-10 13:30:00+09:00,-0.00019496835443037975,0.9748417721518987,0.0
2026-07-10 13:35:00+09:00,-2.5e-06,0.0125,0.0
2026-07-10 13:40:00+09:00,-1.2658227848101265e-06,0.006329113924050633,0.0
2026-07-10 13:45:00+09:00,0.0,0.0,0.0
2026-07-10 13:50:00+09:00,-1.2658227848101265e-06,0.006329113924050633,0.0
2026-07-10 13:55:00+09:00,0.0,0.0,0.0
2026-07-10 14:00:00+09:00,0.0,0.0,0.0
2026-07-10 14:05:00+09:00,0.0,0.0,0.0
2026-07-10 14:10:00+09:00,0.0,0.0,0.0
2026-07-10 14:15:00+09:00,0.0,0.0,0.0
2026-07-10 14:20:00+09:00,0.0,0.0,0.0
2026-07-10 14:25:00+09:00,0.0,0.0,0.0
2026-07-10 14:30:00+09:00,0.0,0.0,0.0
2026-07-10 14:35:00+09:00,0.0,0.0,0.0
2026-07-10 14:40:00+09:00,0.0,0.0,0.0
2026-07-10 14:45:00+09:00,0.0,0.0,0.0
2026-07-10 14:50:00+09:00,0.0,0.0,0.0
2026-07-10 14:55:00+09:00,0.0,0.0,0.0
2026-07-10 15:00:00+09:00,0.0,0.0,0.0
2026-07-10 15:05:00+09:00,0.0,0.0,0.0
2026-07-10 15:10:00+09:00,0.0,0.0,0.0
2026-07-10 15:15:00+09:00,0.0,0.0,0.0
2026-07-10 15:20:00+09:00,0.0,0.0,0.0
2026-07-13 09:00:00+09:00,0.0,0.0,0.0
2026-07-13 09:05:00+09:00,0.0,0.0,0.0
2026-07-13 09:10:00+09:00,0.0,0.0,0.0
2026-07-13 09:15:00+09:00,0.0,0.0,0.0
2026-07-13 09:20:00+09:00,0.0,0.0,0.0
2026-07-13 09:25:00+09:00,0.0,0.0,0.0
2026-07-13 09:30:00+09:00,-0.0005788011494394166,1.0,0.9999999999999999
2026-07-13 09:35:00+09:00,-0.000681194499126952,0.0,0.9816320385426076
2026-07-13 09:40:00+09:00,7.951206639109308e-05,0.0,0.9755344775669978
2026-07-13 09:45:00+09:00,-0.00014046348797185247,0.0,0.9877295995182173
2026-07-13 09:50:00+09:00,0.0001483358236160975,0.0,0.9755344775669978
2026-07-13 09:55:00+09:00,-0.00042968298566785384,0.0,0.9753839205058716
2026-07-13 10:00:00+09:00,-0.00019878048780487805,0.9939024390243902,0.0
2026-07-13 10:05:00+09:00,0.0,0.0,0.0
2026-07-13 10:10:00+09:00,0.0,0.0,0.0
2026-07-13 10:15:00+09:00,0.0,0.0,0.0
2026-07-13 10:20:00+09:00,0.0,0.0,0.0
2026-07-13 10:25:00+09:00,0.0,0.0,0.0
2026-07-13 10:30:00+09:00,0.0,0.0,0.0
2026-07-13 10:35:00+09:00,0.0,0.0,0.0
2026-07-13 10:40:00+09:00,0.0,0.0,0.0
2026-07-13 10:45:00+09:00,0.0,0.0,0.0
2026-07-13 10:50:00+09:00,0.0,0.0,0.0
2026-07-13 10:55:00+09:00,0.0,0.0,0.0
2026-07-13 11:00:00+09:00,0.0,0.0,0.0
2026-07-13 11:05:00+09:00,0.0,0.0,0.0
2026-07-13 11:10:00+09:00,-1.2195121951219514e-06,0.006097560975609756,0.0
2026-07-13 11:15:00+09:00,0.0,0.0,0.0
2026-07-13 11:20:00+09:00,0.0,0.0,0.0
2026-07-13 11:25:00+09:00,0.0,0.0,0.0
2026-07-13 12:30:00+09:00,0.0,0.0,0.0
2026-07-13 12:35:00+09:00,0.0,0.0,0.0
2026-07-13 12:40:00+09:00,0.0,0.0,0.0
2026-07-13 12:45:00+09:00,0.0,0.0,0.0
2026-07-13 12:50:00+09:00,0.0,0.0,0.0
2026-07-13 12:55:00+09:00,0.0,0.0,0.0
2026-07-13 13:00:00+09:00,-0.0007354966067932746,1.0,1.0
2026-07-13 13:05:00+09:00,-0.00017710656623572184,0.0,0.9067129629629629
2026-07-13 13:10:00+09:00,-0.00020190715207230167,0.0,0.9380401234567901
2026-07-13 13:15:00+09:00,-0.00045686474110280816,0.0,0.9503858024691358
2026-07-13 13:20:00+09:00,0.0002508972992615903,0.0,0.9628086419753086
2026-07-13 13:25:00+09:00,0.00014960405710216006,0.0,0.9626543209876542
2026-07-13 13:30:00+09:00,-0.00019254629629629632,0.9627314814814815,0.0
2026-07-13 13:35:00+09:00,-6.219135802469136e-06,0.03109567901234568,0.0
2026-07-13 13:40:00+09:00,0.0,0.0,0.0
2026-07-13 13:45:00+09:00,-1.234567901234568e-06,0.006172839506172839,0.0
2026-07-13 13:50:00+09:00,0.0,0.0,0.0
2026-07-13 13:55:00+09:00,0.0,0.0,0.0
2026-07-13 14:00:00+09:00,0.0,0.0,0.0
2026-07-13 14:05:00+09:00,0.0,0.0,0.0
2026-07-13 14:10:00+09:00,0.0,0.0,0.0
2026-07-13 14:15:00+09:00,0.0,0.0,0.0
2026-07-13 14:20:00+09:00,0.0,0.0,0.0
2026-07-13 14:25:00+09:00,0.0,0.0,0.0
2026-07-13 14:30:00+09:00,0.0,0.0,0.0
2026-07-13 14:35:00+09:00,0.0,0.0,0.0
2026-07-13 14:40:00+09:00,0.0,0.0,0.0
2026-07-13 14:45:00+09:00,0.0,0.0,0.0
2026-07-13 14:50:00+09:00,0.0,0.0,0.0
2026-07-13 14:55:00+09:00,0.0,0.0,0.0
2026-07-13 15:00:00+09:00,0.0,0.0,0.0
2026-07-13 15:05:00+09:00,0.0,0.0,0.0
2026-07-13 15:10:00+09:00,0.0,0.0,0.0
2026-07-13 15:15:00+09:00,0.0,0.0,0.0
2026-07-13 15:20:00+09:00,0.0,0.0,0.0
2026-07-14 09:00:00+09:00,0.0,0.0,0.0
2026-07-14 09:05:00+09:00,0.0,0.0,0.0
2026-07-14 09:10:00+09:00,0.0,0.0,0.0
2026-07-14 09:15:00+09:00,0.0,0.0,0.0
2026-07-14 09:20:00+09:00,0.0,0.0,0.0
2026-07-14 09:25:00+09:00,0.0,0.0,0.0
2026-07-14 09:30:00+09:00,0.00023638291303928208,1.0,1.0
2026-07-14 09:35:00+09:00,0.0006867931872136531,0.0,0.9817807816632383
2026-07-14 09:40:00+09:00,-0.0009025107630375858,0.0,0.9878783426388481
2026-07-14 09:45:00+09:00,-0.0010560110582335548,0.0,0.9757566852776962
2026-07-14 09:50:00+09:00,-0.0019269625731882505,0.0,0.9757566852776962
2026-07-14 09:55:00+09:00,8.092729040024237e-05,0.0,0.981854246253306
2026-07-14 10:00:00+09:00,-0.00018784895680282106,0.9392447840141053,0.0
2026-07-14 10:05:00+09:00,-9.712018806935058e-06,0.04856009403467529,0.0
2026-07-14 10:10:00+09:00,-1.2195121951219514e-06,0.006097560975609756,0.0
2026-07-14 10:15:00+09:00,0.0,0.0,0.0
2026-07-14 10:20:00+09:00,0.0,0.0,0.0
2026-07-14 10:25:00+09:00,-1.2195121951219514e-06,0.006097560975609756,0.0
2026-07-14 10:30:00+09:00,0.0,0.0,0.0
2026-07-14 10:35:00+09:00,0.0,0.0,0.0
2026-07-14 10:40:00+09:00,0.0,0.0,0.0
2026-07-14 10:45:00+09:00,0.0,0.0,0.0
2026-07-14 10:50:00+09:00,0.0,0.0,0.0
2026-07-14 10:55:00+09:00,0.0,0.0,0.0
2026-07-14 11:00:00+09:00,0.0,0.0,0.0
2026-07-14 11:05:00+09:00,0.0,0.0,0.0
2026-07-14 11:10:00+09:00,0.0,0.0,0.0
2026-07-14 11:15:00+09:00,0.0,0.0,0.0
2026-07-14 11:20:00+09:00,0.0,0.0,0.0
2026-07-14 11:25:00+09:00,0.0,0.0,0.0
2026-07-14 12:30:00+09:00,0.0,0.0,0.0
2026-07-14 12:35:00+09:00,0.0,0.0,0.0
2026-07-14 12:40:00+09:00,0.0,0.0,0.0
2026-07-14 12:45:00+09:00,0.0,0.0,0.0
2026-07-14 12:50:00+09:00,0.0,0.0,0.0
2026-07-14 12:55:00+09:00,0.0,0.0,0.0
2026-07-14 13:00:00+09:00,0.00014785563425088474,1.0,1.0
2026-07-14 13:05:00+09:00,0.00031224061367906425,0.0,0.9626543209876541
2026-07-14 13:10:00+09:00,7.371629839757782e-05,0.0,0.9317129629629628
2026-07-14 13:15:00+09:00,-2.8917372928144953e-05,0.0,0.9069444444444443
2026-07-14 13:20:00+09:00,-0.00029376820902167234,0.0,0.9565586419753086
2026-07-14 13:25:00+09:00,-0.000112091818451214,0.0,0.912962962962963
2026-07-14 13:30:00+09:00,-0.00019506172839506175,0.9753086419753086,0.0
2026-07-14 13:35:00+09:00,-3.7037037037037037e-06,0.018518518518518517,0.0
2026-07-14 13:40:00+09:00,0.0,0.0,0.0
2026-07-14 13:45:00+09:00,-1.234567901234568e-06,0.006172839506172839,0.0
2026-07-14 13:50:00+09:00,0.0,0.0,0.0
2026-07-14 13:55:00+09:00,0.0,0.0,0.0
2026-07-14 14:00:00+09:00,0.0,0.0,0.0
2026-07-14 14:05:00+09:00,0.0,0.0,0.0
2026-07-14 14:10:00+09:00,0.0,0.0,0.0
2026-07-14 14:15:00+09:00,0.0,0.0,0.0
2026-07-14 14:20:00+09:00,0.0,0.0,0.0
2026-07-14 14:25:00+09:00,0.0,0.0,0.0
2026-07-14 14:30:00+09:00,0.0,0.0,0.0
2026-07-14 14:35:00+09:00,0.0,0.0,0.0
2026-07-14 14:40:00+09:00,0.0,0.0,0.0
2026-07-14 14:45:00+09:00,0.0,0.0,0.0
2026-07-14 14:50:00+09:00,0.0,0.0,0.0
2026-07-14 14:55:00+09:00,0.0,0.0,0.0
2026-07-14 15:00:00+09:00,0.0,0.0,0.0
2026-07-14 15:05:00+09:00,0.0,0.0,0.0
2026-07-14 15:10:00+09:00,0.0,0.0,0.0
2026-07-14 15:15:00+09:00,0.0,0.0,0.0
2026-07-14 15:20:00+09:00,0.0,0.0,0.0
2026-07-15 09:00:00+09:00,0.0,0.0,0.0
2026-07-15 09:05:00+09:00,0.0,0.0,0.0
2026-07-15 09:10:00+09:00,0.0,0.0,0.0
2026-07-15 09:15:00+09:00,0.0,0.0,0.0
2026-07-15 09:20:00+09:00,0.0,0.0,0.0
2026-07-15 09:25:00+09:00,0.0,0.0,0.0
2026-07-15 09:30:00+09:00,6.244013634691419e-05,1.0,1.0
2026-07-15 09:35:00+09:00,2.707763851351454e-05,0.0,0.9816320385426074
2026-07-15 09:40:00+09:00,4.877933552754577e-05,0.0,0.9570912375790424
2026-07-15 09:45:00+09:00,0.00011632786121017934,0.0,0.9754591990364347
2026-07-15 09:50:00+09:00,-0.0002296066765122471,0.0,0.944896115627823
2026-07-15 09:55:00+09:00,7.686933884675344e-05,0.0,1.0
2026-07-15 10:00:00+09:00,-0.00019509183980728696,0.9754591990364347,0.0
2026-07-15 10:05:00+09:00,-4.9081601927130386e-06,0.02454080096356519,0.0
2026-07-15 10:10:00+09:00,0.0,0.0,0.0
2026-07-15 10:15:00+09:00,0.0,0.0,0.0
2026-07-15 10:20:00+09:00,0.0,0.0,0.0
2026-07-15 10:25:00+09:00,0.0,0.0,0.0
2026-07-15 10:30:00+09:00,0.0,0.0,0.0
2026-07-15 10:35:00+09:00,0.0,0.0,0.0
2026-07-15 10:40:00+09:00,0.0,0.0,0.0
2026-07-15 10:45:00+09:00,0.0,0.0,0.0
2026-07-15 10:50:00+09:00,0.0,0.0,0.0
2026-07-15 10:55:00+09:00,0.0,0.0,0.0
2026-07-15 11:00:00+09:00,0.0,0.0,0.0
2026-07-15 11:05:00+09:00,0.0,0.0,0.0
2026-07-15 11:10:00+09:00,0.0,0.0,0.0
2026-07-15 11:15:00+09:00,0.0,0.0,0.0
2026-07-15 11:20:00+09:00,0.0,0.0,0.0
2026-07-15 11:25:00+09:00,0.0,0.0,0.0
2026-07-15 12:30:00+09:00,0.0,0.0,0.0
2026-07-15 12:35:00+09:00,0.0,0.0,0.0
2026-07-15 12:40:00+09:00,0.0,0.0,0.0
2026-07-15 12:45:00+09:00,0.0,0.0,0.0
2026-07-15 12:50:00+09:00,0.0,0.0,0.0
2026-07-15 12:55:00+09:00,0.0,0.0,0.0
2026-07-15 13:00:00+09:00,-0.00019937626392063,1.0,1.0
2026-07-15 13:05:00+09:00,5.777385450071375e-05,0.0,0.9557753164556962
2026-07-15 13:10:00+09:00,1.1720128395127636e-05,0.0,0.9434335443037976
2026-07-15 13:15:00+09:00,-1.3864436494291151e-05,0.0,0.8929588607594937
2026-07-15 13:20:00+09:00,2.055906205974968e-05,0.0,0.9057753164556963
2026-07-15 13:25:00+09:00,-0.0001853762393786088,0.0,0.8932753164556962
2026-07-15 13:30:00+09:00,-0.00017862341772151898,0.893117088607595,0.0
2026-07-15 13:35:00+09:00,-1.3829113924050633e-05,0.06914556962025317,0.0
2026-07-15 13:40:00+09:00,-6.281645569620253e-06,0.03140822784810127,0.0
2026-07-15 13:45:00+09:00,-1.2658227848101265e-06,0.006329113924050633,0.0
2026-07-15 13:50:00+09:00,0.0,0.0,0.0
2026-07-15 13:55:00+09:00,0.0,0.0,0.0
2026-07-15 14:00:00+09:00,0.0,0.0,0.0
2026-07-15 14:05:00+09:00,0.0,0.0,0.0
2026-07-15 14:10:00+09:00,0.0,0.0,0.0
2026-07-15 14:15:00+09:00,0.0,0.0,0.0
2026-07-15 14:20:00+09:00,0.0,0.0,0.0
2026-07-15 14:25:00+09:00,0.0,0.0,0.0
2026-07-15 14:30:00+09:00,0.0,0.0,0.0
2026-07-15 14:35:00+09:00,0.0,0.0,0.0
2026-07-15 14:40:00+09:00,0.0,0.0,0.0
2026-07-15 14:45:00+09:00,0.0,0.0,0.0
2026-07-15 14:50:00+09:00,0.0,0.0,0.0
2026-07-15 14:55:00+09:00,0.0,0.0,0.0
2026-07-15 15:00:00+09:00,0.0,0.0,0.0
2026-07-15 15:05:00+09:00,0.0,0.0,0.0
2026-07-15 15:10:00+09:00,0.0,0.0,0.0
2026-07-15 15:15:00+09:00,0.0,0.0,0.0
2026-07-15 15:20:00+09:00,0.0,0.0,0.0
2026-07-16 09:00:00+09:00,0.0,0.0,0.0
2026-07-16 09:05:00+09:00,0.0,0.0,0.0
2026-07-16 09:10:00+09:00,0.0,0.0,0.0
2026-07-16 09:15:00+09:00,0.0,0.0,0.0
2026-07-16 09:20:00+09:00,0.0,0.0,0.0
2026-07-16 09:25:00+09:00,0.0,0.0,0.0
2026-07-16 09:30:00+09:00,0.0012027573533117376,1.0,1.0000000000000002
2026-07-16 09:35:00+09:00,0.001173972216497629,0.0,0.9758301498677638
2026-07-16 09:40:00+09:00,-0.0008374661719506909,0.0,0.9756832206876287
2026-07-16 09:45:00+09:00,-0.0003094220895719354,0.0,0.9272700558330885
2026-07-16 09:50:00+09:00,0.0005617501132897812,0.0,0.9879518072289157
2026-07-16 09:55:00+09:00,0.0006955431400945076,0.0,0.963855421686747
2026-07-16 10:00:00+09:00,-0.00019757566852776962,0.9878783426388481,0.0
2026-07-16 10:05:00+09:00,-1.2048192771084338e-06,0.006024096385542169,0.0
2026-07-16 10:10:00+09:00,-1.2195121951219514e-06,0.006097560975609756,0.0
2026-07-16 10:15:00+09:00,0.0,0.0,0.0
2026-07-16 10:20:00+09:00,0.0,0.0,0.0
2026-07-16 10:25:00+09:00,0.0,0.0,0.0
2026-07-16 10:30:00+09:00,0.0,0.0,0.0
2026-07-16 10:35:00+09:00,0.0,0.0,0.0
2026-07-16 10:40:00+09:00,0.0,0.0,0.0
2026-07-16 10:45:00+09:00,0.0,0.0,0.0
2026-07-16 10:50:00+09:00,0.0,0.0,0.0
2026-07-16 10:55:00+09:00,0.0,0.0,0.0
2026-07-16 11:00:00+09:00,0.0,0.0,0.0
2026-07-16 11:05:00+09:00,0.0,0.0,0.0
2026-07-16 11:10:00+09:00,0.0,0.0,0.0
2026-07-16 11:15:00+09:00,0.0,0.0,0.0
2026-07-16 11:20:00+09:00,0.0,0.0,0.0
2026-07-16 11:25:00+09:00,0.0,0.0,0.0
2026-07-16 12:30:00+09:00,0.0,0.0,0.0
2026-07-16 12:35:00+09:00,0.0,0.0,0.0
2026-07-16 12:40:00+09:00,0.0,0.0,0.0
2026-07-16 12:45:00+09:00,0.0,0.0,0.0
2026-07-16 12:50:00+09:00,0.0,0.0,0.0
2026-07-16 12:55:00+09:00,0.0,0.0,0.0
2026-07-16 13:00:00+09:00,-2.288115568553018e-05,1.0,1.0
2026-07-16 13:05:00+09:00,8.886007573909136e-05,0.0,0.9087569791360564
2026-07-16 13:10:00+09:00,-0.00018182358589589765,0.0,0.902806347340582
2026-07-16 13:15:00+09:00,-0.00041912224990992984,0.0,0.8906112253893623
2026-07-16 13:20:00+09:00,-0.00023152525560285516,0.0,0.9268292682926831
2026-07-16 13:25:00+09:00,2.458670176019556e-05,0.0,0.9451219512195121
2026-07-16 13:30:00+09:00,-0.0001794005289450485,0.8970026447252425,0.0
2026-07-16 13:35:00+09:00,-1.9379958859829564e-05,0.09689979429914782,0.0
2026-07-16 13:40:00+09:00,0.0,0.0,0.0
2026-07-16 13:45:00+09:00,0.0,0.0,0.0
2026-07-16 13:50:00+09:00,-1.2195121951219514e-06,0.006097560975609756,0.0
2026-07-16 13:55:00+09:00,0.0,0.0,0.0
2026-07-16 14:00:00+09:00,0.0,0.0,0.0
2026-07-16 14:05:00+09:00,0.0,0.0,0.0
2026-07-16 14:10:00+09:00,0.0,0.0,0.0
2026-07-16 14:15:00+09:00,0.0,0.0,0.0
2026-07-16 14:20:00+09:00,0.0,0.0,0.0
2026-07-16 14:25:00+09:00,0.0,0.0,0.0
2026-07-16 14:30:00+09:00,0.0,0.0,0.0
2026-07-16 14:35:00+09:00,0.0,0.0,0.0
2026-07-16 14:40:00+09:00,0.0,0.0,0.0
2026-07-16 14:45:00+09:00,0.0,0.0,0.0
2026-07-16 14:50:00+09:00,0.0,0.0,0.0
2026-07-16 14:55:00+09:00,0.0,0.0,0.0
2026-07-16 15:00:00+09:00,0.0,0.0,0.0
2026-07-16 15:05:00+09:00,0.0,0.0,0.0
2026-07-16 15:10:00+09:00,0.0,0.0,0.0
2026-07-16 15:15:00+09:00,0.0,0.0,0.0
2026-07-16 15:20:00+09:00,0.0,0.0,0.0
2026-07-17 09:00:00+09:00,0.0,0.0,0.0
2026-07-17 09:05:00+09:00,0.0,0.0,0.0
2026-07-17 09:10:00+09:00,0.0,0.0,0.0
2026-07-17 09:15:00+09:00,0.0,0.0,0.0
2026-07-17 09:20:00+09:00,0.0,0.0,0.0
2026-07-17 09:25:00+09:00,0.0,0.0,0.0
2026-07-17 09:30:00+09:00,-0.000622832751115815,1.0,1.0
2026-07-17 09:35:00+09:00,0.0013512766971963304,0.0,0.9939024390243902
2026-07-17 09:40:00+09:00,-0.0026297668870221527,0.0,0.9757566852776962
2026-07-17 09:45:00+09:00,-0.0009305134315647269,0.0,0.981854246253306
2026-07-17 09:50:00+09:00,0.0017428489933680894,0.0,0.9817807816632383
2026-07-17 09:55:00+09:00,0.001421256293705524,0.0,0.9819277108433735
2026-07-17 10:00:00+09:00,-0.00019396121069644432,0.9698060534822216,0.0
2026-07-17 10:05:00+09:00,-6.038789303555687e-06,0.03019394651777843,0.0
2026-07-17 10:10:00+09:00,0.0,0.0,0.0
2026-07-17 10:15:00+09:00,0.0,0.0,0.0
2026-07-17 10:20:00+09:00,0.0,0.0,0.0
2026-07-17 10:25:00+09:00,0.0,0.0,0.0
2026-07-17 10:30:00+09:00,0.0,0.0,0.0
2026-07-17 10:35:00+09:00,0.0,0.0,0.0
2026-07-17 10:40:00+09:00,0.0,0.0,0.0
2026-07-17 10:45:00+09:00,0.0,0.0,0.0
2026-07-17 10:50:00+09:00,0.0,0.0,0.0
2026-07-17 10:55:00+09:00,0.0,0.0,0.0
2026-07-17 11:00:00+09:00,0.0,0.0,0.0
2026-07-17 11:05:00+09:00,0.0,0.0,0.0
2026-07-17 11:10:00+09:00,0.0,0.0,0.0
2026-07-17 11:15:00+09:00,0.0,0.0,0.0
2026-07-17 11:20:00+09:00,0.0,0.0,0.0
2026-07-17 11:25:00+09:00,0.0,0.0,0.0
2026-07-17 12:30:00+09:00,0.0,0.0,0.0
2026-07-17 12:35:00+09:00,0.0,0.0,0.0
2026-07-17 12:40:00+09:00,0.0,0.0,0.0
2026-07-17 12:45:00+09:00,0.0,0.0,0.0
2026-07-17 12:50:00+09:00,0.0,0.0,0.0
2026-07-17 12:55:00+09:00,0.0,0.0,0.0
2026-07-17 13:00:00+09:00,9.2953583635868e-05,1.0,1.0
2026-07-17 13:05:00+09:00,0.0007642503927018516,0.0,0.9939759036144578
2026-07-17 13:10:00+09:00,0.0005506668416683021,0.0,0.9759753298909926
2026-07-17 13:15:00+09:00,0.0005484896240745995,0.0,0.9819277108433734
2026-07-17 13:20:00+09:00,0.00025195480451884746,0.0,0.9880235226620769
2026-07-17 13:25:00+09:00,6.0363227723926147e-05,0.0,0.9939759036144578
2026-07-17 13:30:00+09:00,-0.00019520940906483076,0.9760470453241538,0.0
2026-07-17 13:35:00+09:00,-3.600114744693058e-06,0.01800057372346529,0.0
2026-07-17 13:40:00+09:00,-1.1904761904761904e-06,0.005952380952380952,0.0
2026-07-17 13:45:00+09:00,0.0,0.0,0.0
2026-07-17 13:50:00+09:00,0.0,0.0,0.0
2026-07-17 13:55:00+09:00,0.0,0.0,0.0
2026-07-17 14:00:00+09:00,0.0,0.0,0.0
2026-07-17 14:05:00+09:00,0.0,0.0,0.0
2026-07-17 14:10:00+09:00,0.0,0.0,0.0
2026-07-17 14:15:00+09:00,0.0,0.0,0.0
2026-07-17 14:20:00+09:00,0.0,0.0,0.0
2026-07-17 14:25:00+09:00,0.0,0.0,0.0
2026-07-17 14:30:00+09:00,0.0,0.0,0.0
2026-07-17 14:35:00+09:00,0.0,0.0,0.0
2026-07-17 14:40:00+09:00,0.0,0.0,0.0
2026-07-17 14:45:00+09:00,0.0,0.0,0.0
2026-07-17 14:50:00+09:00,0.0,0.0,0.0
2026-07-17 14:55:00+09:00,0.0,0.0,0.0
2026-07-17 15:00:00+09:00,0.0,0.0,0.0
2026-07-17 15:05:00+09:00,0.0,0.0,0.0
2026-07-17 15:10:00+09:00,0.0,0.0,0.0
2026-07-17 15:15:00+09:00,0.0,0.0,0.0
2026-07-17 15:20:00+09:00,0.0,0.0,0.0
