timestamp,net_return,turnover,gross_exposure
2026-06-01 09:00:00+09:00,0.0,0.0,0.0
2026-06-01 09:05:00+09:00,0.0,0.0,0.0
2026-06-01 09:10:00+09:00,0.0,0.0,0.0
2026-06-01 09:15:00+09:00,0.0,0.0,0.0
2026-06-01 09:20:00+09:00,0.0,0.0,0.0
2026-06-01 09:25:00+09:00,0.0,0.0,0.0
2026-06-01 09:30:00+09:00,5.390741235118339e-05,1.0,1.0
2026-06-01 09:35:00+09:00,0.0007592706104421849,0.0,0.9939759036144578
2026-06-01 09:40:00+09:00,0.0002243510108206024,0.0,1.0
2026-06-01 09:45:00+09:00,0.00010347922557502459,0.0,1.0
2026-06-01 09:50:00+09:00,0.0003393484362370894,0.0,1.0
2026-06-01 09:55:00+09:00,-0.000682327613896821,0.0,0.9939759036144578
2026-06-01 10:00:00+09:00,-0.00019880952380952382,0.9940476190476191,0.0
2026-06-01 10:05:00+09:00,-1.1904761904761904e-06,0.005952380952380952,0.0
2026-06-01 10:10:00+09:00,0.0,0.0,0.0
2026-06-01 10:15:00+09:00,0.0,0.0,0.0
2026-06-01 10:20:00+09:00,0.0,0.0,0.0
2026-06-01 10:25:00+09:00,0.0,0.0,0.0
2026-06-01 10:30:00+09:00,0.0,0.0,0.0
2026-06-01 10:35:00+09:00,0.0,0.0,0.0
2026-06-01 10:40:00+09:00,0.0,0.0,0.0
2026-06-01 10:45:00+09:00,0.0,0.0,0.0
2026-06-01 10:50:00+09:00,0.0,0.0,0.0
2026-06-01 10:55:00+09:00,0.0,0.0,0.0
2026-06-01 11:00:00+09:00,0.0,0.0,0.0
2026-06-01 11:05:00+09:00,0.0,0.0,0.0
2026-06-01 11:10:00+09:00,0.0,0.0,0.0
2026-06-01 11:15:00+09:00,0.0,0.0,0.0
2026-06-01 11:20:00+09:00,0.0,0.0,0.0
2026-06-01 11:25:00+09:00,0.0,0.0,0.0
2026-06-01 12:30:00+09:00,0.0,0.0,0.0
2026-06-01 12:35:00+09:00,0.0,0.0,0.0
2026-06-01 12:40:00+09:00,0.0,0.0,0.0
2026-06-01 12:45:00+09:00,0.0,0.0,0.0
2026-06-01 12:50:00+09:00,0.0,0.0,0.0
2026-06-01 12:55:00+09:00,0.0,0.0,0.0
2026-06-01 13:00:00+09:00,-0.0001340356605355087,1.0,1.0
2026-06-01 13:05:00+09:00,2.808809827954163e-05,0.0,0.9820711417096959
2026-06-01 13:10:00+09:00,-4.006866337482345e-05,0.0,0.9880235226620768
2026-06-01 13:15:00+09:00,0.0002632414751722343,0.0,0.957903040734366
2026-06-01 13:20:00+09:00,-7.062796343441111e-05,0.0,0.9640705679862306
2026-06-01 13:25:00+09:00,7.263068181048761e-05,0.0,0.9940476190476191
2026-06-01 13:30:00+09:00,-0.00019520940906483076,0.9760470453241538,0.0
2026-06-01 13:35:00+09:00,-3.600114744693058e-06,0.01800057372346529,0.0
2026-06-01 13:40:00+09:00,-1.1904761904761904e-06,0.005952380952380952,0.0
2026-06-01 13:45:00+09:00,0.0,0.0,0.0
2026-06-01 13:50:00+09:00,0.0,0.0,0.0
2026-06-01 13:55:00+09:00,0.0,0.0,0.0
2026-06-01 14:00:00+09:00,0.0,0.0,0.0
2026-06-01 14:05:00+09:00,0.0,0.0,0.0
2026-06-01 14:10:00+09:00,0.0,0.0,0.0
2026-06-01 14:15:00+09:00,0.0,0.0,0.0
2026-06-01 14:20:00+09:00,0.0,0.0,0.0
2026-06-01 14:25:00+09:00,0.0,0.0,0.0
2026-06-01 14:30:00+09:00,0.0,0.0,0.0
2026-06-01 14:35:00+09:00,0.0,0.0,0.0
2026-06-01 14:40:00+09:00,0.0,0.0,0.0
2026-06-01 14:45:00+09:00,0.0,0.0,0.0
2026-06-01 14:50:00+09:00,0.0,0.0,0.0
2026-06-01 14:55:00+09:00,0.0,0.0,0.0
2026-06-01 15:00:00+09:00,0.0,0.0,0.0
2026-06-01 15:05:00+09:00,0.0,0.0,0.0
2026-06-01 15:10:00+09:00,0.0,0.0,0.0
2026-06-01 15:15:00+09:00,0.0,0.0,0.0
2026-06-01 15:20:00+09:00,0.0,0.0,0.0
2026-06-02 09:00:00+09:00,0.0,0.0,0.0
2026-06-02 09:05:00+09:00,0.0,0.0,0.0
2026-06-02 09:10:00+09:00,0.0,0.0,0.0
2026-06-02 09:15:00+09:00,0.0,0.0,0.0
2026-06-02 09:20:00+09:00,0.0,0.0,0.0
2026-06-02 09:25:00+09:00,0.0,0.0,0.0
2026-06-02 09:30:00+09:00,2.1904269872509108e-05,1.0,1.0000000000000002
2026-06-02 09:35:00+09:00,-0.0003241588016008521,0.0,0.9939024390243903
2026-06-02 09:40:00+09:00,-0.00035166068830219525,0.0,0.9878048780487807
2026-06-02 09:45:00+09:00,-0.0006112136847898789,0.0,0.9939024390243905
2026-06-02 09:50:00+09:00,-0.0007118837007026198,0.0,0.9756832206876287
2026-06-02 09:55:00+09:00,0.000121353222138267,0.0,0.9878783426388482
2026-06-02 10:00:00+09:00,-0.0001963561563326477,0.9817807816632383,0.0
2026-06-02 10:05:00+09:00,-3.6438436673523368e-06,0.018219218336761683,0.0
2026-06-02 10:10:00+09:00,0.0,0.0,0.0
2026-06-02 10:15:00+09:00,0.0,0.0,0.0
2026-06-02 10:20:00+09:00,0.0,0.0,0.0
2026-06-02 10:25:00+09:00,0.0,0.0,0.0
2026-06-02 10:30:00+09:00,0.0,0.0,0.0
2026-06-02 10:35:00+09:00,0.0,0.0,0.0
2026-06-02 10:40:00+09:00,0.0,0.0,0.0
2026-06-02 10:45:00+09:00,0.0,0.0,0.0
2026-06-02 10:50:00+09:00,0.0,0.0,0.0
2026-06-02 10:55:00+09:00,0.0,0.0,0.0
2026-06-02 11:00:00+09:00,0.0,0.0,0.0
2026-06-02 11:05:00+09:00,0.0,0.0,0.0
2026-06-02 11:10:00+09:00,0.0,0.0,0.0
2026-06-02 11:15:00+09:00,0.0,0.0,0.0
2026-06-02 11:20:00+09:00,0.0,0.0,0.0
2026-06-02 11:25:00+09:00,0.0,0.0,0.0
2026-06-02 12:30:00+09:00,0.0,0.0,0.0
2026-06-02 12:35:00+09:00,0.0,0.0,0.0
2026-06-02 12:40:00+09:00,0.0,0.0,0.0
2026-06-02 12:45:00+09:00,0.0,0.0,0.0
2026-06-02 12:50:00+09:00,0.0,0.0,0.0
2026-06-02 12:55:00+09:00,0.0,0.0,0.0
2026-06-02 13:00:00+09:00,-9.813522385326113e-05,1.0,1.0
2026-06-02 13:05:00+09:00,6.998110824045369e-05,0.0,0.9878048780487806
2026-06-02 13:10:00+09:00,0.00010612679396428308,0.0,0.9698060534822216
2026-06-02 13:15:00+09:00,-0.00014892869693439902,0.0,0.9817807816632385
2026-06-02 13:20:00+09:00,-0.00011401093006338655,0.0,0.9637084925066118
2026-06-02 13:25:00+09:00,-8.490853035306051e-06,0.0,0.9636350279165443
2026-06-02 13:30:00+09:00,-0.00019269761974728182,0.9634880987364091,0.0
2026-06-02 13:35:00+09:00,-6.0828680575962395e-06,0.030414340287981192,0.0
2026-06-02 13:40:00+09:00,0.0,0.0,0.0
2026-06-02 13:45:00+09:00,0.0,0.0,0.0
2026-06-02 13:50:00+09:00,-1.2195121951219514e-06,0.006097560975609756,0.0
2026-06-02 13:55:00+09:00,0.0,0.0,0.0
2026-06-02 14:00:00+09:00,0.0,0.0,0.0
2026-06-02 14:05:00+09:00,0.0,0.0,0.0
2026-06-02 14:10:00+09:00,0.0,0.0,0.0
2026-06-02 14:15:00+09:00,0.0,0.0,0.0
2026-06-02 14:20:00+09:00,0.0,0.0,0.0
2026-06-02 14:25:00+09:00,0.0,0.0,0.0
2026-06-02 14:30:00+09:00,0.0,0.0,0.0
2026-06-02 14:35:00+09:00,0.0,0.0,0.0
2026-06-02 14:40:00+09:00,0.0,0.0,0.0
2026-06-02 14:45:00+09:00,0.0,0.0,0.0
2026-06-02 14:50:00+09:00,0.0,0.0,0.0
2026-06-02 14:55:00+09:00,0.0,0.0,0.0
2026-06-02 15:00:00+09:00,0.0,0.0,0.0
2026-06-02 15:05:00+09:00,0.0,0.0,0.0
2026-06-02 15:10:00+09:00,0.0,0.0,0.0
2026-06-02 15:15:00+09:00,0.0,0.0,0.0
2026-06-02 15:20:00+09:00,0.0,0.0,0.0
2026-06-03 09:00:00+09:00,0.0,0.0,0.0
2026-06-03 09:05:00+09:00,0.0,0.0,0.0
2026-06-03 09:10:00+09:00,0.0,0.0,0.0
2026-06-03 09:15:00+09:00,0.0,0.0,0.0
2026-06-03 09:20:00+09:00,0.0,0.0,0.0
2026-06-03 09:25:00+09:00,0.0,0.0,0.0
2026-06-03 09:30:00+09:00,-0.0003047603262866017,1.0,1.0
2026-06-03 09:35:00+09:00,-0.00010466126216743238,0.0,0.9694369165913881
2026-06-03 09:40:00+09:00,-3.261591118636635e-05,0.0,0.969361638060825
2026-06-03 09:45:00+09:00,0.0002967257147446604,0.0,0.9878048780487804
2026-06-03 09:50:00+09:00,-7.981162337058296e-06,0.0,0.9570159590484794
2026-06-03 09:55:00+09:00,0.0002675721597635992,0.0,0.963113520024089
2026-06-03 10:00:00+09:00,-0.0001938422161999398,0.9692110809996989,0.0
2026-06-03 10:05:00+09:00,-6.157783800060223e-06,0.03078891900030111,0.0
2026-06-03 10:10:00+09:00,0.0,0.0,0.0
2026-06-03 10:15:00+09:00,0.0,0.0,0.0
2026-06-03 10:20:00+09:00,0.0,0.0,0.0
2026-06-03 10:25:00+09:00,0.0,0.0,0.0
2026-06-03 10:30:00+09:00,0.0,0.0,0.0
2026-06-03 10:35:00+09:00,0.0,0.0,0.0
2026-06-03 10:40:00+09:00,0.0,0.0,0.0
2026-06-03 10:45:00+09:00,0.0,0.0,0.0
2026-06-03 10:50:00+09:00,0.0,0.0,0.0
2026-06-03 10:55:00+09:00,0.0,0.0,0.0
2026-06-03 11:00:00+09:00,0.0,0.0,0.0
2026-06-03 11:05:00+09:00,0.0,0.0,0.0
2026-06-03 11:10:00+09:00,0.0,0.0,0.0
2026-06-03 11:15:00+09:00,0.0,0.0,0.0
2026-06-03 11:20:00+09:00,0.0,0.0,0.0
2026-06-03 11:25:00+09:00,0.0,0.0,0.0
2026-06-03 12:30:00+09:00,0.0,0.0,0.0
2026-06-03 12:35:00+09:00,0.0,0.0,0.0
2026-06-03 12:40:00+09:00,0.0,0.0,0.0
2026-06-03 12:45:00+09:00,0.0,0.0,0.0
2026-06-03 12:50:00+09:00,0.0,0.0,0.0
2026-06-03 12:55:00+09:00,0.0,0.0,0.0
2026-06-03 13:00:00+09:00,-0.0003772065227894783,1.0,1.0
2026-06-03 13:05:00+09:00,5.1129698782829294e-05,0.0,0.9752314814814814
2026-06-03 13:10:00+09:00,6.0089656214006325e-05,0.0,0.9688271604938271
2026-06-03 13:15:00+09:00,8.560679196590419e-05,0.0,0.9316358024691358
2026-06-03 13:20:00+09:00,-0.00011202003162496186,0.0,0.9504629629629628
2026-06-03 13:25:00+09:00,0.00010206602631870021,0.0,0.9254629629629629
2026-06-03 13:30:00+09:00,-0.00019131172839506174,0.9565586419753086,0.0
2026-06-03 13:35:00+09:00,-8.688271604938271e-06,0.04344135802469136,0.0
2026-06-03 13:40:00+09:00,0.0,0.0,0.0
2026-06-03 13:45:00+09:00,0.0,0.0,0.0
2026-06-03 13:50:00+09:00,0.0,0.0,0.0
2026-06-03 13:55:00+09:00,0.0,0.0,0.0
2026-06-03 14:00:00+09:00,0.0,0.0,0.0
2026-06-03 14:05:00+09:00,0.0,0.0,0.0
2026-06-03 14:10:00+09:00,0.0,0.0,0.0
2026-06-03 14:15:00+09:00,0.0,0.0,0.0
2026-06-03 14:20:00+09:00,0.0,0.0,0.0
2026-06-03 14:25:00+09:00,0.0,0.0,0.0
2026-06-03 14:30:00+09:00,0.0,0.0,0.0
2026-06-03 14:35:00+09:00,0.0,0.0,0.0
2026-06-03 14:40:00+09:00,0.0,0.0,0.0
2026-06-03 14:45:00+09:00,0.0,0.0,0.0
2026-06-03 14:50:00+09:00,0.0,0.0,0.0
2026-06-03 14:55:00+09:00,0.0,0.0,0.0
2026-06-03 15:00:00+09:00,0.0,0.0,0.0
2026-06-03 15:05:00+09:00,0.0,0.0,0.0
2026-06-03 15:10:00+09:00,0.0,0.0,0.0
2026-06-03 15:15:00+09:00,0.0,0.0,0.0
2026-06-03 15:20:00+09:00,0.0,0.0,0.0
2026-06-04 09:00:00+09:00,0.0,0.0,0.0
2026-06-04 09:05:00+09:00,0.0,0.0,0.0
2026-06-04 09:10:00+09:00,0.0,0.0,0.0
2026-06-04 09:15:00+09:00,0.0,0.0,0.0
2026-06-04 09:20:00+09:00,0.0,0.0,0.0
2026-06-04 09:25:00+09:00,0.0,0.0,0.0
2026-06-04 09:30:00+09:00,-0.0004194047535598761,1.0,1.0
2026-06-04 09:35:00+09:00,-2.5200837905768684e-05,0.0,0.945342344989715
2026-06-04 09:40:00+09:00,-0.0002757527464675932,0.0,0.9757566852776962
2026-06-04 09:45:00+09:00,0.00013453632548065096,0.0,0.9878783426388482
2026-06-04 09:50:00+09:00,-1.9192275002923098e-05,0.0,0.9817073170731707
2026-06-04 09:55:00+09:00,-0.00029602560593533375,0.0,0.9817073170731708
2026-06-04 10:00:00+09:00,-0.0001951219512195122,0.9756097560975611,0.0
2026-06-04 10:05:00+09:00,-2.4390243902439027e-06,0.012195121951219513,0.0
2026-06-04 10:10:00+09:00,-1.2195121951219514e-06,0.006097560975609756,0.0
2026-06-04 10:15:00+09:00,0.0,0.0,0.0
2026-06-04 10:20:00+09:00,0.0,0.0,0.0
2026-06-04 10:25:00+09:00,0.0,0.0,0.0
2026-06-04 10:30:00+09:00,-1.2195121951219514e-06,0.006097560975609756,0.0
2026-06-04 10:35:00+09:00,0.0,0.0,0.0
2026-06-04 10:40:00+09:00,0.0,0.0,0.0
2026-06-04 10:45:00+09:00,0.0,0.0,0.0
2026-06-04 10:50:00+09:00,0.0,0.0,0.0
2026-06-04 10:55:00+09:00,0.0,0.0,0.0
2026-06-04 11:00:00+09:00,0.0,0.0,0.0
2026-06-04 11:05:00+09:00,0.0,0.0,0.0
2026-06-04 11:10:00+09:00,0.0,0.0,0.0
2026-06-04 11:15:00+09:00,0.0,0.0,0.0
2026-06-04 11:20:00+09:00,0.0,0.0,0.0
2026-06-04 11:25:00+09:00,0.0,0.0,0.0
2026-06-04 12:30:00+09:00,0.0,0.0,0.0
2026-06-04 12:35:00+09:00,0.0,0.0,0.0
2026-06-04 12:40:00+09:00,0.0,0.0,0.0
2026-06-04 12:45:00+09:00,0.0,0.0,0.0
2026-06-04 12:50:00+09:00,0.0,0.0,0.0
2026-06-04 12:55:00+09:00,0.0,0.0,0.0
2026-06-04 13:00:00+09:00,-0.00021031992708181888,1.0,1.0
2026-06-04 13:05:00+09:00,-8.942095983823753e-05,0.0,0.9564043209876543
2026-06-04 13:10:00+09:00,0.0003384812704549379,0.0,0.9689043209876542
2026-06-04 13:15:00+09:00,6.242184801249386e-05,0.0,0.9501543209876543
2026-06-04 13:20:00+09:00,0.00010004997898483407,0.0,0.9439814814814814
2026-06-04 13:25:00+09:00,0.00013993247212334845,0.0,0.9440586419753086
2026-06-04 13:30:00+09:00,-0.00019129629629629632,0.9564814814814815,0.0
2026-06-04 13:35:00+09:00,-7.453703703703704e-06,0.03726851851851852,0.0
2026-06-04 13:40:00+09:00,-1.25e-06,0.00625,0.0
2026-06-04 13:45:00+09:00,0.0,0.0,0.0
2026-06-04 13:50:00+09:00,0.0,0.0,0.0
2026-06-04 13:55:00+09:00,0.0,0.0,0.0
2026-06-04 14:00:00+09:00,0.0,0.0,0.0
2026-06-04 14:05:00+09:00,0.0,0.0,0.0
2026-06-04 14:10:00+09:00,0.0,0.0,0.0
2026-06-04 14:15:00+09:00,0.0,0.0,0.0
2026-06-04 14:20:00+09:00,0.0,0.0,0.0
2026-06-04 14:25:00+09:00,0.0,0.0,0.0
2026-06-04 14:30:00+09:00,0.0,0.0,0.0
2026-06-04 14:35:00+09:00,0.0,0.0,0.0
2026-06-04 14:40:00+09:00,0.0,0.0,0.0
2026-06-04 14:45:00+09:00,0.0,0.0,0.0
2026-06-04 14:50:00+09:00,0.0,0.0,0.0
2026-06-04 14:55:00+09:00,0.0,0.0,0.0
2026-06-04 15:00:00+09:00,0.0,0.0,0.0
2026-06-04 15:05:00+09:00,0.0,0.0,0.0
2026-06-04 15:10:00+09:00,0.0,0.0,0.0
2026-06-04 15:15:00+09:00,0.0,0.0,0.0
2026-06-04 15:20:00+09:00,0.0,0.0,0.0
2026-06-05 09:00:00+09:00,0.0,0.0,0.0
2026-06-05 09:05:00+09:00,0.0,0.0,0.0
2026-06-05 09:10:00+09:00,0.0,0.0,0.0
2026-06-05 09:15:00+09:00,0.0,0.0,0.0
2026-06-05 09:20:00+09:00,0.0,0.0,0.0
2026-06-05 09:25:00+09:00,0.0,0.0,0.0
2026-06-05 09:30:00+09:00,-0.00015923944913350376,1.0,0.9999999999999999
2026-06-05 09:35:00+09:00,0.00011418310227476628,0.0,0.9634146341463413
2026-06-05 09:40:00+09:00,0.0005061102779417968,0.0,0.969436916591388
2026-06-05 09:45:00+09:00,0.00012982361670174064,0.0,0.9510689551339957
2026-06-05 09:50:00+09:00,-0.00018834214232072303,0.0,0.9816320385426075
2026-06-05 09:55:00+09:00,0.00019680287428691876,0.0,0.9939024390243901
2026-06-05 10:00:00+09:00,-0.00019632640770852154,0.9816320385426076,0.0
2026-06-05 10:05:00+09:00,-2.4540800963565193e-06,0.012270400481782595,0.0
2026-06-05 10:10:00+09:00,-1.2195121951219514e-06,0.006097560975609756,0.0
2026-06-05 10:15:00+09:00,0.0,0.0,0.0
2026-06-05 10:20:00+09:00,0.0,0.0,0.0
2026-06-05 10:25:00+09:00,0.0,0.0,0.0
2026-06-05 10:30:00+09:00,0.0,0.0,0.0
2026-06-05 10:35:00+09:00,0.0,0.0,0.0
2026-06-05 10:40:00+09:00,0.0,0.0,0.0
2026-06-05 10:45:00+09:00,0.0,0.0,0.0
2026-06-05 10:50:00+09:00,0.0,0.0,0.0
2026-06-05 10:55:00+09:00,0.0,0.0,0.0
2026-06-05 11:00:00+09:00,0.0,0.0,0.0
2026-06-05 11:05:00+09:00,0.0,0.0,0.0
2026-06-05 11:10:00+09:00,0.0,0.0,0.0
2026-06-05 11:15:00+09:00,0.0,0.0,0.0
2026-06-05 11:20:00+09:00,0.0,0.0,0.0
2026-06-05 11:25:00+09:00,0.0,0.0,0.0
2026-06-05 12:30:00+09:00,0.0,0.0,0.0
2026-06-05 12:35:00+09:00,0.0,0.0,0.0
2026-06-05 12:40:00+09:00,0.0,0.0,0.0
2026-06-05 12:45:00+09:00,0.0,0.0,0.0
2026-06-05 12:50:00+09:00,0.0,0.0,0.0
2026-06-05 12:55:00+09:00,0.0,0.0,0.0
2026-06-05 13:00:00+09:00,-0.0002565023816642226,1.0,1.0
2026-06-05 13:05:00+09:00,-4.14579606305376e-05,0.0,0.9317129629629628
2026-06-05 13:10:00+09:00,2.15910452432805e-05,0.0,0.9318672839506172
2026-06-05 13:15:00+09:00,-5.930846018462047e-05,0.0,0.9381172839506173
2026-06-05 13:20:00+09:00,-4.707777124446751e-05,0.0,0.9502314814814814
2026-06-05 13:25:00+09:00,-9.661188957652894e-05,0.0,0.9255401234567902
2026-06-05 13:30:00+09:00,-0.0001863425925925926,0.9317129629629629,0.0
2026-06-05 13:35:00+09:00,-1.117283950617284e-05,0.0558641975308642,0.0
2026-06-05 13:40:00+09:00,-2.4845679012345682e-06,0.01242283950617284,0.0
2026-06-05 13:45:00+09:00,0.0,0.0,0.0
2026-06-05 13:50:00+09:00,0.0,0.0,0.0
2026-06-05 13:55:00+09:00,0.0,0.0,0.0
2026-06-05 14:00:00+09:00,0.0,0.0,0.0
2026-06-05 14:05:00+09:00,0.0,0.0,0.0
2026-06-05 14:10:00+09:00,0.0,0.0,0.0
2026-06-05 14:15:00+09:00,0.0,0.0,0.0
2026-06-05 14:20:00+09:00,0.0,0.0,0.0
2026-06-05 14:25:00+09:00,0.0,0.0,0.0
2026-06-05 14:30:00+09:00,0.0,0.0,0.0
2026-06-05 14:35:00+09:00,0.0,0.0,0.0
2026-06-05 14:40:00+09:00,0.0,0.0,0.0
2026-06-05 14:45:00+09:00,0.0,0.0,0.0
2026-06-05 14:50:00+09:00,0.0,0.0,0.0
2026-06-05 14:55:00+09:00,0.0,0.0,0.0
2026-06-05 15:00:00+09:00,0.0,0.0,0.0
2026-06-05 15:05:00+09:00,0.0,0.0,0.0
2026-06-05 15:10:00+09:00,0.0,0.0,0.0
2026-06-05 15:15:00+09:00,0.0,0.0,0.0
2026-06-05 15:20:00+09:00,0.0,0.0,0.0
2026-06-08 09:00:00+09:00,0.0,0.0,0.0
2026-06-08 09:05:00+09:00,0.0,0.0,0.0
2026-06-08 09:10:00+09:00,0.0,0.0,0.0
2026-06-08 09:15:00+09:00,0.0,0.0,0.0
2026-06-08 09:20:00+09:00,0.0,0.0,0.0
2026-06-08 09:25:00+09:00,0.0,0.0,0.0
2026-06-08 09:30:00+09:00,-0.0007522481971894274,1.0,1.0
2026-06-08 09:35:00+09:00,-9.358575010475776e-05,0.0,0.9878783426388481
2026-06-08 09:40:00+09:00,0.0001444636718346309,0.0,0.9878783426388481
2026-06-08 09:45:00+09:00,0.00010744029531701992,0.0,1.0
2026-06-08 09:50:00+09:00,-1.2671332360065594e-05,0.0,0.9939759036144579
2026-06-08 09:55:00+09:00,0.0004915874138779308,0.0,1.0
2026-06-08 10:00:00+09:00,-0.00019756097560975612,0.9878048780487805,0.0
2026-06-08 10:05:00+09:00,-2.4390243902439027e-06,0.012195121951219513,0.0
2026-06-08 10:10:00+09:00,0.0,0.0,0.0
2026-06-08 10:15:00+09:00,0.0,0.0,0.0
2026-06-08 10:20:00+09:00,0.0,0.0,0.0
2026-06-08 10:25:00+09:00,0.0,0.0,0.0
2026-06-08 10:30:00+09:00,0.0,0.0,0.0
2026-06-08 10:35:00+09:00,0.0,0.0,0.0
2026-06-08 10:40:00+09:00,0.0,0.0,0.0
2026-06-08 10:45:00+09:00,0.0,0.0,0.0
2026-06-08 10:50:00+09:00,0.0,0.0,0.0
2026-06-08 10:55:00+09:00,0.0,0.0,0.0
2026-06-08 11:00:00+09:00,0.0,0.0,0.0
2026-06-08 11:05:00+09:00,0.0,0.0,0.0
2026-06-08 11:10:00+09:00,0.0,0.0,0.0
2026-06-08 11:15:00+09:00,0.0,0.0,0.0
2026-06-08 11:20:00+09:00,0.0,0.0,0.0
2026-06-08 11:25:00+09:00,0.0,0.0,0.0
2026-06-08 12:30:00+09:00,0.0,0.0,0.0
2026-06-08 12:35:00+09:00,0.0,0.0,0.0
2026-06-08 12:40:00+09:00,0.0,0.0,0.0
2026-06-08 12:45:00+09:00,0.0,0.0,0.0
2026-06-08 12:50:00+09:00,0.0,0.0,0.0
2026-06-08 12:55:00+09:00,0.0,0.0,0.0
2026-06-08 13:00:00+09:00,-0.00022019132602691944,1.0,1.0
2026-06-08 13:05:00+09:00,2.4203827492224216e-05,0.0,0.9447455585666967
2026-06-08 13:10:00+09:00,5.450737207550937e-05,0.0,0.9080096356519121
2026-06-08 13:15:00+09:00,-7.664409109222814e-05,0.0,0.969361638060825
2026-06-08 13:20:00+09:00,0.00022715027102288636,0.0,0.9631887985546521
2026-06-08 13:25:00+09:00,5.810732783080717e-05,0.0,0.969361638060825
2026-06-08 13:30:00+09:00,-0.00019878048780487805,0.9939024390243902,0.0
2026-06-08 13:35:00+09:00,-1.2195121951219514e-06,0.006097560975609756,0.0
2026-06-08 13:40:00+09:00,0.0,0.0,0.0
2026-06-08 13:45:00+09:00,0.0,0.0,0.0
2026-06-08 13:50:00+09:00,0.0,0.0,0.0
2026-06-08 13:55:00+09:00,0.0,0.0,0.0
2026-06-08 14:00:00+09:00,0.0,0.0,0.0
2026-06-08 14:05:00+09:00,0.0,0.0,0.0
2026-06-08 14:10:00+09:00,0.0,0.0,0.0
2026-06-08 14:15:00+09:00,0.0,0.0,0.0
2026-06-08 14:20:00+09:00,0.0,0.0,0.0
2026-06-08 14:25:00+09:00,0.0,0.0,0.0
2026-06-08 14:30:00+09:00,0.0,0.0,0.0
2026-06-08 14:35:00+09:00,0.0,0.0,0.0
2026-06-08 14:40:00+09:00,0.0,0.0,0.0
2026-06-08 14:45:00+09:00,0.0,0.0,0.0
2026-06-08 14:50:00+09:00,0.0,0.0,0.0
2026-06-08 14:55:00+09:00,0.0,0.0,0.0
2026-06-08 15:00:00+09:00,0.0,0.0,0.0
2026-06-08 15:05:00+09:00,0.0,0.0,0.0
2026-06-08 15:10:00+09:00,0.0,0.0,0.0
2026-06-08 15:15:00+09:00,0.0,0.0,0.0
2026-06-08 15:20:00+09:00,0.0,0.0,0.0
2026-06-09 09:00:00+09:00,0.0,0.0,0.0
2026-06-09 09:05:00+09:00,0.0,0.0,0.0
2026-06-09 09:10:00+09:00,0.0,0.0,0.0
2026-06-09 09:15:00+09:00,0.0,0.0,0.0
2026-06-09 09:20:00+09:00,0.0,0.0,0.0
2026-06-09 09:25:00+09:00,0.0,0.0,0.0
2026-06-09 09:30:00+09:00,9.602923213192148e-05,1.0,0.9999999999999999
2026-06-09 09:35:00+09:00,-0.00018850373806027665,0.0,0.9876543209876543
2026-06-09 09:40:00+09:00,0.00038507516005410324,0.0,1.0
2026-06-09 09:45:00+09:00,-0.0004424434085917913,0.0,0.9689814814814814
2026-06-09 09:50:00+09:00,3.5893552291577336e-05,0.0,0.950462962962963
2026-06-09 09:55:00+09:00,0.00029864184952833775,0.0,0.9690586419753087
2026-06-09 10:00:00+09:00,-0.0001863425925925926,0.9317129629629629,0.0
2026-06-09 10:05:00+09:00,-9.938271604938273e-06,0.04969135802469136,0.0
2026-06-09 10:10:00+09:00,-1.234567901234568e-06,0.006172839506172839,0.0
2026-06-09 10:15:00+09:00,-2.4845679012345682e-06,0.01242283950617284,0.0
2026-06-09 10:20:00+09:00,0.0,0.0,0.0
2026-06-09 10:25:00+09:00,0.0,0.0,0.0
2026-06-09 10:30:00+09:00,0.0,0.0,0.0
2026-06-09 10:35:00+09:00,0.0,0.0,0.0
2026-06-09 10:40:00+09:00,0.0,0.0,0.0
2026-06-09 10:45:00+09:00,0.0,0.0,0.0
2026-06-09 10:50:00+09:00,0.0,0.0,0.0
2026-06-09 10:55:00+09:00,0.0,0.0,0.0
2026-06-09 11:00:00+09:00,0.0,0.0,0.0
2026-06-09 11:05:00+09:00,0.0,0.0,0.0
2026-06-09 11:10:00+09:00,0.0,0.0,0.0
2026-06-09 11:15:00+09:00,0.0,0.0,0.0
2026-06-09 11:20:00+09:00,0.0,0.0,0.0
2026-06-09 11:25:00+09:00,0.0,0.0,0.0
2026-06-09 12:30:00+09:00,0.0,0.0,0.0
2026-06-09 12:35:00+09:00,0.0,0.0,0.0
2026-06-09 12:40:00+09:00,0.0,0.0,0.0
2026-06-09 12:45:00+09:00,0.0,0.0,0.0
2026-06-09 12:50:00+09:00,0.0,0.0,0.0
2026-06-09 12:55:00+09:00,0.0,0.0,0.0
2026-06-09 13:00:00+09:00,-0.0001462462058893136,1.0,1.0
2026-06-09 13:05:00+09:00,-0.0002606710639254485,0.0,0.9937499999999999
2026-06-09 13:10:00+09:00,0.000946205528404756,0.0,0.968827160493827
2026-06-09 13:15:00+09:00,-0.000529710993175264,0.0,1.0
2026-06-09 13:20:00+09:00,-0.00012363028854785654,0.0,0.9750771604938271
2026-06-09 13:25:00+09:00,2.4395153761636916e-05,0.0,0.9689814814814814
2026-06-09 13:30:00+09:00,-0.00018753086419753088,0.9376543209876543,0.0
2026-06-09 13:35:00+09:00,-8.734567901234568e-06,0.043672839506172845,0.0
2026-06-09 13:40:00+09:00,-3.734567901234568e-06,0.01867283950617284,0.0
2026-06-09 13:45:00+09:00,0.0,0.0,0.0
2026-06-09 13:50:00+09:00,0.0,0.0,0.0
2026-06-09 13:55:00+09:00,0.0,0.0,0.0
2026-06-09 14:00:00+09:00,0.0,0.0,0.0
2026-06-09 14:05:00+09:00,0.0,0.0,0.0
2026-06-09 14:10:00+09:00,0.0,0.0,0.0
2026-06-09 14:15:00+09:00,0.0,0.0,0.0
2026-06-09 14:20:00+09:00,0.0,0.0,0.0
2026-06-09 14:25:00+09:00,0.0,0.0,0.0
2026-06-09 14:30:00+09:00,0.0,0.0,0.0
2026-06-09 14:35:00+09:00,0.0,0.0,0.0
2026-06-09 14:40:00+09:00,0.0,0.0,0.0
2026-06-09 14:45:00+09:00,0.0,0.0,0.0
2026-06-09 14:50:00+09:00,0.0,0.0,0.0
2026-06-09 14:55:00+09:00,0.0,0.0,0.0
2026-06-09 15:00:00+09:00,0.0,0.0,0.0
2026-06-09 15:05:00+09:00,0.0,0.0,0.0
2026-06-09 15:10:00+09:00,0.0,0.0,0.0
2026-06-09 15:15:00+09:00,0.0,0.0,0.0
2026-06-09 15:20:00+09:00,0.0,0.0,0.0
2026-06-10 09:00:00+09:00,0.0,0.0,0.0
2026-06-10 09:05:00+09:00,0.0,0.0,0.0
2026-06-10 09:10:00+09:00,0.0,0.0,0.0
2026-06-10 09:15:00+09:00,0.0,0.0,0.0
2026-06-10 09:20:00+09:00,0.0,0.0,0.0
2026-06-10 09:25:00+09:00,0.0,0.0,0.0
2026-06-10 09:30:00+09:00,0.00014743566740861423,1.0,0.9999999999999999
2026-06-10 09:35:00+09:00,0.00010033095225600647,0.0,0.9878048780487804
2026-06-10 09:40:00+09:00,-0.0006068347297155205,0.0,0.9570912375790424
2026-06-10 09:45:00+09:00,-0.00044207118209541816,0.0,0.9753839205058716
2026-06-10 09:50:00+09:00,-0.0007433021684055393,0.0,0.975609756097561
2026-06-10 09:55:00+09:00,-0.0003337718241659663,0.0,0.9571665161096055
2026-06-10 10:00:00+09:00,-0.00019507678410117437,0.9753839205058717,0.0
2026-06-10 10:05:00+09:00,-3.7037037037037037e-06,0.018518518518518517,0.0
2026-06-10 10:10:00+09:00,-1.2195121951219514e-06,0.006097560975609756,0.0
2026-06-10 10:15:00+09:00,0.0,0.0,0.0
2026-06-10 10:20:00+09:00,0.0,0.0,0.0
2026-06-10 10:25:00+09:00,0.0,0.0,0.0
2026-06-10 10:30:00+09:00,0.0,0.0,0.0
2026-06-10 10:35:00+09:00,0.0,0.0,0.0
2026-06-10 10:40:00+09:00,0.0,0.0,0.0
2026-06-10 10:45:00+09:00,0.0,0.0,0.0
2026-06-10 10:50:00+09:00,0.0,0.0,0.0
2026-06-10 10:55:00+09:00,0.0,0.0,0.0
2026-06-10 11:00:00+09:00,0.0,0.0,0.0
2026-06-10 11:05:00+09:00,0.0,0.0,0.0
2026-06-10 11:10:00+09:00,0.0,0.0,0.0
2026-06-10 11:15:00+09:00,0.0,0.0,0.0
2026-06-10 11:20:00+09:00,0.0,0.0,0.0
2026-06-10 11:25:00+09:00,0.0,0.0,0.0
2026-06-10 12:30:00+09:00,0.0,0.0,0.0
2026-06-10 12:35:00+09:00,0.0,0.0,0.0
2026-06-10 12:40:00+09:00,0.0,0.0,0.0
2026-06-10 12:45:00+09:00,0.0,0.0,0.0
2026-06-10 12:50:00+09:00,0.0,0.0,0.0
2026-06-10 12:55:00+09:00,0.0,0.0,0.0
2026-06-10 13:00:00+09:00,-0.00012592035795936198,1.0,1.0
2026-06-10 13:05:00+09:00,7.602059887480441e-05,0.0,0.9814814814814814
2026-06-10 13:10:00+09:00,4.8085723350981406e-05,0.0,0.9385727190605241
2026-06-10 13:15:00+09:00,0.00018170959384236756,0.0,0.9630382414935259
2026-06-10 13:20:00+09:00,0.00018388217739727814,0.0,0.932324601023788
2026-06-10 13:25:00+09:00,3.9284507747658885e-05,0.0,0.938647997591087
2026-06-10 13:30:00+09:00,-0.00018033724781692261,0.9016862390846131,0.0
2026-06-10 13:35:00+09:00,-1.59741041854863e-05,0.0798705209274315,0.0
2026-06-10 13:40:00+09:00,-2.4540800963565193e-06,0.012270400481782595,0.0
2026-06-10 13:45:00+09:00,0.0,0.0,0.0
2026-06-10 13:50:00+09:00,-1.234567901234568e-06,0.006172839506172839,0.0
2026-06-10 13:55:00+09:00,0.0,0.0,0.0
2026-06-10 14:00:00+09:00,0.0,0.0,0.0
2026-06-10 14:05:00+09:00,0.0,0.0,0.0
2026-06-10 14:10:00+09:00,0.0,0.0,0.0
2026-06-10 14:15:00+09:00,0.0,0.0,0.0
2026-06-10 14:20:00+09:00,0.0,0.0,0.0
2026-06-10 14:25:00+09:00,0.0,0.0,0.0
2026-06-10 14:30:00+09:00,0.0,0.0,0.0
2026-06-10 14:35:00+09:00,0.0,0.0,0.0
2026-06-10 14:40:00+09:00,0.0,0.0,0.0
2026-06-10 14:45:00+09:00,0.0,0.0,0.0
2026-06-10 14:50:00+09:00,0.0,0.0,0.0
2026-06-10 14:55:00+09:00,0.0,0.0,0.0
2026-06-10 15:00:00+09:00,0.0,0.0,0.0
2026-06-10 15:05:00+09:00,0.0,0.0,0.0
2026-06-10 15:10:00+09:00,0.0,0.0,0.0
2026-06-10 15:15:00+09:00,0.0,0.0,0.0
2026-06-10 15:20:00+09:00,0.0,0.0,0.0
2026-06-11 09:00:00+09:00,0.0,0.0,0.0
2026-06-11 09:05:00+09:00,0.0,0.0,0.0
2026-06-11 09:10:00+09:00,0.0,0.0,0.0
2026-06-11 09:15:00+09:00,0.0,0.0,0.0
2026-06-11 09:20:00+09:00,0.0,0.0,0.0
2026-06-11 09:25:00+09:00,0.0,0.0,0.0
2026-06-11 09:30:00+09:00,-0.0003017153590135225,1.0,1.0
2026-06-11 09:35:00+09:00,-0.00037599494515088794,0.0,0.9877295995182174
2026-06-11 09:40:00+09:00,-0.00020230974502177237,0.0,0.9754591990364347
2026-06-11 09:45:00+09:00,-0.0002828587638649354,0.0,0.9814814814814814
2026-06-11 09:50:00+09:00,0.0003202537420163392,0.0,0.9692110809996988
2026-06-11 09:55:00+09:00,-0.00024088122646792045,0.0,0.9753839205058716
2026-06-11 10:00:00+09:00,-0.0001938422161999398,0.9692110809996989,0.0
2026-06-11 10:05:00+09:00,-6.157783800060223e-06,0.03078891900030111,0.0
2026-06-11 10:10:00+09:00,0.0,0.0,0.0
2026-06-11 10:15:00+09:00,0.0,0.0,0.0
2026-06-11 10:20:00+09:00,0.0,0.0,0.0
2026-06-11 10:25:00+09:00,0.0,0.0,0.0
2026-06-11 10:30:00+09:00,0.0,0.0,0.0
2026-06-11 10:35:00+09:00,0.0,0.0,0.0
2026-06-11 10:40:00+09:00,0.0,0.0,0.0
2026-06-11 10:45:00+09:00,0.0,0.0,0.0
2026-06-11 10:50:00+09:00,0.0,0.0,0.0
2026-06-11 10:55:00+09:00,0.0,0.0,0.0
2026-06-11 11:00:00+09:00,0.0,0.0,0.0
2026-06-11 11:05:00+09:00,0.0,0.0,0.0
2026-06-11 11:10:00+09:00,0.0,0.0,0.0
2026-06-11 11:15:00+09:00,0.0,0.0,0.0
2026-06-11 11:20:00+09:00,0.0,0.0,0.0
2026-06-11 11:25:00+09:00,0.0,0.0,0.0
2026-06-11 12:30:00+09:00,0.0,0.0,0.0
2026-06-11 12:35:00+09:00,0.0,0.0,0.0
2026-06-11 12:40:00+09:00,0.0,0.0,0.0
2026-06-11 12:45:00+09:00,0.0,0.0,0.0
2026-06-11 12:50:00+09:00,0.0,0.0,0.0
2026-06-11 12:55:00+09:00,0.0,0.0,0.0
2026-06-11 13:00:00+09:00,-0.00035792944651215347,1.0,1.0
2026-06-11 13:05:00+09:00,-0.00011015034991936293,0.0,0.9876543209876543
2026-06-11 13:10:00+09:00,-0.00026077305181469496,0.0,0.9448208370972597
2026-06-11 13:15:00+09:00,0.00022043914366304834,0.0,0.969286359530262
2026-06-11 13:20:00+09:00,-0.0001052358069460094,0.0,0.9630382414935261
2026-06-11 13:25:00+09:00,3.4359905239875085e-06,0.0,0.9326257151460403
2026-06-11 13:30:00+09:00,-0.00019632640770852154,0.9816320385426076,0.0
2026-06-11 13:35:00+09:00,-3.6735922914784707e-06,0.018367961457392352,0.0
2026-06-11 13:40:00+09:00,0.0,0.0,0.0
2026-06-11 13:45:00+09:00,0.0,0.0,0.0
2026-06-11 13:50:00+09:00,0.0,0.0,0.0
2026-06-11 13:55:00+09:00,0.0,0.0,0.0
2026-06-11 14:00:00+09:00,0.0,0.0,0.0
2026-06-11 14:05:00+09:00,0.0,0.0,0.0
2026-06-11 14:10:00+09:00,0.0,0.0,0.0
2026-06-11 14:15:00+09:00,0.0,0.0,0.0
2026-06-11 14:20:00+09:00,0.0,0.0,0.0
2026-06-11 14:25:00+09:00,0.0,0.0,0.0
2026-06-11 14:30:00+09:00,0.0,0.0,0.0
2026-06-11 14:35:00+09:00,0.0,0.0,0.0
2026-06-11 14:40:00+09:00,0.0,0.0,0.0
2026-06-11 14:45:00+09:00,0.0,0.0,0.0
2026-06-11 14:50:00+09:00,0.0,0.0,0.0
2026-06-11 14:55:00+09:00,0.0,0.0,0.0
2026-06-11 15:00:00+09:00,0.0,0.0,0.0
2026-06-11 15:05:00+09:00,0.0,0.0,0.0
2026-06-11 15:10:00+09:00,0.0,0.0,0.0
2026-06-11 15:15:00+09:00,0.0,0.0,0.0
2026-06-11 15:20:00+09:00,0.0,0.0,0.0
2026-06-12 09:00:00+09:00,0.0,0.0,0.0
2026-06-12 09:05:00+09:00,0.0,0.0,0.0
2026-06-12 09:10:00+09:00,0.0,0.0,0.0
2026-06-12 09:15:00+09:00,0.0,0.0,0.0
2026-06-12 09:20:00+09:00,0.0,0.0,0.0
2026-06-12 09:25:00+09:00,0.0,0.0,0.0
2026-06-12 09:30:00+09:00,9.101775757863844e-05,1.0,1.0
2026-06-12 09:35:00+09:00,-6.073414071482419e-05,0.0,0.9631887985546521
2026-06-12 09:40:00+09:00,-0.00014645609825561566,0.0,0.9877295995182173
2026-06-12 09:45:00+09:00,-7.341351512546042e-05,0.0,0.9754591990364347
2026-06-12 09:50:00+09:00,0.00029696603659595014,0.0,0.9877295995182174
2026-06-12 09:55:00+09:00,0.00014205946847145587,0.0,0.9631887985546521
2026-06-12 10:00:00+09:00,-0.00019019873532068654,0.9509936766034327,0.0
2026-06-12 10:05:00+09:00,-9.80126467931346e-06,0.0490063233965673,0.0
2026-06-12 10:10:00+09:00,0.0,0.0,0.0
2026-06-12 10:15:00+09:00,0.0,0.0,0.0
2026-06-12 10:20:00+09:00,0.0,0.0,0.0
2026-06-12 10:25:00+09:00,0.0,0.0,0.0
2026-06-12 10:30:00+09:00,0.0,0.0,0.0
2026-06-12 10:35:00+09:00,0.0,0.0,0.0
2026-06-12 10:40:00+09:00,0.0,0.0,0.0
2026-06-12 10:45:00+09:00,0.0,0.0,0.0
2026-06-12 10:50:00+09:00,0.0,0.0,0.0
2026-06-12 10:55:00+09:00,0.0,0.0,0.0
2026-06-12 11:00:00+09:00,0.0,0.0,0.0
2026-06-12 11:05:00+09:00,0.0,0.0,0.0
2026-06-12 11:10:00+09:00,0.0,0.0,0.0
2026-06-12 11:15:00+09:00,0.0,0.0,0.0
2026-06-12 11:20:00+09:00,0.0,0.0,0.0
2026-06-12 11:25:00+09:00,0.0,0.0,0.0
2026-06-12 12:30:00+09:00,0.0,0.0,0.0
2026-06-12 12:35:00+09:00,0.0,0.0,0.0
2026-06-12 12:40:00+09:00,0.0,0.0,0.0
2026-06-12 12:45:00+09:00,0.0,0.0,0.0
2026-06-12 12:50:00+09:00,0.0,0.0,0.0
2026-06-12 12:55:00+09:00,0.0,0.0,0.0
2026-06-12 13:00:00+09:00,-0.0005102386469144303,1.0,0.9999999999999999
2026-06-12 13:05:00+09:00,4.8254953005505105e-06,0.0,0.9385727190605239
2026-06-12 13:10:00+09:00,-3.960560796677428e-05,0.0,0.9323246010237879
2026-06-12 13:15:00+09:00,-3.403628019979792e-05,0.0,0.9938271604938271
2026-06-12 13:20:00+09:00,-0.00023206100695104004,0.0,0.9570159590484792
2026-06-12 13:25:00+09:00,0.00010304432566461905,0.0,0.9570912375790425
2026-06-12 13:30:00+09:00,-0.00019387232761216503,0.9693616380608251,0.0
2026-06-12 13:35:00+09:00,-4.9081601927130386e-06,0.02454080096356519,0.0
2026-06-12 13:40:00+09:00,0.0,0.0,0.0
2026-06-12 13:45:00+09:00,-1.2195121951219514e-06,0.006097560975609756,0.0
2026-06-12 13:50:00+09:00,0.0,0.0,0.0
2026-06-12 13:55:00+09:00,0.0,0.0,0.0
2026-06-12 14:00:00+09:00,0.0,0.0,0.0
2026-06-12 14:05:00+09:00,0.0,0.0,0.0
2026-06-12 14:10:00+09:00,0.0,0.0,0.0
2026-06-12 14:15:00+09:00,0.0,0.0,0.0
2026-06-12 14:20:00+09:00,0.0,0.0,0.0
2026-06-12 14:25:00+09:00,0.0,0.0,0.0
2026-06-12 14:30:00+09:00,0.0,0.0,0.0
2026-06-12 14:35:00+09:00,0.0,0.0,0.0
2026-06-12 14:40:00+09:00,0.0,0.0,0.0
2026-06-12 14:45:00+09:00,0.0,0.0,0.0
2026-06-12 14:50:00+09:00,0.0,0.0,0.0
2026-06-12 14:55:00+09:00,0.0,0.0,0.0
2026-06-12 15:00:00+09:00,0.0,0.0,0.0
2026-06-12 15:05:00+09:00,0.0,0.0,0.0
2026-06-12 15:10:00+09:00,0.0,0.0,0.0
2026-06-12 15:15:00+09:00,0.0,0.0,0.0
2026-06-12 15:20:00+09:00,0.0,0.0,0.0
2026-06-15 09:00:00+09:00,0.0,0.0,0.0
2026-06-15 09:05:00+09:00,0.0,0.0,0.0
2026-06-15 09:10:00+09:00,0.0,0.0,0.0
2026-06-15 09:15:00+09:00,0.0,0.0,0.0
2026-06-15 09:20:00+09:00,0.0,0.0,0.0
2026-06-15 09:25:00+09:00,0.0,0.0,0.0
2026-06-15 09:30:00+09:00,0.0003235466856488478,1.0,0.9999999999999999
2026-06-15 09:35:00+09:00,0.0001397647978338831,0.0,0.9689043209876543
2026-06-15 09:40:00+09:00,0.0002061629542760377,0.0,0.9814043209876542
2026-06-15 09:45:00+09:00,0.00018495515805917802,0.0,1.0
2026-06-15 09:50:00+09:00,-7.594162083923946e-05,0.0,0.9751543209876543
2026-06-15 09:55:00+09:00,-5.291160617005953e-05,0.0,0.9875
2026-06-15 10:00:00+09:00,-0.0001937962962962963,0.9689814814814814,0.0
2026-06-15 10:05:00+09:00,-3.7191358024691357e-06,0.018595679012345677,0.0
2026-06-15 10:10:00+09:00,-2.4845679012345682e-06,0.01242283950617284,0.0
2026-06-15 10:15:00+09:00,0.0,0.0,0.0
2026-06-15 10:20:00+09:00,0.0,0.0,0.0
2026-06-15 10:25:00+09:00,0.0,0.0,0.0
2026-06-15 10:30:00+09:00,0.0,0.0,0.0
2026-06-15 10:35:00+09:00,0.0,0.0,0.0
2026-06-15 10:40:00+09:00,0.0,0.0,0.0
2026-06-15 10:45:00+09:00,0.0,0.0,0.0
2026-06-15 10:50:00+09:00,0.0,0.0,0.0
2026-06-15 10:55:00+09:00,0.0,0.0,0.0
2026-06-15 11:00:00+09:00,0.0,0.0,0.0
2026-06-15 11:05:00+09:00,0.0,0.0,0.0
2026-06-15 11:10:00+09:00,0.0,0.0,0.0
2026-06-15 11:15:00+09:00,0.0,0.0,0.0
2026-06-15 11:20:00+09:00,0.0,0.0,0.0
2026-06-15 11:25:00+09:00,0.0,0.0,0.0
2026-06-15 12:30:00+09:00,0.0,0.0,0.0
2026-06-15 12:35:00+09:00,0.0,0.0,0.0
2026-06-15 12:40:00+09:00,0.0,0.0,0.0
2026-06-15 12:45:00+09:00,0.0,0.0,0.0
2026-06-15 12:50:00+09:00,0.0,0.0,0.0
2026-06-15 12:55:00+09:00,0.0,0.0,0.0
2026-06-15 13:00:00+09:00,-5.3046741241981125e-05,1.0,1.0
2026-06-15 13:05:00+09:00,-8.696941017771066e-05,0.0,0.9753086419753085
2026-06-15 13:10:00+09:00,-6.251439214876315e-06,0.0,0.9565586419753086
2026-06-15 13:15:00+09:00,0.00021526929268052638,0.0,0.9318672839506172
2026-06-15 13:20:00+09:00,-0.00011219428410106477,0.0,0.9937499999999999
2026-06-15 13:25:00+09:00,-6.244424749105009e-05,0.0,0.9193672839506173
2026-06-15 13:30:00+09:00,-0.00019256172839506174,0.9628086419753087,0.0
2026-06-15 13:35:00+09:00,-6.203703703703704e-06,0.031018518518518518,0.0
2026-06-15 13:40:00+09:00,-1.234567901234568e-06,0.006172839506172839,0.0
2026-06-15 13:45:00+09:00,0.0,0.0,0.0
2026-06-15 13:50:00+09:00,0.0,0.0,0.0
2026-06-15 13:55:00+09:00,0.0,0.0,0.0
2026-06-15 14:00:00+09:00,0.0,0.0,0.0
2026-06-15 14:05:00+09:00,0.0,0.0,0.0
2026-06-15 14:10:00+09:00,0.0,0.0,0.0
2026-06-15 14:15:00+09:00,0.0,0.0,0.0
2026-06-15 14:20:00+09:00,0.0,0.0,0.0
2026-06-15 14:25:00+09:00,0.0,0.0,0.0
2026-06-15 14:30:00+09:00,0.0,0.0,0.0
2026-06-15 14:35:00+09:00,0.0,0.0,0.0
2026-06-15 14:40:00+09:00,0.0,0.0,0.0
2026-06-15 14:45:00+09:00,0.0,0.0,0.0
2026-06-15 14:50:00+09:00,0.0,0.0,0.0
2026-06-15 14:55:00+09:00,0.0,0.0,0.0
2026-06-15 15:00:00+09:00,0.0,0.0,0.0
2026-06-15 15:05:00+09:00,0.0,0.0,0.0
2026-06-15 15:10:00+09:00,0.0,0.0,0.0
2026-06-15 15:15:00+09:00,0.0,0.0,0.0
2026-06-15 15:20:00+09:00,0.0,0.0,0.0
2026-06-16 09:00:00+09:00,0.0,0.0,0.0
2026-06-16 09:05:00+09:00,0.0,0.0,0.0
2026-06-16 09:10:00+09:00,0.0,0.0,0.0
2026-06-16 09:15:00+09:00,0.0,0.0,0.0
2026-06-16 09:20:00+09:00,0.0,0.0,0.0
2026-06-16 09:25:00+09:00,0.0,0.0,0.0
2026-06-16 09:30:00+09:00,-0.00016098492285450451,1.0,1.0
2026-06-16 09:35:00+09:00,-0.0005401363277226326,0.0,0.9817073170731708
2026-06-16 09:40:00+09:00,0.00014119417176057677,0.0,0.9817807816632383
2026-06-16 09:45:00+09:00,-0.00014449814891638883,0.0,0.9817807816632385
2026-06-16 09:50:00+09:00,7.922567291177144e-05,0.0,0.9878048780487806
2026-06-16 09:55:00+09:00,2.2186548930178328e-05,0.0,0.945342344989715
2026-06-16 10:00:00+09:00,-0.00019757566852776962,0.9878783426388481,0.0
2026-06-16 10:05:00+09:00,-1.2195121951219514e-06,0.006097560975609756,0.0
2026-06-16 10:10:00+09:00,0.0,0.0,0.0
2026-06-16 10:15:00+09:00,-1.2048192771084338e-06,0.006024096385542169,0.0
2026-06-16 10:20:00+09:00,0.0,0.0,0.0
2026-06-16 10:25:00+09:00,0.0,0.0,0.0
2026-06-16 10:30:00+09:00,0.0,0.0,0.0
2026-06-16 10:35:00+09:00,0.0,0.0,0.0
2026-06-16 10:40:00+09:00,0.0,0.0,0.0
2026-06-16 10:45:00+09:00,0.0,0.0,0.0
2026-06-16 10:50:00+09:00,0.0,0.0,0.0
2026-06-16 10:55:00+09:00,0.0,0.0,0.0
2026-06-16 11:00:00+09:00,0.0,0.0,0.0
2026-06-16 11:05:00+09:00,0.0,0.0,0.0
2026-06-16 11:10:00+09:00,0.0,0.0,0.0
2026-06-16 11:15:00+09:00,0.0,0.0,0.0
2026-06-16 11:20:00+09:00,0.0,0.0,0.0
2026-06-16 11:25:00+09:00,0.0,0.0,0.0
2026-06-16 12:30:00+09:00,0.0,0.0,0.0
2026-06-16 12:35:00+09:00,0.0,0.0,0.0
2026-06-16 12:40:00+09:00,0.0,0.0,0.0
2026-06-16 12:45:00+09:00,0.0,0.0,0.0
2026-06-16 12:50:00+09:00,0.0,0.0,0.0
2026-06-16 12:55:00+09:00,0.0,0.0,0.0
2026-06-16 13:00:00+09:00,-4.083766479075227e-05,1.0,1.0
2026-06-16 13:05:00+09:00,-0.000288404923570689,0.0,0.9938271604938271
2026-06-16 13:10:00+09:00,0.0001076488533006277,0.0,0.9692863595302619
2026-06-16 13:15:00+09:00,0.00018249639695901707,0.0,0.9629629629629629
2026-06-16 13:20:00+09:00,-1.927601951337131e-05,0.0,0.9691358024691358
2026-06-16 13:25:00+09:00,-0.00014410764326903465,0.0,0.9321740439626618
2026-06-16 13:30:00+09:00,-0.00018646492020475762,0.932324601023788,0.0
2026-06-16 13:35:00+09:00,-1.1065943992773261e-05,0.055329719963866306,0.0
2026-06-16 13:40:00+09:00,-2.469135802469136e-06,0.012345679012345678,0.0
2026-06-16 13:45:00+09:00,0.0,0.0,0.0
2026-06-16 13:50:00+09:00,0.0,0.0,0.0
2026-06-16 13:55:00+09:00,0.0,0.0,0.0
2026-06-16 14:00:00+09:00,0.0,0.0,0.0
2026-06-16 14:05:00+09:00,0.0,0.0,0.0
2026-06-16 14:10:00+09:00,0.0,0.0,0.0
2026-06-16 14:15:00+09:00,0.0,0.0,0.0
2026-06-16 14:20:00+09:00,0.0,0.0,0.0
2026-06-16 14:25:00+09:00,0.0,0.0,0.0
2026-06-16 14:30:00+09:00,0.0,0.0,0.0
2026-06-16 14:35:00+09:00,0.0,0.0,0.0
2026-06-16 14:40:00+09:00,0.0,0.0,0.0
2026-06-16 14:45:00+09:00,0.0,0.0,0.0
2026-06-16 14:50:00+09:00,0.0,0.0,0.0
2026-06-16 14:55:00+09:00,0.0,0.0,0.0
2026-06-16 15:00:00+09:00,0.0,0.0,0.0
2026-06-16 15:05:00+09:00,0.0,0.0,0.0
2026-06-16 15:10:00+09:00,0.0,0.0,0.0
2026-06-16 15:15:00+09:00,0.0,0.0,0.0
2026-06-16 15:20:00+09:00,0.0,0.0,0.0
2026-06-17 09:00:00+09:00,0.0,0.0,0.0
2026-06-17 09:05:00+09:00,0.0,0.0,0.0
2026-06-17 09:10:00+09:00,0.0,0.0,0.0
2026-06-17 09:15:00+09:00,0.0,0.0,0.0
2026-06-17 09:20:00+09:00,0.0,0.0,0.0
2026-06-17 09:25:00+09:00,0.0,0.0,0.0
2026-06-17 09:30:00+09:00,-0.00044170409693899054,1.0,1.0
2026-06-17 09:35:00+09:00,-0.00013778083616357412,0.0,0.9694369165913881
2026-06-17 09:40:00+09:00,0.00010644376214140249,0.0,0.963113520024089
2026-06-17 09:45:00+09:00,0.00016791772524227404,0.0,0.9631887985546521
2026-06-17 09:50:00+09:00,0.0001400575068770582,0.0,0.9570912375790425
2026-06-17 09:55:00+09:00,-6.363110439285948e-05,0.0,0.9448961156278228
2026-06-17 10:00:00+09:00,-0.00019509183980728696,0.9754591990364347,0.0
2026-06-17 10:05:00+09:00,-2.469135802469136e-06,0.012345679012345678,0.0
2026-06-17 10:10:00+09:00,-2.4390243902439027e-06,0.012195121951219513,0.0
2026-06-17 10:15:00+09:00,0.0,0.0,0.0
2026-06-17 10:20:00+09:00,0.0,0.0,0.0
2026-06-17 10:25:00+09:00,0.0,0.0,0.0
2026-06-17 10:30:00+09:00,0.0,0.0,0.0
2026-06-17 10:35:00+09:00,0.0,0.0,0.0
2026-06-17 10:40:00+09:00,0.0,0.0,0.0
2026-06-17 10:45:00+09:00,0.0,0.0,0.0
2026-06-17 10:50:00+09:00,0.0,0.0,0.0
2026-06-17 10:55:00+09:00,0.0,0.0,0.0
2026-06-17 11:00:00+09:00,0.0,0.0,0.0
2026-06-17 11:05:00+09:00,0.0,0.0,0.0
2026-06-17 11:10:00+09:00,0.0,0.0,0.0
2026-06-17 11:15:00+09:00,0.0,0.0,0.0
2026-06-17 11:20:00+09:00,0.0,0.0,0.0
2026-06-17 11:25:00+09:00,0.0,0.0,0.0
2026-06-17 12:30:00+09:00,0.0,0.0,0.0
2026-06-17 12:35:00+09:00,0.0,0.0,0.0
2026-06-17 12:40:00+09:00,0.0,0.0,0.0
2026-06-17 12:45:00+09:00,0.0,0.0,0.0
2026-06-17 12:50:00+09:00,0.0,0.0,0.0
2026-06-17 12:55:00+09:00,0.0,0.0,0.0
2026-06-17 13:00:00+09:00,-0.00020536122728290115,1.0,0.9999999999999999
2026-06-17 13:05:00+09:00,9.420189242704662e-05,0.0,0.9449713941583859
2026-06-17 13:10:00+09:00,-5.339475383960632e-05,0.0,0.8955133995784402
2026-06-17 13:15:00+09:00,-1.743684447135816e-05,0.0,0.9447455585666966
2026-06-17 13:20:00+09:00,-0.00011895224648693252,0.0,0.9324751580849141
2026-06-17 13:25:00+09:00,8.921644133813118e-05,0.0,0.9201294790725685
2026-06-17 13:30:00+09:00,-0.00018894911171333937,0.9447455585666967,0.0
2026-06-17 13:35:00+09:00,-8.596808190304126e-06,0.04298404095152063,0.0
2026-06-17 13:40:00+09:00,-1.234567901234568e-06,0.006172839506172839,0.0
2026-06-17 13:45:00+09:00,-1.2195121951219514e-06,0.006097560975609756,0.0
2026-06-17 13:50:00+09:00,0.0,0.0,0.0
2026-06-17 13:55:00+09:00,0.0,0.0,0.0
2026-06-17 14:00:00+09:00,0.0,0.0,0.0
2026-06-17 14:05:00+09:00,0.0,0.0,0.0
2026-06-17 14:10:00+09:00,0.0,0.0,0.0
2026-06-17 14:15:00+09:00,0.0,0.0,0.0
2026-06-17 14:20:00+09:00,0.0,0.0,0.0
2026-06-17 14:25:00+09:00,0.0,0.0,0.0
2026-06-17 14:30:00+09:00,0.0,0.0,0.0
2026-06-17 14:35:00+09:00,0.0,0.0,0.0
2026-06-17 14:40:00+09:00,0.0,0.0,0.0
2026-06-17 14:45:00+09:00,0.0,0.0,0.0
2026-06-17 14:50:00+09:00,0.0,0.0,0.0
2026-06-17 14:55:00+09:00,0.0,0.0,0.0
2026-06-17 15:00:00+09:00,0.0,0.0,0.0
2026-06-17 15:05:00+09:00,0.0,0.0,0.0
2026-06-17 15:10:00+09:00,0.0,0.0,0.0
2026-06-17 15:15:00+09:00,0.0,0.0,0.0
2026-06-17 15:20:00+09:00,0.0,0.0,0.0
2026-06-18 09:00:00+09:00,0.0,0.0,0.0
2026-06-18 09:05:00+09:00,0.0,0.0,0.0
2026-06-18 09:10:00+09:00,0.0,0.0,0.0
2026-06-18 09:15:00+09:00,0.0,0.0,0.0
2026-06-18 09:20:00+09:00,0.0,0.0,0.0
2026-06-18 09:25:00+09:00,0.0,0.0,0.0
2026-06-18 09:30:00+09:00,7.39676600531087e-05,1.0,0.9999999999999999
2026-06-18 09:35:00+09:00,0.0003892756860841031,0.0,0.93872327612165
2026-06-18 09:40:00+09:00,-0.00043113119224589663,0.0,0.9876543209876543
2026-06-18 09:45:00+09:00,0.00016191907957047294,0.0,0.9507678410117435
2026-06-18 09:50:00+09:00,4.8614662272748814e-05,0.0,0.9755344775669978
2026-06-18 09:55:00+09:00,-0.00012690069496396975,0.0,0.9753839205058717
2026-06-18 10:00:00+09:00,-0.00019507678410117437,0.9753839205058717,0.0
2026-06-18 10:05:00+09:00,-4.923215898825655e-06,0.024616079494128272,0.0
2026-06-18 10:10:00+09:00,0.0,0.0,0.0
2026-06-18 10:15:00+09:00,0.0,0.0,0.0
2026-06-18 10:20:00+09:00,0.0,0.0,0.0
2026-06-18 10:25:00+09:00,0.0,0.0,0.0
2026-06-18 10:30:00+09:00,0.0,0.0,0.0
2026-06-18 10:35:00+09:00,0.0,0.0,0.0
2026-06-18 10:40:00+09:00,0.0,0.0,0.0
2026-06-18 10:45:00+09:00,0.0,0.0,0.0
2026-06-18 10:50:00+09:00,0.0,0.0,0.0
2026-06-18 10:55:00+09:00,0.0,0.0,0.0
2026-06-18 11:00:00+09:00,0.0,0.0,0.0
2026-06-18 11:05:00+09:00,0.0,0.0,0.0
2026-06-18 11:10:00+09:00,0.0,0.0,0.0
2026-06-18 11:15:00+09:00,0.0,0.0,0.0
2026-06-18 11:20:00+09:00,0.0,0.0,0.0
2026-06-18 11:25:00+09:00,0.0,0.0,0.0
2026-06-18 12:30:00+09:00,0.0,0.0,0.0
2026-06-18 12:35:00+09:00,0.0,0.0,0.0
2026-06-18 12:40:00+09:00,0.0,0.0,0.0
2026-06-18 12:45:00+09:00,0.0,0.0,0.0
2026-06-18 12:50:00+09:00,0.0,0.0,0.0
2026-06-18 12:55:00+09:00,0.0,0.0,0.0
2026-06-18 13:00:00+09:00,-8.966796500537317e-05,1.0,1.0
2026-06-18 13:05:00+09:00,-0.00012176278497905926,0.0,0.9323998795543511
2026-06-18 13:10:00+09:00,-0.0004246757887275351,0.0,0.9569406805179163
2026-06-18 13:15:00+09:00,0.0005324693604716692,0.0,0.9631887985546521
2026-06-18 13:20:00+09:00,8.459910144039456e-05,0.0,0.9877295995182174
2026-06-18 13:25:00+09:00,-7.957772852676021e-05,0.0,0.963113520024089
2026-06-18 13:30:00+09:00,-0.0001962962962962963,0.9814814814814815,0.0
2026-06-18 13:35:00+09:00,-3.7037037037037037e-06,0.018518518518518517,0.0
2026-06-18 13:40:00+09:00,0.0,0.0,0.0
2026-06-18 13:45:00+09:00,0.0,0.0,0.0
2026-06-18 13:50:00+09:00,0.0,0.0,0.0
2026-06-18 13:55:00+09:00,0.0,0.0,0.0
2026-06-18 14:00:00+09:00,0.0,0.0,0.0
2026-06-18 14:05:00+09:00,0.0,0.0,0.0
2026-06-18 14:10:00+09:00,0.0,0.0,0.0
2026-06-18 14:15:00+09:00,0.0,0.0,0.0
2026-06-18 14:20:00+09:00,0.0,0.0,0.0
2026-06-18 14:25:00+09:00,0.0,0.0,0.0
2026-06-18 14:30:00+09:00,0.0,0.0,0.0
2026-06-18 14:35:00+09:00,0.0,0.0,0.0
2026-06-18 14:40:00+09:00,0.0,0.0,0.0
2026-06-18 14:45:00+09:00,0.0,0.0,0.0
2026-06-18 14:50:00+09:00,0.0,0.0,0.0
2026-06-18 14:55:00+09:00,0.0,0.0,0.0
2026-06-18 15:00:00+09:00,0.0,0.0,0.0
2026-06-18 15:05:00+09:00,0.0,0.0,0.0
2026-06-18 15:10:00+09:00,0.0,0.0,0.0
2026-06-18 15:15:00+09:00,0.0,0.0,0.0
2026-06-18 15:20:00+09:00,0.0,0.0,0.0
2026-06-19 09:00:00+09:00,0.0,0.0,0.0
2026-06-19 09:05:00+09:00,0.0,0.0,0.0
2026-06-19 09:10:00+09:00,0.0,0.0,0.0
2026-06-19 09:15:00+09:00,0.0,0.0,0.0
2026-06-19 09:20:00+09:00,0.0,0.0,0.0
2026-06-19 09:25:00+09:00,0.0,0.0,0.0
2026-06-19 09:30:00+09:00,7.549722203016475e-05,1.0,1.0
2026-06-19 09:35:00+09:00,-5.140407354168516e-05,0.0,0.969732588892154
2026-06-19 09:40:00+09:00,0.00011250965045104292,0.0,0.9576843961210697
2026-06-19 09:45:00+09:00,-6.316650016968567e-06,0.006024096385542169,0.9759036144578312
2026-06-19 09:50:00+09:00,0.0002602952568142881,0.0,0.9637084925066117
2026-06-19 09:55:00+09:00,0.00015393659110810666,0.0,0.981854246253306
2026-06-19 10:00:00+09:00,-0.0001927563914193359,0.9637819570966795,0.0
2026-06-19 10:05:00+09:00,-3.629150749338819e-06,0.018145753746694096,0.0
2026-06-19 10:10:00+09:00,0.0,0.0,0.0
2026-06-19 10:15:00+09:00,-2.4096385542168676e-06,0.012048192771084338,0.0
2026-06-19 10:20:00+09:00,0.0,0.0,0.0
2026-06-19 10:25:00+09:00,0.0,0.0,0.0
2026-06-19 10:30:00+09:00,0.0,0.0,0.0
2026-06-19 10:35:00+09:00,0.0,0.0,0.0
2026-06-19 10:40:00+09:00,0.0,0.0,0.0
2026-06-19 10:45:00+09:00,0.0,0.0,0.0
2026-06-19 10:50:00+09:00,0.0,0.0,0.0
2026-06-19 10:55:00+09:00,0.0,0.0,0.0
2026-06-19 11:00:00+09:00,0.0,0.0,0.0
2026-06-19 11:05:00+09:00,0.0,0.0,0.0
2026-06-19 11:10:00+09:00,0.0,0.0,0.0
2026-06-19 11:15:00+09:00,0.0,0.0,0.0
2026-06-19 11:20:00+09:00,0.0,0.0,0.0
2026-06-19 11:25:00+09:00,0.0,0.0,0.0
2026-06-19 12:30:00+09:00,0.0,0.0,0.0
2026-06-19 12:35:00+09:00,0.0,0.0,0.0
2026-06-19 12:40:00+09:00,0.0,0.0,0.0
2026-06-19 12:45:00+09:00,0.0,0.0,0.0
2026-06-19 12:50:00+09:00,0.0,0.0,0.0
2026-06-19 12:55:00+09:00,0.0,0.0,0.0
2026-06-19 13:00:00+09:00,-5.649302851908119e-08,1.0,1.0
2026-06-19 13:05:00+09:00,0.00010442268438264644,0.0,0.9507678410117434
2026-06-19 13:10:00+09:00,-0.00014787391704479912,0.0,0.9384221619993978
2026-06-19 13:15:00+09:00,-6.109429190520444e-05,0.0,0.9631135200240891
2026-06-19 13:20:00+09:00,-6.955918935579149e-05,0.0,0.9753086419753085
2026-06-19 13:25:00+09:00,-0.00025236728017746633,0.0,0.9138060825052694
2026-06-19 13:30:00+09:00,-0.00018649503161698286,0.9324751580849142,0.0
2026-06-19 13:35:00+09:00,-1.1050888286660645e-05,0.05525444143330322,0.0
2026-06-19 13:40:00+09:00,-2.4540800963565193e-06,0.012270400481782595,0.0
2026-06-19 13:45:00+09:00,0.0,0.0,0.0
2026-06-19 13:50:00+09:00,0.0,0.0,0.0
2026-06-19 13:55:00+09:00,0.0,0.0,0.0
2026-06-19 14:00:00+09:00,0.0,0.0,0.0
2026-06-19 14:05:00+09:00,0.0,0.0,0.0
2026-06-19 14:10:00+09:00,0.0,0.0,0.0
2026-06-19 14:15:00+09:00,0.0,0.0,0.0
2026-06-19 14:20:00+09:00,0.0,0.0,0.0
2026-06-19 14:25:00+09:00,0.0,0.0,0.0
2026-06-19 14:30:00+09:00,0.0,0.0,0.0
2026-06-19 14:35:00+09:00,0.0,0.0,0.0
2026-06-19 14:40:00+09:00,0.0,0.0,0.0
2026-06-19 14:45:00+09:00,0.0,0.0,0.0
2026-06-19 14:50:00+09:00,0.0,0.0,0.0
2026-06-19 14:55:00+09:00,0.0,0.0,0.0
2026-06-19 15:00:00+09:00,0.0,0.0,0.0
2026-06-19 15:05:00+09:00,0.0,0.0,0.0
2026-06-19 15:10:00+09:00,0.0,0.0,0.0
2026-06-19 15:15:00+09:00,0.0,0.0,0.0
2026-06-19 15:20:00+09:00,0.0,0.0,0.0
2026-06-22 09:00:00+09:00,0.0,0.0,0.0
2026-06-22 09:05:00+09:00,0.0,0.0,0.0
2026-06-22 09:10:00+09:00,0.0,0.0,0.0
2026-06-22 09:15:00+09:00,0.0,0.0,0.0
2026-06-22 09:20:00+09:00,0.0,0.0,0.0
2026-06-22 09:25:00+09:00,0.0,0.0,0.0
2026-06-22 09:30:00+09:00,4.874407660463911e-05,1.0,1.0
2026-06-22 09:35:00+09:00,9.864704092630808e-05,0.0,0.9939024390243903
2026-06-22 09:40:00+09:00,6.864676578934996e-05,0.0,0.9878783426388482
2026-06-22 09:45:00+09:00,0.00014003859256579167,0.0,1.0
2026-06-22 09:50:00+09:00,0.0001432184143338092,0.0,0.9454158095797827
2026-06-22 09:55:00+09:00,-4.5685909814537396e-05,0.0,0.9272700558330885
2026-06-22 10:00:00+09:00,-0.00019759036144578314,0.9879518072289157,0.0
2026-06-22 10:05:00+09:00,-1.2048192771084338e-06,0.006024096385542169,0.0
2026-06-22 10:10:00+09:00,0.0,0.0,0.0
2026-06-22 10:15:00+09:00,0.0,0.0,0.0
2026-06-22 10:20:00+09:00,0.0,0.0,0.0
2026-06-22 10:25:00+09:00,0.0,0.0,0.0
2026-06-22 10:30:00+09:00,0.0,0.0,0.0
2026-06-22 10:35:00+09:00,0.0,0.0,0.0
2026-06-22 10:40:00+09:00,-1.2048192771084338e-06,0.006024096385542169,0.0
2026-06-22 10:45:00+09:00,0.0,0.0,0.0
2026-06-22 10:50:00+09:00,0.0,0.0,0.0
2026-06-22 10:55:00+09:00,0.0,0.0,0.0
2026-06-22 11:00:00+09:00,0.0,0.0,0.0
2026-06-22 11:05:00+09:00,0.0,0.0,0.0
2026-06-22 11:10:00+09:00,0.0,0.0,0.0
2026-06-22 11:15:00+09:00,0.0,0.0,0.0
2026-06-22 11:20:00+09:00,0.0,0.0,0.0
2026-06-22 11:25:00+09:00,0.0,0.0,0.0
2026-06-22 12:30:00+09:00,0.0,0.0,0.0
2026-06-22 12:35:00+09:00,0.0,0.0,0.0
2026-06-22 12:40:00+09:00,0.0,0.0,0.0
2026-06-22 12:45:00+09:00,0.0,0.0,0.0
2026-06-22 12:50:00+09:00,0.0,0.0,0.0
2026-06-22 12:55:00+09:00,0.0,0.0,0.0
2026-06-22 13:00:00+09:00,-0.0003245467652261393,1.0,1.0
2026-06-22 13:05:00+09:00,-2.1574729111928117e-05,0.0,0.9335145459888334
2026-06-22 13:10:00+09:00,-0.00010958782378969743,0.0,0.9576843961210697
2026-06-22 13:15:00+09:00,-3.942339099876905e-05,0.0,0.9274904496032912
2026-06-22 13:20:00+09:00,-2.168282807957171e-05,0.0,0.9214663532177492
2026-06-22 13:25:00+09:00,0.0003313003793636335,0.0,0.9274904496032912
2026-06-22 13:30:00+09:00,-0.00018546870408463122,0.927343520423156,0.0
2026-06-22 13:35:00+09:00,-8.477813693799589e-06,0.04238906846899795,0.0
2026-06-22 13:40:00+09:00,-3.629150749338819e-06,0.018145753746694096,0.0
2026-06-22 13:45:00+09:00,-1.2195121951219514e-06,0.006097560975609756,0.0
2026-06-22 13:50:00+09:00,0.0,0.0,0.0
2026-06-22 13:55:00+09:00,0.0,0.0,0.0
2026-06-22 14:00:00+09:00,0.0,0.0,0.0
2026-06-22 14:05:00+09:00,0.0,0.0,0.0
2026-06-22 14:10:00+09:00,0.0,0.0,0.0
2026-06-22 14:15:00+09:00,0.0,0.0,0.0
2026-06-22 14:20:00+09:00,0.0,0.0,0.0
2026-06-22 14:25:00+09:00,0.0,0.0,0.0
2026-06-22 14:30:00+09:00,0.0,0.0,0.0
2026-06-22 14:35:00+09:00,0.0,0.0,0.0
2026-06-22 14:40:00+09:00,0.0,0.0,0.0
2026-06-22 14:45:00+09:00,0.0,0.0,0.0
2026-06-22 14:50:00+09:00,0.0,0.0,0.0
2026-06-22 14:55:00+09:00,0.0,0.0,0.0
2026-06-22 15:00:00+09:00,0.0,0.0,0.0
2026-06-22 15:05:00+09:00,0.0,0.0,0.0
2026-06-22 15:10:00+09:00,-1.2048192771084338e-06,0.006024096385542169,0.0
2026-06-22 15:15:00+09:00,0.0,0.0,0.0
2026-06-22 15:20:00+09:00,0.0,0.0,0.0
2026-06-23 09:00:00+09:00,0.0,0.0,0.0
2026-06-23 09:05:00+09:00,0.0,0.0,0.0
2026-06-23 09:10:00+09:00,0.0,0.0,0.0
2026-06-23 09:15:00+09:00,0.0,0.0,0.0
2026-06-23 09:20:00+09:00,0.0,0.0,0.0
2026-06-23 09:25:00+09:00,0.0,0.0,0.0
2026-06-23 09:30:00+09:00,-0.0005486398950055173,1.0,1.0
2026-06-23 09:35:00+09:00,-4.34594952451679e-05,0.0,0.9515133705553922
2026-06-23 09:40:00+09:00,0.00024800938083583297,0.0,0.9395386423743756
2026-06-23 09:45:00+09:00,1.8901587705016716e-05,0.0,0.9274169850132237
2026-06-23 09:50:00+09:00,4.8018699449729133e-05,0.0,0.9698060534822217
2026-06-23 09:55:00+09:00,0.00016547597549844325,0.0,0.981854246253306
2026-06-23 10:00:00+09:00,-0.00019155157214222746,0.9577578607111372,0.0
2026-06-23 10:05:00+09:00,-6.038789303555687e-06,0.03019394651777843,0.0
2026-06-23 10:10:00+09:00,0.0,0.0,0.0
2026-06-23 10:15:00+09:00,-2.4096385542168676e-06,0.012048192771084338,0.0
2026-06-23 10:20:00+09:00,0.0,0.0,0.0
2026-06-23 10:25:00+09:00,0.0,0.0,0.0
2026-06-23 10:30:00+09:00,0.0,0.0,0.0
2026-06-23 10:35:00+09:00,0.0,0.0,0.0
2026-06-23 10:40:00+09:00,0.0,0.0,0.0
2026-06-23 10:45:00+09:00,0.0,0.0,0.0
2026-06-23 10:50:00+09:00,0.0,0.0,0.0
2026-06-23 10:55:00+09:00,0.0,0.0,0.0
2026-06-23 11:00:00+09:00,0.0,0.0,0.0
2026-06-23 11:05:00+09:00,0.0,0.0,0.0
2026-06-23 11:10:00+09:00,0.0,0.0,0.0
2026-06-23 11:15:00+09:00,0.0,0.0,0.0
2026-06-23 11:20:00+09:00,0.0,0.0,0.0
2026-06-23 11:25:00+09:00,0.0,0.0,0.0
2026-06-23 12:30:00+09:00,0.0,0.0,0.0
2026-06-23 12:35:00+09:00,0.0,0.0,0.0
2026-06-23 12:40:00+09:00,0.0,0.0,0.0
2026-06-23 12:45:00+09:00,0.0,0.0,0.0
2026-06-23 12:50:00+09:00,0.0,0.0,0.0
2026-06-23 12:55:00+09:00,0.0,0.0,0.0
2026-06-23 13:00:00+09:00,-0.00023581405916011871,1.0,0.9999999999999999
2026-06-23 13:05:00+09:00,-4.4754427634997074e-05,0.0,0.9385727190605239
2026-06-23 13:10:00+09:00,-1.5261387146705494e-05,0.0,0.9631887985546522
2026-06-23 13:15:00+09:00,-0.0002405747209658947,0.0,0.9448208370972598
2026-06-23 13:20:00+09:00,-1.4902461217903757e-05,0.0,0.9508431195423066
2026-06-23 13:25:00+09:00,3.537630269194006e-05,0.0,0.938647997591087
2026-06-23 13:30:00+09:00,-0.00018649503161698286,0.9324751580849142,0.0
2026-06-23 13:35:00+09:00,-1.1065943992773261e-05,0.055329719963866306,0.0
2026-06-23 13:40:00+09:00,0.0,0.0,0.0
2026-06-23 13:45:00+09:00,-1.2195121951219514e-06,0.006097560975609756,0.0
2026-06-23 13:50:00+09:00,-1.2195121951219514e-06,0.006097560975609756,0.0
2026-06-23 13:55:00+09:00,0.0,0.0,0.0
2026-06-23 14:00:00+09:00,0.0,0.0,0.0
2026-06-23 14:05:00+09:00,0.0,0.0,0.0
2026-06-23 14:10:00+09:00,0.0,0.0,0.0
2026-06-23 14:15:00+09:00,0.0,0.0,0.0
2026-06-23 14:20:00+09:00,0.0,0.0,0.0
2026-06-23 14:25:00+09:00,0.0,0.0,0.0
2026-06-23 14:30:00+09:00,0.0,0.0,0.0
2026-06-23 14:35:00+09:00,0.0,0.0,0.0
2026-06-23 14:40:00+09:00,0.0,0.0,0.0
2026-06-23 14:45:00+09:00,0.0,0.0,0.0
2026-06-23 14:50:00+09:00,0.0,0.0,0.0
2026-06-23 14:55:00+09:00,0.0,0.0,0.0
2026-06-23 15:00:00+09:00,0.0,0.0,0.0
2026-06-23 15:05:00+09:00,0.0,0.0,0.0
2026-06-23 15:10:00+09:00,0.0,0.0,0.0
2026-06-23 15:15:00+09:00,0.0,0.0,0.0
2026-06-23 15:20:00+09:00,0.0,0.0,0.0
2026-06-24 09:00:00+09:00,0.0,0.0,0.0
2026-06-24 09:05:00+09:00,0.0,0.0,0.0
2026-06-24 09:10:00+09:00,0.0,0.0,0.0
2026-06-24 09:15:00+09:00,0.0,0.0,0.0
2026-06-24 09:20:00+09:00,0.0,0.0,0.0
2026-06-24 09:25:00+09:00,0.0,0.0,0.0
2026-06-24 09:30:00+09:00,-0.0002381773057706681,1.0,0.9999999999999999
2026-06-24 09:35:00+09:00,0.00023630242934568073,0.0,0.9631887985546522
2026-06-24 09:40:00+09:00,0.0002072368338489907,0.0,0.9631135200240891
2026-06-24 09:45:00+09:00,-0.000162369883697541,0.0,0.9569406805179163
2026-06-24 09:50:00+09:00,0.00010083379055058336,0.0,0.9753839205058716
2026-06-24 09:55:00+09:00,-0.00033469911892597263,0.0,0.963038241493526
2026-06-24 10:00:00+09:00,-0.00019140319180969588,0.9570159590484794,0.0
2026-06-24 10:05:00+09:00,-6.142728093947607e-06,0.03071364046973803,0.0
2026-06-24 10:10:00+09:00,-2.4540800963565193e-06,0.012270400481782595,0.0
2026-06-24 10:15:00+09:00,0.0,0.0,0.0
2026-06-24 10:20:00+09:00,0.0,0.0,0.0
2026-06-24 10:25:00+09:00,0.0,0.0,0.0
2026-06-24 10:30:00+09:00,0.0,0.0,0.0
2026-06-24 10:35:00+09:00,0.0,0.0,0.0
2026-06-24 10:40:00+09:00,0.0,0.0,0.0
2026-06-24 10:45:00+09:00,0.0,0.0,0.0
2026-06-24 10:50:00+09:00,0.0,0.0,0.0
2026-06-24 10:55:00+09:00,0.0,0.0,0.0
2026-06-24 11:00:00+09:00,0.0,0.0,0.0
2026-06-24 11:05:00+09:00,0.0,0.0,0.0
2026-06-24 11:10:00+09:00,0.0,0.0,0.0
2026-06-24 11:15:00+09:00,0.0,0.0,0.0
2026-06-24 11:20:00+09:00,0.0,0.0,0.0
2026-06-24 11:25:00+09:00,0.0,0.0,0.0
2026-06-24 12:30:00+09:00,0.0,0.0,0.0
2026-06-24 12:35:00+09:00,0.0,0.0,0.0
2026-06-24 12:40:00+09:00,0.0,0.0,0.0
2026-06-24 12:45:00+09:00,0.0,0.0,0.0
2026-06-24 12:50:00+09:00,0.0,0.0,0.0
2026-06-24 12:55:00+09:00,0.0,0.0,0.0
2026-06-24 13:00:00+09:00,-0.00025607223151091464,1.0,1.0
2026-06-24 13:05:00+09:00,0.0003818550705709954,0.0,0.9439814814814813
2026-06-24 13:10:00+09:00,0.00031701494199017473,0.0,0.9378086419753086
2026-06-24 13:15:00+09:00,0.00039295474923739575,0.0,0.9689043209876542
2026-06-24 13:20:00+09:00,0.00028767738059120446,0.0,0.9938271604938272
2026-06-24 13:25:00+09:00,-0.0005668394959791726,0.0,0.9626543209876542
2026-06-24 13:30:00+09:00,-0.00018756172839506173,0.9378086419753087,0.0
2026-06-24 13:35:00+09:00,-8.703703703703705e-06,0.04351851851851852,0.0
2026-06-24 13:40:00+09:00,-1.25e-06,0.00625,0.0
2026-06-24 13:45:00+09:00,-1.25e-06,0.00625,0.0
2026-06-24 13:50:00+09:00,0.0,0.0,0.0
2026-06-24 13:55:00+09:00,0.0,0.0,0.0
2026-06-24 14:00:00+09:00,0.0,0.0,0.0
2026-06-24 14:05:00+09:00,0.0,0.0,0.0
2026-06-24 14:10:00+09:00,0.0,0.0,0.0
2026-06-24 14:15:00+09:00,0.0,0.0,0.0
2026-06-24 14:20:00+09:00,0.0,0.0,0.0
2026-06-24 14:25:00+09:00,0.0,0.0,0.0
2026-06-24 14:30:00+09:00,0.0,0.0,0.0
2026-06-24 14:35:00+09:00,-1.234567901234568e-06,0.006172839506172839,0.0
2026-06-24 14:40:00+09:00,0.0,0.0,0.0
2026-06-24 14:45:00+09:00,0.0,0.0,0.0
2026-06-24 14:50:00+09:00,0.0,0.0,0.0
2026-06-24 14:55:00+09:00,0.0,0.0,0.0
2026-06-24 15:00:00+09:00,0.0,0.0,0.0
2026-06-24 15:05:00+09:00,0.0,0.0,0.0
2026-06-24 15:10:00+09:00,0.0,0.0,0.0
2026-06-24 15:15:00+09:00,0.0,0.0,0.0
2026-06-24 15:20:00+09:00,0.0,0.0,0.0
2026-06-25 09:00:00+09:00,0.0,0.0,0.0
2026-06-25 09:05:00+09:00,0.0,0.0,0.0
2026-06-25 09:10:00+09:00,0.0,0.0,0.0
2026-06-25 09:15:00+09:00,0.0,0.0,0.0
2026-06-25 09:20:00+09:00,0.0,0.0,0.0
2026-06-25 09:25:00+09:00,0.0,0.0,0.0
2026-06-25 09:30:00+09:00,-0.0006171265997152957,0.9938271604938271,0.9938271604938272
2026-06-25 09:35:00+09:00,0.00031434163793154975,0.0,0.9753839205058716
2026-06-25 09:40:00+09:00,-0.00025314307044262325,0.0,0.9570159590484794
2026-06-25 09:45:00+09:00,-0.00013166468071946862,0.0,0.9877295995182174
2026-06-25 09:50:00+09:00,0.0001236075697319605,0.0,0.9754591990364347
2026-06-25 09:55:00+09:00,0.00016738375780774029,0.0,0.9511442336645588
2026-06-25 10:00:00+09:00,-0.00019509183980728696,0.9754591990364347,0.0
2026-06-25 10:05:00+09:00,-3.6735922914784707e-06,0.018367961457392352,0.0
2026-06-25 10:10:00+09:00,0.0,0.0,0.0
2026-06-25 10:15:00+09:00,0.0,0.0,0.0
2026-06-25 10:20:00+09:00,0.0,0.0,0.0
2026-06-25 10:25:00+09:00,0.0,0.0,0.0
2026-06-25 10:30:00+09:00,0.0,0.0,0.0
2026-06-25 10:35:00+09:00,0.0,0.0,0.0
2026-06-25 10:40:00+09:00,0.0,0.0,0.0
2026-06-25 10:45:00+09:00,0.0,0.0,0.0
2026-06-25 10:50:00+09:00,0.0,0.0,0.0
2026-06-25 10:55:00+09:00,0.0,0.0,0.0
2026-06-25 11:00:00+09:00,0.0,0.0,0.0
2026-06-25 11:05:00+09:00,0.0,0.0,0.0
2026-06-25 11:10:00+09:00,0.0,0.0,0.0
2026-06-25 11:15:00+09:00,0.0,0.0,0.0
2026-06-25 11:20:00+09:00,0.0,0.0,0.0
2026-06-25 11:25:00+09:00,0.0,0.0,0.0
2026-06-25 12:30:00+09:00,0.0,0.0,0.0
2026-06-25 12:35:00+09:00,0.0,0.0,0.0
2026-06-25 12:40:00+09:00,0.0,0.0,0.0
2026-06-25 12:45:00+09:00,0.0,0.0,0.0
2026-06-25 12:50:00+09:00,0.0,0.0,0.0
2026-06-25 12:55:00+09:00,0.0,0.0,0.0
2026-06-25 13:00:00+09:00,-0.0002489235845189928,1.0,1.0
2026-06-25 13:05:00+09:00,0.00031481525867843097,0.0,0.8821759259259259
2026-06-25 13:10:00+09:00,0.00014911250790182524,0.0,0.9256944444444444
2026-06-25 13:15:00+09:00,2.7922564473674784e-05,0.0,0.9318672839506174
2026-06-25 13:20:00+09:00,7.224210759066373e-05,0.0,0.9567129629629629
2026-06-25 13:25:00+09:00,0.000308569391883565,0.0,0.9751543209876543
2026-06-25 13:30:00+09:00,-0.00018635802469135803,0.9317901234567901,0.0
2026-06-25 13:35:00+09:00,-8.688271604938271e-06,0.04344135802469136,0.0
2026-06-25 13:40:00+09:00,-2.4845679012345682e-06,0.01242283950617284,0.0
2026-06-25 13:45:00+09:00,-1.234567901234568e-06,0.006172839506172839,0.0
2026-06-25 13:50:00+09:00,0.0,0.0,0.0
2026-06-25 13:55:00+09:00,-1.234567901234568e-06,0.006172839506172839,0.0
2026-06-25 14:00:00+09:00,0.0,0.0,0.0
2026-06-25 14:05:00+09:00,0.0,0.0,0.0
2026-06-25 14:10:00+09:00,0.0,0.0,0.0
2026-06-25 14:15:00+09:00,0.0,0.0,0.0
2026-06-25 14:20:00+09:00,0.0,0.0,0.0
2026-06-25 14:25:00+09:00,0.0,0.0,0.0
2026-06-25 14:30:00+09:00,0.0,0.0,0.0
2026-06-25 14:35:00+09:00,0.0,0.0,0.0
2026-06-25 14:40:00+09:00,0.0,0.0,0.0
2026-06-25 14:45:00+09:00,0.0,0.0,0.0
2026-06-25 14:50:00+09:00,0.0,0.0,0.0
2026-06-25 14:55:00+09:00,0.0,0.0,0.0
2026-06-25 15:00:00+09:00,0.0,0.0,0.0
2026-06-25 15:05:00+09:00,0.0,0.0,0.0
2026-06-25 15:10:00+09:00,0.0,0.0,0.0
2026-06-25 15:15:00+09:00,0.0,0.0,0.0
2026-06-25 15:20:00+09:00,0.0,0.0,0.0
2026-06-26 09:00:00+09:00,0.0,0.0,0.0
2026-06-26 09:05:00+09:00,0.0,0.0,0.0
2026-06-26 09:10:00+09:00,0.0,0.0,0.0
2026-06-26 09:15:00+09:00,0.0,0.0,0.0
2026-06-26 09:20:00+09:00,0.0,0.0,0.0
2026-06-26 09:25:00+09:00,0.0,0.0,0.0
2026-06-26 09:30:00+09:00,-0.000344887898218221,1.0,1.0
2026-06-26 09:35:00+09:00,-6.0437812286637256e-05,0.0,0.963708492506612
2026-06-26 09:40:00+09:00,-0.0002606310181386486,0.0,0.9758301498677638
2026-06-26 09:45:00+09:00,0.00010180332155110938,0.0,0.981854246253306
2026-06-26 09:50:00+09:00,-0.0002826203325081062,0.0,0.9637084925066118
2026-06-26 09:55:00+09:00,-0.00014776755864777754,0.0,0.9696591243020866
2026-06-26 10:00:00+09:00,-0.00019759036144578314,0.9879518072289157,0.0
2026-06-26 10:05:00+09:00,-1.2048192771084338e-06,0.006024096385542169,0.0
2026-06-26 10:10:00+09:00,-1.2048192771084338e-06,0.006024096385542169,0.0
2026-06-26 10:15:00+09:00,0.0,0.0,0.0
2026-06-26 10:20:00+09:00,0.0,0.0,0.0
2026-06-26 10:25:00+09:00,0.0,0.0,0.0
2026-06-26 10:30:00+09:00,0.0,0.0,0.0
2026-06-26 10:35:00+09:00,0.0,0.0,0.0
2026-06-26 10:40:00+09:00,0.0,0.0,0.0
2026-06-26 10:45:00+09:00,0.0,0.0,0.0
2026-06-26 10:50:00+09:00,0.0,0.0,0.0
2026-06-26 10:55:00+09:00,0.0,0.0,0.0
2026-06-26 11:00:00+09:00,0.0,0.0,0.0
2026-06-26 11:05:00+09:00,0.0,0.0,0.0
2026-06-26 11:10:00+09:00,0.0,0.0,0.0
2026-06-26 11:15:00+09:00,0.0,0.0,0.0
2026-06-26 11:20:00+09:00,0.0,0.0,0.0
2026-06-26 11:25:00+09:00,0.0,0.0,0.0
2026-06-26 12:30:00+09:00,0.0,0.0,0.0
2026-06-26 12:35:00+09:00,0.0,0.0,0.0
2026-06-26 12:40:00+09:00,0.0,0.0,0.0
2026-06-26 12:45:00+09:00,0.0,0.0,0.0
2026-06-26 12:50:00+09:00,0.0,0.0,0.0
2026-06-26 12:55:00+09:00,0.0,0.0,0.0
2026-06-26 13:00:00+09:00,-0.00023910692877752263,1.0,1.0
2026-06-26 13:05:00+09:00,7.188690018794035e-06,0.0,0.9335145459888334
2026-06-26 13:10:00+09:00,-0.00017921266135197857,0.0,0.9577578607111373
2026-06-26 13:15:00+09:00,0.000281867677881359,0.0,0.9698795180722892
2026-06-26 13:20:00+09:00,-4.8078296722186504e-05,0.0,0.9939759036144579
2026-06-26 13:25:00+09:00,3.847858293719287e-05,0.0,0.9455627387599177
2026-06-26 13:30:00+09:00,-0.00018792242139288864,0.9396121069644432,0.0
2026-06-26 13:35:00+09:00,-1.2077578607111374e-05,0.06038789303555686,0.0
2026-06-26 13:40:00+09:00,0.0,0.0,0.0
2026-06-26 13:45:00+09:00,0.0,0.0,0.0
2026-06-26 13:50:00+09:00,0.0,0.0,0.0
2026-06-26 13:55:00+09:00,0.0,0.0,0.0
2026-06-26 14:00:00+09:00,0.0,0.0,0.0
2026-06-26 14:05:00+09:00,0.0,0.0,0.0
2026-06-26 14:10:00+09:00,0.0,0.0,0.0
2026-06-26 14:15:00+09:00,0.0,0.0,0.0
2026-06-26 14:20:00+09:00,0.0,0.0,0.0
2026-06-26 14:25:00+09:00,0.0,0.0,0.0
2026-06-26 14:30:00+09:00,0.0,0.0,0.0
2026-06-26 14:35:00+09:00,0.0,0.0,0.0
2026-06-26 14:40:00+09:00,0.0,0.0,0.0
2026-06-26 14:45:00+09:00,0.0,0.0,0.0
2026-06-26 14:50:00+09:00,0.0,0.0,0.0
2026-06-26 14:55:00+09:00,0.0,0.0,0.0
2026-06-26 15:00:00+09:00,0.0,0.0,0.0
2026-06-26 15:05:00+09:00,0.0,0.0,0.0
2026-06-26 15:10:00+09:00,0.0,0.0,0.0
2026-06-26 15:15:00+09:00,0.0,0.0,0.0
2026-06-26 15:20:00+09:00,0.0,0.0,0.0
2026-06-29 09:00:00+09:00,0.0,0.0,0.0
2026-06-29 09:05:00+09:00,0.0,0.0,0.0
2026-06-29 09:10:00+09:00,0.0,0.0,0.0
2026-06-29 09:15:00+09:00,0.0,0.0,0.0
2026-06-29 09:20:00+09:00,0.0,0.0,0.0
2026-06-29 09:25:00+09:00,0.0,0.0,0.0
2026-06-29 09:30:00+09:00,0.00036409118240284417,1.0,1.0
2026-06-29 09:35:00+09:00,-0.0013144171294770608,0.0,0.9940476190476191
2026-06-29 09:40:00+09:00,-0.00024021503038804283,0.0,0.9880235226620768
2026-06-29 09:45:00+09:00,-0.000465955813835121,0.0,0.9940476190476191
2026-06-29 09:50:00+09:00,-0.0005540358533032891,0.0,0.9760470453241537
2026-06-29 09:55:00+09:00,-0.0001455952760086611,0.0,0.9880952380952381
2026-06-29 10:00:00+09:00,-0.00019401893287435457,0.9700946643717728,0.0
2026-06-29 10:05:00+09:00,-5.9810671256454385e-06,0.029905335628227194,0.0
2026-06-29 10:10:00+09:00,0.0,0.0,0.0
2026-06-29 10:15:00+09:00,0.0,0.0,0.0
2026-06-29 10:20:00+09:00,0.0,0.0,0.0
2026-06-29 10:25:00+09:00,0.0,0.0,0.0
2026-06-29 10:30:00+09:00,0.0,0.0,0.0
2026-06-29 10:35:00+09:00,0.0,0.0,0.0
2026-06-29 10:40:00+09:00,0.0,0.0,0.0
2026-06-29 10:45:00+09:00,0.0,0.0,0.0
2026-06-29 10:50:00+09:00,0.0,0.0,0.0
2026-06-29 10:55:00+09:00,0.0,0.0,0.0
2026-06-29 11:00:00+09:00,0.0,0.0,0.0
2026-06-29 11:05:00+09:00,0.0,0.0,0.0
2026-06-29 11:10:00+09:00,0.0,0.0,0.0
2026-06-29 11:15:00+09:00,0.0,0.0,0.0
2026-06-29 11:20:00+09:00,0.0,0.0,0.0
2026-06-29 11:25:00+09:00,0.0,0.0,0.0
2026-06-29 12:30:00+09:00,0.0,0.0,0.0
2026-06-29 12:35:00+09:00,0.0,0.0,0.0
2026-06-29 12:40:00+09:00,0.0,0.0,0.0
2026-06-29 12:45:00+09:00,0.0,0.0,0.0
2026-06-29 12:50:00+09:00,0.0,0.0,0.0
2026-06-29 12:55:00+09:00,0.0,0.0,0.0
2026-06-29 13:00:00+09:00,-7.343756531504915e-05,1.0,1.0
2026-06-29 13:05:00+09:00,-0.00031802646389430264,0.0,0.9817807816632382
2026-06-29 13:10:00+09:00,8.326649876375766e-05,0.0,0.9513664413752572
2026-06-29 13:15:00+09:00,4.8818261125466545e-05,0.0,0.9514399059653249
2026-06-29 13:20:00+09:00,9.439709394723206e-05,0.0,0.9576109315310021
2026-06-29 13:25:00+09:00,-4.5599896995631115e-05,0.0,0.9454158095797826
2026-06-29 13:30:00+09:00,-0.00018783426388480754,0.9391713194240376,0.0
2026-06-29 13:35:00+09:00,-9.741404642962094e-06,0.04870702321481046,0.0
2026-06-29 13:40:00+09:00,-2.424331472230385e-06,0.012121657361151925,0.0
2026-06-29 13:45:00+09:00,0.0,0.0,0.0
2026-06-29 13:50:00+09:00,0.0,0.0,0.0
2026-06-29 13:55:00+09:00,0.0,0.0,0.0
2026-06-29 14:00:00+09:00,0.0,0.0,0.0
2026-06-29 14:05:00+09:00,0.0,0.0,0.0
2026-06-29 14:10:00+09:00,0.0,0.0,0.0
2026-06-29 14:15:00+09:00,0.0,0.0,0.0
2026-06-29 14:20:00+09:00,0.0,0.0,0.0
2026-06-29 14:25:00+09:00,0.0,0.0,0.0
2026-06-29 14:30:00+09:00,0.0,0.0,0.0
2026-06-29 14:35:00+09:00,0.0,0.0,0.0
2026-06-29 14:40:00+09:00,0.0,0.0,0.0
2026-06-29 14:45:00+09:00,0.0,0.0,0.0
2026-06-29 14:50:00+09:00,0.0,0.0,0.0
2026-06-29 14:55:00+09:00,0.0,0.0,0.0
2026-06-29 15:00:00+09:00,0.0,0.0,0.0
2026-06-29 15:05:00+09:00,0.0,0.0,0.0
2026-06-29 15:10:00+09:00,0.0,0.0,0.0
2026-06-29 15:15:00+09:00,0.0,0.0,0.0
2026-06-29 15:20:00+09:00,0.0,0.0,0.0
2026-06-30 09:00:00+09:00,0.0,0.0,0.0
2026-06-30 09:05:00+09:00,0.0,0.0,0.0
2026-06-30 09:10:00+09:00,0.0,0.0,0.0
2026-06-30 09:15:00+09:00,0.0,0.0,0.0
2026-06-30 09:20:00+09:00,0.0,0.0,0.0
2026-06-30 09:25:00+09:00,0.0,0.0,0.0
2026-06-30 09:30:00+09:00,-0.0003507987502136219,1.0,1.0
2026-06-30 09:35:00+09:00,-8.702486966693041e-05,0.0,0.9637084925066118
2026-06-30 09:40:00+09:00,6.448042460078704e-05,0.0,0.981854246253306
2026-06-30 09:45:00+09:00,-0.00025975322367361944,0.0,0.9576109315310022
2026-06-30 09:50:00+09:00,-0.00015819299414583519,0.0,0.9817807816632385
2026-06-30 09:55:00+09:00,-0.00010060554444164612,0.0,0.987878342638848
2026-06-30 10:00:00+09:00,-0.00019396121069644432,0.9698060534822216,0.0
2026-06-30 10:05:00+09:00,-6.038789303555687e-06,0.03019394651777843,0.0
2026-06-30 10:10:00+09:00,0.0,0.0,0.0
2026-06-30 10:15:00+09:00,0.0,0.0,0.0
2026-06-30 10:20:00+09:00,0.0,0.0,0.0
2026-06-30 10:25:00+09:00,0.0,0.0,0.0
2026-06-30 10:30:00+09:00,0.0,0.0,0.0
2026-06-30 10:35:00+09:00,0.0,0.0,0.0
2026-06-30 10:40:00+09:00,0.0,0.0,0.0
2026-06-30 10:45:00+09:00,0.0,0.0,0.0
2026-06-30 10:50:00+09:00,0.0,0.0,0.0
2026-06-30 10:55:00+09:00,0.0,0.0,0.0
2026-06-30 11:00:00+09:00,0.0,0.0,0.0
2026-06-30 11:05:00+09:00,0.0,0.0,0.0
2026-06-30 11:10:00+09:00,0.0,0.0,0.0
2026-06-30 11:15:00+09:00,0.0,0.0,0.0
2026-06-30 11:20:00+09:00,0.0,0.0,0.0
2026-06-30 11:25:00+09:00,0.0,0.0,0.0
2026-06-30 12:30:00+09:00,0.0,0.0,0.0
2026-06-30 12:35:00+09:00,0.0,0.0,0.0
2026-06-30 12:40:00+09:00,0.0,0.0,0.0
2026-06-30 12:45:00+09:00,0.0,0.0,0.0
2026-06-30 12:50:00+09:00,0.0,0.0,0.0
2026-06-30 12:55:00+09:00,0.0,0.0,0.0
2026-06-30 13:00:00+09:00,-0.00010707611729429174,1.0,1.0
2026-06-30 13:05:00+09:00,-0.00010681029428437956,0.0,0.9444444444444444
2026-06-30 13:10:00+09:00,-6.894611211189442e-05,0.0,0.9446702800361337
2026-06-30 13:15:00+09:00,0.00018755630907045157,0.0,0.9569406805179163
2026-06-30 13:20:00+09:00,0.0002733121937880907,0.0,0.9569406805179163
2026-06-30 13:25:00+09:00,3.4943808094341585e-05,0.0,0.9568654019873531
2026-06-30 13:30:00+09:00,-0.00019507678410117437,0.9753839205058717,0.0
2026-06-30 13:35:00+09:00,-4.923215898825655e-06,0.024616079494128272,0.0
2026-06-30 13:40:00+09:00,0.0,0.0,0.0
2026-06-30 13:45:00+09:00,0.0,0.0,0.0
2026-06-30 13:50:00+09:00,0.0,0.0,0.0
2026-06-30 13:55:00+09:00,0.0,0.0,0.0
2026-06-30 14:00:00+09:00,0.0,0.0,0.0
2026-06-30 14:05:00+09:00,0.0,0.0,0.0
2026-06-30 14:10:00+09:00,0.0,0.0,0.0
2026-06-30 14:15:00+09:00,0.0,0.0,0.0
2026-06-30 14:20:00+09:00,0.0,0.0,0.0
2026-06-30 14:25:00+09:00,0.0,0.0,0.0
2026-06-30 14:30:00+09:00,0.0,0.0,0.0
2026-06-30 14:35:00+09:00,0.0,0.0,0.0
2026-06-30 14:40:00+09:00,0.0,0.0,0.0
2026-06-30 14:45:00+09:00,0.0,0.0,0.0
2026-06-30 14:50:00+09:00,0.0,0.0,0.0
2026-06-30 14:55:00+09:00,0.0,0.0,0.0
2026-06-30 15:00:00+09:00,0.0,0.0,0.0
2026-06-30 15:05:00+09:00,0.0,0.0,0.0
2026-06-30 15:10:00+09:00,0.0,0.0,0.0
2026-06-30 15:15:00+09:00,0.0,0.0,0.0
2026-06-30 15:20:00+09:00,0.0,0.0,0.0
2026-07-01 09:00:00+09:00,0.0,0.0,0.0
2026-07-01 09:05:00+09:00,0.0,0.0,0.0
2026-07-01 09:10:00+09:00,0.0,0.0,0.0
2026-07-01 09:15:00+09:00,0.0,0.0,0.0
2026-07-01 09:20:00+09:00,0.0,0.0,0.0
2026-07-01 09:25:00+09:00,0.0,0.0,0.0
2026-07-01 09:30:00+09:00,-0.00016130147298039078,1.0,1.0
2026-07-01 09:35:00+09:00,0.00042707119967371745,0.0,0.938647997591087
2026-07-01 09:40:00+09:00,-4.605153552942602e-05,0.0,0.9200542005420054
2026-07-01 09:45:00+09:00,-0.0005976487301846209,0.0,0.9325504366154773
2026-07-01 09:50:00+09:00,-3.8164464946622255e-05,0.0,0.9631135200240891
2026-07-01 09:55:00+09:00,-0.0002800283209707919,0.0,0.9816320385426077
2026-07-01 10:00:00+09:00,-0.00019631135200240892,0.9815567600120445,0.0
2026-07-01 10:05:00+09:00,-3.688647997591087e-06,0.018443239987955433,0.0
2026-07-01 10:10:00+09:00,0.0,0.0,0.0
2026-07-01 10:15:00+09:00,0.0,0.0,0.0
2026-07-01 10:20:00+09:00,0.0,0.0,0.0
2026-07-01 10:25:00+09:00,0.0,0.0,0.0
2026-07-01 10:30:00+09:00,0.0,0.0,0.0
2026-07-01 10:35:00+09:00,0.0,0.0,0.0
2026-07-01 10:40:00+09:00,0.0,0.0,0.0
2026-07-01 10:45:00+09:00,0.0,0.0,0.0
2026-07-01 10:50:00+09:00,0.0,0.0,0.0
2026-07-01 10:55:00+09:00,0.0,0.0,0.0
2026-07-01 11:00:00+09:00,0.0,0.0,0.0
2026-07-01 11:05:00+09:00,0.0,0.0,0.0
2026-07-01 11:10:00+09:00,0.0,0.0,0.0
2026-07-01 11:15:00+09:00,0.0,0.0,0.0
2026-07-01 11:20:00+09:00,0.0,0.0,0.0
2026-07-01 11:25:00+09:00,0.0,0.0,0.0
2026-07-01 12:30:00+09:00,0.0,0.0,0.0
2026-07-01 12:35:00+09:00,0.0,0.0,0.0
2026-07-01 12:40:00+09:00,0.0,0.0,0.0
2026-07-01 12:45:00+09:00,0.0,0.0,0.0
2026-07-01 12:50:00+09:00,0.0,0.0,0.0
2026-07-01 12:55:00+09:00,0.0,0.0,0.0
2026-07-01 13:00:00+09:00,-0.00011802107311660764,1.0,1.0
2026-07-01 13:05:00+09:00,-7.544228695771715e-05,0.0,0.9631887985546521
2026-07-01 13:10:00+09:00,6.201858278432935e-05,0.0,0.9264528756398674
2026-07-01 13:15:00+09:00,9.950147579493054e-05,0.0,0.9265281541704304
2026-07-01 13:20:00+09:00,0.00033462408868060214,0.0,0.969361638060825
2026-07-01 13:25:00+09:00,-9.822533060893097e-05,0.0,0.9510689551339957
2026-07-01 13:30:00+09:00,-0.00018532068654019874,0.9266034327009937,0.0
2026-07-01 13:35:00+09:00,-9.771153267088228e-06,0.048855766335441135,0.0
2026-07-01 13:40:00+09:00,-4.9081601927130386e-06,0.02454080096356519,0.0
2026-07-01 13:45:00+09:00,0.0,0.0,0.0
2026-07-01 13:50:00+09:00,0.0,0.0,0.0
2026-07-01 13:55:00+09:00,0.0,0.0,0.0
2026-07-01 14:00:00+09:00,0.0,0.0,0.0
2026-07-01 14:05:00+09:00,0.0,0.0,0.0
2026-07-01 14:10:00+09:00,0.0,0.0,0.0
2026-07-01 14:15:00+09:00,0.0,0.0,0.0
2026-07-01 14:20:00+09:00,0.0,0.0,0.0
2026-07-01 14:25:00+09:00,0.0,0.0,0.0
2026-07-01 14:30:00+09:00,0.0,0.0,0.0
2026-07-01 14:35:00+09:00,0.0,0.0,0.0
2026-07-01 14:40:00+09:00,0.0,0.0,0.0
2026-07-01 14:45:00+09:00,0.0,0.0,0.0
2026-07-01 14:50:00+09:00,0.0,0.0,0.0
2026-07-01 14:55:00+09:00,0.0,0.0,0.0
2026-07-01 15:00:00+09:00,0.0,0.0,0.0
2026-07-01 15:05:00+09:00,0.0,0.0,0.0
2026-07-01 15:10:00+09:00,0.0,0.0,0.0
2026-07-01 15:15:00+09:00,0.0,0.0,0.0
2026-07-01 15:20:00+09:00,0.0,0.0,0.0
2026-07-02 09:00:00+09:00,0.0,0.0,0.0
2026-07-02 09:05:00+09:00,0.0,0.0,0.0
2026-07-02 09:10:00+09:00,0.0,0.0,0.0
2026-07-02 09:15:00+09:00,0.0,0.0,0.0
2026-07-02 09:20:00+09:00,0.0,0.0,0.0
2026-07-02 09:25:00+09:00,0.0,0.0,0.0
2026-07-02 09:30:00+09:00,0.0005453752012055059,1.0,1.0
2026-07-02 09:35:00+09:00,0.0014054000020495502,0.0,0.9516602997355276
2026-07-02 09:40:00+09:00,-0.0007032923671267043,0.0,0.9698795180722892
2026-07-02 09:45:00+09:00,-0.0001958292665040148,0.0,0.9637819570966795
2026-07-02 09:50:00+09:00,-0.0005430560702851866,0.0,0.9394651777843079
2026-07-02 09:55:00+09:00,-0.00042954226939924796,0.0,0.9696591243020865
2026-07-02 10:00:00+09:00,-0.0001915074933881869,0.9575374669409346,0.0
2026-07-02 10:05:00+09:00,-8.492506611813108e-06,0.042462533059065534,0.0
2026-07-02 10:10:00+09:00,0.0,0.0,0.0
2026-07-02 10:15:00+09:00,0.0,0.0,0.0
2026-07-02 10:20:00+09:00,0.0,0.0,0.0
2026-07-02 10:25:00+09:00,0.0,0.0,0.0
2026-07-02 10:30:00+09:00,0.0,0.0,0.0
2026-07-02 10:35:00+09:00,0.0,0.0,0.0
2026-07-02 10:40:00+09:00,0.0,0.0,0.0
2026-07-02 10:45:00+09:00,0.0,0.0,0.0
2026-07-02 10:50:00+09:00,0.0,0.0,0.0
2026-07-02 10:55:00+09:00,0.0,0.0,0.0
2026-07-02 11:00:00+09:00,0.0,0.0,0.0
2026-07-02 11:05:00+09:00,0.0,0.0,0.0
2026-07-02 11:10:00+09:00,0.0,0.0,0.0
2026-07-02 11:15:00+09:00,0.0,0.0,0.0
2026-07-02 11:20:00+09:00,0.0,0.0,0.0
2026-07-02 11:25:00+09:00,0.0,0.0,0.0
2026-07-02 12:30:00+09:00,0.0,0.0,0.0
2026-07-02 12:35:00+09:00,0.0,0.0,0.0
2026-07-02 12:40:00+09:00,0.0,0.0,0.0
2026-07-02 12:45:00+09:00,0.0,0.0,0.0
2026-07-02 12:50:00+09:00,0.0,0.0,0.0
2026-07-02 12:55:00+09:00,0.0,0.0,0.0
2026-07-02 13:00:00+09:00,-0.0002697333738740145,1.0,1.0
2026-07-02 13:05:00+09:00,0.0001523705465985323,0.0,0.9626543209876544
2026-07-02 13:10:00+09:00,0.00018723833233594614,0.0,0.9688271604938272
2026-07-02 13:15:00+09:00,-6.57093736235083e-06,0.0,0.9813271604938272
2026-07-02 13:20:00+09:00,0.00011745612167220226,0.0,0.9441358024691359
2026-07-02 13:25:00+09:00,-0.00021097872842876564,0.0,0.9503858024691358
2026-07-02 13:30:00+09:00,-0.00019003086419753086,0.9501543209876543,0.0
2026-07-02 13:35:00+09:00,-7.484567901234569e-06,0.03742283950617284,0.0
2026-07-02 13:40:00+09:00,-1.234567901234568e-06,0.006172839506172839,0.0
2026-07-02 13:45:00+09:00,0.0,0.0,0.0
2026-07-02 13:50:00+09:00,-1.25e-06,0.00625,0.0
2026-07-02 13:55:00+09:00,0.0,0.0,0.0
2026-07-02 14:00:00+09:00,0.0,0.0,0.0
2026-07-02 14:05:00+09:00,0.0,0.0,0.0
2026-07-02 14:10:00+09:00,0.0,0.0,0.0
2026-07-02 14:15:00+09:00,0.0,0.0,0.0
2026-07-02 14:20:00+09:00,0.0,0.0,0.0
2026-07-02 14:25:00+09:00,0.0,0.0,0.0
2026-07-02 14:30:00+09:00,0.0,0.0,0.0
2026-07-02 14:35:00+09:00,0.0,0.0,0.0
2026-07-02 14:40:00+09:00,0.0,0.0,0.0
2026-07-02 14:45:00+09:00,0.0,0.0,0.0
2026-07-02 14:50:00+09:00,0.0,0.0,0.0
2026-07-02 14:55:00+09:00,0.0,0.0,0.0
2026-07-02 15:00:00+09:00,0.0,0.0,0.0
2026-07-02 15:05:00+09:00,0.0,0.0,0.0
2026-07-02 15:10:00+09:00,0.0,0.0,0.0
2026-07-02 15:15:00+09:00,0.0,0.0,0.0
2026-07-02 15:20:00+09:00,0.0,0.0,0.0
2026-07-03 09:00:00+09:00,0.0,0.0,0.0
2026-07-03 09:05:00+09:00,0.0,0.0,0.0
2026-07-03 09:10:00+09:00,0.0,0.0,0.0
2026-07-03 09:15:00+09:00,0.0,0.0,0.0
2026-07-03 09:20:00+09:00,0.0,0.0,0.0
2026-07-03 09:25:00+09:00,0.0,0.0,0.0
2026-07-03 09:30:00+09:00,-0.0007999564765864735,1.0,1.0
2026-07-03 09:35:00+09:00,0.00011741197763903989,0.0,0.9878048780487805
2026-07-03 09:40:00+09:00,-0.00047654392572747033,0.0,0.9694369165913881
2026-07-03 09:45:00+09:00,-0.0002067710180541974,0.0,0.9388738331827764
2026-07-03 09:50:00+09:00,-0.00012199202710236498,0.0,0.9328515507377295
2026-07-03 09:55:00+09:00,-0.0009567858562312877,0.0,0.9571665161096055
2026-07-03 10:00:00+09:00,-0.00019143330322192112,0.9571665161096056,0.0
2026-07-03 10:05:00+09:00,-7.347184582956941e-06,0.036735922914784704,0.0
2026-07-03 10:10:00+09:00,-1.2195121951219514e-06,0.006097560975609756,0.0
2026-07-03 10:15:00+09:00,0.0,0.0,0.0
2026-07-03 10:20:00+09:00,0.0,0.0,0.0
2026-07-03 10:25:00+09:00,0.0,0.0,0.0
2026-07-03 10:30:00+09:00,0.0,0.0,0.0
2026-07-03 10:35:00+09:00,0.0,0.0,0.0
2026-07-03 10:40:00+09:00,0.0,0.0,0.0
2026-07-03 10:45:00+09:00,0.0,0.0,0.0
2026-07-03 10:50:00+09:00,0.0,0.0,0.0
2026-07-03 10:55:00+09:00,0.0,0.0,0.0
2026-07-03 11:00:00+09:00,0.0,0.0,0.0
2026-07-03 11:05:00+09:00,0.0,0.0,0.0
2026-07-03 11:10:00+09:00,0.0,0.0,0.0
2026-07-03 11:15:00+09:00,0.0,0.0,0.0
2026-07-03 11:20:00+09:00,0.0,0.0,0.0
2026-07-03 11:25:00+09:00,0.0,0.0,0.0
2026-07-03 12:30:00+09:00,0.0,0.0,0.0
2026-07-03 12:35:00+09:00,0.0,0.0,0.0
2026-07-03 12:40:00+09:00,0.0,0.0,0.0
2026-07-03 12:45:00+09:00,0.0,0.0,0.0
2026-07-03 12:50:00+09:00,0.0,0.0,0.0
2026-07-03 12:55:00+09:00,0.0,0.0,0.0
2026-07-03 13:00:00+09:00,-0.0002758533049039319,1.0,1.0
2026-07-03 13:05:00+09:00,3.6559098934499014e-05,0.0,0.919212962962963
2026-07-03 13:10:00+09:00,0.000222760697901444,0.0,0.9564814814814815
2026-07-03 13:15:00+09:00,-0.000233263812532032,0.0,0.9254629629629629
2026-07-03 13:20:00+09:00,-3.551218257913669e-05,0.0,0.9378858024691358
2026-07-03 13:25:00+09:00,-2.8580505675983055e-05,0.0,0.9378858024691358
2026-07-03 13:30:00+09:00,-0.00019626543209876545,0.9813271604938272,0.0
2026-07-03 13:35:00+09:00,-2.5e-06,0.0125,0.0
2026-07-03 13:40:00+09:00,-1.234567901234568e-06,0.006172839506172839,0.0
2026-07-03 13:45:00+09:00,0.0,0.0,0.0
2026-07-03 13:50:00+09:00,0.0,0.0,0.0
2026-07-03 13:55:00+09:00,0.0,0.0,0.0
2026-07-03 14:00:00+09:00,0.0,0.0,0.0
2026-07-03 14:05:00+09:00,0.0,0.0,0.0
2026-07-03 14:10:00+09:00,0.0,0.0,0.0
2026-07-03 14:15:00+09:00,0.0,0.0,0.0
2026-07-03 14:20:00+09:00,0.0,0.0,0.0
2026-07-03 14:25:00+09:00,0.0,0.0,0.0
2026-07-03 14:30:00+09:00,0.0,0.0,0.0
2026-07-03 14:35:00+09:00,0.0,0.0,0.0
2026-07-03 14:40:00+09:00,0.0,0.0,0.0
2026-07-03 14:45:00+09:00,0.0,0.0,0.0
2026-07-03 14:50:00+09:00,0.0,0.0,0.0
2026-07-03 14:55:00+09:00,0.0,0.0,0.0
2026-07-03 15:00:00+09:00,0.0,0.0,0.0
2026-07-03 15:05:00+09:00,0.0,0.0,0.0
2026-07-03 15:10:00+09:00,0.0,0.0,0.0
2026-07-03 15:15:00+09:00,0.0,0.0,0.0
2026-07-03 15:20:00+09:00,0.0,0.0,0.0
2026-07-06 09:00:00+09:00,0.0,0.0,0.0
2026-07-06 09:05:00+09:00,0.0,0.0,0.0
2026-07-06 09:10:00+09:00,0.0,0.0,0.0
2026-07-06 09:15:00+09:00,0.0,0.0,0.0
2026-07-06 09:20:00+09:00,0.0,0.0,0.0
2026-07-06 09:25:00+09:00,0.0,0.0,0.0
2026-07-06 09:30:00+09:00,-0.0003764650073942607,1.0,1.0
2026-07-06 09:35:00+09:00,-0.0003385733099182802,0.0,0.9879518072289158
2026-07-06 09:40:00+09:00,-0.0002570080625298452,0.0,0.9575374669409346
2026-07-06 09:45:00+09:00,0.00019954027388025504,0.0,0.9636350279165443
2026-07-06 09:50:00+09:00,0.0002855008152692636,0.0,0.9637084925066117
2026-07-06 09:55:00+09:00,0.0008419851470515861,0.0,0.9698060534822216
2026-07-06 10:00:00+09:00,-0.0001963855421686747,0.9819277108433735,0.0
2026-07-06 10:05:00+09:00,-1.2048192771084338e-06,0.006024096385542169,0.0
2026-07-06 10:10:00+09:00,-1.2048192771084338e-06,0.006024096385542169,0.0
2026-07-06 10:15:00+09:00,0.0,0.0,0.0
2026-07-06 10:20:00+09:00,0.0,0.0,0.0
2026-07-06 10:25:00+09:00,0.0,0.0,0.0
2026-07-06 10:30:00+09:00,0.0,0.0,0.0
2026-07-06 10:35:00+09:00,0.0,0.0,0.0
2026-07-06 10:40:00+09:00,0.0,0.0,0.0
2026-07-06 10:45:00+09:00,0.0,0.0,0.0
2026-07-06 10:50:00+09:00,0.0,0.0,0.0
2026-07-06 10:55:00+09:00,0.0,0.0,0.0
2026-07-06 11:00:00+09:00,0.0,0.0,0.0
2026-07-06 11:05:00+09:00,0.0,0.0,0.0
2026-07-06 11:10:00+09:00,0.0,0.0,0.0
2026-07-06 11:15:00+09:00,-1.2048192771084338e-06,0.006024096385542169,0.0
2026-07-06 11:20:00+09:00,0.0,0.0,0.0
2026-07-06 11:25:00+09:00,0.0,0.0,0.0
2026-07-06 12:30:00+09:00,0.0,0.0,0.0
2026-07-06 12:35:00+09:00,0.0,0.0,0.0
2026-07-06 12:40:00+09:00,0.0,0.0,0.0
2026-07-06 12:45:00+09:00,0.0,0.0,0.0
2026-07-06 12:50:00+09:00,0.0,0.0,0.0
2026-07-06 12:55:00+09:00,0.0,0.0,0.0
2026-07-06 13:00:00+09:00,-8.502259911162727e-05,1.0,1.0
2026-07-06 13:05:00+09:00,0.0001849376682623132,0.0,0.9495253164556963
2026-07-06 13:10:00+09:00,1.146971246346481e-05,0.0,0.9685917721518988
2026-07-06 13:15:00+09:00,-7.518051921147882e-05,0.0,0.9810917721518987
2026-07-06 13:20:00+09:00,0.00017022244051280628,0.0,0.9558544303797469
2026-07-06 13:25:00+09:00,-0.00010055472447652073,0.0,0.9684335443037976
2026-07-06 13:30:00+09:00,-0.0001924367088607595,0.9621835443037975,0.0
2026-07-06 13:35:00+09:00,-6.313291139240506e-06,0.03156645569620253,0.0
2026-07-06 13:40:00+09:00,-1.25e-06,0.00625,0.0
2026-07-06 13:45:00+09:00,0.0,0.0,0.0
2026-07-06 13:50:00+09:00,0.0,0.0,0.0
2026-07-06 13:55:00+09:00,0.0,0.0,0.0
2026-07-06 14:00:00+09:00,0.0,0.0,0.0
2026-07-06 14:05:00+09:00,0.0,0.0,0.0
2026-07-06 14:10:00+09:00,0.0,0.0,0.0
2026-07-06 14:15:00+09:00,0.0,0.0,0.0
2026-07-06 14:20:00+09:00,0.0,0.0,0.0
2026-07-06 14:25:00+09:00,0.0,0.0,0.0
2026-07-06 14:30:00+09:00,0.0,0.0,0.0
2026-07-06 14:35:00+09:00,0.0,0.0,0.0
2026-07-06 14:40:00+09:00,0.0,0.0,0.0
2026-07-06 14:45:00+09:00,0.0,0.0,0.0
2026-07-06 14:50:00+09:00,0.0,0.0,0.0
2026-07-06 14:55:00+09:00,0.0,0.0,0.0
2026-07-06 15:00:00+09:00,0.0,0.0,0.0
2026-07-06 15:05:00+09:00,0.0,0.0,0.0
2026-07-06 15:10:00+09:00,0.0,0.0,0.0
2026-07-06 15:15:00+09:00,0.0,0.0,0.0
2026-07-06 15:20:00+09:00,0.0,0.0,0.0
2026-07-07 09:00:00+09:00,0.0,0.0,0.0
2026-07-07 09:05:00+09:00,0.0,0.0,0.0
2026-07-07 09:10:00+09:00,0.0,0.0,0.0
2026-07-07 09:15:00+09:00,0.0,0.0,0.0
2026-07-07 09:20:00+09:00,0.0,0.0,0.0
2026-07-07 09:25:00+09:00,0.0,0.0,0.0
2026-07-07 09:30:00+09:00,2.9401383248344788e-05,1.0,1.0
2026-07-07 09:35:00+09:00,0.0004195777630288005,0.0,0.969732588892154
2026-07-07 09:40:00+09:00,-0.0003408303374589391,0.0,0.9153687922421394
2026-07-07 09:45:00+09:00,-0.00026627248677394663,0.0,0.933588010578901
2026-07-07 09:50:00+09:00,0.0002511181696189678,0.0,0.9335145459888334
2026-07-07 09:55:00+09:00,-0.0002624458704083567,0.0,0.9756832206876286
2026-07-07 10:00:00+09:00,-0.0001927416985013224,0.9637084925066118,0.0
2026-07-07 10:05:00+09:00,-4.819277108433735e-06,0.024096385542168676,0.0
2026-07-07 10:10:00+09:00,-1.2195121951219514e-06,0.006097560975609756,0.0
2026-07-07 10:15:00+09:00,0.0,0.0,0.0
2026-07-07 10:20:00+09:00,-1.2195121951219514e-06,0.006097560975609756,0.0
2026-07-07 10:25:00+09:00,0.0,0.0,0.0
2026-07-07 10:30:00+09:00,0.0,0.0,0.0
2026-07-07 10:35:00+09:00,0.0,0.0,0.0
2026-07-07 10:40:00+09:00,0.0,0.0,0.0
2026-07-07 10:45:00+09:00,0.0,0.0,0.0
2026-07-07 10:50:00+09:00,0.0,0.0,0.0
2026-07-07 10:55:00+09:00,0.0,0.0,0.0
2026-07-07 11:00:00+09:00,0.0,0.0,0.0
2026-07-07 11:05:00+09:00,0.0,0.0,0.0
2026-07-07 11:10:00+09:00,0.0,0.0,0.0
2026-07-07 11:15:00+09:00,0.0,0.0,0.0
2026-07-07 11:20:00+09:00,0.0,0.0,0.0
2026-07-07 11:25:00+09:00,0.0,0.0,0.0
2026-07-07 12:30:00+09:00,0.0,0.0,0.0
2026-07-07 12:35:00+09:00,0.0,0.0,0.0
2026-07-07 12:40:00+09:00,0.0,0.0,0.0
2026-07-07 12:45:00+09:00,0.0,0.0,0.0
2026-07-07 12:50:00+09:00,0.0,0.0,0.0
2026-07-07 12:55:00+09:00,0.0,0.0,0.0
2026-07-07 13:00:00+09:00,-0.00020639763865066654,1.0,1.0
2026-07-07 13:05:00+09:00,2.949027588471273e-05,0.0,0.981854246253306
2026-07-07 13:10:00+09:00,5.732571644642124e-05,0.0,0.9817073170731707
2026-07-07 13:15:00+09:00,-4.116889290767721e-06,0.0,0.9575374669409344
2026-07-07 13:20:00+09:00,-6.016828910835086e-05,0.0,0.9635615633264767
2026-07-07 13:25:00+09:00,4.248708681817078e-05,0.0,0.969732588892154
2026-07-07 13:30:00+09:00,-0.00019271231266529534,0.9635615633264767,0.0
2026-07-07 13:35:00+09:00,-4.863355862474288e-06,0.024316779312371438,0.0
2026-07-07 13:40:00+09:00,-1.2048192771084338e-06,0.006024096385542169,0.0
2026-07-07 13:45:00+09:00,-1.2195121951219514e-06,0.006097560975609756,0.0
2026-07-07 13:50:00+09:00,0.0,0.0,0.0
2026-07-07 13:55:00+09:00,0.0,0.0,0.0
2026-07-07 14:00:00+09:00,0.0,0.0,0.0
2026-07-07 14:05:00+09:00,0.0,0.0,0.0
2026-07-07 14:10:00+09:00,0.0,0.0,0.0
2026-07-07 14:15:00+09:00,0.0,0.0,0.0
2026-07-07 14:20:00+09:00,0.0,0.0,0.0
2026-07-07 14:25:00+09:00,0.0,0.0,0.0
2026-07-07 14:30:00+09:00,0.0,0.0,0.0
2026-07-07 14:35:00+09:00,0.0,0.0,0.0
2026-07-07 14:40:00+09:00,0.0,0.0,0.0
2026-07-07 14:45:00+09:00,0.0,0.0,0.0
2026-07-07 14:50:00+09:00,0.0,0.0,0.0
2026-07-07 14:55:00+09:00,0.0,0.0,0.0
2026-07-07 15:00:00+09:00,0.0,0.0,0.0
2026-07-07 15:05:00+09:00,0.0,0.0,0.0
2026-07-07 15:10:00+09:00,0.0,0.0,0.0
2026-07-07 15:15:00+09:00,0.0,0.0,0.0
2026-07-07 15:20:00+09:00,0.0,0.0,0.0
2026-07-08 09:00:00+09:00,0.0,0.0,0.0
2026-07-08 09:05:00+09:00,0.0,0.0,0.0
2026-07-08 09:10:00+09:00,0.0,0.0,0.0
2026-07-08 09:15:00+09:00,0.0,0.0,0.0
2026-07-08 09:20:00+09:00,0.0,0.0,0.0
2026-07-08 09:25:00+09:00,0.0,0.0,0.0
2026-07-08 09:30:00+09:00,-0.00020215021055391928,1.0,1.0
2026-07-08 09:35:00+09:00,-0.0003718118097501264,0.0,0.9636350279165442
2026-07-08 09:40:00+09:00,9.360716865125298e-05,0.0,0.9939024390243903
2026-07-08 09:45:00+09:00,-0.00022064137262168754,0.0,0.9455627387599177
2026-07-08 09:50:00+09:00,9.383619420518134e-06,0.0,0.9696591243020865
2026-07-08 09:55:00+09:00,0.00016665682220309226,0.0,0.9393182486041729
2026-07-08 10:00:00+09:00,-0.00019878048780487808,0.9939024390243902,0.0
2026-07-08 10:05:00+09:00,-1.2195121951219514e-06,0.006097560975609756,0.0
2026-07-08 10:10:00+09:00,0.0,0.0,0.0
2026-07-08 10:15:00+09:00,0.0,0.0,0.0
2026-07-08 10:20:00+09:00,0.0,0.0,0.0
2026-07-08 10:25:00+09:00,0.0,0.0,0.0
2026-07-08 10:30:00+09:00,0.0,0.0,0.0
2026-07-08 10:35:00+09:00,0.0,0.0,0.0
2026-07-08 10:40:00+09:00,0.0,0.0,0.0
2026-07-08 10:45:00+09:00,0.0,0.0,0.0
2026-07-08 10:50:00+09:00,0.0,0.0,0.0
2026-07-08 10:55:00+09:00,0.0,0.0,0.0
2026-07-08 11:00:00+09:00,0.0,0.0,0.0
2026-07-08 11:05:00+09:00,0.0,0.0,0.0
2026-07-08 11:10:00+09:00,0.0,0.0,0.0
2026-07-08 11:15:00+09:00,0.0,0.0,0.0
2026-07-08 11:20:00+09:00,0.0,0.0,0.0
2026-07-08 11:25:00+09:00,0.0,0.0,0.0
2026-07-08 12:30:00+09:00,0.0,0.0,0.0
2026-07-08 12:35:00+09:00,0.0,0.0,0.0
2026-07-08 12:40:00+09:00,0.0,0.0,0.0
2026-07-08 12:45:00+09:00,0.0,0.0,0.0
2026-07-08 12:50:00+09:00,0.0,0.0,0.0
2026-07-08 12:55:00+09:00,0.0,0.0,0.0
2026-07-08 13:00:00+09:00,-0.00010270493338918521,1.0,1.0
2026-07-08 13:05:00+09:00,-3.907992369401347e-05,0.0,0.9150014692918015
2026-07-08 13:10:00+09:00,-0.00011617098445893961,0.0,0.9514399059653247
2026-07-08 13:15:00+09:00,-0.00018395147395413694,0.0,0.9452688803996474
2026-07-08 13:20:00+09:00,0.0002558174836280356,0.0,0.9636350279165442
2026-07-08 13:25:00+09:00,-3.673960095629754e-05,0.0,0.9331472230384955
2026-07-08 13:30:00+09:00,-0.00019152218630620043,0.9576109315310021,0.0
2026-07-08 13:35:00+09:00,-7.258301498677638e-06,0.03629150749338819,0.0
2026-07-08 13:40:00+09:00,-1.2195121951219514e-06,0.006097560975609756,0.0
2026-07-08 13:45:00+09:00,0.0,0.0,0.0
2026-07-08 13:50:00+09:00,0.0,0.0,0.0
2026-07-08 13:55:00+09:00,0.0,0.0,0.0
2026-07-08 14:00:00+09:00,0.0,0.0,0.0
2026-07-08 14:05:00+09:00,0.0,0.0,0.0
2026-07-08 14:10:00+09:00,0.0,0.0,0.0
2026-07-08 14:15:00+09:00,0.0,0.0,0.0
2026-07-08 14:20:00+09:00,0.0,0.0,0.0
2026-07-08 14:25:00+09:00,0.0,0.0,0.0
2026-07-08 14:30:00+09:00,0.0,0.0,0.0
2026-07-08 14:35:00+09:00,0.0,0.0,0.0
2026-07-08 14:40:00+09:00,0.0,0.0,0.0
2026-07-08 14:45:00+09:00,0.0,0.0,0.0
2026-07-08 14:50:00+09:00,0.0,0.0,0.0
2026-07-08 14:55:00+09:00,0.0,0.0,0.0
2026-07-08 15:00:00+09:00,0.0,0.0,0.0
2026-07-08 15:05:00+09:00,0.0,0.0,0.0
2026-07-08 15:10:00+09:00,0.0,0.0,0.0
2026-07-08 15:15:00+09:00,0.0,0.0,0.0
2026-07-08 15:20:00+09:00,0.0,0.0,0.0
2026-07-09 09:00:00+09:00,0.0,0.0,0.0
2026-07-09 09:05:00+09:00,0.0,0.0,0.0
2026-07-09 09:10:00+09:00,0.0,0.0,0.0
2026-07-09 09:15:00+09:00,0.0,0.0,0.0
2026-07-09 09:20:00+09:00,0.0,0.0,0.0
2026-07-09 09:25:00+09:00,0.0,0.0,0.0
2026-07-09 09:30:00+09:00,0.00013416662775239557,1.0,1.0
2026-07-09 09:35:00+09:00,-2.9040663102704927e-05,0.0,0.9516602997355277
2026-07-09 09:40:00+09:00,7.580302479951743e-06,0.0,0.9516602997355275
2026-07-09 09:45:00+09:00,-0.00013093467305105207,0.0,0.9333676168086982
2026-07-09 09:50:00+09:00,-0.00011359461530643782,0.0,0.9698795180722892
2026-07-09 09:55:00+09:00,-0.00022741941852249032,0.0,0.9333676168086982
2026-07-09 10:00:00+09:00,-0.0001927563914193359,0.9637819570966795,0.0
2026-07-09 10:05:00+09:00,-3.614457831325301e-06,0.01807228915662651,0.0
2026-07-09 10:10:00+09:00,-2.424331472230385e-06,0.012121657361151925,0.0
2026-07-09 10:15:00+09:00,0.0,0.0,0.0
2026-07-09 10:20:00+09:00,-1.2048192771084338e-06,0.006024096385542169,0.0
2026-07-09 10:25:00+09:00,0.0,0.0,0.0
2026-07-09 10:30:00+09:00,0.0,0.0,0.0
2026-07-09 10:35:00+09:00,0.0,0.0,0.0
2026-07-09 10:40:00+09:00,0.0,0.0,0.0
2026-07-09 10:45:00+09:00,0.0,0.0,0.0
2026-07-09 10:50:00+09:00,0.0,0.0,0.0
2026-07-09 10:55:00+09:00,0.0,0.0,0.0
2026-07-09 11:00:00+09:00,0.0,0.0,0.0
2026-07-09 11:05:00+09:00,0.0,0.0,0.0
2026-07-09 11:10:00+09:00,0.0,0.0,0.0
2026-07-09 11:15:00+09:00,0.0,0.0,0.0
2026-07-09 11:20:00+09:00,0.0,0.0,0.0
2026-07-09 11:25:00+09:00,0.0,0.0,0.0
2026-07-09 12:30:00+09:00,0.0,0.0,0.0
2026-07-09 12:35:00+09:00,0.0,0.0,0.0
2026-07-09 12:40:00+09:00,0.0,0.0,0.0
2026-07-09 12:45:00+09:00,0.0,0.0,0.0
2026-07-09 12:50:00+09:00,0.0,0.0,0.0
2026-07-09 12:55:00+09:00,0.0,0.0,0.0
2026-07-09 13:00:00+09:00,-0.0003362015112384366,1.0,1.0
2026-07-09 13:05:00+09:00,-0.00013650314836300377,0.0,0.9448961156278229
2026-07-09 13:10:00+09:00,0.00011536209421474875,0.0,0.8959650707618186
2026-07-09 13:15:00+09:00,-0.0001645736547601142,0.0,0.9387232761216501
2026-07-09 13:20:00+09:00,-0.0001427949212609479,0.0,0.9817073170731707
2026-07-09 13:25:00+09:00,4.260479963340533e-05,0.0,0.9633393556157783
2026-07-09 13:30:00+09:00,-0.00019021379102679916,0.9510689551339958,0.0
2026-07-09 13:35:00+09:00,-7.347184582956941e-06,0.036735922914784704,0.0
2026-07-09 13:40:00+09:00,-1.2195121951219514e-06,0.006097560975609756,0.0
2026-07-09 13:45:00+09:00,0.0,0.0,0.0
2026-07-09 13:50:00+09:00,-1.2195121951219514e-06,0.006097560975609756,0.0
2026-07-09 13:55:00+09:00,0.0,0.0,0.0
2026-07-09 14:00:00+09:00,0.0,0.0,0.0
2026-07-09 14:05:00+09:00,0.0,0.0,0.0
2026-07-09 14:10:00+09:00,0.0,0.0,0.0
2026-07-09 14:15:00+09:00,0.0,0.0,0.0
2026-07-09 14:20:00+09:00,0.0,0.0,0.0
2026-07-09 14:25:00+09:00,0.0,0.0,0.0
2026-07-09 14:30:00+09:00,0.0,0.0,0.0
2026-07-09 14:35:00+09:00,0.0,0.0,0.0
2026-07-09 14:40:00+09:00,0.0,0.0,0.0
2026-07-09 14:45:00+09:00,0.0,0.0,0.0
2026-07-09 14:50:00+09:00,0.0,0.0,0.0
2026-07-09 14:55:00+09:00,0.0,0.0,0.0
2026-07-09 15:00:00+09:00,0.0,0.0,0.0
2026-07-09 15:05:00+09:00,0.0,0.0,0.0
2026-07-09 15:10:00+09:00,0.0,0.0,0.0
2026-07-09 15:15:00+09:00,0.0,0.0,0.0
2026-07-09 15:20:00+09:00,0.0,0.0,0.0
2026-07-10 09:00:00+09:00,0.0,0.0,0.0
2026-07-10 09:05:00+09:00,0.0,0.0,0.0
2026-07-10 09:10:00+09:00,0.0,0.0,0.0
2026-07-10 09:15:00+09:00,0.0,0.0,0.0
2026-07-10 09:20:00+09:00,0.0,0.0,0.0
2026-07-10 09:25:00+09:00,0.0,0.0,0.0
2026-07-10 09:30:00+09:00,-0.00021906307990247193,1.0,1.0
2026-07-10 09:35:00+09:00,0.0002883701041233317,0.0,0.9575374669409346
2026-07-10 09:40:00+09:00,-0.00018725810986426706,0.0,0.9331472230384955
2026-07-10 09:45:00+09:00,0.00023569616412531097,0.0,0.9452688803996474
2026-07-10 09:50:00+09:00,0.00021877040310854388,0.0,0.9391713194240376
2026-07-10 09:55:00+09:00,-0.00031840611226375165,0.0,0.9454158095797827
2026-07-10 10:00:00+09:00,-0.0001963561563326477,0.9817807816632383,0.0
2026-07-10 10:05:00+09:00,-3.6438436673523368e-06,0.018219218336761683,0.0
2026-07-10 10:10:00+09:00,0.0,0.0,0.0
2026-07-10 10:15:00+09:00,0.0,0.0,0.0
2026-07-10 10:20:00+09:00,0.0,0.0,0.0
2026-07-10 10:25:00+09:00,0.0,0.0,0.0
2026-07-10 10:30:00+09:00,0.0,0.0,0.0
2026-07-10 10:35:00+09:00,0.0,0.0,0.0
2026-07-10 10:40:00+09:00,0.0,0.0,0.0
2026-07-10 10:45:00+09:00,0.0,0.0,0.0
2026-07-10 10:50:00+09:00,0.0,0.0,0.0
2026-07-10 10:55:00+09:00,0.0,0.0,0.0
2026-07-10 11:00:00+09:00,0.0,0.0,0.0
2026-07-10 11:05:00+09:00,0.0,0.0,0.0
2026-07-10 11:10:00+09:00,0.0,0.0,0.0
2026-07-10 11:15:00+09:00,0.0,0.0,0.0
2026-07-10 11:20:00+09:00,0.0,0.0,0.0
2026-07-10 11:25:00+09:00,0.0,0.0,0.0
2026-07-10 12:30:00+09:00,0.0,0.0,0.0
2026-07-10 12:35:00+09:00,0.0,0.0,0.0
2026-07-10 12:40:00+09:00,0.0,0.0,0.0
2026-07-10 12:45:00+09:00,0.0,0.0,0.0
2026-07-10 12:50:00+09:00,0.0,0.0,0.0
2026-07-10 12:55:00+09:00,0.0,0.0,0.0
2026-07-10 13:00:00+09:00,-0.00011719676666328045,1.0,1.0
2026-07-10 13:05:00+09:00,2.9028566511947078e-05,0.0,0.943117088607595
2026-07-10 13:10:00+09:00,-2.456445611898674e-05,0.0,0.9622626582278482
2026-07-10 13:15:00+09:00,-5.8136250183324e-05,0.0,0.9746835443037976
2026-07-10 13:20:00+09:00,-0.00010192657175910824,0.0,0.9560126582278481
2026-07-10 13:25:00+09:00,9.379616983093998e-05,0.0,0.9306962025316455
2026-07-10 13:30:00+09:00,-0.00019621835443037975,0.9810917721518988,0.0
2026-07-10 13:35:00+09:00,-1.25e-06,0.00625,0.0
2026-07-10 13:40:00+09:00,-1.2658227848101265e-06,0.006329113924050633,0.0
2026-07-10 13:45:00+09:00,0.0,0.0,0.0
2026-07-10 13:50:00+09:00,-1.2658227848101265e-06,0.006329113924050633,0.0
2026-07-10 13:55:00+09:00,0.0,0.0,0.0
2026-07-10 14:00:00+09:00,0.0,0.0,0.0
2026-07-10 14:05:00+09:00,0.0,0.0,0.0
2026-07-10 14:10:00+09:00,0.0,0.0,0.0
2026-07-10 14:15:00+09:00,0.0,0.0,0.0
2026-07-10 14:20:00+09:00,0.0,0.0,0.0
2026-07-10 14:25:00+09:00,0.0,0.0,0.0
2026-07-10 14:30:00+09:00,0.0,0.0,0.0
2026-07-10 14:35:00+09:00,0.0,0.0,0.0
2026-07-10 14:40:00+09:00,0.0,0.0,0.0
2026-07-10 14:45:00+09:00,0.0,0.0,0.0
2026-07-10 14:50:00+09:00,0.0,0.0,0.0
2026-07-10 14:55:00+09:00,0.0,0.0,0.0
2026-07-10 15:00:00+09:00,0.0,0.0,0.0
2026-07-10 15:05:00+09:00,0.0,0.0,0.0
2026-07-10 15:10:00+09:00,0.0,0.0,0.0
2026-07-10 15:15:00+09:00,0.0,0.0,0.0
2026-07-10 15:20:00+09:00,0.0,0.0,0.0
2026-07-13 09:00:00+09:00,0.0,0.0,0.0
2026-07-13 09:05:00+09:00,0.0,0.0,0.0
2026-07-13 09:10:00+09:00,0.0,0.0,0.0
2026-07-13 09:15:00+09:00,0.0,0.0,0.0
2026-07-13 09:20:00+09:00,0.0,0.0,0.0
2026-07-13 09:25:00+09:00,0.0,0.0,0.0
2026-07-13 09:30:00+09:00,-0.0008550441948665783,1.0,1.0
2026-07-13 09:35:00+09:00,-0.0004276185352964921,0.0,0.9816320385426076
2026-07-13 09:40:00+09:00,-1.2002045055772741e-05,0.0,0.9632640770852152
2026-07-13 09:45:00+09:00,0.00010096471153490327,0.0,0.9816320385426076
2026-07-13 09:50:00+09:00,0.00031767108911243315,0.0,0.9755344775669978
2026-07-13 09:55:00+09:00,-0.0002984770216020295,0.0,0.9692110809996989
2026-07-13 10:00:00+09:00,-0.00019878048780487805,0.9939024390243902,0.0
2026-07-13 10:05:00+09:00,0.0,0.0,0.0
2026-07-13 10:10:00+09:00,0.0,0.0,0.0
2026-07-13 10:15:00+09:00,0.0,0.0,0.0
2026-07-13 10:20:00+09:00,0.0,0.0,0.0
2026-07-13 10:25:00+09:00,0.0,0.0,0.0
2026-07-13 10:30:00+09:00,0.0,0.0,0.0
2026-07-13 10:35:00+09:00,0.0,0.0,0.0
2026-07-13 10:40:00+09:00,0.0,0.0,0.0
2026-07-13 10:45:00+09:00,0.0,0.0,0.0
2026-07-13 10:50:00+09:00,0.0,0.0,0.0
2026-07-13 10:55:00+09:00,0.0,0.0,0.0
2026-07-13 11:00:00+09:00,0.0,0.0,0.0
2026-07-13 11:05:00+09:00,0.0,0.0,0.0
2026-07-13 11:10:00+09:00,-1.2195121951219514e-06,0.006097560975609756,0.0
2026-07-13 11:15:00+09:00,0.0,0.0,0.0
2026-07-13 11:20:00+09:00,0.0,0.0,0.0
2026-07-13 11:25:00+09:00,0.0,0.0,0.0
2026-07-13 12:30:00+09:00,0.0,0.0,0.0
2026-07-13 12:35:00+09:00,0.0,0.0,0.0
2026-07-13 12:40:00+09:00,0.0,0.0,0.0
2026-07-13 12:45:00+09:00,0.0,0.0,0.0
2026-07-13 12:50:00+09:00,0.0,0.0,0.0
2026-07-13 12:55:00+09:00,0.0,0.0,0.0
2026-07-13 13:00:00+09:00,-0.0005216675478408781,1.0,1.0
2026-07-13 13:05:00+09:00,-6.313904621074779e-05,0.0,0.91304012345679
2026-07-13 13:10:00+09:00,-9.88148834758888e-05,0.0,0.9256172839506173
2026-07-13 13:15:00+09:00,-0.00020612675891117782,0.0,0.9316358024691358
2026-07-13 13:20:00+09:00,0.0002025163926201045,0.0,0.9628086419753086
2026-07-13 13:25:00+09:00,4.228555915768663e-05,0.0,0.9439043209876543
2026-07-13 13:30:00+09:00,-0.00019253086419753087,0.9626543209876544,0.0
2026-07-13 13:35:00+09:00,-6.219135802469136e-06,0.03109567901234568,0.0
2026-07-13 13:40:00+09:00,-1.25e-06,0.00625,0.0
2026-07-13 13:45:00+09:00,0.0,0.0,0.0
2026-07-13 13:50:00+09:00,0.0,0.0,0.0
2026-07-13 13:55:00+09:00,0.0,0.0,0.0
2026-07-13 14:00:00+09:00,0.0,0.0,0.0
2026-07-13 14:05:00+09:00,0.0,0.0,0.0
2026-07-13 14:10:00+09:00,0.0,0.0,0.0
2026-07-13 14:15:00+09:00,0.0,0.0,0.0
2026-07-13 14:20:00+09:00,0.0,0.0,0.0
2026-07-13 14:25:00+09:00,0.0,0.0,0.0
2026-07-13 14:30:00+09:00,0.0,0.0,0.0
2026-07-13 14:35:00+09:00,0.0,0.0,0.0
2026-07-13 14:40:00+09:00,0.0,0.0,0.0
2026-07-13 14:45:00+09:00,0.0,0.0,0.0
2026-07-13 14:50:00+09:00,0.0,0.0,0.0
2026-07-13 14:55:00+09:00,0.0,0.0,0.0
2026-07-13 15:00:00+09:00,0.0,0.0,0.0
2026-07-13 15:05:00+09:00,0.0,0.0,0.0
2026-07-13 15:10:00+09:00,0.0,0.0,0.0
2026-07-13 15:15:00+09:00,0.0,0.0,0.0
2026-07-13 15:20:00+09:00,0.0,0.0,0.0
2026-07-14 09:00:00+09:00,0.0,0.0,0.0
2026-07-14 09:05:00+09:00,0.0,0.0,0.0
2026-07-14 09:10:00+09:00,0.0,0.0,0.0
2026-07-14 09:15:00+09:00,0.0,0.0,0.0
2026-07-14 09:20:00+09:00,0.0,0.0,0.0
2026-07-14 09:25:00+09:00,0.0,0.0,0.0
2026-07-14 09:30:00+09:00,-6.979757124277092e-05,1.0,1.0
2026-07-14 09:35:00+09:00,0.0004303287294498381,0.0,0.9817073170731708
2026-07-14 09:40:00+09:00,-0.00036207001017515464,0.0,0.9878783426388482
2026-07-14 09:45:00+09:00,-0.0007181420122688097,0.0,0.9636350279165444
2026-07-14 09:50:00+09:00,-0.001299963692834067,0.0,0.981854246253306
2026-07-14 09:55:00+09:00,5.152591902630039e-05,0.0,0.981854246253306
2026-07-14 10:00:00+09:00,-0.00018783426388480754,0.9391713194240376,0.0
2026-07-14 10:05:00+09:00,-9.726711724948575e-06,0.048633558624742876,0.0
2026-07-14 10:10:00+09:00,-1.2195121951219514e-06,0.006097560975609756,0.0
2026-07-14 10:15:00+09:00,-1.2195121951219514e-06,0.006097560975609756,0.0
2026-07-14 10:20:00+09:00,0.0,0.0,0.0
2026-07-14 10:25:00+09:00,0.0,0.0,0.0
2026-07-14 10:30:00+09:00,0.0,0.0,0.0
2026-07-14 10:35:00+09:00,0.0,0.0,0.0
2026-07-14 10:40:00+09:00,0.0,0.0,0.0
2026-07-14 10:45:00+09:00,0.0,0.0,0.0
2026-07-14 10:50:00+09:00,0.0,0.0,0.0
2026-07-14 10:55:00+09:00,0.0,0.0,0.0
2026-07-14 11:00:00+09:00,0.0,0.0,0.0
2026-07-14 11:05:00+09:00,0.0,0.0,0.0
2026-07-14 11:10:00+09:00,0.0,0.0,0.0
2026-07-14 11:15:00+09:00,0.0,0.0,0.0
2026-07-14 11:20:00+09:00,0.0,0.0,0.0
2026-07-14 11:25:00+09:00,0.0,0.0,0.0
2026-07-14 12:30:00+09:00,0.0,0.0,0.0
2026-07-14 12:35:00+09:00,0.0,0.0,0.0
2026-07-14 12:40:00+09:00,0.0,0.0,0.0
2026-07-14 12:45:00+09:00,0.0,0.0,0.0
2026-07-14 12:50:00+09:00,0.0,0.0,0.0
2026-07-14 12:55:00+09:00,0.0,0.0,0.0
2026-07-14 13:00:00+09:00,-0.0002788455941555436,1.0,1.0
2026-07-14 13:05:00+09:00,0.00021885530215516239,0.0,0.9627314814814814
2026-07-14 13:10:00+09:00,-4.55129152673666e-05,0.0,0.9317129629629629
2026-07-14 13:15:00+09:00,4.016993652995023e-05,0.0,0.8882716049382715
2026-07-14 13:20:00+09:00,-0.0001209602970124333,0.0,0.9503086419753086
2026-07-14 13:25:00+09:00,-3.129339153011304e-05,0.0,0.8695216049382716
2026-07-14 13:30:00+09:00,-0.00019506172839506175,0.9753086419753086,0.0
2026-07-14 13:35:00+09:00,-3.7037037037037037e-06,0.018518518518518517,0.0
2026-07-14 13:40:00+09:00,0.0,0.0,0.0
2026-07-14 13:45:00+09:00,-1.234567901234568e-06,0.006172839506172839,0.0
2026-07-14 13:50:00+09:00,0.0,0.0,0.0
2026-07-14 13:55:00+09:00,0.0,0.0,0.0
2026-07-14 14:00:00+09:00,0.0,0.0,0.0
2026-07-14 14:05:00+09:00,0.0,0.0,0.0
2026-07-14 14:10:00+09:00,0.0,0.0,0.0
2026-07-14 14:15:00+09:00,0.0,0.0,0.0
2026-07-14 14:20:00+09:00,0.0,0.0,0.0
2026-07-14 14:25:00+09:00,0.0,0.0,0.0
2026-07-14 14:30:00+09:00,0.0,0.0,0.0
2026-07-14 14:35:00+09:00,0.0,0.0,0.0
2026-07-14 14:40:00+09:00,0.0,0.0,0.0
2026-07-14 14:45:00+09:00,0.0,0.0,0.0
2026-07-14 14:50:00+09:00,0.0,0.0,0.0
2026-07-14 14:55:00+09:00,0.0,0.0,0.0
2026-07-14 15:00:00+09:00,0.0,0.0,0.0
2026-07-14 15:05:00+09:00,0.0,0.0,0.0
2026-07-14 15:10:00+09:00,0.0,0.0,0.0
2026-07-14 15:15:00+09:00,0.0,0.0,0.0
2026-07-14 15:20:00+09:00,0.0,0.0,0.0
2026-07-15 09:00:00+09:00,0.0,0.0,0.0
2026-07-15 09:05:00+09:00,0.0,0.0,0.0
2026-07-15 09:10:00+09:00,0.0,0.0,0.0
2026-07-15 09:15:00+09:00,0.0,0.0,0.0
2026-07-15 09:20:00+09:00,0.0,0.0,0.0
2026-07-15 09:25:00+09:00,0.0,0.0,0.0
2026-07-15 09:30:00+09:00,-0.00015292334142230995,1.0,1.0
2026-07-15 09:35:00+09:00,-6.131374643362124e-05,0.0,0.9816320385426076
2026-07-15 09:40:00+09:00,-3.25886974389262e-05,0.0,0.9509936766034326
2026-07-15 09:45:00+09:00,3.5040404504021705e-05,0.0,0.969361638060825
2026-07-15 09:50:00+09:00,8.720675243766069e-05,0.0,0.944971394158386
2026-07-15 09:55:00+09:00,0.0003050095203421241,0.0,1.0
2026-07-15 10:00:00+09:00,-0.00019509183980728696,0.9754591990364347,0.0
2026-07-15 10:05:00+09:00,-4.9081601927130386e-06,0.02454080096356519,0.0
2026-07-15 10:10:00+09:00,0.0,0.0,0.0
2026-07-15 10:15:00+09:00,0.0,0.0,0.0
2026-07-15 10:20:00+09:00,0.0,0.0,0.0
2026-07-15 10:25:00+09:00,0.0,0.0,0.0
2026-07-15 10:30:00+09:00,0.0,0.0,0.0
2026-07-15 10:35:00+09:00,0.0,0.0,0.0
2026-07-15 10:40:00+09:00,0.0,0.0,0.0
2026-07-15 10:45:00+09:00,0.0,0.0,0.0
2026-07-15 10:50:00+09:00,0.0,0.0,0.0
2026-07-15 10:55:00+09:00,0.0,0.0,0.0
2026-07-15 11:00:00+09:00,0.0,0.0,0.0
2026-07-15 11:05:00+09:00,0.0,0.0,0.0
2026-07-15 11:10:00+09:00,0.0,0.0,0.0
2026-07-15 11:15:00+09:00,0.0,0.0,0.0
2026-07-15 11:20:00+09:00,0.0,0.0,0.0
2026-07-15 11:25:00+09:00,0.0,0.0,0.0
2026-07-15 12:30:00+09:00,0.0,0.0,0.0
2026-07-15 12:35:00+09:00,0.0,0.0,0.0
2026-07-15 12:40:00+09:00,0.0,0.0,0.0
2026-07-15 12:45:00+09:00,0.0,0.0,0.0
2026-07-15 12:50:00+09:00,0.0,0.0,0.0
2026-07-15 12:55:00+09:00,0.0,0.0,0.0
2026-07-15 13:00:00+09:00,-0.0002335527738374525,1.0,1.0
2026-07-15 13:05:00+09:00,-1.4583601181774246e-05,0.0,0.9556962025316456
2026-07-15 13:10:00+09:00,-6.729659026907647e-05,0.0,0.9434335443037976
2026-07-15 13:15:00+09:00,-0.00010181131895962446,0.0,0.886629746835443
2026-07-15 13:20:00+09:00,0.00011891162000377426,0.0,0.9121044303797469
2026-07-15 13:25:00+09:00,-0.00010845649907337214,0.0,0.9058544303797469
2026-07-15 13:30:00+09:00,-0.00017862341772151898,0.893117088607595,0.0
2026-07-15 13:35:00+09:00,-1.3829113924050633e-05,0.06914556962025317,0.0
2026-07-15 13:40:00+09:00,-6.281645569620253e-06,0.03140822784810127,0.0
2026-07-15 13:45:00+09:00,-1.2658227848101265e-06,0.006329113924050633,0.0
2026-07-15 13:50:00+09:00,0.0,0.0,0.0
2026-07-15 13:55:00+09:00,0.0,0.0,0.0
2026-07-15 14:00:00+09:00,0.0,0.0,0.0
2026-07-15 14:05:00+09:00,0.0,0.0,0.0
2026-07-15 14:10:00+09:00,0.0,0.0,0.0
2026-07-15 14:15:00+09:00,0.0,0.0,0.0
2026-07-15 14:20:00+09:00,0.0,0.0,0.0
2026-07-15 14:25:00+09:00,0.0,0.0,0.0
2026-07-15 14:30:00+09:00,0.0,0.0,0.0
2026-07-15 14:35:00+09:00,0.0,0.0,0.0
2026-07-15 14:40:00+09:00,0.0,0.0,0.0
2026-07-15 14:45:00+09:00,0.0,0.0,0.0
2026-07-15 14:50:00+09:00,0.0,0.0,0.0
2026-07-15 14:55:00+09:00,0.0,0.0,0.0
2026-07-15 15:00:00+09:00,0.0,0.0,0.0
2026-07-15 15:05:00+09:00,0.0,0.0,0.0
2026-07-15 15:10:00+09:00,0.0,0.0,0.0
2026-07-15 15:15:00+09:00,0.0,0.0,0.0
2026-07-15 15:20:00+09:00,0.0,0.0,0.0
2026-07-16 09:00:00+09:00,0.0,0.0,0.0
2026-07-16 09:05:00+09:00,0.0,0.0,0.0
2026-07-16 09:10:00+09:00,0.0,0.0,0.0
2026-07-16 09:15:00+09:00,0.0,0.0,0.0
2026-07-16 09:20:00+09:00,0.0,0.0,0.0
2026-07-16 09:25:00+09:00,0.0,0.0,0.0
2026-07-16 09:30:00+09:00,0.0007346276260095047,1.0,1.0
2026-07-16 09:35:00+09:00,0.0005497425457894783,0.0,0.969732588892154
2026-07-16 09:40:00+09:00,-0.00045617641539834114,0.0,0.9757566852776962
2026-07-16 09:45:00+09:00,-0.0002357849228100209,0.0,0.9273435204231559
2026-07-16 09:50:00+09:00,0.0003449925114521251,0.0,0.981854246253306
2026-07-16 09:55:00+09:00,0.00038466284741752176,0.0,0.9577578607111372
2026-07-16 10:00:00+09:00,-0.00019757566852776962,0.9878783426388481,0.0
2026-07-16 10:05:00+09:00,-1.2048192771084338e-06,0.006024096385542169,0.0
2026-07-16 10:10:00+09:00,-1.2195121951219514e-06,0.006097560975609756,0.0
2026-07-16 10:15:00+09:00,0.0,0.0,0.0
2026-07-16 10:20:00+09:00,0.0,0.0,0.0
2026-07-16 10:25:00+09:00,0.0,0.0,0.0
2026-07-16 10:30:00+09:00,0.0,0.0,0.0
2026-07-16 10:35:00+09:00,0.0,0.0,0.0
2026-07-16 10:40:00+09:00,0.0,0.0,0.0
2026-07-16 10:45:00+09:00,0.0,0.0,0.0
2026-07-16 10:50:00+09:00,0.0,0.0,0.0
2026-07-16 10:55:00+09:00,0.0,0.0,0.0
2026-07-16 11:00:00+09:00,0.0,0.0,0.0
2026-07-16 11:05:00+09:00,0.0,0.0,0.0
2026-07-16 11:10:00+09:00,0.0,0.0,0.0
2026-07-16 11:15:00+09:00,0.0,0.0,0.0
2026-07-16 11:20:00+09:00,0.0,0.0,0.0
2026-07-16 11:25:00+09:00,0.0,0.0,0.0
2026-07-16 12:30:00+09:00,0.0,0.0,0.0
2026-07-16 12:35:00+09:00,0.0,0.0,0.0
2026-07-16 12:40:00+09:00,0.0,0.0,0.0
2026-07-16 12:45:00+09:00,0.0,0.0,0.0
2026-07-16 12:50:00+09:00,0.0,0.0,0.0
2026-07-16 12:55:00+09:00,0.0,0.0,0.0
2026-07-16 13:00:00+09:00,-0.00012140129607809338,1.0,1.0000000000000002
2026-07-16 13:05:00+09:00,6.584207686222824e-05,0.0,0.9208786364972085
2026-07-16 13:10:00+09:00,-0.00011021073334805378,0.0,0.9028063473405818
2026-07-16 13:15:00+09:00,-0.00027373921782422914,0.0,0.89068468997943
2026-07-16 13:20:00+09:00,-5.7257441221687025e-05,0.0,0.9269027328827506
2026-07-16 13:25:00+09:00,0.00010305285224439536,0.0,0.9390243902439025
2026-07-16 13:30:00+09:00,-0.00017819570966794008,0.8909785483397002,0.0
2026-07-16 13:35:00+09:00,-2.0584778136937997e-05,0.10292389068468999,0.0
2026-07-16 13:40:00+09:00,0.0,0.0,0.0
2026-07-16 13:45:00+09:00,0.0,0.0,0.0
2026-07-16 13:50:00+09:00,-1.2195121951219514e-06,0.006097560975609756,0.0
2026-07-16 13:55:00+09:00,0.0,0.0,0.0
2026-07-16 14:00:00+09:00,0.0,0.0,0.0
2026-07-16 14:05:00+09:00,0.0,0.0,0.0
2026-07-16 14:10:00+09:00,0.0,0.0,0.0
2026-07-16 14:15:00+09:00,0.0,0.0,0.0
2026-07-16 14:20:00+09:00,0.0,0.0,0.0
2026-07-16 14:25:00+09:00,0.0,0.0,0.0
2026-07-16 14:30:00+09:00,0.0,0.0,0.0
2026-07-16 14:35:00+09:00,0.0,0.0,0.0
2026-07-16 14:40:00+09:00,0.0,0.0,0.0
2026-07-16 14:45:00+09:00,0.0,0.0,0.0
2026-07-16 14:50:00+09:00,0.0,0.0,0.0
2026-07-16 14:55:00+09:00,0.0,0.0,0.0
2026-07-16 15:00:00+09:00,0.0,0.0,0.0
2026-07-16 15:05:00+09:00,0.0,0.0,0.0
2026-07-16 15:10:00+09:00,0.0,0.0,0.0
2026-07-16 15:15:00+09:00,0.0,0.0,0.0
2026-07-16 15:20:00+09:00,0.0,0.0,0.0
2026-07-17 09:00:00+09:00,0.0,0.0,0.0
2026-07-17 09:05:00+09:00,0.0,0.0,0.0
2026-07-17 09:10:00+09:00,0.0,0.0,0.0
2026-07-17 09:15:00+09:00,0.0,0.0,0.0
2026-07-17 09:20:00+09:00,0.0,0.0,0.0
2026-07-17 09:25:00+09:00,0.0,0.0,0.0
2026-07-17 09:30:00+09:00,-0.0003313141835543477,1.0,1.0
2026-07-17 09:35:00+09:00,0.0007470758375553087,0.0,0.9939024390243903
2026-07-17 09:40:00+09:00,-0.0015537519122832003,0.0,0.9878783426388482
2026-07-17 09:45:00+09:00,-0.0006757339590730697,0.0,0.981854246253306
2026-07-17 09:50:00+09:00,0.0009113012823905921,0.0,0.9757566852776962
2026-07-17 09:55:00+09:00,0.0006834908527385548,0.0,0.9879518072289157
2026-07-17 10:00:00+09:00,-0.00019394651777843082,0.969732588892154,0.0
2026-07-17 10:05:00+09:00,-6.053482221569204e-06,0.030267411107846018,0.0
2026-07-17 10:10:00+09:00,0.0,0.0,0.0
2026-07-17 10:15:00+09:00,0.0,0.0,0.0
2026-07-17 10:20:00+09:00,0.0,0.0,0.0
2026-07-17 10:25:00+09:00,0.0,0.0,0.0
2026-07-17 10:30:00+09:00,0.0,0.0,0.0
2026-07-17 10:35:00+09:00,0.0,0.0,0.0
2026-07-17 10:40:00+09:00,0.0,0.0,0.0
2026-07-17 10:45:00+09:00,0.0,0.0,0.0
2026-07-17 10:50:00+09:00,0.0,0.0,0.0
2026-07-17 10:55:00+09:00,0.0,0.0,0.0
2026-07-17 11:00:00+09:00,0.0,0.0,0.0
2026-07-17 11:05:00+09:00,0.0,0.0,0.0
2026-07-17 11:10:00+09:00,0.0,0.0,0.0
2026-07-17 11:15:00+09:00,0.0,0.0,0.0
2026-07-17 11:20:00+09:00,0.0,0.0,0.0
2026-07-17 11:25:00+09:00,0.0,0.0,0.0
2026-07-17 12:30:00+09:00,0.0,0.0,0.0
2026-07-17 12:35:00+09:00,0.0,0.0,0.0
2026-07-17 12:40:00+09:00,0.0,0.0,0.0
2026-07-17 12:45:00+09:00,0.0,0.0,0.0
2026-07-17 12:50:00+09:00,0.0,0.0,0.0
2026-07-17 12:55:00+09:00,0.0,0.0,0.0
2026-07-17 13:00:00+09:00,-0.00016292284434393312,1.0,1.0
2026-07-17 13:05:00+09:00,0.00039947318614329974,0.0,0.9879518072289157
2026-07-17 13:10:00+09:00,0.0002273910793807827,0.0,0.9759036144578314
2026-07-17 13:15:00+09:00,0.0002740490240157384,0.0,0.9819277108433735
2026-07-17 13:20:00+09:00,6.095782028064226e-05,0.0,0.9880235226620768
2026-07-17 13:25:00+09:00,-1.990836461651844e-05,0.0,0.9939759036144578
2026-07-17 13:30:00+09:00,-0.00019639988525530693,0.9819994262765347,0.0
2026-07-17 13:35:00+09:00,-3.600114744693058e-06,0.01800057372346529,0.0
2026-07-17 13:40:00+09:00,0.0,0.0,0.0
2026-07-17 13:45:00+09:00,0.0,0.0,0.0
2026-07-17 13:50:00+09:00,0.0,0.0,0.0
2026-07-17 13:55:00+09:00,0.0,0.0,0.0
2026-07-17 14:00:00+09:00,0.0,0.0,0.0
2026-07-17 14:05:00+09:00,0.0,0.0,0.0
2026-07-17 14:10:00+09:00,0.0,0.0,0.0
2026-07-17 14:15:00+09:00,0.0,0.0,0.0
2026-07-17 14:20:00+09:00,0.0,0.0,0.0
2026-07-17 14:25:00+09:00,0.0,0.0,0.0
2026-07-17 14:30:00+09:00,0.0,0.0,0.0
2026-07-17 14:35:00+09:00,0.0,0.0,0.0
2026-07-17 14:40:00+09:00,0.0,0.0,0.0
2026-07-17 14:45:00+09:00,0.0,0.0,0.0
2026-07-17 14:50:00+09:00,0.0,0.0,0.0
2026-07-17 14:55:00+09:00,0.0,0.0,0.0
2026-07-17 15:00:00+09:00,0.0,0.0,0.0
2026-07-17 15:05:00+09:00,0.0,0.0,0.0
2026-07-17 15:10:00+09:00,0.0,0.0,0.0
2026-07-17 15:15:00+09:00,0.0,0.0,0.0
2026-07-17 15:20:00+09:00,0.0,0.0,0.0
