timestamp,net_return,turnover,gross_exposure,fold
2026-06-29 09:00:00+09:00,0.0,0.0,0.0,0
2026-06-29 09:01:00+09:00,0.0,0.0,0.0,0
2026-06-29 09:02:00+09:00,0.0,0.0,0.0,0
2026-06-29 09:03:00+09:00,0.0,0.0,0.0,0
2026-06-29 09:04:00+09:00,0.0,0.0,0.0,0
2026-06-29 09:05:00+09:00,0.0,0.0,0.0,0
2026-06-29 09:06:00+09:00,0.0,0.0,0.0,0
2026-06-29 09:07:00+09:00,0.0,0.0,0.0,0
2026-06-29 09:08:00+09:00,0.0,0.0,0.0,0
2026-06-29 09:09:00+09:00,0.0,0.0,0.0,0
2026-06-29 09:10:00+09:00,0.0,0.0,0.0,0
2026-06-29 09:11:00+09:00,0.0,0.0,0.0,0
2026-06-29 09:12:00+09:00,0.0,0.0,0.0,0
2026-06-29 09:13:00+09:00,0.0,0.0,0.0,0
2026-06-29 09:14:00+09:00,0.0,0.0,0.0,0
2026-06-29 09:15:00+09:00,-0.00028958366295380784,0.8063701923076924,0.8063701923076924,0
2026-06-29 09:16:00+09:00,6.992619826863243e-07,0.05420673076923077,0.7521634615384616,0
2026-06-29 09:17:00+09:00,-7.897412659419703e-05,0.07764423076923077,0.7057692307692307,0
2026-06-29 09:18:00+09:00,0.0003584041031153261,0.03858173076923077,0.7135817307692308,0
2026-06-29 09:19:00+09:00,0.00027122121319719816,0.06959134615384616,0.7057692307692307,0
2026-06-29 09:20:00+09:00,0.0004654240434485628,0.09326923076923077,0.7524038461538463,0
2026-06-29 09:21:00+09:00,0.00029840859042852915,0.08533653846153846,0.7137019230769232,0
2026-06-29 09:22:00+09:00,-0.00016271505209492607,0.06959134615384616,0.7058894230769232,0
2026-06-29 09:23:00+09:00,5.7899270228293154e-05,0.05420673076923077,0.7293269230769232,0
2026-06-29 09:24:00+09:00,0.0004026128907178801,0.10084134615384616,0.7679086538461539,0
2026-06-29 09:25:00+09:00,-0.00024291129190199284,0.08521634615384616,0.6983173076923077,0
2026-06-29 09:26:00+09:00,-2.6348773855048688e-05,0.054086538461538464,0.675,0
2026-06-29 09:27:00+09:00,0.00021569167741441756,0.06983173076923077,0.6981971153846154,0
2026-06-29 09:28:00+09:00,0.0003944753114802148,0.10829326923076923,0.7757211538461539,0
2026-06-29 09:29:00+09:00,5.2187988626908054e-05,0.05432692307692308,0.7990384615384616,0
2026-06-29 09:30:00+09:00,0.00045667910396859294,0.06201923076923077,0.7836538461538461,0
2026-06-29 09:31:00+09:00,0.00015389836803775877,0.046274038461538464,0.7837740384615385,0
2026-06-29 09:32:00+09:00,8.181390026627553e-05,0.09266826923076923,0.7685096153846154,0
2026-06-29 09:33:00+09:00,0.00012541896119191867,0.06971153846153846,0.7918269230769232,0
2026-06-29 09:34:00+09:00,0.00013224086679814836,0.053966346153846156,0.8147836538461539,0
2026-06-29 09:35:00+09:00,7.924786746378737e-05,0.12379807692307693,0.7835336538461539,0
2026-06-29 09:36:00+09:00,0.00010208252713258007,0.10805288461538462,0.7526442307692307,0
2026-06-29 09:37:00+09:00,1.5202488908676455e-05,0.015384615384615385,0.7680288461538463,0
2026-06-29 09:38:00+09:00,9.157881944313909e-05,0.054447115384615385,0.8068509615384616,0
2026-06-29 09:39:00+09:00,-0.0005202717762647002,0.13088942307692308,0.8454326923076924,0
2026-06-29 09:40:00+09:00,-0.00031001577583479183,0.046274038461538464,0.8299278846153846,0
2026-06-29 09:41:00+09:00,-0.00024335220144144966,0.08509615384615385,0.7914663461538461,0
2026-06-29 09:42:00+09:00,-0.00032179483643584054,0.10817307692307693,0.7453125,0
2026-06-29 09:43:00+09:00,-0.00010660499641786693,0.06947115384615385,0.7373798076923077,0
2026-06-29 09:44:00+09:00,-3.3896356484906477e-05,0.13149038461538462,0.6832932692307692,0
2026-06-29 09:45:00+09:00,0.00019360018223866862,0.11586538461538462,0.7061298076923077,0
2026-06-29 09:46:00+09:00,-6.305908881206712e-05,0.10060096153846154,0.6829326923076924,0
2026-06-29 09:47:00+09:00,-9.332133037163555e-05,0.12379807692307693,0.6824519230769232,0
2026-06-29 09:48:00+09:00,-0.00036267918530326826,0.07704326923076923,0.6518028846153847,0
2026-06-29 09:49:00+09:00,3.53675127168411e-05,0.06959134615384616,0.6132211538461538,0
2026-06-29 09:50:00+09:00,-0.0003779937573915376,0.10865384615384616,0.6600961538461538,0
2026-06-29 09:51:00+09:00,-0.0003380356663149038,0.06959134615384616,0.6520432692307692,0
2026-06-29 09:52:00+09:00,-0.00015669460080223685,0.061778846153846156,0.6366586538461538,0
2026-06-29 09:53:00+09:00,-0.00010170074323487793,0.07716346153846154,0.6984375,0
2026-06-29 09:54:00+09:00,0.00010345823423645885,0.06959134615384616,0.6600961538461538,0
2026-06-29 09:55:00+09:00,-0.00011820443111613671,0.07704326923076923,0.7217548076923077,0
2026-06-29 09:56:00+09:00,-0.00022424707552186124,0.14711538461538462,0.6212740384615385,0
2026-06-29 09:57:00+09:00,-0.00011760984297851848,0.07752403846153846,0.6055288461538462,0
2026-06-29 09:58:00+09:00,-0.00024729938710261573,0.023317307692307693,0.5975961538461538,0
2026-06-29 09:59:00+09:00,0.00017089697031053973,0.14759615384615385,0.6675480769230769,0
2026-06-29 10:00:00+09:00,-5.9998645291506526e-05,0.08509615384615385,0.721875,0
2026-06-29 10:01:00+09:00,-0.0001077419700643581,0.10048076923076923,0.6521634615384616,0
2026-06-29 10:02:00+09:00,-6.61535899052749e-05,0.06971153846153846,0.6288461538461538,0
2026-06-29 10:03:00+09:00,-7.951786563417033e-05,0.015504807692307693,0.6289663461538462,0
2026-06-29 10:04:00+09:00,7.580902513549856e-05,0.13173076923076923,0.6210336538461538,0
2026-06-29 10:05:00+09:00,-4.135369394099436e-05,0.07728365384615385,0.6829326923076924,0
2026-06-29 10:06:00+09:00,-7.334526092995737e-05,0.061778846153846156,0.6829326923076924,0
2026-06-29 10:07:00+09:00,-0.00020571388926215483,0.07752403846153846,0.7294471153846154,0
2026-06-29 10:08:00+09:00,-0.00038807730980276793,0.12391826923076923,0.7290865384615385,0
2026-06-29 10:09:00+09:00,6.239979418777233e-06,0.1390625,0.6828125,0
2026-06-29 10:10:00+09:00,2.7309581767716828e-05,0.07752403846153846,0.6209134615384616,0
2026-06-29 10:11:00+09:00,0.0001551049571385422,0.054447115384615385,0.6441105769230769,0
2026-06-29 10:12:00+09:00,6.144904062038106e-05,0.08497596153846154,0.6670673076923077,0
2026-06-29 10:13:00+09:00,-4.468409889510499e-05,0.10805288461538462,0.6518028846153846,0
2026-06-29 10:14:00+09:00,2.6514227944154814e-05,0.061899038461538464,0.6055288461538462,0
2026-06-29 10:15:00+09:00,0.000133317523196142,0.031009615384615385,0.5899038461538462,0
2026-06-29 10:16:00+09:00,0.00019551299380119263,0.09278846153846154,0.6206730769230769,0
2026-06-29 10:17:00+09:00,3.723415090972246e-05,0.1625,0.6591346153846154,0
2026-06-29 10:18:00+09:00,-4.844147760074979e-05,0.03870192307692308,0.6516826923076924,0
2026-06-29 10:19:00+09:00,-0.00013928570254824745,0.06983173076923077,0.6597355769230769,0
2026-06-29 10:20:00+09:00,7.08786898919152e-05,0.10841346153846154,0.6751201923076924,0
2026-06-29 10:21:00+09:00,0.00010685770354996253,0.11610576923076923,0.6359375,0
2026-06-29 10:22:00+09:00,-5.904240865315005e-05,0.09314903846153846,0.5584134615384615,0
2026-06-29 10:23:00+09:00,-0.00017454071362960294,0.05420673076923077,0.5816105769230769,0
2026-06-29 10:24:00+09:00,1.6542122229231743e-05,0.10072115384615385,0.6205528846153846,0
2026-06-29 10:25:00+09:00,-0.0003586305344842674,0.13966346153846154,0.6828125,0
2026-06-29 10:26:00+09:00,0.00011605180476465532,0.09266826923076923,0.6209134615384615,0
2026-06-29 10:27:00+09:00,0.0001119332337293756,0.038822115384615385,0.6597355769230769,0
2026-06-29 10:28:00+09:00,0.00020187432490428078,0.08521634615384616,0.713701923076923,0
2026-06-29 10:29:00+09:00,0.0001721932301309359,0.1545673076923077,0.7754807692307693,0
2026-06-29 10:30:00+09:00,-6.949275169979143e-06,0.11646634615384616,0.737139423076923,0
2026-06-29 10:31:00+09:00,-0.000357900228747567,0.09302884615384616,0.6594951923076923,0
2026-06-29 10:32:00+09:00,-2.4721008257243406e-06,0.13149038461538462,0.5743990384615385,0
2026-06-29 10:33:00+09:00,9.423808436853224e-06,0.031009615384615385,0.6054086538461538,0
2026-06-29 10:34:00+09:00,-0.0004141902838090215,0.09302884615384616,0.6522836538461538,0
2026-06-29 10:35:00+09:00,-0.0003230035033051116,0.1546875,0.7451923076923077,0
2026-06-29 10:36:00+09:00,0.00020482678725005743,0.09314903846153846,0.6830528846153846,0
2026-06-29 10:37:00+09:00,1.3897106310117672e-05,0.11610576923076923,0.6751201923076924,0
2026-06-29 10:38:00+09:00,-3.8402722301300554e-05,0.06959134615384616,0.6362980769230769,0
2026-06-29 10:39:00+09:00,-0.00019661705302071722,0.09302884615384616,0.6362980769230769,0
2026-06-29 10:40:00+09:00,0.00015304487582132903,0.15504807692307693,0.5745192307692308,0
2026-06-29 10:41:00+09:00,3.6061429159249075e-06,0.08545673076923077,0.5977163461538462,0
2026-06-29 10:42:00+09:00,-6.760112656965526e-05,0.038822115384615385,0.6055288461538462,0
2026-06-29 10:43:00+09:00,-0.00014709547703455753,0.15492788461538462,0.7138221153846154,0
2026-06-29 10:44:00+09:00,5.3809093726338186e-05,0.07728365384615385,0.6985576923076923,0
2026-06-29 10:45:00+09:00,0.00013596400570767595,0.10096153846153846,0.6444711538461538,0
2026-06-29 10:46:00+09:00,0.00013094297566340198,0.061778846153846156,0.5980769230769232,0
2026-06-29 10:47:00+09:00,5.863782770612314e-05,0.06995192307692308,0.6211538461538462,0
2026-06-29 10:48:00+09:00,-6.1431592482698e-05,0.06971153846153846,0.6134615384615385,0
2026-06-29 10:49:00+09:00,-9.339276035060807e-05,0.1546875,0.6443509615384615,0
2026-06-29 10:50:00+09:00,0.00023557288223462468,0.14735576923076923,0.6210336538461538,0
2026-06-29 10:51:00+09:00,1.701567849319581e-05,0.10048076923076923,0.5823317307692308,0
2026-06-29 10:52:00+09:00,0.000105456075318087,0.10817307692307693,0.6284855769230769,0
2026-06-29 10:53:00+09:00,-6.93926627441635e-05,0.06971153846153846,0.5897836538461538,0
2026-06-29 10:54:00+09:00,-4.815033716300089e-05,0.061778846153846156,0.5897836538461538,0
2026-06-29 10:55:00+09:00,-3.427107804557847e-06,0.12415865384615385,0.5896634615384615,0
2026-06-29 10:56:00+09:00,0.00020155291894228663,0.09290865384615385,0.6056490384615385,0
2026-06-29 10:57:00+09:00,-5.0211580275167534e-05,0.08521634615384616,0.5975961538461538,0
2026-06-29 10:58:00+09:00,0.00019122535775127375,0.07752403846153846,0.6597355769230769,0
2026-06-29 10:59:00+09:00,0.00016937725620339692,0.19375,0.7604567307692307,0
2026-06-29 11:00:00+09:00,0.00010733262027202142,0.1856971153846154,0.7139423076923077,0
2026-06-29 11:01:00+09:00,-0.0001530286991528292,0.061778846153846156,0.6521634615384615,0
2026-06-29 11:02:00+09:00,5.795991587134616e-05,0.12427884615384616,0.6055288461538462,0
2026-06-29 11:03:00+09:00,-7.594010730460313e-05,0.10096153846153846,0.6442307692307693,0
2026-06-29 11:04:00+09:00,6.747141695415422e-05,0.07728365384615385,0.5977163461538462,0
2026-06-29 11:05:00+09:00,0.0001784964841913919,0.10096153846153846,0.5900240384615385,0
2026-06-29 11:06:00+09:00,0.00012732904998366602,0.10817307692307693,0.5436298076923077,0
2026-06-29 11:07:00+09:00,-0.000203389490212872,0.06995192307692308,0.5669471153846154,0
2026-06-29 11:08:00+09:00,-8.697813508906697e-05,0.061899038461538464,0.5975961538461538,0
2026-06-29 11:09:00+09:00,-8.578606922994808e-05,0.10072115384615385,0.6516826923076924,0
2026-06-29 11:10:00+09:00,0.00010306710684215382,0.10072115384615385,0.7057692307692307,0
2026-06-29 11:11:00+09:00,-5.492135982160433e-06,0.11610576923076923,0.7134615384615385,0
2026-06-29 11:12:00+09:00,2.985782460393904e-05,0.1546875,0.6210336538461538,0
2026-06-29 11:13:00+09:00,2.5138543258046505e-05,0.07764423076923077,0.6364182692307693,0
2026-06-29 11:14:00+09:00,-8.967353870862418e-05,0.07728365384615385,0.6211538461538462,0
2026-06-29 11:15:00+09:00,-0.00044944698240163643,0.14723557692307693,0.6443509615384615,0
2026-06-29 11:16:00+09:00,1.6422615154655174e-05,0.06995192307692308,0.6366586538461538,0
2026-06-29 11:17:00+09:00,-2.7594924772337023e-05,0.06201923076923077,0.6366586538461538,0
2026-06-29 11:18:00+09:00,5.8415380901576606e-05,0.13185096153846154,0.5980769230769232,0
2026-06-29 11:19:00+09:00,-0.00019443233562382395,0.061899038461538464,0.6135817307692308,0
2026-06-29 11:20:00+09:00,-0.0001376939207213842,0.09290865384615385,0.5978365384615385,0
2026-06-29 11:21:00+09:00,-9.084295005212814e-05,0.10853365384615385,0.5823317307692307,0
2026-06-29 11:22:00+09:00,3.8289513890521246e-06,0.03870192307692308,0.5746394230769232,0
2026-06-29 11:23:00+09:00,0.00013620754711135078,0.09302884615384616,0.6212740384615385,0
2026-06-29 11:24:00+09:00,-6.174467633212623e-05,0.10060096153846154,0.6754807692307692,0
2026-06-29 11:25:00+09:00,-0.0001957347539786814,0.09254807692307693,0.721875,0
2026-06-29 11:26:00+09:00,-0.0001457641676165066,0.13942307692307693,0.6600961538461538,0
2026-06-29 11:27:00+09:00,-0.0001383672233833911,0.061778846153846156,0.6444711538461538,0
2026-06-29 11:28:00+09:00,1.63605932897061e-05,0.046274038461538464,0.6597355769230769,0
2026-06-29 11:29:00+09:00,-0.0001319471153846154,0.6597355769230769,0.0,0
2026-06-29 11:30:00+09:00,0.0,0.0,0.0,0
2026-06-29 12:30:00+09:00,2.8925284553502433e-05,0.8842548076923077,0.8842548076923078,0
2026-06-29 12:31:00+09:00,0.00021329745922678286,0.13185096153846154,0.7524038461538461,0
2026-06-29 12:32:00+09:00,-2.8111245682904863e-05,0.023197115384615385,0.7292067307692308,0
2026-06-29 12:33:00+09:00,7.593660057240385e-05,0.046274038461538464,0.7447115384615385,0
2026-06-29 12:34:00+09:00,-7.975774181904928e-05,0.11622596153846154,0.7373798076923077,0
2026-06-29 12:35:00+09:00,0.0003164540627943572,0.07716346153846154,0.7217548076923077,0
2026-06-29 12:36:00+09:00,2.044710872946844e-05,0.031009615384615385,0.6907451923076924,0
2026-06-29 12:37:00+09:00,3.619663849991165e-05,0.10084134615384616,0.6831730769230769,0
2026-06-29 12:38:00+09:00,-0.0003189407571380672,0.061899038461538464,0.7140625,0
2026-06-29 12:39:00+09:00,-0.00016185216853877322,0.08509615384615385,0.737139423076923,0
2026-06-29 12:40:00+09:00,-9.84679706434631e-05,0.12415865384615385,0.659375,0
2026-06-29 12:41:00+09:00,0.00015837997529211277,0.06201923076923077,0.64375,0
2026-06-29 12:42:00+09:00,0.0002061469797008242,0.08485576923076923,0.5896634615384615,0
2026-06-29 12:43:00+09:00,-0.00014835152775841714,0.06995192307692308,0.6596153846153847,0
2026-06-29 12:44:00+09:00,-0.00016308182727580592,0.054447115384615385,0.6674278846153847,0
2026-06-29 12:45:00+09:00,-3.2964093858050826e-05,0.2016826923076923,0.6981971153846154,0
2026-06-29 12:46:00+09:00,-0.0001168316728508711,0.12391826923076923,0.6360576923076924,0
2026-06-29 12:47:00+09:00,-5.679384560577367e-05,0.10817307692307693,0.5586538461538462,0
2026-06-29 12:48:00+09:00,7.006869692054683e-05,0.08521634615384616,0.5977163461538462,0
2026-06-29 12:49:00+09:00,-8.511648146136081e-05,0.07764423076923077,0.6445913461538462,0
2026-06-29 12:50:00+09:00,-0.00017862515263259888,0.10853365384615385,0.6754807692307692,0
2026-06-29 12:51:00+09:00,-8.496951363758748e-05,0.11634615384615385,0.6983173076923077,0
2026-06-29 12:52:00+09:00,-8.03517260299444e-05,0.023197115384615385,0.705889423076923,0
2026-06-29 12:53:00+09:00,4.811506135920956e-05,0.13149038461538462,0.7445913461538461,0
2026-06-29 12:54:00+09:00,-0.00020640257456252343,0.21646634615384616,0.6370192307692307,0
2026-06-29 12:55:00+09:00,-0.00010687149125748916,0.09314903846153846,0.5438701923076923,0
2026-06-29 12:56:00+09:00,-7.618554874245564e-05,0.06983173076923077,0.5668269230769232,0
2026-06-29 12:57:00+09:00,4.678189870326959e-05,0.09314903846153846,0.5820913461538462,0
2026-06-29 12:58:00+09:00,-0.00010396167047435077,0.10829326923076923,0.6439903846153846,0
2026-06-29 12:59:00+09:00,0.00010761885986911276,0.12403846153846154,0.6439903846153847,0
2026-06-29 13:00:00+09:00,0.00013678335024354705,0.11622596153846154,0.7448317307692307,0
2026-06-29 13:01:00+09:00,-0.0001318486080429384,0.09290865384615385,0.6826923076923077,0
2026-06-29 13:02:00+09:00,-2.312502905018691e-06,0.1860576923076923,0.6206730769230769,0
2026-06-29 13:03:00+09:00,-0.00011458742217550443,0.046274038461538464,0.6205528846153847,0
2026-06-29 13:04:00+09:00,0.00017011288635040061,0.06959134615384616,0.5817307692307692,0
2026-06-29 13:05:00+09:00,0.00014465431146890172,0.13209134615384616,0.6984375,0
2026-06-29 13:06:00+09:00,-0.00012603341447905156,0.1626201923076923,0.6286057692307692,0
2026-06-29 13:07:00+09:00,-4.913801956267518e-05,0.13942307692307693,0.6288461538461538,0
2026-06-29 13:08:00+09:00,-6.36745446380285e-05,0.062259615384615385,0.5665865384615385,0
2026-06-29 13:09:00+09:00,0.00014095831375487543,0.09302884615384616,0.6129807692307692,0
2026-06-29 13:10:00+09:00,0.0001289739730102674,0.1936298076923077,0.6361778846153846,0
2026-06-29 13:11:00+09:00,1.1859125793002054e-06,0.11646634615384616,0.5665865384615385,0
2026-06-29 13:12:00+09:00,-0.00014741826282164803,0.11646634615384616,0.49675480769230773,0
2026-06-29 13:13:00+09:00,-7.102732830844965e-05,0.10853365384615385,0.5278846153846154,0
2026-06-29 13:14:00+09:00,4.6951471944215456e-05,0.06213942307692308,0.5123798076923077,0
2026-06-29 13:15:00+09:00,-9.148991301422061e-05,0.14711538461538462,0.6131009615384616,0
2026-06-29 13:16:00+09:00,-4.872656364908449e-05,0.10060096153846154,0.5586538461538462,0
2026-06-29 13:17:00+09:00,-1.5746868491645667e-05,0.038822115384615385,0.5664663461538462,0
2026-06-29 13:18:00+09:00,2.7223628170054225e-05,0.07740384615384616,0.6128605769230769,0
2026-06-29 13:19:00+09:00,6.488873904875569e-05,0.13185096153846154,0.6362980769230769,0
2026-06-29 13:20:00+09:00,-6.746944520102293e-05,0.12475961538461539,0.6362980769230769,0
2026-06-29 13:21:00+09:00,4.4246709731806465e-06,0.06201923076923077,0.5899038461538462,0
2026-06-29 13:22:00+09:00,-0.00023908487084213617,0.06959134615384616,0.5977163461538462,0
2026-06-29 13:23:00+09:00,-0.00013787732368708195,0.12451923076923077,0.5979567307692308,0
2026-06-29 13:24:00+09:00,-0.00012163652859115679,0.08509615384615385,0.6207932692307692,0
2026-06-29 13:25:00+09:00,0.00020863705298378827,0.10853365384615385,0.5740384615384615,0
2026-06-29 13:26:00+09:00,5.7032404114758786e-05,0.12415865384615385,0.5118990384615385,0
2026-06-29 13:27:00+09:00,-1.4473940091756668e-05,0.06201923076923077,0.5429086538461538,0
2026-06-29 13:28:00+09:00,8.516690344530708e-05,0.13173076923076923,0.6128605769230769,0
2026-06-29 13:29:00+09:00,6.581787589953603e-05,0.14747596153846154,0.6360576923076924,0
2026-06-29 13:30:00+09:00,-1.5603450817697534e-05,0.13185096153846154,0.5352163461538462,0
2026-06-29 13:31:00+09:00,-1.9867501563875283e-05,0.06971153846153846,0.5275240384615385,0
2026-06-29 13:32:00+09:00,3.942564755865696e-05,0.05432692307692308,0.5044471153846154,0
2026-06-29 13:33:00+09:00,2.6540821857725965e-05,0.08533653846153846,0.5431490384615385,0
2026-06-29 13:34:00+09:00,2.601438020969048e-05,0.11634615384615385,0.5662259615384615,0
2026-06-29 13:35:00+09:00,-2.6937337223478308e-05,0.14711538461538462,0.5741586538461538,0
2026-06-29 13:36:00+09:00,-0.00011314266956950822,0.08533653846153846,0.5667067307692308,0
2026-06-29 13:37:00+09:00,5.23841327268539e-05,0.13185096153846154,0.5899038461538462,0
2026-06-29 13:38:00+09:00,0.00016658309371792078,0.10865384615384616,0.6055288461538462,0
2026-06-29 13:39:00+09:00,-2.7471667428378124e-05,0.09314903846153846,0.5743990384615385,0
2026-06-29 13:40:00+09:00,-9.705369116036713e-06,0.08533653846153846,0.5356971153846154,0
2026-06-29 13:41:00+09:00,3.065764550196719e-05,0.10084134615384616,0.5276442307692308,0
2026-06-29 13:42:00+09:00,-0.00014365681121857006,0.08533653846153846,0.5353365384615385,0
2026-06-29 13:43:00+09:00,2.743280361744839e-05,0.13173076923076923,0.5745192307692307,0
2026-06-29 13:44:00+09:00,-5.3515986766877205e-05,0.07007211538461539,0.5667067307692308,0
2026-06-29 13:45:00+09:00,-8.335502607066453e-05,0.14759615384615385,0.5743990384615385,0
2026-06-29 13:46:00+09:00,-1.6412259957746516e-05,0.08497596153846154,0.5512019230769232,0
2026-06-29 13:47:00+09:00,-6.486553092196726e-05,0.13966346153846154,0.5668269230769232,0
2026-06-29 13:48:00+09:00,-0.00013316096762032835,0.11646634615384616,0.6212740384615385,0
2026-06-29 13:49:00+09:00,2.6884059444030226e-05,0.10072115384615385,0.5513221153846154,0
2026-06-29 13:50:00+09:00,-6.80344849947035e-05,0.06983173076923077,0.5432692307692308,0
2026-06-29 13:51:00+09:00,1.933456658470065e-05,0.06995192307692308,0.5358173076923076,0
2026-06-29 13:52:00+09:00,3.1811335674409016e-05,0.09326923076923077,0.5355769230769231,0
2026-06-29 13:53:00+09:00,6.967499467390314e-06,0.08497596153846154,0.5897836538461538,0
2026-06-29 13:54:00+09:00,3.7646992558975824e-05,0.17055288461538462,0.6206730769230769,0
2026-06-29 13:55:00+09:00,-3.3380639481632234e-05,0.17836538461538462,0.5822115384615385,0
2026-06-29 13:56:00+09:00,-5.955960848079245e-05,0.07740384615384616,0.5512019230769232,0
2026-06-29 13:57:00+09:00,0.00010623849531201582,0.09302884615384616,0.5668269230769232,0
2026-06-29 13:58:00+09:00,-5.3265755037230375e-05,0.10865384615384616,0.6288461538461538,0
2026-06-29 13:59:00+09:00,0.00022689979695003794,0.07728365384615385,0.7061298076923077,0
2026-06-29 14:00:00+09:00,-0.00012735253464179485,0.12391826923076923,0.7216346153846154,0
2026-06-29 14:01:00+09:00,-6.358647144654864e-05,0.13161057692307693,0.7138221153846154,0
2026-06-29 14:02:00+09:00,-6.676441234972526e-05,0.14723557692307693,0.5665865384615385,0
2026-06-29 14:03:00+09:00,1.4060960128437646e-05,0.07007211538461539,0.5741586538461538,0
2026-06-29 14:04:00+09:00,-0.00013026530981926555,0.12415865384615385,0.6055288461538462,0
2026-06-29 14:05:00+09:00,-8.273463455736128e-05,0.14771634615384616,0.5977163461538462,0
2026-06-29 14:06:00+09:00,-9.046568066712279e-05,0.10889423076923077,0.5513221153846154,0
2026-06-29 14:07:00+09:00,-1.4001545512268772e-05,0.07007211538461539,0.5745192307692308,0
2026-06-29 14:08:00+09:00,-6.269000917856668e-06,0.09314903846153846,0.5743990384615385,0
2026-06-29 14:09:00+09:00,4.063723792257261e-05,0.09326923076923077,0.5743990384615385,0
2026-06-29 14:10:00+09:00,6.283457508043647e-05,0.14711538461538462,0.5820913461538462,0
2026-06-29 14:11:00+09:00,-4.298069653480956e-06,0.08509615384615385,0.5746394230769232,0
2026-06-29 14:12:00+09:00,-0.0001103787113150673,0.12415865384615385,0.5747596153846154,0
2026-06-29 14:13:00+09:00,-0.0001531542661543407,0.12427884615384616,0.6057692307692308,0
2026-06-29 14:14:00+09:00,-2.594445785749212e-07,0.10096153846153846,0.5980769230769232,0
2026-06-29 14:15:00+09:00,5.366919355980233e-05,0.06971153846153846,0.6370192307692308,0
2026-06-29 14:16:00+09:00,9.050224503426893e-05,0.08521634615384616,0.5828125,0
2026-06-29 14:17:00+09:00,-4.852359759108458e-05,0.10096153846153846,0.5282451923076923,0
2026-06-29 14:18:00+09:00,2.2562967179831153e-06,0.05432692307692308,0.5515625,0
2026-06-29 14:19:00+09:00,-0.00020035612487295608,0.12391826923076923,0.5665865384615385,0
2026-06-29 14:20:00+09:00,5.4999884516526706e-05,0.14759615384615385,0.5894230769230769,0
2026-06-29 14:21:00+09:00,-1.9615323245801827e-05,0.046634615384615385,0.5584134615384616,0
2026-06-29 14:22:00+09:00,-3.0048930342824793e-05,0.12427884615384616,0.5742788461538462,0
2026-06-29 14:23:00+09:00,-2.115878960271029e-06,0.09314903846153846,0.5900240384615385,0
2026-06-29 14:24:00+09:00,-1.0093123614748542e-05,0.06983173076923077,0.5980769230769232,0
2026-06-29 14:25:00+09:00,2.6058179743451053e-05,0.11622596153846154,0.6366586538461538,0
2026-06-29 14:26:00+09:00,-5.3513521045586974e-05,0.10853365384615385,0.6211538461538462,0
2026-06-29 14:27:00+09:00,4.5572674235153355e-05,0.062259615384615385,0.6365384615384616,0
2026-06-29 14:28:00+09:00,-0.0001309539353694838,0.07752403846153846,0.7140625,0
2026-06-29 14:29:00+09:00,4.485407129562025e-05,0.209375,0.6133413461538462,0
2026-06-29 14:30:00+09:00,-1.5979970880689565e-05,0.09302884615384616,0.5823317307692308,0
2026-06-29 14:31:00+09:00,-0.00010673594530207005,0.04651442307692308,0.5358173076923077,0
2026-06-29 14:32:00+09:00,-0.00013665616768706622,0.10853365384615385,0.5823317307692308,0
2026-06-29 14:33:00+09:00,-0.00010305801103779386,0.09278846153846154,0.6443509615384615,0
2026-06-29 14:34:00+09:00,-0.00018691201143538643,0.10084134615384616,0.6829326923076924,0
2026-06-29 14:35:00+09:00,-4.77751952374605e-05,0.08509615384615385,0.6908653846153847,0
2026-06-29 14:36:00+09:00,-5.0568424519983166e-05,0.13978365384615385,0.5977163461538462,0
2026-06-29 14:37:00+09:00,-0.00012166860950359388,0.08521634615384616,0.6211538461538462,0
2026-06-29 14:38:00+09:00,-9.725254943407014e-05,0.10024038461538462,0.6134615384615385,0
2026-06-29 14:39:00+09:00,-2.8892794320304458e-05,0.10841346153846154,0.6908653846153846,0
2026-06-29 14:40:00+09:00,-7.00285309889025e-05,0.038461538461538464,0.6985576923076924,0
2026-06-29 14:41:00+09:00,-0.00011000413979822135,0.061778846153846156,0.729326923076923,0
2026-06-29 14:42:00+09:00,-0.00015547198735984288,0.14723557692307693,0.7061298076923077,0
2026-06-29 14:43:00+09:00,-2.7454672609761085e-05,0.06201923076923077,0.6594951923076924,0
2026-06-29 14:44:00+09:00,-2.0881975158938556e-05,0.038822115384615385,0.6519230769230769,0
2026-06-29 14:45:00+09:00,-4.968311688030347e-05,0.07764423076923077,0.6675480769230769,0
2026-06-29 14:46:00+09:00,-9.378526686991691e-05,0.10877403846153846,0.6989182692307692,0
2026-06-29 14:47:00+09:00,-0.0001201899270193806,0.09338942307692308,0.6521634615384615,0
2026-06-29 14:48:00+09:00,2.6027599633417918e-05,0.06947115384615385,0.7060096153846154,0
2026-06-29 14:49:00+09:00,-9.31752359926423e-05,0.07764423076923077,0.7060096153846154,0
2026-06-29 14:50:00+09:00,-2.1458315145161056e-05,0.10841346153846154,0.7213942307692308,0
2026-06-29 14:51:00+09:00,-4.109978694891684e-05,0.05420673076923077,0.6984375,0
2026-06-29 14:52:00+09:00,-9.540022363632609e-05,0.09314903846153846,0.6675480769230769,0
2026-06-29 14:53:00+09:00,-0.00011524614263064526,0.061899038461538464,0.6986778846153847,0
2026-06-29 14:54:00+09:00,-3.417782097093326e-05,0.06959134615384616,0.6908653846153846,0
2026-06-29 14:55:00+09:00,-4.1724446131193697e-05,0.13125,0.7141826923076924,0
2026-06-29 14:56:00+09:00,-8.36884230842003e-05,0.05420673076923077,0.7063701923076924,0
2026-06-29 14:57:00+09:00,-0.00014216157062788893,0.07752403846153846,0.7060096153846154,0
2026-06-29 14:58:00+09:00,-8.35067720262689e-06,0.09278846153846154,0.690625,0
2026-06-29 14:59:00+09:00,-0.00014964139069314363,0.08509615384615385,0.7139423076923077,0
2026-06-29 15:00:00+09:00,-0.00012558083714458507,0.07752403846153846,0.7758413461538463,0
2026-06-29 15:01:00+09:00,0.0001472862724018513,0.05432692307692308,0.8147836538461539,0
2026-06-29 15:02:00+09:00,3.439113765265405e-05,0.1469951923076923,0.7603365384615385,0
2026-06-29 15:03:00+09:00,2.0231190057976176e-05,0.04639423076923077,0.744951923076923,0
2026-06-29 15:04:00+09:00,0.00018914558447493852,0.046274038461538464,0.6986778846153847,0
2026-06-29 15:05:00+09:00,-4.218370787436614e-05,0.07752403846153846,0.7295673076923077,0
2026-06-29 15:06:00+09:00,5.3081525912355794e-05,0.03870192307692308,0.7372596153846154,0
2026-06-29 15:07:00+09:00,-8.81705596623197e-06,0.05420673076923077,0.7294471153846154,0
2026-06-29 15:08:00+09:00,-1.9048858453237953e-05,0.06971153846153846,0.737139423076923,0
2026-06-29 15:09:00+09:00,2.2563720182933906e-05,0.08473557692307693,0.7447115384615386,0
2026-06-29 15:10:00+09:00,-0.00013136279803663823,0.10060096153846154,0.7063701923076924,0
2026-06-29 15:11:00+09:00,-5.8731877338938976e-05,0.054447115384615385,0.6985576923076924,0
2026-06-29 15:12:00+09:00,-3.117283150844334e-06,0.05420673076923077,0.6905048076923077,0
2026-06-29 15:13:00+09:00,1.8594434145558027e-05,0.08509615384615385,0.7445913461538461,0
2026-06-29 15:14:00+09:00,-0.0004745908447888362,1.4650779904835032,0.8445251058681186,0
2026-06-29 15:15:00+09:00,0.00016600045467240015,0.04837118700265252,0.8584135342500815,0
2026-06-29 15:16:00+09:00,-0.00019471995529168497,0.05956768579273117,0.883195981083345,0
2026-06-29 15:17:00+09:00,-0.00023066429728141276,0.08480385313416167,0.933214595258039,0
2026-06-29 15:18:00+09:00,-0.00037233936127228966,0.07495230117734655,0.9906230367862627,0
2026-06-29 15:19:00+09:00,-0.000426164868370095,0.07495230117734655,1.0003233485736889,0
2026-06-29 15:20:00+09:00,0.00026444396788275187,0.07294429708222812,0.9753896615710363,0
2026-06-29 15:21:00+09:00,-0.000723942955797919,0.02616454930429522,1.0015542108753315,0
2026-06-29 15:22:00+09:00,-0.00039814297097556084,0.048938992042440316,1.033251823607427,0
2026-06-29 15:23:00+09:00,-0.00020665036472148542,1.033251823607427,0.0,0
2026-06-29 15:24:00+09:00,0.0,0.0,0.0,0
2026-06-29 15:30:00+09:00,0.0,0.0,0.0,0
2026-06-30 09:00:00+09:00,0.0,0.0,0.0,0
2026-06-30 09:01:00+09:00,0.0,0.0,0.0,0
2026-06-30 09:02:00+09:00,0.0,0.0,0.0,0
2026-06-30 09:03:00+09:00,0.0,0.0,0.0,0
2026-06-30 09:04:00+09:00,0.0,0.0,0.0,0
2026-06-30 09:05:00+09:00,0.0,0.0,0.0,0
2026-06-30 09:06:00+09:00,0.0,0.0,0.0,0
2026-06-30 09:07:00+09:00,0.0,0.0,0.0,0
2026-06-30 09:08:00+09:00,0.0,0.0,0.0,0
2026-06-30 09:09:00+09:00,0.0,0.0,0.0,0
2026-06-30 09:10:00+09:00,0.0,0.0,0.0,0
2026-06-30 09:11:00+09:00,0.0,0.0,0.0,0
2026-06-30 09:12:00+09:00,0.0,0.0,0.0,0
2026-06-30 09:13:00+09:00,0.0,0.0,0.0,0
2026-06-30 09:14:00+09:00,0.0,0.0,0.0,0
2026-06-30 09:15:00+09:00,-0.00045788616318593575,0.8708624708624709,0.8708624708624709,0
2026-06-30 09:16:00+09:00,-0.00012118689758072069,0.05314685314685315,0.8177156177156177,0
2026-06-30 09:17:00+09:00,-0.00017359240862541923,0.08379953379953381,0.749067599067599,0
2026-06-30 09:18:00+09:00,9.610978214074912e-05,0.03811188811188811,0.7871794871794873,0
2026-06-30 09:19:00+09:00,-0.0003301688183785775,0.045804195804195806,0.7567599067599069,0
2026-06-30 09:20:00+09:00,0.00015779961321918192,0.06853146853146853,0.8101398601398602,0
2026-06-30 09:21:00+09:00,0.0001426883058294908,0.05303030303030303,0.8177156177156177,0
2026-06-30 09:22:00+09:00,0.00012050814494953787,0.1674825174825175,0.7872960372960374,0
2026-06-30 09:23:00+09:00,0.0002204663460561947,0.05314685314685315,0.7493006993006993,0
2026-06-30 09:24:00+09:00,1.7828618858307217e-05,0.07622377622377623,0.7336829836829837,0
2026-06-30 09:25:00+09:00,-4.557145395012424e-05,0.09125874125874125,0.7794871794871795,0
2026-06-30 09:26:00+09:00,0.0001340788596627608,0.06841491841491842,0.7413752913752913,0
2026-06-30 09:27:00+09:00,-7.911301879015486e-06,0.11445221445221446,0.7796037296037297,0
2026-06-30 09:28:00+09:00,5.060421062933032e-05,0.053263403263403265,0.8025641025641026,0
2026-06-30 09:29:00+09:00,0.00013603961346827137,0.07622377622377623,0.848018648018648,0
2026-06-30 09:30:00+09:00,-0.0004330802778280214,0.13671328671328672,0.8024475524475525,0
2026-06-30 09:31:00+09:00,-0.00037505747872588146,0.0682983682983683,0.80990675990676,0
2026-06-30 09:32:00+09:00,0.000307326245682575,0.10675990675990676,0.7490675990675991,0
2026-06-30 09:33:00+09:00,3.4624473896005742e-06,0.0534965034965035,0.7414918414918416,0
2026-06-30 09:34:00+09:00,-7.22801846923459e-07,0.06853146853146853,0.6883449883449884,0
2026-06-30 09:35:00+09:00,-0.0027344358232855165,0.06083916083916084,0.7188811188811189,0
2026-06-30 09:36:00+09:00,0.00549538143671697,0.030652680652680654,0.718997668997669,0
2026-06-30 09:37:00+09:00,3.9559662943382636e-05,0.0914918414918415,0.7494172494172494,0
2026-06-30 09:38:00+09:00,-3.2018605040656645e-05,0.053263403263403265,0.741841491841492,0
2026-06-30 09:39:00+09:00,-0.00015941937822745386,0.06864801864801864,0.7186480186480186,0
2026-06-30 09:40:00+09:00,9.55961731420639e-05,0.09137529137529138,0.7186480186480186,0
2026-06-30 09:41:00+09:00,0.00012080670231862926,0.08344988344988345,0.786946386946387,0
2026-06-30 09:42:00+09:00,0.00010314108125479884,0.11421911421911422,0.7489510489510489,0
2026-06-30 09:43:00+09:00,3.848101867893586e-05,0.09906759906759907,0.7566433566433567,0
2026-06-30 09:44:00+09:00,0.0002078298502945614,0.03041958041958042,0.7262237762237762,0
2026-06-30 09:45:00+09:00,0.0001582141192688676,0.07610722610722612,0.710955710955711,0
2026-06-30 09:46:00+09:00,0.00011698345459366545,0.06864801864801864,0.7033799533799534,0
2026-06-30 09:47:00+09:00,0.0001473154994295252,0.06864801864801864,0.7111888111888112,0
2026-06-30 09:48:00+09:00,-5.7325079639185794e-05,0.08391608391608392,0.7337995337995339,0
2026-06-30 09:49:00+09:00,-2.6101632967297875e-05,0.06888111888111889,0.7262237762237762,0
2026-06-30 09:50:00+09:00,-0.00010383307572344744,0.037995337995338,0.7336829836829837,0
2026-06-30 09:51:00+09:00,4.537223275946835e-05,0.08379953379953381,0.7263403263403264,0
2026-06-30 09:52:00+09:00,-2.321674734397644e-06,0.09184149184149185,0.7566433566433567,0
2026-06-30 09:53:00+09:00,7.282182422695767e-06,0.09883449883449884,0.7491841491841493,0
2026-06-30 09:54:00+09:00,-4.0255348443715064e-05,0.12960372960372962,0.6804195804195805,0
2026-06-30 09:55:00+09:00,7.452562246812612e-05,0.07645687645687646,0.6652680652680654,0
2026-06-30 09:56:00+09:00,-0.00014598326461936776,0.04568764568764569,0.6955710955710956,0
2026-06-30 09:57:00+09:00,-9.941634978689213e-05,0.1374125874125874,0.7716783216783217,0
2026-06-30 09:58:00+09:00,2.7537251742474652e-05,0.09160839160839161,0.7716783216783218,0
2026-06-30 09:59:00+09:00,1.0604453915245986e-05,0.11445221445221446,0.702913752913753,0
2026-06-30 10:00:00+09:00,7.181779479461884e-05,0.10675990675990676,0.7185314685314685,0
2026-06-30 10:01:00+09:00,0.00011602249396978685,0.07622377622377623,0.7033799533799534,0
2026-06-30 10:02:00+09:00,-5.338290693167526e-05,0.07634032634032634,0.7186480186480186,0
2026-06-30 10:03:00+09:00,5.136580199008106e-06,0.045804195804195806,0.7033799533799534,0
2026-06-30 10:04:00+09:00,0.00015302237100081113,0.07645687645687646,0.7339160839160839,0
2026-06-30 10:05:00+09:00,-1.986877274255632e-05,0.05337995337995338,0.7567599067599068,0
2026-06-30 10:06:00+09:00,0.00022377285192473528,0.09906759906759907,0.7493006993006993,0
2026-06-30 10:07:00+09:00,-0.0002693061007234235,0.11445221445221446,0.7262237762237762,0
2026-06-30 10:08:00+09:00,-0.00010376152330325626,0.06083916083916084,0.7416083916083915,0
2026-06-30 10:09:00+09:00,-9.890440170253698e-05,0.0534965034965035,0.7491841491841492,0
2026-06-30 10:10:00+09:00,-0.00017015871754556946,0.12226107226107227,0.733916083916084,0
2026-06-30 10:11:00+09:00,-6.0060931435124665e-05,0.08368298368298369,0.725990675990676,0
2026-06-30 10:12:00+09:00,-0.00014245566960158158,0.09137529137529138,0.6649184149184151,0
2026-06-30 10:13:00+09:00,-9.164850185447371e-05,0.061072261072261075,0.7108391608391609,0
2026-06-30 10:14:00+09:00,-3.659643803903676e-05,0.09184149184149185,0.664918414918415,0
2026-06-30 10:15:00+09:00,0.00011435582572430112,0.06888111888111889,0.6727272727272728,0
2026-06-30 10:16:00+09:00,-8.434417474082263e-05,0.09906759906759907,0.6648018648018648,0
2026-06-30 10:17:00+09:00,-4.023738083817922e-05,0.06083916083916084,0.6650349650349652,0
2026-06-30 10:18:00+09:00,3.341178141032057e-05,0.04592074592074592,0.6344988344988345,0
2026-06-30 10:19:00+09:00,-0.0001730407819454424,0.1451048951048951,0.7185314685314685,0
2026-06-30 10:20:00+09:00,4.875417191098092e-05,0.10687645687645689,0.6727272727272728,0
2026-06-30 10:21:00+09:00,-0.00010904528239488471,0.07622377622377623,0.6421911421911422,0
2026-06-30 10:22:00+09:00,-0.0003375828310227094,0.06853146853146853,0.6652680652680653,0
2026-06-30 10:23:00+09:00,-0.0031534877027073467,0.08391608391608392,0.7034965034965035,0
2026-06-30 10:24:00+09:00,0.004884314237821485,0.07634032634032634,0.7038461538461539,0
2026-06-30 10:25:00+09:00,-0.00011718834960359978,0.08414918414918415,0.6653846153846155,0
2026-06-30 10:26:00+09:00,0.00011166119391494754,0.053263403263403265,0.6578088578088579,0
2026-06-30 10:27:00+09:00,-2.578749132212392e-05,0.04557109557109557,0.6728438228438229,0
2026-06-30 10:28:00+09:00,-0.00021311217404662924,0.14557109557109557,0.6650349650349651,0
2026-06-30 10:29:00+09:00,4.5281736956268046e-05,0.08391608391608392,0.6421911421911423,0
2026-06-30 10:30:00+09:00,1.8515837700679748e-06,0.07622377622377623,0.6571095571095571,0
2026-06-30 10:31:00+09:00,0.0002461004508550477,0.06130536130536131,0.7184149184149184,0
2026-06-30 10:32:00+09:00,-5.117234349587128e-05,0.09895104895104895,0.7413752913752915,0
2026-06-30 10:33:00+09:00,6.939241649701914e-05,0.10664335664335664,0.8177156177156177,0
2026-06-30 10:34:00+09:00,0.00016230600049234916,0.03822843822843823,0.7948717948717949,0
2026-06-30 10:35:00+09:00,0.000118830760430486,0.1062937062937063,0.7643356643356645,0
2026-06-30 10:36:00+09:00,5.227607881688404e-05,0.09895104895104895,0.7567599067599069,0
2026-06-30 10:37:00+09:00,-5.111763733803749e-05,0.09125874125874125,0.7263403263403263,0
2026-06-30 10:38:00+09:00,-0.00014956606666829812,0.09137529137529138,0.7263403263403264,0
2026-06-30 10:39:00+09:00,-7.960000038676908e-05,0.061072261072261075,0.7263403263403264,0
2026-06-30 10:40:00+09:00,-0.00010946420705644748,0.09137529137529138,0.7261072261072261,0
2026-06-30 10:41:00+09:00,-1.1782094255629126e-05,0.09160839160839161,0.7261072261072261,0
2026-06-30 10:42:00+09:00,3.843351691384535e-05,0.09160839160839161,0.6955710955710956,0
2026-06-30 10:43:00+09:00,3.12718233400215e-05,0.06118881118881119,0.6646853146853147,0
2026-06-30 10:44:00+09:00,7.361452874670441e-05,0.09906759906759907,0.6574592074592075,0
2026-06-30 10:45:00+09:00,-7.73928308811012e-05,0.07634032634032634,0.6883449883449884,0
2026-06-30 10:46:00+09:00,-0.00013272292999741794,0.13006993006993006,0.6808857808857809,0
2026-06-30 10:47:00+09:00,-1.0745894792200878e-05,0.06853146853146853,0.6881118881118882,0
2026-06-30 10:48:00+09:00,-8.569946848492409e-05,0.08391608391608392,0.6193473193473193,0
2026-06-30 10:49:00+09:00,3.4128267667096582e-06,0.05337995337995338,0.627039627039627,0
2026-06-30 10:50:00+09:00,4.6733627559965326e-05,0.09137529137529138,0.6421911421911423,0
2026-06-30 10:51:00+09:00,-0.00016900376038395365,0.16783216783216784,0.6724941724941725,0
2026-06-30 10:52:00+09:00,-7.202566686673143e-05,0.12167832167832168,0.6421911421911422,0
2026-06-30 10:53:00+09:00,-0.0001514346982149664,0.12214452214452215,0.6571095571095571,0
2026-06-30 10:54:00+09:00,0.00012896078824336087,0.09184149184149185,0.6876456876456877,0
2026-06-30 10:55:00+09:00,2.0697017257960796e-05,0.09160839160839161,0.6724941724941725,0
2026-06-30 10:56:00+09:00,4.8349982379992384e-05,0.0993006993006993,0.6344988344988345,0
2026-06-30 10:57:00+09:00,3.0710813684311514e-05,0.09160839160839161,0.6191142191142192,0
2026-06-30 10:58:00+09:00,5.138610964397894e-05,0.03787878787878788,0.6115384615384616,0
2026-06-30 10:59:00+09:00,5.1896914294032376e-05,0.08391608391608392,0.6038461538461539,0
2026-06-30 11:00:00+09:00,-0.002999327029041359,0.10687645687645689,0.5734265734265734,0
2026-06-30 11:01:00+09:00,0.004935224188926552,0.06841491841491842,0.5812354312354313,0
2026-06-30 11:02:00+09:00,-6.44188957934089e-05,0.11445221445221446,0.5583916083916084,0
2026-06-30 11:03:00+09:00,-6.141751940898494e-05,0.09953379953379954,0.5658508158508158,0
2026-06-30 11:04:00+09:00,-9.814096344572626e-06,0.05337995337995338,0.5735431235431236,0
2026-06-30 11:05:00+09:00,-6.916726899724463e-05,0.09172494172494172,0.6193473193473193,0
2026-06-30 11:06:00+09:00,0.00015863409475128773,0.1451048951048951,0.6117715617715618,0
2026-06-30 11:07:00+09:00,-0.00013249018272938677,0.06130536130536131,0.6423076923076924,0
2026-06-30 11:08:00+09:00,3.935576590540536e-05,0.07634032634032634,0.5962703962703964,0
2026-06-30 11:09:00+09:00,-8.964667637186115e-06,0.08391608391608392,0.6498834498834498,0
2026-06-30 11:10:00+09:00,-2.5839696943871553e-05,0.06118881118881119,0.5886946386946388,0
2026-06-30 11:11:00+09:00,5.0703810910846764e-05,0.061072261072261075,0.6497668997668997,0
2026-06-30 11:12:00+09:00,0.00013467779349947995,0.12226107226107227,0.6191142191142192,0
2026-06-30 11:13:00+09:00,-3.9675637123437804e-05,0.12995337995337997,0.6423076923076924,0
2026-06-30 11:14:00+09:00,0.0001130976666451776,0.053263403263403265,0.6193473193473193,0
2026-06-30 11:15:00+09:00,2.679051566269883e-06,0.0914918414918415,0.6346153846153846,0
2026-06-30 11:16:00+09:00,-0.00015563662873599796,0.1217948717948718,0.6501165501165501,0
2026-06-30 11:17:00+09:00,-7.521439881189933e-05,0.09172494172494172,0.5886946386946388,0
2026-06-30 11:18:00+09:00,-0.0001797427885076806,0.06118881118881119,0.5885780885780887,0
2026-06-30 11:19:00+09:00,5.258986453580235e-05,0.0682983682983683,0.6111888111888112,0
2026-06-30 11:20:00+09:00,-4.641892274124494e-05,0.06118881118881119,0.6572261072261072,0
2026-06-30 11:21:00+09:00,-4.36336506849844e-05,0.11468531468531469,0.6348484848484849,0
2026-06-30 11:22:00+09:00,0.00012553579239379446,0.09137529137529138,0.6196969696969697,0
2026-06-30 11:23:00+09:00,1.0462950428588564e-05,0.04568764568764569,0.6045454545454546,0
2026-06-30 11:24:00+09:00,-0.00014114606775181203,0.0991841491841492,0.6424242424242425,0
2026-06-30 11:25:00+09:00,0.00018485968058904042,0.07634032634032634,0.642074592074592,0
2026-06-30 11:26:00+09:00,3.186648776962667e-05,0.07634032634032634,0.6265734265734266,0
2026-06-30 11:27:00+09:00,-4.237557459596499e-05,0.06853146853146853,0.6494172494172494,0
2026-06-30 11:28:00+09:00,9.339397284021785e-05,0.12202797202797203,0.7714452214452214,0
2026-06-30 11:29:00+09:00,-0.0001542890442890443,0.7714452214452214,0.0,0
2026-06-30 11:30:00+09:00,0.0,0.0,0.0,0
2026-06-30 12:30:00+09:00,-2.5643109075505553e-05,0.8251748251748252,0.8251748251748252,0
2026-06-30 12:31:00+09:00,-5.8097127248718896e-05,0.08356643356643356,0.7567599067599068,0
2026-06-30 12:32:00+09:00,-6.956223432929281e-05,0.06083916083916084,0.7262237762237762,0
2026-06-30 12:33:00+09:00,0.00013420248441213507,0.08379953379953381,0.7337995337995338,0
2026-06-30 12:34:00+09:00,7.054325500111551e-05,0.0993006993006993,0.7261072261072261,0
2026-06-30 12:35:00+09:00,-4.7396850428900625e-06,0.03041958041958042,0.7413752913752913,0
2026-06-30 12:36:00+09:00,-0.0002019361301163696,0.0914918414918415,0.7715617715617716,0
2026-06-30 12:37:00+09:00,-0.00010891611827282475,0.10664335664335664,0.7567599067599068,0
2026-06-30 12:38:00+09:00,0.00020627823580942007,0.0682983682983683,0.7339160839160839,0
2026-06-30 12:39:00+09:00,-3.3064009192623897e-05,0.03811188811188811,0.7568764568764569,0
2026-06-30 12:40:00+09:00,5.783279282208173e-05,0.08391608391608392,0.7643356643356644,0
2026-06-30 12:41:00+09:00,-0.00031504354137925174,0.06853146853146853,0.8023310023310024,0
2026-06-30 12:42:00+09:00,0.00012761583056022647,0.07610722610722612,0.7413752913752915,0
2026-06-30 12:43:00+09:00,4.0331981371168774e-05,0.09906759906759907,0.8250582750582751,0
2026-06-30 12:44:00+09:00,-0.00017449110363338595,0.06876456876456877,0.7562937062937063,0
2026-06-30 12:45:00+09:00,4.0682782486568814e-05,0.0914918414918415,0.7564102564102564,0
2026-06-30 12:46:00+09:00,7.639993691635826e-05,0.075990675990676,0.7261072261072261,0
2026-06-30 12:47:00+09:00,-0.0003430976714546109,0.1451048951048951,0.6726107226107227,0
2026-06-30 12:48:00+09:00,9.256749623542254e-05,0.06083916083916084,0.6574592074592075,0
2026-06-30 12:49:00+09:00,-9.926865665402618e-07,0.07622377622377623,0.6572261072261073,0
2026-06-30 12:50:00+09:00,5.0714653234877746e-05,0.11433566433566433,0.6655011655011656,0
2026-06-30 12:51:00+09:00,-0.00021465582718560564,0.053613053613053616,0.6578088578088579,0
2026-06-30 12:52:00+09:00,8.378363804180858e-05,0.10664335664335664,0.6576923076923077,0
2026-06-30 12:53:00+09:00,0.00015486404124437158,0.0914918414918415,0.7030303030303031,0
2026-06-30 12:54:00+09:00,-0.0001995362156260113,0.09160839160839161,0.6571095571095571,0
2026-06-30 12:55:00+09:00,-7.718648831835249e-06,0.10675990675990676,0.6263403263403264,0
2026-06-30 12:56:00+09:00,1.2447506469494176e-05,0.07634032634032634,0.6113053613053614,0
2026-06-30 12:57:00+09:00,8.113721652202013e-05,0.06130536130536131,0.6113053613053614,0
2026-06-30 12:58:00+09:00,-0.00016842415959611895,0.09184149184149185,0.6269230769230769,0
2026-06-30 12:59:00+09:00,-0.0001211593888321196,0.053613053613053616,0.6497668997668998,0
2026-06-30 13:00:00+09:00,-7.304433906695333e-05,0.10687645687645689,0.6652680652680653,0
2026-06-30 13:01:00+09:00,0.004981307930864098,0.06853146853146853,0.6727272727272728,0
2026-06-30 13:02:00+09:00,3.3636016276243904e-05,0.09895104895104895,0.6805361305361306,0
2026-06-30 13:03:00+09:00,-6.320839861902621e-05,0.09906759906759907,0.6882284382284383,0
2026-06-30 13:04:00+09:00,-0.00012167899145904007,0.09184149184149185,0.6269230769230769,0
2026-06-30 13:05:00+09:00,7.532060267149184e-05,0.03811188811188811,0.619114219114219,0
2026-06-30 13:06:00+09:00,-5.1198968087123185e-06,0.144988344988345,0.6722610722610723,0
2026-06-30 13:07:00+09:00,-1.9164098721254283e-05,0.10652680652680653,0.6724941724941725,0
2026-06-30 13:08:00+09:00,9.454383199350853e-06,0.05372960372960373,0.6803030303030304,0
2026-06-30 13:09:00+09:00,4.460021830653984e-05,0.14557109557109557,0.6268065268065268,0
2026-06-30 13:10:00+09:00,-3.2201825948448072e-06,0.07634032634032634,0.6113053613053614,0
2026-06-30 13:11:00+09:00,1.5557949795842462e-06,0.04568764568764569,0.6264568764568765,0
2026-06-30 13:12:00+09:00,7.613305881757634e-05,0.1527972027972028,0.6114219114219115,0
2026-06-30 13:13:00+09:00,-1.4969833337884168e-06,0.09184149184149185,0.6114219114219115,0
2026-06-30 13:14:00+09:00,-0.0001268559065694218,0.06876456876456877,0.603962703962704,0
2026-06-30 13:15:00+09:00,2.088781749686895e-05,0.053613053613053616,0.6575757575757576,0
2026-06-30 13:16:00+09:00,4.8696131850639906e-05,0.09160839160839161,0.7034965034965035,0
2026-06-30 13:17:00+09:00,-7.761837742539836e-06,0.17552447552447553,0.7258741258741259,0
2026-06-30 13:18:00+09:00,-9.815834377644182e-05,0.12167832167832168,0.6496503496503497,0
2026-06-30 13:19:00+09:00,-0.0002469141272895374,0.075990675990676,0.6193473193473193,0
2026-06-30 13:20:00+09:00,-0.00022770160591833758,0.0993006993006993,0.7034965034965035,0
2026-06-30 13:21:00+09:00,-5.398897791281805e-05,0.14463869463869464,0.7113053613053613,0
2026-06-30 13:22:00+09:00,-8.153924206280443e-05,0.08368298368298369,0.7341491841491841,0
2026-06-30 13:23:00+09:00,0.00012057106555255813,0.0993006993006993,0.6805361305361306,0
2026-06-30 13:24:00+09:00,-9.644078272610044e-05,0.09895104895104895,0.6578088578088579,0
2026-06-30 13:25:00+09:00,-5.894913660506864e-05,0.030303030303030304,0.672960372960373,0
2026-06-30 13:26:00+09:00,-9.768824622486838e-05,0.11468531468531469,0.6958041958041958,0
2026-06-30 13:27:00+09:00,1.0892298996324248e-05,0.07575757575757576,0.710955710955711,0
2026-06-30 13:28:00+09:00,-0.000260782811237718,0.06083916083916084,0.7107226107226108,0
2026-06-30 13:29:00+09:00,-0.0031330243095231466,0.09941724941724941,0.7033799533799534,0
2026-06-30 13:30:00+09:00,0.00014637705616890644,0.0914918414918415,0.6573426573426573,0
2026-06-30 13:31:00+09:00,-8.822761039455915e-05,0.037995337995338,0.6344988344988345,0
2026-06-30 13:32:00+09:00,2.697577179968606e-05,0.06864801864801864,0.6726107226107226,0
2026-06-30 13:33:00+09:00,-0.00014511998706318786,0.13682983682983685,0.7336829836829837,0
2026-06-30 13:34:00+09:00,0.0002024366037967177,0.09172494172494172,0.7340326340326341,0
2026-06-30 13:35:00+09:00,8.529143037919313e-05,0.09172494172494172,0.718997668997669,0
2026-06-30 13:36:00+09:00,-4.3104862850924146e-05,0.07634032634032634,0.6729603729603729,0
2026-06-30 13:37:00+09:00,-0.00015638434010840048,0.13776223776223778,0.6114219114219115,0
2026-06-30 13:38:00+09:00,0.0001500779504050082,0.06864801864801864,0.6497668997668997,0
2026-06-30 13:39:00+09:00,-1.756335454381606e-05,0.07610722610722612,0.5888111888111889,0
2026-06-30 13:40:00+09:00,3.715562585161641e-05,0.1374125874125874,0.6194638694638694,0
2026-06-30 13:41:00+09:00,-4.385470233297398e-05,0.06095571095571096,0.6193473193473193,0
2026-06-30 13:42:00+09:00,0.00015636195571713866,0.1217948717948718,0.6192307692307693,0
2026-06-30 13:43:00+09:00,9.922282255214027e-05,0.0914918414918415,0.6342657342657343,0
2026-06-30 13:44:00+09:00,4.5495177310315645e-05,0.12214452214452215,0.6344988344988345,0
2026-06-30 13:45:00+09:00,-2.022195214129486e-05,0.0993006993006993,0.6421911421911422,0
2026-06-30 13:46:00+09:00,5.593612035828013e-05,0.09172494172494172,0.6879953379953381,0
2026-06-30 13:47:00+09:00,4.4936925941574796e-05,0.0991841491841492,0.6501165501165501,0
2026-06-30 13:48:00+09:00,0.00010484778088186098,0.06118881118881119,0.6196969696969697,0
2026-06-30 13:49:00+09:00,-0.00016240332494612617,0.09172494172494172,0.5582750582750583,0
2026-06-30 13:50:00+09:00,-0.00012394163770686827,0.10675990675990676,0.5734265734265734,0
2026-06-30 13:51:00+09:00,-6.0896321077176535e-06,0.08414918414918415,0.5657342657342658,0
2026-06-30 13:52:00+09:00,1.7068966168096442e-05,0.10687645687645689,0.5807692307692308,0
2026-06-30 13:53:00+09:00,-3.9185219845390175e-05,0.09160839160839161,0.5656177156177157,0
2026-06-30 13:54:00+09:00,4.2342698801099575e-05,0.08414918414918415,0.6038461538461539,0
2026-06-30 13:55:00+09:00,-3.331204909296635e-05,0.12226107226107227,0.6501165501165502,0
2026-06-30 13:56:00+09:00,-1.2746208849178557e-06,0.14545454545454545,0.6421911421911423,0
2026-06-30 13:57:00+09:00,-1.5936727803912658e-05,0.09941724941724941,0.5884615384615385,0
2026-06-30 13:58:00+09:00,-0.00010238886903249406,0.06118881118881119,0.6034965034965036,0
2026-06-30 13:59:00+09:00,-0.00015922777168688126,0.12226107226107227,0.6493006993006993,0
2026-06-30 14:00:00+09:00,-0.0002503903436085988,0.15268065268065267,0.6952214452214452,0
2026-06-30 14:01:00+09:00,9.74740227444131e-05,0.09137529137529138,0.6651515151515152,0
2026-06-30 14:02:00+09:00,-0.00010880347321678597,0.12237762237762238,0.6346153846153847,0
2026-06-30 14:03:00+09:00,2.9201617665539253e-05,0.0993006993006993,0.6117715617715618,0
2026-06-30 14:04:00+09:00,-0.00010860756642203311,0.06876456876456877,0.6192307692307693,0
2026-06-30 14:05:00+09:00,6.724648773434648e-05,0.12226107226107227,0.6342657342657343,0
2026-06-30 14:06:00+09:00,-3.100266986656309e-05,0.12202797202797203,0.6341491841491842,0
2026-06-30 14:07:00+09:00,-3.902829207359326e-06,0.08391608391608392,0.6567599067599068,0
2026-06-30 14:08:00+09:00,-5.836499336309057e-05,0.0993006993006993,0.6493006993006993,0
2026-06-30 14:09:00+09:00,-7.552115090586136e-05,0.12983682983682984,0.6423076923076924,0
2026-06-30 14:10:00+09:00,5.764433804030918e-05,0.09172494172494172,0.5811188811188811,0
2026-06-30 14:11:00+09:00,-2.2687733759149762e-05,0.08426573426573428,0.5886946386946387,0
2026-06-30 14:12:00+09:00,-5.4274111010028226e-06,0.10687645687645689,0.6191142191142192,0
2026-06-30 14:13:00+09:00,-2.5614309342070804e-05,0.10664335664335664,0.6497668997668998,0
2026-06-30 14:14:00+09:00,1.7769252170239628e-05,0.09172494172494172,0.6340326340326341,0
2026-06-30 14:15:00+09:00,-6.64213461378502e-05,0.08391608391608392,0.641958041958042,0
2026-06-30 14:16:00+09:00,-6.370112120374034e-05,0.0914918414918415,0.6113053613053614,0
2026-06-30 14:17:00+09:00,-3.317576633854517e-05,0.144988344988345,0.6497668997668997,0
2026-06-30 14:18:00+09:00,-3.910365852134176e-05,0.14487179487179488,0.6573426573426574,0
2026-06-30 14:19:00+09:00,-7.72323419238826e-05,0.09125874125874125,0.6574592074592075,0
2026-06-30 14:20:00+09:00,7.028200356047474e-05,0.09953379953379954,0.6189976689976691,0
2026-06-30 14:21:00+09:00,-0.00012816493447565026,0.08391608391608392,0.6266899766899767,0
2026-06-30 14:22:00+09:00,-0.00010078817383921563,0.08391608391608392,0.6497668997668998,0
2026-06-30 14:23:00+09:00,8.296114259127836e-05,0.06888111888111889,0.6727272727272728,0
2026-06-30 14:24:00+09:00,-2.4964798465318085e-05,0.09137529137529138,0.672960372960373,0
2026-06-30 14:25:00+09:00,1.3206162215464714e-05,0.0991841491841492,0.7108391608391609,0
2026-06-30 14:26:00+09:00,2.0572757280344547e-05,0.06095571095571096,0.7261072261072261,0
2026-06-30 14:27:00+09:00,-2.546901371627956e-05,0.075990675990676,0.6955710955710956,0
2026-06-30 14:28:00+09:00,9.541414843252349e-05,0.07622377622377623,0.710955710955711,0
2026-06-30 14:29:00+09:00,-8.101165307255895e-05,0.10675990675990676,0.7107226107226108,0
2026-06-30 14:30:00+09:00,-0.00024236156762086626,0.11433566433566433,0.6882284382284383,0
2026-06-30 14:31:00+09:00,0.00017257505795274688,0.09883449883449884,0.6348484848484848,0
2026-06-30 14:32:00+09:00,6.372803628369042e-05,0.0991841491841492,0.6118881118881119,0
2026-06-30 14:33:00+09:00,-0.00023739106544992696,0.08379953379953381,0.6805361305361306,0
2026-06-30 14:34:00+09:00,5.0048373376400984e-05,0.06864801864801864,0.7186480186480186,0
2026-06-30 14:35:00+09:00,-4.6886193048271065e-05,0.14522144522144523,0.7717948717948717,0
2026-06-30 14:36:00+09:00,2.673923496770228e-05,0.12167832167832168,0.7107226107226108,0
2026-06-30 14:37:00+09:00,2.9551992895431792e-05,0.015268065268065269,0.6954545454545455,0
2026-06-30 14:38:00+09:00,-8.296780635779788e-05,0.08426573426573428,0.7184149184149184,0
2026-06-30 14:39:00+09:00,-4.815476690864973e-05,0.12237762237762238,0.7030303030303031,0
2026-06-30 14:40:00+09:00,-7.620082311673093e-05,0.10687645687645689,0.6726107226107226,0
2026-06-30 14:41:00+09:00,-4.062908728691352e-05,0.030536130536130537,0.6726107226107226,0
2026-06-30 14:42:00+09:00,-2.711052560252555e-06,0.06118881118881119,0.7034965034965035,0
2026-06-30 14:43:00+09:00,-6.128857705754954e-05,0.07634032634032634,0.7187645687645687,0
2026-06-30 14:44:00+09:00,-0.00012578047796130707,0.13752913752913754,0.6726107226107227,0
2026-06-30 14:45:00+09:00,1.8820835028407415e-05,0.06864801864801864,0.6953379953379953,0
2026-06-30 14:46:00+09:00,-2.104519579403155e-05,0.09137529137529138,0.6801864801864803,0
2026-06-30 14:47:00+09:00,6.629603923513454e-05,0.09184149184149185,0.6804195804195805,0
2026-06-30 14:48:00+09:00,-5.7238693690110355e-05,0.06853146853146853,0.6881118881118882,0
2026-06-30 14:49:00+09:00,6.773371361675939e-05,0.11410256410256411,0.6959207459207459,0
2026-06-30 14:50:00+09:00,-1.3079330290885777e-05,0.1217948717948718,0.6958041958041958,0
2026-06-30 14:51:00+09:00,-3.6590923895295325e-05,0.04568764568764569,0.6955710955710956,0
2026-06-30 14:52:00+09:00,-7.636748499728011e-05,0.08379953379953381,0.7033799533799534,0
2026-06-30 14:53:00+09:00,-0.00015923516445736328,0.0534965034965035,0.7261072261072262,0
2026-06-30 14:54:00+09:00,-3.8616932113126915e-05,0.053613053613053616,0.7491841491841491,0
2026-06-30 14:55:00+09:00,5.9904211661144105e-05,0.05337995337995338,0.7720279720279721,0
2026-06-30 14:56:00+09:00,-6.944031052961238e-06,0.08379953379953381,0.7798368298368299,0
2026-06-30 14:57:00+09:00,0.00010306278533218253,0.05314685314685315,0.8026806526806527,0
2026-06-30 14:58:00+09:00,0.00031065014762652146,0.08344988344988345,0.7952214452214453,0
2026-06-30 14:59:00+09:00,-0.00014143189916119894,0.10641025641025642,0.7494172494172495,0
2026-06-30 15:00:00+09:00,-9.973277749079021e-05,0.0534965034965035,0.7110722610722611,0
2026-06-30 15:01:00+09:00,-3.6588270598660845e-05,0.06853146853146853,0.7033799533799534,0
2026-06-30 15:02:00+09:00,-0.0001775275547674091,0.09895104895104895,0.7261072261072261,0
2026-06-30 15:03:00+09:00,-3.33009302951824e-05,0.10664335664335664,0.725990675990676,0
2026-06-30 15:04:00+09:00,0.00022131937609327882,0.09895104895104895,0.748951048951049,0
2026-06-30 15:05:00+09:00,-3.8945579657000866e-05,0.061072261072261075,0.7491841491841492,0
2026-06-30 15:06:00+09:00,-9.427526870588124e-05,0.08403263403263403,0.7567599067599068,0
2026-06-30 15:07:00+09:00,-4.14425440489512e-05,0.06841491841491842,0.7491841491841492,0
2026-06-30 15:08:00+09:00,-3.586673587978091e-06,0.05337995337995338,0.7871794871794873,0
2026-06-30 15:09:00+09:00,3.460890682788917e-05,0.09160839160839161,0.8023310023310024,0
2026-06-30 15:10:00+09:00,-0.0001157326882547681,0.06818181818181818,0.7796037296037297,0
2026-06-30 15:11:00+09:00,0.00010969628994797115,0.07645687645687646,0.7488344988344988,0
2026-06-30 15:12:00+09:00,6.878915926998012e-05,0.11421911421911422,0.7567599067599068,0
2026-06-30 15:13:00+09:00,-1.2149088872233059e-05,0.06060606060606061,0.771911421911422,0
2026-06-30 15:14:00+09:00,-0.00044093924863858,1.5150271995684035,0.9573348918760958,0
2026-06-30 15:15:00+09:00,3.918126383334341e-06,0.056858678045118724,0.946396959751723,0
2026-06-30 15:16:00+09:00,-7.486688793289413e-05,0.025423728813559324,0.9209732309381637,0
2026-06-30 15:17:00+09:00,-2.1337957570848484e-05,0.05961426066627703,0.8955495021246045,0
2026-06-30 15:18:00+09:00,8.074670056451545e-05,0.050094752315675756,0.9456442544402801,0
2026-06-30 15:19:00+09:00,0.00012823493470744387,0.0814427146981209,0.9605035428238233,0
2026-06-30 15:20:00+09:00,0.00011495958713241744,0.07566459451322105,0.9698769377904387,0
2026-06-30 15:21:00+09:00,8.046859697734884e-05,0.017095265926358856,0.9697308244064528,0
2026-06-30 15:22:00+09:00,0.00013112041247267158,0.04829711492481802,1.0010787867888977,0
2026-06-30 15:23:00+09:00,-0.00020021575735777958,1.0010787867888977,0.0,0
2026-06-30 15:24:00+09:00,0.0,0.0,0.0,0
2026-06-30 15:30:00+09:00,0.0,0.0,0.0,0
2026-07-01 09:00:00+09:00,0.0,0.0,0.0,0
2026-07-01 09:01:00+09:00,0.0,0.0,0.0,0
2026-07-01 09:02:00+09:00,0.0,0.0,0.0,0
2026-07-01 09:03:00+09:00,0.0,0.0,0.0,0
2026-07-01 09:04:00+09:00,0.0,0.0,0.0,0
2026-07-01 09:05:00+09:00,0.0,0.0,0.0,0
2026-07-01 09:06:00+09:00,0.0,0.0,0.0,0
2026-07-01 09:07:00+09:00,0.0,0.0,0.0,0
2026-07-01 09:08:00+09:00,0.0,0.0,0.0,0
2026-07-01 09:09:00+09:00,0.0,0.0,0.0,0
2026-07-01 09:10:00+09:00,0.0,0.0,0.0,0
2026-07-01 09:11:00+09:00,0.0,0.0,0.0,0
2026-07-01 09:12:00+09:00,0.0,0.0,0.0,0
2026-07-01 09:13:00+09:00,0.0,0.0,0.0,0
2026-07-01 09:14:00+09:00,0.0,0.0,0.0,0
2026-07-01 09:15:00+09:00,0.00013172323104110388,0.8465034965034965,0.8465034965034965,0
2026-07-01 09:16:00+09:00,0.0004903443473911743,0.04592074592074592,0.8159673659673661,0
2026-07-01 09:17:00+09:00,0.00018500643856719028,0.045804195804195806,0.7701631701631702,0
2026-07-01 09:18:00+09:00,0.00044202422405142407,0.0766899766899767,0.7396270396270397,0
2026-07-01 09:19:00+09:00,0.0002858144856082633,0.0534965034965035,0.6861305361305362,0
2026-07-01 09:20:00+09:00,-0.0002117782347345496,0.04568764568764569,0.7012820512820513,0
2026-07-01 09:21:00+09:00,-0.00012371289806831703,0.06118881118881119,0.7473193473193473,0
2026-07-01 09:22:00+09:00,-0.00039206915691721196,0.09172494172494172,0.7625874125874126,0
2026-07-01 09:23:00+09:00,0.00018616482379454804,0.053613053613053616,0.7395104895104896,0
2026-07-01 09:24:00+09:00,0.0005015042023095827,0.053613053613053616,0.7472027972027973,0
2026-07-01 09:25:00+09:00,0.00025579934142294045,0.06888111888111889,0.7703962703962703,0
2026-07-01 09:26:00+09:00,0.003725046306202115,0.06923076923076923,0.7627039627039627,0
2026-07-01 09:27:00+09:00,-0.0043637655746915,0.05372960372960373,0.7856643356643357,0
2026-07-01 09:28:00+09:00,0.0007085212021901734,0.04592074592074592,0.7854312354312354,0
2026-07-01 09:29:00+09:00,-0.0005275741679233984,0.061421911421911425,0.8160839160839161,0
2026-07-01 09:30:00+09:00,4.6083452098783106e-05,0.09195804195804197,0.8010489510489511,0
2026-07-01 09:31:00+09:00,0.0007565821944544518,0.0844988344988345,0.7627039627039628,0
2026-07-01 09:32:00+09:00,8.661689804113416e-05,0.03811188811188811,0.7702797202797204,0
2026-07-01 09:33:00+09:00,0.00017452766367315778,0.030652680652680654,0.7855477855477857,0
2026-07-01 09:34:00+09:00,-0.00013016822040652555,0.10722610722610723,0.7242424242424242,0
2026-07-01 09:35:00+09:00,0.00019796888330299176,0.061421911421911425,0.7395104895104896,0
2026-07-01 09:36:00+09:00,-0.00013045671753084373,0.03822843822843823,0.7469696969696971,0
2026-07-01 09:37:00+09:00,3.4334221994944054e-05,0.08438228438228439,0.7856643356643358,0
2026-07-01 09:38:00+09:00,-0.00026467969089189516,0.0993006993006993,0.7017482517482518,0
2026-07-01 09:39:00+09:00,0.0002611301992380902,0.04603729603729604,0.7170163170163171,0
2026-07-01 09:40:00+09:00,-7.436370312876362e-05,0.06864801864801864,0.7399766899766901,0
2026-07-01 09:41:00+09:00,0.0006974567387195825,0.12226107226107227,0.7552447552447554,0
2026-07-01 09:42:00+09:00,0.00020575859448937234,0.09184149184149185,0.7093240093240094,0
2026-07-01 09:43:00+09:00,0.0001090829358137507,0.07645687645687646,0.755011655011655,0
2026-07-01 09:44:00+09:00,0.000276763096130994,0.08403263403263403,0.7320512820512821,0
2026-07-01 09:45:00+09:00,-0.00045814647340047994,0.06888111888111889,0.7244755244755245,0
2026-07-01 09:46:00+09:00,-0.0007178373723600523,0.0534965034965035,0.7015151515151514,0
2026-07-01 09:47:00+09:00,0.0004229857693901106,0.08391608391608392,0.7397435897435898,0
2026-07-01 09:48:00+09:00,0.003229172680790503,0.06853146853146853,0.7476689976689976,0
2026-07-01 09:49:00+09:00,-0.0051604736816494925,0.022843822843822845,0.7553613053613053,0
2026-07-01 09:50:00+09:00,-0.0003580411388006999,0.106993006993007,0.7705128205128206,0
2026-07-01 09:51:00+09:00,0.0002841418129704446,0.09976689976689977,0.7474358974358974,0
2026-07-01 09:52:00+09:00,-0.0004385594163547454,0.03041958041958042,0.7473193473193473,0
2026-07-01 09:53:00+09:00,-0.00013789363281637197,0.106993006993007,0.7321678321678322,0
2026-07-01 09:54:00+09:00,0.0005799052155787739,0.08426573426573428,0.7245920745920746,0
2026-07-01 09:55:00+09:00,-0.004787199799070249,0.06095571095571096,0.7095571095571096,0
2026-07-01 09:56:00+09:00,-0.00016288958460206925,0.04592074592074592,0.7095571095571096,0
2026-07-01 09:57:00+09:00,-0.0005413350603682814,0.061072261072261075,0.724941724941725,0
2026-07-01 09:58:00+09:00,-0.00039650029826819534,0.07610722610722612,0.7705128205128207,0
2026-07-01 09:59:00+09:00,0.00045267667414183106,0.1148018648018648,0.7477855477855478,0
2026-07-01 10:00:00+09:00,6.048112253428501e-05,0.05337995337995338,0.7554778554778555,0
2026-07-01 10:01:00+09:00,-0.0003534851065837799,0.030652680652680654,0.7248251748251748,0
2026-07-01 10:02:00+09:00,-0.000541970180108315,0.0914918414918415,0.7400932400932401,0
2026-07-01 10:03:00+09:00,-0.0005963718340674396,0.061072261072261075,0.7398601398601399,0
2026-07-01 10:04:00+09:00,0.0006904961298848052,0.09172494172494172,0.7551282051282051,0
2026-07-01 10:05:00+09:00,-0.00044753183280882584,0.0993006993006993,0.7322843822843823,0
2026-07-01 10:06:00+09:00,-6.17257371068099e-05,0.04592074592074592,0.7017482517482518,0
2026-07-01 10:07:00+09:00,-0.0005505087586941574,0.05384615384615385,0.7094405594405595,0
2026-07-01 10:08:00+09:00,0.00021231437727876697,0.12983682983682984,0.7625874125874126,0
2026-07-01 10:09:00+09:00,-0.0003340339527932667,0.13018648018648019,0.7088578088578089,0
2026-07-01 10:10:00+09:00,4.953482591884364e-05,0.06876456876456877,0.7317016317016318,0
2026-07-01 10:11:00+09:00,-0.0008216753511703953,0.06118881118881119,0.7472027972027971,0
2026-07-01 10:12:00+09:00,-0.0005551933456431985,0.07657342657342658,0.7627039627039627,0
2026-07-01 10:13:00+09:00,0.00033737912376758137,0.06853146853146853,0.7857808857808859,0
2026-07-01 10:14:00+09:00,-0.00033516166798368643,0.038461538461538464,0.778088578088578,0
2026-07-01 10:15:00+09:00,-0.0011203099394456796,0.16841491841491843,0.7472027972027973,0
2026-07-01 10:16:00+09:00,-0.0002206764966472649,0.09906759906759907,0.7245920745920746,0
2026-07-01 10:17:00+09:00,0.0007578659848485242,0.08438228438228439,0.6861305361305361,0
2026-07-01 10:18:00+09:00,0.00038938067421723075,0.08414918414918415,0.7092074592074592,0
2026-07-01 10:19:00+09:00,-0.0002901128387887499,0.09137529137529138,0.7243589743589745,0
2026-07-01 10:20:00+09:00,-0.0002858783598038051,0.046153846153846156,0.7705128205128207,0
2026-07-01 10:21:00+09:00,-9.602507734245476e-05,0.0534965034965035,0.7477855477855477,0
2026-07-01 10:22:00+09:00,0.0007487027518003832,0.08414918414918415,0.7857808857808858,0
2026-07-01 10:23:00+09:00,-3.4642563862333097e-06,0.038461538461538464,0.7473193473193473,0
2026-07-01 10:24:00+09:00,-0.0004157067230730993,0.07645687645687646,0.7165501165501167,0
2026-07-01 10:25:00+09:00,0.0009287419264516678,0.08414918414918415,0.7088578088578088,0
2026-07-01 10:26:00+09:00,-0.0004616959605189049,0.06130536130536131,0.6937062937062937,0
2026-07-01 10:27:00+09:00,0.0001907218106845297,0.07645687645687646,0.6785547785547785,0
2026-07-01 10:28:00+09:00,0.00038601468467674575,0.08414918414918415,0.6864801864801865,0
2026-07-01 10:29:00+09:00,0.00010424439317634702,0.04592074592074592,0.7170163170163171,0
2026-07-01 10:30:00+09:00,-0.0005121787049240258,0.09160839160839161,0.7629370629370629,0
2026-07-01 10:31:00+09:00,-3.375411804635745e-05,0.09160839160839161,0.7324009324009324,0
2026-07-01 10:32:00+09:00,-0.0008357009117639754,0.061421911421911425,0.7476689976689976,0
2026-07-01 10:33:00+09:00,-0.00012662117057676207,0.05337995337995338,0.73997668997669,0
2026-07-01 10:34:00+09:00,-0.00010620745757744088,0.0993006993006993,0.6863636363636365,0
2026-07-01 10:35:00+09:00,-0.0003331801115752827,0.10710955710955711,0.7020979020979021,0
2026-07-01 10:36:00+09:00,-2.7112431814550174e-06,0.03834498834498835,0.6942890442890444,0
2026-07-01 10:37:00+09:00,0.0006776387254811386,0.06876456876456877,0.7476689976689976,0
2026-07-01 10:38:00+09:00,0.0001283820089476458,0.06876456876456877,0.8010489510489511,0
2026-07-01 10:39:00+09:00,-0.0007584974777314899,0.0991841491841492,0.7326340326340326,0
2026-07-01 10:40:00+09:00,4.547046090365327e-05,0.06130536130536131,0.7326340326340326,0
2026-07-01 10:41:00+09:00,-0.0002957372565209546,0.10710955710955711,0.7017482517482518,0
2026-07-01 10:42:00+09:00,-5.3725467814056046e-05,0.10664335664335664,0.7167832167832169,0
2026-07-01 10:43:00+09:00,0.00031781071917361917,0.12983682983682984,0.6636363636363637,0
2026-07-01 10:44:00+09:00,9.940652977891504e-05,0.0993006993006993,0.6407925407925408,0
2026-07-01 10:45:00+09:00,9.684018590589353e-05,0.06118881118881119,0.6252913752913754,0
2026-07-01 10:46:00+09:00,-0.0005099693534408702,0.15268065268065267,0.6553613053613053,0
2026-07-01 10:47:00+09:00,-0.0002791279196408836,0.09953379953379954,0.6938228438228438,0
2026-07-01 10:48:00+09:00,-0.0002127790406851884,0.07634032634032634,0.6787878787878789,0
2026-07-01 10:49:00+09:00,0.00013771266359958586,0.09965034965034966,0.7017482517482518,0
2026-07-01 10:50:00+09:00,-0.0004967846656775553,0.06876456876456877,0.6635198135198135,0
2026-07-01 10:51:00+09:00,7.40967172285527e-05,0.08426573426573428,0.6862470862470864,0
2026-07-01 10:52:00+09:00,0.0006722414587059068,0.09941724941724941,0.6635198135198135,0
2026-07-01 10:53:00+09:00,0.00047752696690573466,0.06118881118881119,0.6787878787878788,0
2026-07-01 10:54:00+09:00,0.0010158156552740845,0.10722610722610723,0.6937062937062937,0
2026-07-01 10:55:00+09:00,0.00083939446328298,0.12237762237762238,0.7393939393939395,0
2026-07-01 10:56:00+09:00,-0.0010709247110311782,0.09941724941724941,0.6702797202797204,0
2026-07-01 10:57:00+09:00,-0.00017279442888399414,0.11445221445221446,0.6630536130536131,0
2026-07-01 10:58:00+09:00,0.00011932747707124627,0.06118881118881119,0.6785547785547785,0
2026-07-01 10:59:00+09:00,-0.0006195494051445049,0.13018648018648019,0.7325174825174825,0
2026-07-01 11:00:00+09:00,-0.0008284927972778686,0.11445221445221446,0.7245920745920746,0
2026-07-01 11:01:00+09:00,-0.00010931762017489086,0.07634032634032634,0.6790209790209791,0
2026-07-01 11:02:00+09:00,-0.00010507871750722498,0.09195804195804197,0.6327505827505827,0
2026-07-01 11:03:00+09:00,-0.0005436156388515759,0.06888111888111889,0.6403263403263403,0
2026-07-01 11:04:00+09:00,-0.0008008808036871825,0.0534965034965035,0.6938228438228438,0
2026-07-01 11:05:00+09:00,-0.00014294192344610607,0.09160839160839161,0.7245920745920746,0
2026-07-01 11:06:00+09:00,-9.724922535842255e-05,0.06876456876456877,0.7628205128205128,0
2026-07-01 11:07:00+09:00,-0.0002988511315421045,0.03822843822843823,0.73997668997669,0
2026-07-01 11:08:00+09:00,7.30615331706783e-05,0.10722610722610723,0.6938228438228439,0
2026-07-01 11:09:00+09:00,0.0004634364980943045,0.04603729603729604,0.6785547785547785,0
2026-07-01 11:10:00+09:00,-3.727541107310406e-05,0.08438228438228439,0.6400932400932402,0
2026-07-01 11:11:00+09:00,-0.0003941057115850542,0.053613053613053616,0.6631701631701632,0
2026-07-01 11:12:00+09:00,0.0003197009230654566,0.08391608391608392,0.6862470862470862,0
2026-07-01 11:13:00+09:00,0.0004882671312784294,0.09195804195804197,0.7017482517482518,0
2026-07-01 11:14:00+09:00,-0.00027188142037358465,0.08414918414918415,0.632983682983683,0
2026-07-01 11:15:00+09:00,0.00024603418346566845,0.08414918414918415,0.6404428904428905,0
2026-07-01 11:16:00+09:00,0.0005829191853464859,0.05372960372960373,0.6482517482517482,0
2026-07-01 11:17:00+09:00,-0.0001664340884921872,0.12249417249417249,0.6632867132867133,0
2026-07-01 11:18:00+09:00,-0.00012106376077585603,0.09941724941724941,0.6097902097902097,0
2026-07-01 11:19:00+09:00,-0.00016295291060623945,0.06888111888111889,0.6178321678321679,0
2026-07-01 11:20:00+09:00,0.0003041935910058727,0.053613053613053616,0.6101398601398602,0
2026-07-01 11:21:00+09:00,0.00022674960618385243,0.10687645687645689,0.671095571095571,0
2026-07-01 11:22:00+09:00,0.0003372015261668023,0.10687645687645689,0.6406759906759907,0
2026-07-01 11:23:00+09:00,-0.0004085027108705388,0.08426573426573428,0.6638694638694639,0
2026-07-01 11:24:00+09:00,7.02596599360148e-05,0.08438228438228439,0.6715617715617717,0
2026-07-01 11:25:00+09:00,0.0001662720287567104,0.09184149184149185,0.7020979020979021,0
2026-07-01 11:26:00+09:00,-0.00012846930295141277,0.0914918414918415,0.7171328671328672,0
2026-07-01 11:27:00+09:00,-0.00028106358014085567,0.03822843822843823,0.7399766899766901,0
2026-07-01 11:28:00+09:00,0.00020176627326993652,0.06888111888111889,0.7937062937062938,0
2026-07-01 11:29:00+09:00,-0.00015874125874125876,0.7937062937062938,0.0,0
2026-07-01 11:30:00+09:00,0.0,0.0,0.0,0
2026-07-01 12:30:00+09:00,0.0002313217588225486,0.8315850815850816,0.8315850815850816,0
2026-07-01 12:31:00+09:00,9.389557685558451e-05,0.037995337995338,0.7935897435897437,0
2026-07-01 12:32:00+09:00,0.0004433170669842837,0.08403263403263403,0.7862470862470863,0
2026-07-01 12:33:00+09:00,-0.00017522887474183472,0.0534965034965035,0.808974358974359,0
2026-07-01 12:34:00+09:00,0.0006573818962877909,0.037995337995338,0.7861305361305362,0
2026-07-01 12:35:00+09:00,0.00027927721249686546,0.10687645687645689,0.8165501165501167,0
2026-07-01 12:36:00+09:00,0.00021608731390825804,0.06130536130536131,0.8165501165501166,0
2026-07-01 12:37:00+09:00,0.0034873997372705944,0.06888111888111889,0.7782051282051282,0
2026-07-01 12:38:00+09:00,-0.004674422730064466,0.0534965034965035,0.755011655011655,0
2026-07-01 12:39:00+09:00,-1.4719948054565142e-05,0.06130536130536131,0.7552447552447553,0
2026-07-01 12:40:00+09:00,-0.0006226280341241389,0.05314685314685315,0.7780885780885782,0
2026-07-01 12:41:00+09:00,-0.00034049406085737003,0.10687645687645689,0.7325174825174826,0
2026-07-01 12:42:00+09:00,0.00020908377012914377,0.045804195804195806,0.7326340326340327,0
2026-07-01 12:43:00+09:00,-0.00045785227336986935,0.04592074592074592,0.7172494172494173,0
2026-07-01 12:44:00+09:00,-0.0003428183848511483,0.0991841491841492,0.7707459207459209,0
2026-07-01 12:45:00+09:00,0.0005279898115722547,0.03822843822843823,0.7784382284382285,0
2026-07-01 12:46:00+09:00,0.00025735714270984405,0.04592074592074592,0.7325174825174825,0
2026-07-01 12:47:00+09:00,-3.525151459400282e-05,0.09953379953379954,0.7096736596736597,0
2026-07-01 12:48:00+09:00,0.003079252249949758,0.08414918414918415,0.6562937062937063,0
2026-07-01 12:49:00+09:00,-0.004861160496798091,0.07645687645687646,0.6411421911421912,0
2026-07-01 12:50:00+09:00,9.901043885956225e-05,0.06118881118881119,0.6256410256410256,0
2026-07-01 12:51:00+09:00,4.0492800228978355e-05,0.07645687645687646,0.6713286713286715,0
2026-07-01 12:52:00+09:00,0.00018457930616699907,0.07645687645687646,0.7016317016317017,0
2026-07-01 12:53:00+09:00,7.610555447993178e-05,0.1371794871794872,0.7322843822843823,0
2026-07-01 12:54:00+09:00,-0.000369692690547563,0.06876456876456877,0.7094405594405594,0
2026-07-01 12:55:00+09:00,0.0001716406414032796,0.09965034965034966,0.6867132867132868,0
2026-07-01 12:56:00+09:00,-4.403985804362496e-05,0.08403263403263403,0.6789044289044289,0
2026-07-01 12:57:00+09:00,-0.004973321306006248,0.12995337995337997,0.6559440559440559,0
2026-07-01 12:58:00+09:00,-0.00012220769906155145,0.06130536130536131,0.671095571095571,0
2026-07-01 12:59:00+09:00,-0.0006695094953388063,0.09184149184149185,0.6706293706293707,0
2026-07-01 13:00:00+09:00,-0.00039340394868409646,0.144988344988345,0.7696969696969698,0
2026-07-01 13:01:00+09:00,-0.00033393999363522976,0.09172494172494172,0.7548951048951049,0
2026-07-01 13:02:00+09:00,-0.00016594357029002827,0.09953379953379954,0.7476689976689976,0
2026-07-01 13:03:00+09:00,0.0002932848113629603,0.06853146853146853,0.7096736596736597,0
2026-07-01 13:04:00+09:00,0.00015180877791500002,0.07645687645687646,0.6791375291375292,0
2026-07-01 13:05:00+09:00,-0.00022104517504623058,0.03822843822843823,0.6716783216783218,0
2026-07-01 13:06:00+09:00,-4.2422840643992976e-05,0.0768065268065268,0.6254079254079254,0
2026-07-01 13:07:00+09:00,-0.0004916658928425572,0.11445221445221446,0.6783216783216783,0
2026-07-01 13:08:00+09:00,-0.00024984623438907615,0.05337995337995338,0.6706293706293707,0
2026-07-01 13:09:00+09:00,-3.9898878833100846e-05,0.09976689976689977,0.7244755244755245,0
2026-07-01 13:10:00+09:00,-0.00029294618803549785,0.08391608391608392,0.6557109557109557,0
2026-07-01 13:11:00+09:00,-0.00017808138110739742,0.06864801864801864,0.6327505827505828,0
2026-07-01 13:12:00+09:00,-1.6247229219781467e-05,0.07657342657342658,0.6174825174825175,0
2026-07-01 13:13:00+09:00,-0.0001654419192435222,0.13776223776223778,0.6944055944055945,0
2026-07-01 13:14:00+09:00,9.823398979279561e-05,0.12995337995337997,0.6714452214452216,0
2026-07-01 13:15:00+09:00,0.00014902250689995255,0.06923076923076923,0.6483682983682983,0
2026-07-01 13:16:00+09:00,-0.00019845471035253402,0.1148018648018648,0.5792540792540792,0
2026-07-01 13:17:00+09:00,5.289549283138635e-05,0.030536130536130537,0.5487179487179488,0
2026-07-01 13:18:00+09:00,0.00023119969294344505,0.07692307692307693,0.6256410256410256,0
2026-07-01 13:19:00+09:00,2.1697490642291707e-05,0.08426573426573428,0.6483682983682983,0
2026-07-01 13:20:00+09:00,1.8574198590761595e-05,0.14522144522144523,0.7630536130536131,0
2026-07-01 13:21:00+09:00,0.00022347886894956586,0.11456876456876458,0.7093240093240094,0
2026-07-01 13:22:00+09:00,-0.000309335410064854,0.106993006993007,0.6785547785547785,0
2026-07-01 13:23:00+09:00,-0.0003738459901871443,0.07657342657342658,0.6784382284382284,0
2026-07-01 13:24:00+09:00,0.0004813521429189166,0.08414918414918415,0.7012820512820515,0
2026-07-01 13:25:00+09:00,0.00019569473544134216,0.12214452214452215,0.6553613053613054,0
2026-07-01 13:26:00+09:00,-0.004581257484475395,0.09941724941724941,0.6480186480186481,0
2026-07-01 13:27:00+09:00,1.1161662256315347e-05,0.08426573426573428,0.6404428904428905,0
2026-07-01 13:28:00+09:00,0.00011674781775134891,0.0534965034965035,0.6636363636363636,0
2026-07-01 13:29:00+09:00,-0.00024675137619499705,0.12226107226107227,0.6483682983682985,0
2026-07-01 13:30:00+09:00,2.3449392468292747e-05,0.09953379953379954,0.5796037296037296,0
2026-07-01 13:31:00+09:00,9.523243145033664e-05,0.03822843822843823,0.6024475524475525,0
2026-07-01 13:32:00+09:00,-0.00013646101579485156,0.07657342657342658,0.617948717948718,0
2026-07-01 13:33:00+09:00,3.696072122696628e-05,0.12261072261072262,0.617948717948718,0
2026-07-01 13:34:00+09:00,-6.357518795560578e-05,0.03822843822843823,0.61002331002331,0
2026-07-01 13:35:00+09:00,2.196831011858351e-05,0.10745920745920746,0.5792540792540792,0
2026-07-01 13:36:00+09:00,-0.00035866299955692333,0.11468531468531469,0.6023310023310025,0
2026-07-01 13:37:00+09:00,0.00025977516410466764,0.09230769230769231,0.6023310023310025,0
2026-07-01 13:38:00+09:00,-7.305689777199174e-05,0.12261072261072262,0.6482517482517482,0
2026-07-01 13:39:00+09:00,0.00020350627103322234,0.06888111888111889,0.7171328671328672,0
2026-07-01 13:40:00+09:00,0.000177778707868039,0.09941724941724941,0.6941724941724943,0
2026-07-01 13:41:00+09:00,0.00017609691627510488,0.14557109557109557,0.6404428904428905,0
2026-07-01 13:42:00+09:00,0.00012071347793898444,0.06118881118881119,0.6097902097902099,0
2026-07-01 13:43:00+09:00,-0.0002440562542433321,0.09941724941724941,0.5870629370629371,0
2026-07-01 13:44:00+09:00,0.00028273469689543245,0.106993006993007,0.6175990675990677,0
2026-07-01 13:45:00+09:00,0.00029137138164225183,0.09965034965034966,0.6097902097902098,0
2026-07-01 13:46:00+09:00,8.615663422912642e-05,0.12995337995337997,0.647902097902098,0
2026-07-01 13:47:00+09:00,8.157201719238902e-05,0.09953379953379954,0.6707459207459208,0
2026-07-01 13:48:00+09:00,-0.00017230174169851584,0.0766899766899767,0.6863636363636364,0
2026-07-01 13:49:00+09:00,5.865202409508722e-05,0.068997668997669,0.6786713286713287,0
2026-07-01 13:50:00+09:00,-0.0001328324891405979,0.14522144522144523,0.6101398601398602,0
2026-07-01 13:51:00+09:00,-1.3098550702517593e-05,0.053613053613053616,0.6026806526806527,0
2026-07-01 13:52:00+09:00,7.523639479048005e-05,0.061421911421911425,0.6025641025641025,0
2026-07-01 13:53:00+09:00,0.0002373656572075762,0.068997668997669,0.6407925407925408,0
2026-07-01 13:54:00+09:00,-0.0002193464534266944,0.09184149184149185,0.6405594405594406,0
2026-07-01 13:55:00+09:00,-0.0002518733484656126,0.09941724941724941,0.6173659673659673,0
2026-07-01 13:56:00+09:00,-0.00034201807342933946,0.09172494172494172,0.6326340326340327,0
2026-07-01 13:57:00+09:00,-8.388552385119291e-05,0.09160839160839161,0.6480186480186481,0
2026-07-01 13:58:00+09:00,-8.86016300425808e-06,0.11468531468531469,0.686946386946387,0
2026-07-01 13:59:00+09:00,-8.949217616404071e-05,0.09172494172494172,0.6865967365967367,0
2026-07-01 14:00:00+09:00,-0.0003091950714552575,0.06876456876456877,0.7094405594405594,0
2026-07-01 14:01:00+09:00,-0.0006362252515755828,0.06876456876456877,0.7015151515151515,0
2026-07-01 14:02:00+09:00,0.003202079965606059,0.09160839160839161,0.7171328671328672,0
2026-07-01 14:03:00+09:00,-0.0045693078299425625,0.09195804195804197,0.671095571095571,0
2026-07-01 14:04:00+09:00,0.00021661492798570546,0.11491841491841492,0.5867132867132868,0
2026-07-01 14:05:00+09:00,1.6422821056906633e-05,0.08379953379953381,0.5791375291375291,0
2026-07-01 14:06:00+09:00,0.00016678457994055089,0.07692307692307693,0.6252913752913754,0
2026-07-01 14:07:00+09:00,0.000251548369915266,0.09195804195804197,0.6864801864801865,0
2026-07-01 14:08:00+09:00,-0.00010140127365810021,0.09184149184149185,0.6713286713286715,0
2026-07-01 14:09:00+09:00,2.109376476750277e-05,0.04592074592074592,0.6713286713286714,0
2026-07-01 14:10:00+09:00,-0.0001418079477296231,0.0914918414918415,0.6865967365967367,0
2026-07-01 14:11:00+09:00,-5.0553996742195944e-05,0.09195804195804197,0.6405594405594406,0
2026-07-01 14:12:00+09:00,-0.00010024107687693534,0.0534965034965035,0.6632867132867133,0
2026-07-01 14:13:00+09:00,2.4688881667487687e-05,0.08403263403263403,0.671095571095571,0
2026-07-01 14:14:00+09:00,-0.00010366909891539534,0.09965034965034966,0.6942890442890444,0
2026-07-01 14:15:00+09:00,0.00013896770582622235,0.10710955710955711,0.6944055944055944,0
2026-07-01 14:16:00+09:00,1.7663335546221556e-05,0.09172494172494172,0.6789044289044289,0
2026-07-01 14:17:00+09:00,-0.0002486121788348023,0.09941724941724941,0.655944055944056,0
2026-07-01 14:18:00+09:00,-0.0001429364129809876,0.06888111888111889,0.6789044289044289,0
2026-07-01 14:19:00+09:00,-0.00013954512462688114,0.068997668997669,0.6558275058275059,0
2026-07-01 14:20:00+09:00,6.623165410817918e-05,0.06118881118881119,0.6713286713286714,0
2026-07-01 14:21:00+09:00,-0.00013154839037276796,0.08426573426573428,0.725058275058275,0
2026-07-01 14:22:00+09:00,0.00019864087749974928,0.106993006993007,0.7096736596736597,0
2026-07-01 14:23:00+09:00,0.0001253493768147465,0.09195804195804197,0.7095571095571096,0
2026-07-01 14:24:00+09:00,-3.886195413448366e-05,0.106993006993007,0.6484848484848486,0
2026-07-01 14:25:00+09:00,-3.4263861610250154e-05,0.06864801864801864,0.6560606060606061,0
2026-07-01 14:26:00+09:00,0.00012480112565760968,0.09965034965034966,0.6636363636363637,0
2026-07-01 14:27:00+09:00,0.00023093289936895435,0.07645687645687646,0.679020979020979,0
2026-07-01 14:28:00+09:00,-0.0001605129686126399,0.09941724941724941,0.6865967365967367,0
2026-07-01 14:29:00+09:00,-8.824147878540956e-05,0.1148018648018648,0.7097902097902098,0
2026-07-01 14:30:00+09:00,-1.731452437776e-05,0.04568764568764569,0.7249417249417249,0
2026-07-01 14:31:00+09:00,0.00017202678228505765,0.10722610722610723,0.7249417249417249,0
2026-07-01 14:32:00+09:00,1.055042841992075e-05,0.08426573426573428,0.7327505827505828,0
2026-07-01 14:33:00+09:00,0.00014849420031280575,0.06118881118881119,0.6867132867132868,0
2026-07-01 14:34:00+09:00,-1.9373477052452926e-05,0.13006993006993006,0.6480186480186481,0
2026-07-01 14:35:00+09:00,-0.00014956635758142425,0.05372960372960373,0.670979020979021,0
2026-07-01 14:36:00+09:00,-0.0004396566574531398,0.07657342657342658,0.7016317016317016,0
2026-07-01 14:37:00+09:00,4.2903662323438816e-05,0.13041958041958043,0.7245920745920746,0
2026-07-01 14:38:00+09:00,-6.469642693375738e-05,0.14545454545454545,0.6714452214452215,0
2026-07-01 14:39:00+09:00,9.17490879346756e-05,0.03834498834498835,0.6484848484848484,0
2026-07-01 14:40:00+09:00,-3.0417071690029673e-05,0.0768065268065268,0.6637529137529137,0
2026-07-01 14:41:00+09:00,-0.00017204086142483447,0.12226107226107227,0.679020979020979,0
2026-07-01 14:42:00+09:00,0.0028636617851826042,0.07634032634032634,0.6635198135198136,0
2026-07-01 14:43:00+09:00,-0.004700694602116667,0.061072261072261075,0.6486013986013985,0
2026-07-01 14:44:00+09:00,0.003028349192487458,0.08438228438228439,0.6868298368298369,0
2026-07-01 14:45:00+09:00,-0.004612762265581256,0.12249417249417249,0.671095571095571,0
2026-07-01 14:46:00+09:00,0.0002488412582620837,0.0991841491841492,0.708974358974359,0
2026-07-01 14:47:00+09:00,-3.1175954213399436e-05,0.16794871794871796,0.6331002331002331,0
2026-07-01 14:48:00+09:00,-7.607351334244326e-05,0.106993006993007,0.6638694638694639,0
2026-07-01 14:49:00+09:00,-8.550770151888231e-05,0.03834498834498835,0.6562937062937063,0
2026-07-01 14:50:00+09:00,-0.00017159357706313173,0.13752913752913754,0.7630536130536131,0
2026-07-01 14:51:00+09:00,-0.00040983900728848807,0.1527972027972028,0.7324009324009325,0
2026-07-01 14:52:00+09:00,-0.00010313569651890678,0.10687645687645689,0.716899766899767,0
2026-07-01 14:53:00+09:00,3.581482366625762e-05,0.0768065268065268,0.7170163170163171,0
2026-07-01 14:54:00+09:00,-2.4012048377823747e-05,0.14545454545454545,0.7095571095571096,0
2026-07-01 14:55:00+09:00,-3.502952244815262e-05,0.06876456876456877,0.6867132867132868,0
2026-07-01 14:56:00+09:00,-0.0001214807718737743,0.03822843822843823,0.6944055944055945,0
2026-07-01 14:57:00+09:00,-0.0003070590053261793,0.09172494172494172,0.7707459207459209,0
2026-07-01 14:58:00+09:00,-0.00020274838938493864,0.10664335664335664,0.8470862470862471,0
2026-07-01 14:59:00+09:00,0.00018257752905152097,0.06876456876456877,0.8242424242424242,0
2026-07-01 15:00:00+09:00,-0.00023986019295488059,0.053613053613053616,0.831934731934732,0
2026-07-01 15:01:00+09:00,-2.1765294554534998e-05,0.06095571095571096,0.8621212121212122,0
2026-07-01 15:02:00+09:00,0.00021896729912031115,0.10687645687645689,0.8317016317016318,0
2026-07-01 15:03:00+09:00,1.78222666537185e-05,0.05372960372960373,0.8241258741258742,0
2026-07-01 15:04:00+09:00,-3.651953045897675e-05,0.10710955710955711,0.7783216783216784,0
2026-07-01 15:05:00+09:00,-0.0001955580148128941,0.10687645687645689,0.7782051282051283,0
2026-07-01 15:06:00+09:00,0.00014294264591282555,0.061072261072261075,0.7784382284382285,0
2026-07-01 15:07:00+09:00,5.449582106877443e-05,0.09941724941724941,0.7860139860139861,0
2026-07-01 15:08:00+09:00,0.00012611651491218218,0.0766899766899767,0.8319347319347321,0
2026-07-01 15:09:00+09:00,0.00021265845579001235,0.0534965034965035,0.8243589743589744,0
2026-07-01 15:10:00+09:00,9.761225421939224e-05,0.045804195804195806,0.8550116550116551,0
2026-07-01 15:11:00+09:00,-0.00010758953810596415,0.03822843822843823,0.8624708624708626,0
2026-07-01 15:12:00+09:00,-0.00019728159484274922,0.053263403263403265,0.8395104895104896,0
2026-07-01 15:13:00+09:00,-8.629465287679593e-05,0.015384615384615385,0.8395104895104896,0
2026-07-01 15:14:00+09:00,-0.00035619494830126694,1.5702020202020202,0.9444444444444444,0
2026-07-01 15:15:00+09:00,-0.00010964237637728079,0.07706528272566009,0.9467368410764636,0
2026-07-01 15:16:00+09:00,-9.8797808441711e-05,0.02621082621082621,0.9390445333841559,0
2026-07-01 15:17:00+09:00,-6.0563860970023204e-05,0.033786583786583786,0.9728311171707398,0
2026-07-01 15:18:00+09:00,-4.515593678232921e-05,0.07874878440916176,0.9842398342398341,0
2026-07-01 15:19:00+09:00,-1.4317943623104351e-05,0.04322054605073473,0.9932078403776516,0
2026-07-01 15:20:00+09:00,4.920262946726231e-05,0.02621082621082621,1.0009001480699593,0
2026-07-01 15:21:00+09:00,0.0001181514909415563,0.041245791245791245,1.0269944241642353,0
2026-07-01 15:22:00+09:00,6.0984968993251385e-05,0.03991193991193991,1.0483878455576567,0
2026-07-01 15:23:00+09:00,-0.00020967756911153138,1.0483878455576567,0.0,0
2026-07-01 15:24:00+09:00,0.0,0.0,0.0,0
2026-07-01 15:30:00+09:00,0.0,0.0,0.0,0
2026-07-02 09:00:00+09:00,0.0,0.0,0.0,0
2026-07-02 09:01:00+09:00,0.0,0.0,0.0,0
2026-07-02 09:02:00+09:00,0.0,0.0,0.0,0
2026-07-02 09:03:00+09:00,0.0,0.0,0.0,0
2026-07-02 09:04:00+09:00,0.0,0.0,0.0,0
2026-07-02 09:05:00+09:00,0.0,0.0,0.0,0
2026-07-02 09:06:00+09:00,0.0,0.0,0.0,0
2026-07-02 09:07:00+09:00,0.0,0.0,0.0,0
2026-07-02 09:08:00+09:00,0.0,0.0,0.0,0
2026-07-02 09:09:00+09:00,0.0,0.0,0.0,0
2026-07-02 09:10:00+09:00,0.0,0.0,0.0,0
2026-07-02 09:11:00+09:00,0.0,0.0,0.0,0
2026-07-02 09:12:00+09:00,0.0,0.0,0.0,0
2026-07-02 09:13:00+09:00,0.0,0.0,0.0,0
2026-07-02 09:14:00+09:00,0.0,0.0,0.0,0
2026-07-02 09:15:00+09:00,0.000853230210427858,0.8798792756539235,0.8798792756539235,0
2026-07-02 09:16:00+09:00,0.0023442501464269495,0.021227364185110665,0.8729376257545272,0
2026-07-02 09:17:00+09:00,0.002038855252176962,0.063682092555332,0.8802816901408451,0
2026-07-02 09:18:00+09:00,0.0013472609445697884,0.014185110663983903,0.8660965794768611,0
2026-07-02 09:19:00+09:00,0.0016323317082011484,0.028470824949698187,0.8519114688128773,0
2026-07-02 09:20:00+09:00,-0.002236747403512299,0.04235412474849094,0.8799798792756539,0
2026-07-02 09:21:00+09:00,0.0018537671535290606,0.08501006036217304,0.8794768611670021,0
2026-07-02 09:22:00+09:00,-0.00012886450394580822,0.028470824949698187,0.9079476861167002,0
2026-07-02 09:23:00+09:00,0.0013906895426034729,0.049698189134808855,0.8725352112676057,0
2026-07-02 09:24:00+09:00,-0.0009368704214151376,0.06388329979879276,0.8655935613682093,0
2026-07-02 09:25:00+09:00,2.2555955051208613e-05,0.063682092555332,0.8161971830985916,0
2026-07-02 09:26:00+09:00,0.0010231844715456752,0.028370221327967807,0.8019114688128772,0
2026-07-02 09:27:00+09:00,-0.0010799658104426431,0.04255533199195171,0.8301810865191146,0
2026-07-02 09:28:00+09:00,-0.0005865555696407845,0.05674044265593561,0.8585513078470826,0
2026-07-02 09:29:00+09:00,0.0004963814513923182,0.06378269617706238,0.8370221327967806,0
2026-07-02 09:30:00+09:00,-0.0010180581299188984,0.05663983903420523,0.8228370221327967,0
2026-07-02 09:31:00+09:00,0.0005686346725475471,0.04949698189134809,0.81579476861167,0
2026-07-02 09:32:00+09:00,0.0001331297155025858,0.07806841046277666,0.794466800804829,0
2026-07-02 09:33:00+09:00,0.0003734416920762711,0.056841046277665994,0.8227364185110664,0
2026-07-02 09:34:00+09:00,-0.0001776334038025153,0.07082494969818913,0.7943661971830986,0
2026-07-02 09:35:00+09:00,-0.0001863442614659503,0.07816901408450704,0.8159959758551307,0
2026-07-02 09:36:00+09:00,0.0016396778196127698,0.03551307847082495,0.8088531187122736,0
2026-07-02 09:37:00+09:00,0.0006325898932089145,0.06388329979879276,0.8019114688128772,0
2026-07-02 09:38:00+09:00,0.0003975063863188064,0.06388329979879276,0.8088531187122736,0
2026-07-02 09:39:00+09:00,0.0012269361884511725,0.028470824949698187,0.8230382293762576,0
2026-07-02 09:40:00+09:00,0.0006750214577295332,0.05663983903420523,0.8374245472837023,0
2026-07-02 09:41:00+09:00,0.0007617598815441798,0.035412474849094565,0.8585513078470826,0
2026-07-02 09:42:00+09:00,0.0006765588603114905,0.08501006036217304,0.8445674044265594,0
2026-07-02 09:43:00+09:00,0.0006874212760477978,0.04245472837022133,0.8729376257545272,0
2026-07-02 09:44:00+09:00,-0.00021685448552542338,0.04265593561368209,0.830281690140845,0
2026-07-02 09:45:00+09:00,0.00020628585429047572,0.11338028169014085,0.8303822937625754,0
2026-07-02 09:46:00+09:00,-0.0006172488024097537,0.035311871227364185,0.8373239436619718,0
2026-07-02 09:47:00+09:00,-0.0015584195571434077,0.07092555331991951,0.823138832997988,0
2026-07-02 09:48:00+09:00,0.0003291477366404507,0.063682092555332,0.8161971830985915,0
2026-07-02 09:49:00+09:00,0.0009597189859913547,0.04275653923541248,0.8020120724346076,0
2026-07-02 09:50:00+09:00,0.0029964609696741962,0.07092555331991951,0.7737424547283702,0
2026-07-02 09:51:00+09:00,-0.004735858307683661,0.07806841046277666,0.7240442655935613,0
2026-07-02 09:52:00+09:00,-1.0016513894529727e-05,0.06378269617706238,0.7168008048289738,0
2026-07-02 09:53:00+09:00,-0.0004254281131796671,0.07766599597585513,0.766297786720322,0
2026-07-02 09:54:00+09:00,-0.0013330411994764062,0.06398390342052314,0.8019114688128772,0
2026-07-02 09:55:00+09:00,-0.00044651581792575336,0.10643863179074446,0.8516096579476862,0
2026-07-02 09:56:00+09:00,0.000493759613389675,0.06348088531187122,0.8444668008048288,0
2026-07-02 09:57:00+09:00,0.0007258044384761236,0.08490945674044266,0.8020120724346076,0
2026-07-02 09:58:00+09:00,-0.0005933311810038615,0.035412474849094565,0.8090543259557343,0
2026-07-02 09:59:00+09:00,-0.0005582923668659026,0.08490945674044266,0.7949698189134808,0
2026-07-02 10:00:00+09:00,0.00024991505444287373,0.07062374245472837,0.7949698189134808,0
2026-07-02 10:01:00+09:00,-0.0005815673158018451,0.06378269617706238,0.7593561368209255,0
2026-07-02 10:02:00+09:00,-0.0003110317489776047,0.07806841046277666,0.7521126760563379,0
2026-07-02 10:03:00+09:00,0.00021481223173059296,0.07062374245472837,0.7237424547283702,0
2026-07-02 10:04:00+09:00,-0.00027519738509310717,0.05674044265593561,0.7096579476861167,0
2026-07-02 10:05:00+09:00,-0.00022121613337722348,0.12082494969818913,0.7308853118712274,0
2026-07-02 10:06:00+09:00,-0.0007609147316236024,0.08480885311871228,0.7591549295774648,0
2026-07-02 10:07:00+09:00,-0.0011400498064832393,0.11338028169014085,0.7451710261569416,0
2026-07-02 10:08:00+09:00,-0.0005256412198478452,0.05674044265593561,0.7451710261569416,0
2026-07-02 10:09:00+09:00,-0.005487327250813311,0.04265593561368209,0.759456740442656,0
2026-07-02 10:10:00+09:00,-0.0006865002337778406,0.04959758551307847,0.7663983903420524,0
2026-07-02 10:11:00+09:00,0.0008679773120858653,0.06398390342052314,0.7879275653923541,0
2026-07-02 10:12:00+09:00,0.0006324640780546434,0.04255533199195171,0.8019114688128772,0
2026-07-02 10:13:00+09:00,0.0013993412824501819,0.07082494969818913,0.8161971830985916,0
2026-07-02 10:14:00+09:00,-0.0035251338646759235,0.0778672032193159,0.808953722334004,0
2026-07-02 10:15:00+09:00,-0.0008348263671021737,0.0710261569416499,0.7520120724346077,0
2026-07-02 10:16:00+09:00,-0.0006066328430163644,0.07092555331991951,0.7380281690140844,0
2026-07-02 10:17:00+09:00,5.991636713485784e-05,0.09195171026156941,0.6744466800804829,0
2026-07-02 10:18:00+09:00,0.00019760208687071278,0.06398390342052314,0.6814889336016097,0
2026-07-02 10:19:00+09:00,-0.00016142870740489242,0.07796780684104627,0.6459758551307847,0
2026-07-02 10:20:00+09:00,1.5438294578302144e-05,0.11317907444668009,0.7167002012072434,0
2026-07-02 10:21:00+09:00,-0.0006623088342957513,0.07072434607645875,0.7168008048289738,0
2026-07-02 10:22:00+09:00,-0.0007917338327592962,0.08511066398390342,0.7451710261569418,0
2026-07-02 10:23:00+09:00,-0.0004185144000600346,0.049698189134808855,0.7383299798792756,0
2026-07-02 10:24:00+09:00,-0.0007473866498045965,0.05653923541247485,0.7664989939637827,0
2026-07-02 10:25:00+09:00,-0.00038911276727736897,0.08490945674044266,0.8232394366197183,0
2026-07-02 10:26:00+09:00,0.0005917111923950765,0.09899396378269618,0.8234406438631791,0
2026-07-02 10:27:00+09:00,-0.0007743623598305868,0.08511066398390342,0.7948692152917505,0
2026-07-02 10:28:00+09:00,-0.0002954218084309287,0.035311871227364185,0.7736418511066399,0
2026-07-02 10:29:00+09:00,-0.0003684345375715641,0.04949698189134809,0.7806841046277666,0
2026-07-02 10:30:00+09:00,-0.003879625446859159,0.09919517102615694,0.8092555331991952,0
2026-07-02 10:31:00+09:00,0.001361038892142567,0.07776659959758551,0.802112676056338,0
2026-07-02 10:32:00+09:00,0.0011887223811415438,0.028269617706237427,0.8022132796780684,0
2026-07-02 10:33:00+09:00,-0.00011345502830572496,0.05674044265593561,0.8020120724346076,0
2026-07-02 10:34:00+09:00,-0.0005117173439769079,0.028269617706237427,0.8161971830985915,0
2026-07-02 10:35:00+09:00,-0.0011322009837602261,0.08490945674044266,0.8159959758551307,0
2026-07-02 10:36:00+09:00,-0.000153451083133977,0.11348088531187123,0.7308853118712274,0
2026-07-02 10:37:00+09:00,0.00035941197840751084,0.049999999999999996,0.7094567404426559,0
2026-07-02 10:38:00+09:00,-0.0005101104922606508,0.0710261569416499,0.6951710261569417,0
2026-07-02 10:39:00+09:00,-0.00029696393668280404,0.09195171026156941,0.7024144869215292,0
2026-07-02 10:40:00+09:00,0.00027373642206361334,0.06378269617706238,0.6672032193158954,0
2026-07-02 10:41:00+09:00,0.0003370824914250156,0.07816901408450704,0.6886317907444668,0
2026-07-02 10:42:00+09:00,-0.00045166862145797044,0.09225352112676057,0.6959758551307849,0
2026-07-02 10:43:00+09:00,-0.0001575889898916698,0.07796780684104627,0.7310865191146881,0
2026-07-02 10:44:00+09:00,-0.0002552705393042685,0.03561368209255533,0.7383299798792757,0
2026-07-02 10:45:00+09:00,-0.00029505772219150673,0.0852112676056338,0.723943661971831,0
2026-07-02 10:46:00+09:00,-0.000293628091920805,0.04255533199195171,0.7524144869215292,0
2026-07-02 10:47:00+09:00,-0.001149324970449246,0.07796780684104627,0.7028169014084507,0
2026-07-02 10:48:00+09:00,0.0004068006373470716,0.12072434607645875,0.7241448692152916,0
2026-07-02 10:49:00+09:00,-0.0002781128802377197,0.035412474849094565,0.7030181086519114,0
2026-07-02 10:50:00+09:00,9.001900986580386e-05,0.08551307847082495,0.6744466800804829,0
2026-07-02 10:51:00+09:00,-6.8463218679668456e-06,0.05674044265593561,0.7026156941649899,0
2026-07-02 10:52:00+09:00,-6.1199795895661e-05,0.04245472837022133,0.7024144869215292,0
2026-07-02 10:53:00+09:00,0.0009421996237987732,0.0710261569416499,0.7452716297786721,0
2026-07-02 10:54:00+09:00,0.0005040962137873005,0.09919517102615694,0.7595573440643864,0
2026-07-02 10:55:00+09:00,-0.0008283516538701288,0.06388329979879276,0.7667002012072435,0
2026-07-02 10:56:00+09:00,-0.0003454957377633844,0.09225352112676057,0.7026156941649899,0
2026-07-02 10:57:00+09:00,9.868000184264328e-05,0.07796780684104627,0.766297786720322,0
2026-07-02 10:58:00+09:00,-0.00019352382757438746,0.0778672032193159,0.7308853118712274,0
2026-07-02 10:59:00+09:00,-0.00035130040560453626,0.07806841046277666,0.766297786720322,0
2026-07-02 11:00:00+09:00,0.00018939677953619605,0.02857142857142857,0.7520120724346077,0
2026-07-02 11:01:00+09:00,-0.00035115958186216726,0.11338028169014085,0.8229376257545271,0
2026-07-02 11:02:00+09:00,0.000759754722003509,0.0920523138832998,0.7735412474849095,0
2026-07-02 11:03:00+09:00,-0.0005162927928127066,0.09225352112676057,0.7241448692152918,0
2026-07-02 11:04:00+09:00,0.0005154289119623182,0.06388329979879276,0.660261569416499,0
2026-07-02 11:05:00+09:00,-0.0001379464033007215,0.04939637826961771,0.6531187122736418,0
2026-07-02 11:06:00+09:00,0.0008862792930012149,0.09929577464788733,0.7242454728370222,0
2026-07-02 11:07:00+09:00,2.8469245565271064e-05,0.12072434607645875,0.7172032193158954,0
2026-07-02 11:08:00+09:00,0.004738106255086914,0.028370221327967807,0.702917505030181,0
2026-07-02 11:09:00+09:00,-3.854263405028414e-05,0.04245472837022133,0.6888329979879275,0
2026-07-02 11:10:00+09:00,0.0018411468033100904,0.12052313883299799,0.7669014084507042,0
2026-07-02 11:11:00+09:00,-0.005107343496403723,0.07837022132796781,0.7311871227364185,0
2026-07-02 11:12:00+09:00,-5.449280606483931e-05,0.05663983903420523,0.7451710261569418,0
2026-07-02 11:13:00+09:00,0.002484795598681963,0.09185110663983903,0.7380281690140844,0
2026-07-02 11:14:00+09:00,-0.004658067181866407,0.04959758551307847,0.731287726358149,0
2026-07-02 11:15:00+09:00,0.0001878728375723205,0.04265593561368209,0.7172032193158954,0
2026-07-02 11:16:00+09:00,0.0003827649938742185,0.04949698189134809,0.7242454728370221,0
2026-07-02 11:17:00+09:00,0.00046753938123905736,0.08511066398390342,0.7240442655935613,0
2026-07-02 11:18:00+09:00,0.00036234388721840703,0.07826961770623743,0.7314889336016096,0
2026-07-02 11:19:00+09:00,-0.00017642426683811213,0.02112676056338028,0.7385311871227365,0
2026-07-02 11:20:00+09:00,-0.0009307884125778669,0.07806841046277666,0.7455734406438632,0
2026-07-02 11:21:00+09:00,0.0032964278095343395,0.09939637826961771,0.7168008048289739,0
2026-07-02 11:22:00+09:00,-0.004345692687837867,0.04949698189134809,0.68158953722334,0
2026-07-02 11:23:00+09:00,0.0002896942921059658,0.08511066398390342,0.7099597585513078,0
2026-07-02 11:24:00+09:00,0.0003156611049732417,0.07796780684104627,0.7028169014084507,0
2026-07-02 11:25:00+09:00,-0.0003680811917897118,0.05674044265593561,0.6887323943661972,0
2026-07-02 11:26:00+09:00,-0.004027214176912444,0.05674044265593561,0.6885311871227364,0
2026-07-02 11:27:00+09:00,0.00011447397121492656,0.08490945674044266,0.7450704225352114,0
2026-07-02 11:28:00+09:00,0.00025554192281050073,0.05663983903420523,0.7731388329979879,0
2026-07-02 11:29:00+09:00,-0.00015462776659959759,0.7731388329979879,0.0,0
2026-07-02 11:30:00+09:00,0.0,0.0,0.0,0
2026-07-02 12:30:00+09:00,0.00013601046493455586,0.8799798792756539,0.8799798792756539,0
2026-07-02 12:31:00+09:00,0.0001621608284996046,0.06378269617706238,0.8161971830985916,0
2026-07-02 12:32:00+09:00,-0.00029155065466035144,0.035311871227364185,0.7808853118712273,0
2026-07-02 12:33:00+09:00,8.539135494863931e-05,0.05663983903420523,0.7950704225352112,0
2026-07-02 12:34:00+09:00,-0.00022444138977370027,0.06388329979879276,0.7452716297786721,0
2026-07-02 12:35:00+09:00,0.00017461679206113407,0.04949698189134809,0.7665995975855131,0
2026-07-02 12:36:00+09:00,0.0002928797159972466,0.07796780684104627,0.8159959758551307,0
2026-07-02 12:37:00+09:00,0.0006782495679255316,0.0852112676056338,0.8020120724346077,0
2026-07-02 12:38:00+09:00,2.1760406733284353e-05,0.07796780684104627,0.7948692152917506,0
2026-07-02 12:39:00+09:00,0.00039160046456164613,0.07796780684104627,0.7879275653923542,0
2026-07-02 12:40:00+09:00,0.0003774970364824587,0.07092555331991951,0.7878269617706237,0
2026-07-02 12:41:00+09:00,-0.0009513655099304013,0.04255533199195171,0.7736418511066399,0
2026-07-02 12:42:00+09:00,-8.465534541733756e-05,0.05674044265593561,0.7593561368209255,0
2026-07-02 12:43:00+09:00,-0.0001788075813135588,0.06388329979879276,0.766297786720322,0
2026-07-02 12:44:00+09:00,0.00014957181453696837,0.04245472837022133,0.7662977867203219,0
2026-07-02 12:45:00+09:00,0.00013834819532554244,0.07796780684104627,0.7595573440643864,0
2026-07-02 12:46:00+09:00,0.0001767732123986769,0.06398390342052314,0.7665995975855131,0
2026-07-02 12:47:00+09:00,0.00022692056529806896,0.04959758551307847,0.7878269617706237,0
2026-07-02 12:48:00+09:00,-0.0005246664822378894,0.063682092555332,0.7806841046277666,0
2026-07-02 12:49:00+09:00,1.6722108718007477e-07,0.05674044265593561,0.7806841046277666,0
2026-07-02 12:50:00+09:00,-0.0054196287872657805,0.09225352112676057,0.7168008048289738,0
2026-07-02 12:51:00+09:00,-0.00034864378639551505,0.06388329979879276,0.723943661971831,0
2026-07-02 12:52:00+09:00,-0.00021731481346074882,0.07072434607645875,0.6813883299798793,0
2026-07-02 12:53:00+09:00,0.00028076566112883683,0.09225352112676057,0.6742454728370222,0
2026-07-02 12:54:00+09:00,-0.00022905084022011138,0.07082494969818913,0.6742454728370221,0
2026-07-02 12:55:00+09:00,-0.0002271937219667516,0.07776659959758551,0.7095573440643863,0
2026-07-02 12:56:00+09:00,6.245014300012724e-05,0.09919517102615694,0.709758551307847,0
2026-07-02 12:57:00+09:00,4.081201808437095e-05,0.035412474849094565,0.7168008048289738,0
2026-07-02 12:58:00+09:00,4.4027810756616015e-05,0.0852112676056338,0.7448692152917504,0
2026-07-02 12:59:00+09:00,-0.00010392494009975063,0.09929577464788733,0.7306841046277666,0
2026-07-02 13:00:00+09:00,-0.000322196512668031,0.0852112676056338,0.7164989939637827,0
2026-07-02 13:01:00+09:00,1.6809153658041546e-05,0.07072434607645875,0.7165995975855131,0
2026-07-02 13:02:00+09:00,0.0008068799317546002,0.08541247484909456,0.7164989939637827,0
2026-07-02 13:03:00+09:00,0.00038731871892727735,0.07112676056338028,0.7449698189134808,0
2026-07-02 13:04:00+09:00,0.0005651344884275017,0.04949698189134809,0.7236418511066398,0
2026-07-02 13:05:00+09:00,-0.004535068844959774,0.08541247484909456,0.7525150905432596,0
2026-07-02 13:06:00+09:00,0.00010279970413241568,0.0852112676056338,0.7099597585513078,0
2026-07-02 13:07:00+09:00,0.00039021109079473724,0.05663983903420523,0.7382293762575454,0
2026-07-02 13:08:00+09:00,-0.00010563720687721473,0.07776659959758551,0.7308853118712273,0
2026-07-02 13:09:00+09:00,-0.0001082343004742374,0.07062374245472837,0.7592555331991953,0
2026-07-02 13:10:00+09:00,-7.6725904213492e-05,0.028169014084507043,0.7451710261569416,0
2026-07-02 13:11:00+09:00,-0.000461177981173755,0.056941649899396374,0.7451710261569416,0
2026-07-02 13:12:00+09:00,-0.00018860652060328793,0.09185110663983903,0.7663983903420523,0
2026-07-02 13:13:00+09:00,0.00016481774810024242,0.06378269617706238,0.7450704225352112,0
2026-07-02 13:14:00+09:00,0.0002838706867680118,0.07816901408450704,0.709758551307847,0
2026-07-02 13:15:00+09:00,-6.93286765742083e-05,0.07806841046277666,0.7165995975855131,0
2026-07-02 13:16:00+09:00,-4.261797566122609e-05,0.12746478873239436,0.6173038229376258,0
2026-07-02 13:17:00+09:00,6.314850336966521e-06,0.063682092555332,0.6244466800804829,0
2026-07-02 13:18:00+09:00,-9.179485951242633e-05,0.028370221327967807,0.6244466800804829,0
2026-07-02 13:19:00+09:00,0.00034814379887309103,0.1062374245472837,0.6459758551307848,0
2026-07-02 13:20:00+09:00,-0.00036299189102172256,0.11358148893360161,0.7026156941649899,0
2026-07-02 13:21:00+09:00,5.823984696077316e-05,0.07052313883299799,0.6461770623742455,0
2026-07-02 13:22:00+09:00,-5.4555158610675025e-05,0.04245472837022133,0.6459758551307847,0
2026-07-02 13:23:00+09:00,5.0687694341339815e-06,0.0710261569416499,0.6743460764587526,0
2026-07-02 13:24:00+09:00,-0.00044781075830202754,0.0778672032193159,0.7240442655935614,0
2026-07-02 13:25:00+09:00,0.002497969638051381,0.07092555331991951,0.738430583501006,0
2026-07-02 13:26:00+09:00,-0.0004556480990636249,0.09939637826961771,0.7382293762575453,0
2026-07-02 13:27:00+09:00,0.00019379046530920382,0.12062374245472837,0.673943661971831,0
2026-07-02 13:28:00+09:00,0.00011057438964336621,0.06378269617706238,0.65261569416499,0
2026-07-02 13:29:00+09:00,0.0003575731092297072,0.05663983903420523,0.6245472837022132,0
2026-07-02 13:30:00+09:00,-0.004478827141897461,0.10663983903420524,0.6458752515090544,0
2026-07-02 13:31:00+09:00,6.53792340436694e-05,0.063682092555332,0.6105633802816901,0
2026-07-02 13:32:00+09:00,0.00020759100570036759,0.12032193158953722,0.6457746478873241,0
2026-07-02 13:33:00+09:00,0.00035175420187624594,0.12052313883299799,0.6530181086519115,0
2026-07-02 13:34:00+09:00,-2.890563719379448e-06,0.07082494969818913,0.6813883299798793,0
2026-07-02 13:35:00+09:00,0.0006871733697078214,0.07072434607645875,0.6953722334004024,0
2026-07-02 13:36:00+09:00,-0.0005297020943512969,0.11378269617706237,0.7383299798792757,0
2026-07-02 13:37:00+09:00,-0.00024105634984782803,0.11348088531187123,0.6673038229376258,0
2026-07-02 13:38:00+09:00,-0.00011475323964783504,0.056438631790744466,0.6814889336016097,0
2026-07-02 13:39:00+09:00,-0.0002693157359026192,0.07806841046277666,0.6742454728370222,0
2026-07-02 13:40:00+09:00,0.0028702858131493454,0.1062374245472837,0.6672032193158953,0
2026-07-02 13:41:00+09:00,-5.675052727432579e-05,0.049698189134808855,0.6456740442655935,0
2026-07-02 13:42:00+09:00,-0.00015559835160581427,0.07112676056338028,0.6455734406438631,0
2026-07-02 13:43:00+09:00,-8.586340543291276e-05,0.09215291750503019,0.6383299798792756,0
2026-07-02 13:44:00+09:00,-2.036423692723296e-05,0.07082494969818913,0.6528169014084507,0
2026-07-02 13:45:00+09:00,-5.4269795443245904e-05,0.07092555331991951,0.6674044265593562,0
2026-07-02 13:46:00+09:00,0.0001423949971477624,0.07816901408450704,0.6316901408450705,0
2026-07-02 13:47:00+09:00,0.0030563714617876845,0.05653923541247485,0.6174044265593561,0
2026-07-02 13:48:00+09:00,-0.00482059706994829,0.028169014084507043,0.6314889336016096,0
2026-07-02 13:49:00+09:00,9.778225837435919e-05,0.12776659959758552,0.688430583501006,0
2026-07-02 13:50:00+09:00,-0.00034995586932748244,0.06388329979879276,0.7096579476861167,0
2026-07-02 13:51:00+09:00,0.0027250486571937307,0.12062374245472837,0.645774647887324,0
2026-07-02 13:52:00+09:00,-4.553092474757072e-05,0.049798792756539235,0.6527162977867202,0
2026-07-02 13:53:00+09:00,-0.00014682241721696354,0.056841046277665994,0.6383299798792756,0
2026-07-02 13:54:00+09:00,-1.3117021129682934e-05,0.10603621730382294,0.6453722334004024,0
2026-07-02 13:55:00+09:00,-6.514860315579444e-05,0.07806841046277666,0.6809859154929576,0
2026-07-02 13:56:00+09:00,-0.00020053655234947187,0.09939637826961771,0.6669014084507043,0
2026-07-02 13:57:00+09:00,0.000154718662959841,0.13490945674044266,0.6881287726358148,0
2026-07-02 13:58:00+09:00,3.186442651869978e-05,0.03551307847082495,0.6809859154929577,0
2026-07-02 13:59:00+09:00,0.00018943273597934595,0.0852112676056338,0.666599597585513,0
2026-07-02 14:00:00+09:00,-7.740861663636843e-05,0.10633802816901408,0.7025150905432596,0
2026-07-02 14:01:00+09:00,0.00024574644524292177,0.06398390342052314,0.6956740442655935,0
2026-07-02 14:02:00+09:00,-0.0004809560744771178,0.12092555331991951,0.7025150905432596,0
2026-07-02 14:03:00+09:00,-0.00019817853871635313,0.063682092555332,0.6955734406438632,0
2026-07-02 14:04:00+09:00,-0.0005386796763922052,0.07082494969818913,0.7096579476861167,0
2026-07-02 14:05:00+09:00,-0.0006950257939487581,0.09245472837022133,0.7310865191146881,0
2026-07-02 14:06:00+09:00,-1.3170548834812893e-05,0.08511066398390342,0.7308853118712273,0
2026-07-02 14:07:00+09:00,8.983715510116966e-05,0.06388329979879276,0.7661971830985914,0
2026-07-02 14:08:00+09:00,-0.00019643319640059458,0.07806841046277666,0.745271629778672,0
2026-07-02 14:09:00+09:00,-0.0003060004701883315,0.07112676056338028,0.7308853118712273,0
2026-07-02 14:10:00+09:00,-0.00023583103229864316,0.04959758551307847,0.7237424547283702,0
2026-07-02 14:11:00+09:00,0.00024414318593782107,0.09215291750503019,0.7450704225352112,0
2026-07-02 14:12:00+09:00,-0.0003650098736575606,0.10653923541247484,0.6954728370221328,0
2026-07-02 14:13:00+09:00,3.659842724748965e-05,0.05674044265593561,0.6811871227364186,0
2026-07-02 14:14:00+09:00,-0.00016413812715656848,0.0635814889336016,0.688430583501006,0
2026-07-02 14:15:00+09:00,0.00031880193252178734,0.09215291750503019,0.738128772635815,0
2026-07-02 14:16:00+09:00,0.00018012568084418935,0.06398390342052314,0.759456740442656,0
2026-07-02 14:17:00+09:00,-3.2529213250507984e-05,0.04255533199195171,0.745271629778672,0
2026-07-02 14:18:00+09:00,0.00013762423857578785,0.09899396378269618,0.6885311871227364,0
2026-07-02 14:19:00+09:00,1.1323810667177016e-05,0.06388329979879276,0.68158953722334,0
2026-07-02 14:20:00+09:00,0.00012281995877713478,0.0920523138832998,0.6603621730382294,0
2026-07-02 14:21:00+09:00,0.00019411217280504477,0.12042253521126761,0.6389336016096578,0
2026-07-02 14:22:00+09:00,-0.00014255760312885128,0.05674044265593561,0.6387323943661971,0
2026-07-02 14:23:00+09:00,0.00015507418544414563,0.07082494969818913,0.667102615694165,0
2026-07-02 14:24:00+09:00,0.00035928287875512313,0.12786720321931588,0.7523138832997988,0
2026-07-02 14:25:00+09:00,0.0002129490203414945,0.10643863179074446,0.8162977867203218,0
2026-07-02 14:26:00+09:00,0.0002506246527081722,0.06378269617706238,0.7525150905432596,0
2026-07-02 14:27:00+09:00,0.00046387151431312055,0.04275653923541248,0.7524144869215292,0
2026-07-02 14:28:00+09:00,0.0001625530967824671,0.04235412474849094,0.7804828973843059,0
2026-07-02 14:29:00+09:00,9.61813486429728e-05,0.07082494969818913,0.7663983903420524,0
2026-07-02 14:30:00+09:00,0.0005677487235848282,0.07806841046277666,0.7736418511066399,0
2026-07-02 14:31:00+09:00,-0.0002864166875652827,0.028269617706237427,0.7453722334004025,0
2026-07-02 14:32:00+09:00,0.00011966206442625072,0.08511066398390342,0.7165995975855131,0
2026-07-02 14:33:00+09:00,0.002558856389924512,0.09225352112676057,0.723943661971831,0
2026-07-02 14:34:00+09:00,-0.005092363645991109,0.04275653923541248,0.7238430583501005,0
2026-07-02 14:35:00+09:00,-0.00030378935144834536,0.12062374245472837,0.688128772635815,0
2026-07-02 14:36:00+09:00,0.00019564088075242153,0.05663983903420523,0.673943661971831,0
2026-07-02 14:37:00+09:00,0.00016457552389328807,0.05674044265593561,0.688430583501006,0
2026-07-02 14:38:00+09:00,0.00026296870803405286,0.11358148893360161,0.6885311871227364,0
2026-07-02 14:39:00+09:00,-4.222573334594044e-06,0.11358148893360161,0.7453722334004024,0
2026-07-02 14:40:00+09:00,-6.236583210695433e-06,0.07766599597585513,0.7667002012072435,0
2026-07-02 14:41:00+09:00,0.0007963585755700001,0.09919517102615694,0.7952716297786719,0
2026-07-02 14:42:00+09:00,-0.0003117527474930285,0.06388329979879276,0.7738430583501006,0
2026-07-02 14:43:00+09:00,5.381600764961989e-05,0.0710261569416499,0.7309859154929578,0
2026-07-02 14:44:00+09:00,-0.0002722765616851927,0.07806841046277666,0.7094567404426559,0
2026-07-02 14:45:00+09:00,0.0004722611135067534,0.07796780684104627,0.688430583501006,0
2026-07-02 14:46:00+09:00,0.00013565568050723798,0.06378269617706238,0.6813883299798792,0
2026-07-02 14:47:00+09:00,0.00023485166811426878,0.07826961770623743,0.7170020120724346,0
2026-07-02 14:48:00+09:00,-3.09336898654025e-05,0.09235412474849095,0.7522132796780685,0
2026-07-02 14:49:00+09:00,8.322743893783417e-05,0.09929577464788733,0.7378269617706238,0
2026-07-02 14:50:00+09:00,-0.00013865584714404196,0.049698189134808855,0.7448692152917504,0
2026-07-02 14:51:00+09:00,-0.00010394798876837089,0.06388329979879276,0.7518108651911469,0
2026-07-02 14:52:00+09:00,0.0003228349867488983,0.09909456740442656,0.7378269617706237,0
2026-07-02 14:53:00+09:00,0.0003607793968038704,0.049899396378269616,0.7591549295774648,0
2026-07-02 14:54:00+09:00,-0.00016053684913021986,0.04959758551307847,0.7664989939637827,0
2026-07-02 14:55:00+09:00,0.00048462974210513015,0.10653923541247484,0.7736418511066399,0
2026-07-02 14:56:00+09:00,-0.0004988259173606532,0.05674044265593561,0.7595573440643864,0
2026-07-02 14:57:00+09:00,0.0004452712168079256,0.063682092555332,0.7522132796780684,0
2026-07-02 14:58:00+09:00,0.00032241901103538225,0.0778672032193159,0.7737424547283702,0
2026-07-02 14:59:00+09:00,0.0008709362250351429,0.04245472837022133,0.802112676056338,0
2026-07-02 15:00:00+09:00,0.0005880360231500505,0.07796780684104627,0.7949698189134808,0
2026-07-02 15:01:00+09:00,0.00011019568233020298,0.04255533199195171,0.7948692152917505,0
2026-07-02 15:02:00+09:00,-3.0555630461081665e-05,0.021227364185110665,0.7736418511066399,0
2026-07-02 15:03:00+09:00,2.7204787561867856e-05,0.04959758551307847,0.8232394366197182,0
2026-07-02 15:04:00+09:00,-0.0003879053107697453,0.12052313883299799,0.802112676056338,0
2026-07-02 15:05:00+09:00,0.00032626476876564646,0.07796780684104627,0.7947686116700201,0
2026-07-02 15:06:00+09:00,-0.00014236396942459353,0.021327967806841045,0.773440643863179,0
2026-07-02 15:07:00+09:00,0.000521338496683528,0.09225352112676057,0.8087525150905432,0
2026-07-02 15:08:00+09:00,-0.00010104838247244319,0.10633802816901408,0.8018108651911469,0
2026-07-02 15:09:00+09:00,0.00021484852608913605,0.021227364185110665,0.8230382293762575,0
2026-07-02 15:10:00+09:00,0.00012057436353647179,0.0710261569416499,0.8373239436619718,0
2026-07-02 15:11:00+09:00,0.000295459761800027,0.10643863179074446,0.8584507042253522,0
2026-07-02 15:12:00+09:00,-1.8590031075208545e-05,0.0778672032193159,0.837122736418511,0
2026-07-02 15:13:00+09:00,0.00010511111606551098,0.04959758551307847,0.8583501006036217,0
2026-07-02 15:14:00+09:00,-0.00028008342989475313,1.7511615145417962,0.9636363636363635,0
2026-07-02 15:15:00+09:00,0.00011209400838674383,0.04959758551307847,1.013233949149442,0
2026-07-02 15:16:00+09:00,2.417166083160763e-06,0.05759100054874702,0.9879092738247668,0
2026-07-02 15:17:00+09:00,3.868994438519907e-05,0.032467532467532464,0.9879092738247668,0
2026-07-02 15:18:00+09:00,-0.00014965660682955304,0.032266325224071704,0.9556429486006951,0
2026-07-02 15:19:00+09:00,-0.0001364471477793031,0.05574355222242546,0.9830162794951527,0
2026-07-02 15:20:00+09:00,-0.00037006807721538804,0.053594293030912746,1.0225260654838118,0
2026-07-02 15:21:00+09:00,-0.00022258786797289023,0.016133162612035852,1.0386592280958478,0
2026-07-02 15:22:00+09:00,-0.0002384510311660816,0.030318273276019755,1.0546917870861532,0
2026-07-02 15:23:00+09:00,-0.00021093835741723066,1.0546917870861532,0.0,0
2026-07-02 15:24:00+09:00,0.0,0.0,0.0,0
2026-07-02 15:30:00+09:00,0.0,0.0,0.0,0
2026-07-03 09:00:00+09:00,0.0,0.0,0.0,0
2026-07-03 09:01:00+09:00,0.0,0.0,0.0,0
2026-07-03 09:02:00+09:00,0.0,0.0,0.0,0
2026-07-03 09:03:00+09:00,0.0,0.0,0.0,0
2026-07-03 09:04:00+09:00,0.0,0.0,0.0,0
2026-07-03 09:05:00+09:00,0.0,0.0,0.0,0
2026-07-03 09:06:00+09:00,0.0,0.0,0.0,0
2026-07-03 09:07:00+09:00,0.0,0.0,0.0,0
2026-07-03 09:08:00+09:00,0.0,0.0,0.0,0
2026-07-03 09:09:00+09:00,0.0,0.0,0.0,0
2026-07-03 09:10:00+09:00,0.0,0.0,0.0,0
2026-07-03 09:11:00+09:00,0.0,0.0,0.0,0
2026-07-03 09:12:00+09:00,0.0,0.0,0.0,0
2026-07-03 09:13:00+09:00,0.0,0.0,0.0,0
2026-07-03 09:14:00+09:00,0.0,0.0,0.0,0
2026-07-03 09:15:00+09:00,-0.0027875604893444397,0.9008158508158508,0.9008158508158508,0
2026-07-03 09:16:00+09:00,-0.00040946972396713855,0.023076923076923078,0.8777389277389278,0
2026-07-03 09:17:00+09:00,0.0001953218730815222,0.0,0.8777389277389278,0
2026-07-03 09:18:00+09:00,-0.0007662309650974613,0.022843822843822845,0.8854312354312355,0
2026-07-03 09:19:00+09:00,-0.0016351847472421063,0.053263403263403265,0.8627039627039628,0
2026-07-03 09:20:00+09:00,1.9999783502570714e-05,0.045804195804195806,0.8474358974358975,0
2026-07-03 09:21:00+09:00,0.0007857282467619929,0.022843822843822845,0.8397435897435899,0
2026-07-03 09:22:00+09:00,0.0004803397211469038,0.04568764568764569,0.8702797202797203,0
2026-07-03 09:23:00+09:00,-0.0013540173120188508,0.04568764568764569,0.8702797202797203,0
2026-07-03 09:24:00+09:00,0.001516200364338871,0.07622377622377623,0.8548951048951048,0
2026-07-03 09:25:00+09:00,6.688122610057834e-05,0.022843822843822845,0.832051282051282,0
2026-07-03 09:26:00+09:00,0.0024788070470369663,0.04592074592074592,0.8628205128205129,0
2026-07-03 09:27:00+09:00,0.0009084391940920838,0.030652680652680654,0.8934731934731934,0
2026-07-03 09:28:00+09:00,0.0017906132684096623,0.015268065268065269,0.9087412587412588,0
2026-07-03 09:29:00+09:00,0.0009077659441629757,0.03041958041958042,0.924009324009324,0
2026-07-03 09:30:00+09:00,-4.799880756915645e-05,0.0534965034965035,0.9008158508158508,0
2026-07-03 09:31:00+09:00,-0.00013791940974637864,0.04592074592074592,0.87004662004662,0
2026-07-03 09:32:00+09:00,-0.00016174705453041548,0.03787878787878788,0.8624708624708626,0
2026-07-03 09:33:00+09:00,3.742974278775425e-05,0.045804195804195806,0.8472027972027972,0
2026-07-03 09:34:00+09:00,-0.0012719244195573604,0.03811188811188811,0.8244755244755245,0
2026-07-03 09:35:00+09:00,-0.0016966753313295696,0.03822843822843823,0.8321678321678322,0
2026-07-03 09:36:00+09:00,-0.0008518819848251714,0.053613053613053616,0.8244755244755245,0
2026-07-03 09:37:00+09:00,-0.0007446871135961365,0.08414918414918415,0.8470862470862471,0
2026-07-03 09:38:00+09:00,0.00017725102593807288,0.05337995337995338,0.8547785547785548,0
2026-07-03 09:39:00+09:00,-0.0016839334302969874,0.061072261072261075,0.8547785547785548,0
2026-07-03 09:40:00+09:00,7.755151284324106e-05,0.03822843822843823,0.8473193473193473,0
2026-07-03 09:41:00+09:00,0.00039610558023963754,0.022843822843822845,0.8396270396270397,0
2026-07-03 09:42:00+09:00,-4.197572153167635e-05,0.023076923076923078,0.8473193473193473,0
2026-07-03 09:43:00+09:00,0.0003403116943343458,0.0766899766899767,0.8165501165501166,0
2026-07-03 09:44:00+09:00,0.0006575439435780598,0.06864801864801864,0.7935897435897437,0
2026-07-03 09:45:00+09:00,-0.0009346118815842002,0.03811188811188811,0.770862470862471,0
2026-07-03 09:46:00+09:00,-0.00020212807937333908,0.03834498834498835,0.7938228438228438,0
2026-07-03 09:47:00+09:00,6.654016700446543e-05,0.053613053613053616,0.8474358974358974,0
2026-07-03 09:48:00+09:00,-0.0009477182614757886,0.06130536130536131,0.8320512820512821,0
2026-07-03 09:49:00+09:00,0.00014629510449091116,0.06888111888111889,0.8242424242424243,0
2026-07-03 09:50:00+09:00,-7.585831924028589e-05,0.05337995337995338,0.7860139860139861,0
2026-07-03 09:51:00+09:00,0.0005725493302951723,0.045804195804195806,0.7858974358974359,0
2026-07-03 09:52:00+09:00,0.00035532914345000495,0.045804195804195806,0.7860139860139861,0
2026-07-03 09:53:00+09:00,-0.0012677268816599784,0.06888111888111889,0.7784382284382284,0
2026-07-03 09:54:00+09:00,1.941927852491688e-05,0.030652680652680654,0.8090909090909091,0
2026-07-03 09:55:00+09:00,-0.0014352085530965203,0.04603729603729604,0.8243589743589744,0
2026-07-03 09:56:00+09:00,-0.0005412784652719978,0.0534965034965035,0.8473193473193474,0
2026-07-03 09:57:00+09:00,0.0003028463895271023,0.06888111888111889,0.8395104895104895,0
2026-07-03 09:58:00+09:00,-0.00013045548211992737,0.0534965034965035,0.8167832167832167,0
2026-07-03 09:59:00+09:00,0.00014776298351644538,0.03822843822843823,0.8090909090909091,0
2026-07-03 10:00:00+09:00,-0.0006198508050362447,0.05372960372960373,0.8320512820512821,0
2026-07-03 10:01:00+09:00,-0.0013243897375933157,0.037995337995338,0.854895104895105,0
2026-07-03 10:02:00+09:00,-0.0003824843772985825,0.07645687645687646,0.9005827505827506,0
2026-07-03 10:03:00+09:00,-0.00143686689605576,0.030536130536130537,0.9159673659673659,0
2026-07-03 10:04:00+09:00,-0.0012552679849484258,0.022843822843822845,0.8931235431235431,0
2026-07-03 10:05:00+09:00,-0.001133003775162625,0.04603729603729604,0.9083916083916086,0
2026-07-03 10:06:00+09:00,-0.0006316367324410889,0.022843822843822845,0.8855477855477856,0
2026-07-03 10:07:00+09:00,-0.000923911369062961,0.045804195804195806,0.8702797202797203,0
2026-07-03 10:08:00+09:00,0.0009235791824451189,0.023076923076923078,0.8625874125874127,0
2026-07-03 10:09:00+09:00,-0.00014167104184298194,0.045804195804195806,0.847086247086247,0
2026-07-03 10:10:00+09:00,-1.626722216148542e-05,0.06095571095571096,0.8472027972027971,0
2026-07-03 10:11:00+09:00,0.001495149145298338,0.030536130536130537,0.8318181818181818,0
2026-07-03 10:12:00+09:00,-0.000517843003774754,0.05337995337995338,0.8243589743589744,0
2026-07-03 10:13:00+09:00,-0.0005577100639304361,0.06864801864801864,0.8165501165501166,0
2026-07-03 10:14:00+09:00,-0.0003797280894048083,0.03811188811188811,0.8395104895104897,0
2026-07-03 10:15:00+09:00,0.0005782439652680506,0.07645687645687646,0.7935897435897437,0
2026-07-03 10:16:00+09:00,-3.2475302261772364e-05,0.03834498834498835,0.786013986013986,0
2026-07-03 10:17:00+09:00,-0.0012355449143804558,0.037995337995338,0.7937062937062938,0
2026-07-03 10:18:00+09:00,-0.00010996149285707587,0.03822843822843823,0.8165501165501166,0
2026-07-03 10:19:00+09:00,-0.0008738842847840139,0.02296037296037296,0.8243589743589744,0
2026-07-03 10:20:00+09:00,-0.000904608688186331,0.030652680652680654,0.8396270396270397,0
2026-07-03 10:21:00+09:00,-0.0012249385298907945,0.0534965034965035,0.8472027972027973,0
2026-07-03 10:22:00+09:00,-0.0003797534394934067,0.04592074592074592,0.8012820512820513,0
2026-07-03 10:23:00+09:00,-0.0006189763095104592,0.030536130536130537,0.7707459207459209,0
2026-07-03 10:24:00+09:00,-0.0005345078529343484,0.02296037296037296,0.7783216783216784,0
2026-07-03 10:25:00+09:00,0.00017365244011146357,0.03822843822843823,0.8011655011655012,0
2026-07-03 10:26:00+09:00,0.0005534285189925412,0.05337995337995338,0.824009324009324,0
2026-07-03 10:27:00+09:00,4.825822306998139e-05,0.037995337995338,0.8011655011655012,0
2026-07-03 10:28:00+09:00,0.0007921243022326346,0.022843822843822845,0.8088578088578089,0
2026-07-03 10:29:00+09:00,0.0003707680714135918,0.07645687645687646,0.8090909090909091,0
2026-07-03 10:30:00+09:00,-0.00018191682086654448,0.08438228438228439,0.8013986013986014,0
2026-07-03 10:31:00+09:00,0.0003133438267254828,0.04603729603729604,0.7707459207459207,0
2026-07-03 10:32:00+09:00,0.00014654238098884949,0.04592074592074592,0.7705128205128206,0
2026-07-03 10:33:00+09:00,0.00031962572033828834,0.038461538461538464,0.7782051282051283,0
2026-07-03 10:34:00+09:00,0.000480273623565626,0.030652680652680654,0.7934731934731936,0
2026-07-03 10:35:00+09:00,-1.1982805994305941e-05,0.061072261072261075,0.7930069930069931,0
2026-07-03 10:36:00+09:00,-0.0005987375918326128,0.0914918414918415,0.7628205128205128,0
2026-07-03 10:37:00+09:00,-0.00021734203045983144,0.03834498834498835,0.7552447552447552,0
2026-07-03 10:38:00+09:00,-0.0012431484571433782,0.068997668997669,0.7785547785547786,0
2026-07-03 10:39:00+09:00,-0.0004238014395399535,0.061072261072261075,0.8090909090909091,0
2026-07-03 10:40:00+09:00,-0.00028868198479056306,0.068997668997669,0.8167832167832169,0
2026-07-03 10:41:00+09:00,0.00033013148015009525,0.053613053613053616,0.7631701631701632,0
2026-07-03 10:42:00+09:00,-3.7075434466730265e-05,0.05337995337995338,0.7554778554778556,0
2026-07-03 10:43:00+09:00,-0.0006482374171648529,0.05337995337995338,0.7477855477855478,0
2026-07-03 10:44:00+09:00,0.0006995995874376122,0.0534965034965035,0.7553613053613053,0
2026-07-03 10:45:00+09:00,4.803769220170012e-05,0.030536130536130537,0.7553613053613053,0
2026-07-03 10:46:00+09:00,0.00034615015461846277,0.06876456876456877,0.7476689976689977,0
2026-07-03 10:47:00+09:00,-0.0006004317875209498,0.06130536130536131,0.7938228438228438,0
2026-07-03 10:48:00+09:00,0.0013285635815522973,0.06130536130536131,0.7935897435897435,0
2026-07-03 10:49:00+09:00,-0.00048702942119937495,0.053263403263403265,0.8011655011655012,0
2026-07-03 10:50:00+09:00,0.00022844821367907833,0.045804195804195806,0.7705128205128206,0
2026-07-03 10:51:00+09:00,-0.00018303492559830663,0.03834498834498835,0.762937062937063,0
2026-07-03 10:52:00+09:00,-0.00016411179886297625,0.030536130536130537,0.7475524475524475,0
2026-07-03 10:53:00+09:00,-0.00019918920090387915,0.068997668997669,0.8011655011655012,0
2026-07-03 10:54:00+09:00,-0.0006853275435548019,0.08438228438228439,0.762937062937063,0
2026-07-03 10:55:00+09:00,-0.00018292421371776744,0.0534965034965035,0.7858974358974359,0
2026-07-03 10:56:00+09:00,-0.0004274017908509728,0.038461538461538464,0.7782051282051283,0
2026-07-03 10:57:00+09:00,-0.0001389198442671172,0.04592074592074592,0.7782051282051282,0
2026-07-03 10:58:00+09:00,-0.000218367037040115,0.03822843822843823,0.7858974358974359,0
2026-07-03 10:59:00+09:00,-0.0005073770378216549,0.06888111888111889,0.8242424242424242,0
2026-07-03 11:00:00+09:00,-0.0007725490035761554,0.053613053613053616,0.8011655011655012,0
2026-07-03 11:01:00+09:00,-9.51105002242655e-05,0.06118881118881119,0.785897435897436,0
2026-07-03 11:02:00+09:00,-0.0005126385208601324,0.03822843822843823,0.7630536130536131,0
2026-07-03 11:03:00+09:00,0.00015897977912431843,0.053613053613053616,0.7248251748251748,0
2026-07-03 11:04:00+09:00,-0.00018250183337878314,0.030536130536130537,0.7553613053613053,0
2026-07-03 11:05:00+09:00,-0.0007303823723500489,0.07645687645687646,0.7705128205128206,0
2026-07-03 11:06:00+09:00,-0.0006709435611562161,0.06130536130536131,0.8012820512820513,0
2026-07-03 11:07:00+09:00,-0.0008137868543993067,0.03041958041958042,0.8011655011655011,0
2026-07-03 11:08:00+09:00,-0.00010012662439617941,0.04603729603729604,0.8320512820512821,0
2026-07-03 11:09:00+09:00,0.0012434437848117005,0.02296037296037296,0.8244755244755245,0
2026-07-03 11:10:00+09:00,3.652516009260416e-05,0.0534965034965035,0.8322843822843823,0
2026-07-03 11:11:00+09:00,0.0007562350860126769,0.06118881118881119,0.8016317016317016,0
2026-07-03 11:12:00+09:00,0.00018906762411223087,0.03834498834498835,0.7938228438228438,0
2026-07-03 11:13:00+09:00,0.00011885839700680163,0.07622377622377623,0.7935897435897437,0
2026-07-03 11:14:00+09:00,0.0005642909858686592,0.07634032634032634,0.8242424242424242,0
2026-07-03 11:15:00+09:00,7.820593749239733e-06,0.06130536130536131,0.7783216783216783,0
2026-07-03 11:16:00+09:00,-0.00037145871249213747,0.11468531468531469,0.7244755244755245,0
2026-07-03 11:17:00+09:00,0.0005276924325907971,0.04568764568764569,0.7095571095571096,0
2026-07-03 11:18:00+09:00,0.0007511945457467561,0.068997668997669,0.7631701631701632,0
2026-07-03 11:19:00+09:00,-0.0003890811320453106,0.11491841491841492,0.7864801864801865,0
2026-07-03 11:20:00+09:00,1.4109890936908e-06,0.09941724941724941,0.7327505827505828,0
2026-07-03 11:21:00+09:00,-0.0001286003558412121,0.03822843822843823,0.7404428904428905,0
2026-07-03 11:22:00+09:00,-0.00045815403610552894,0.075990675990676,0.7402097902097902,0
2026-07-03 11:23:00+09:00,0.00015263247806287714,0.06130536130536131,0.7402097902097902,0
2026-07-03 11:24:00+09:00,0.00015090193336617997,0.02296037296037296,0.7631701631701633,0
2026-07-03 11:25:00+09:00,0.0002935214801295711,0.06118881118881119,0.7938228438228438,0
2026-07-03 11:26:00+09:00,0.00021786793160494448,0.04592074592074592,0.808974358974359,0
2026-07-03 11:27:00+09:00,-0.0005730641251474096,0.030652680652680654,0.8088578088578089,0
2026-07-03 11:28:00+09:00,4.353989233210017e-05,0.03811188811188811,0.8318181818181818,0
2026-07-03 11:29:00+09:00,-0.0001663636363636364,0.8318181818181819,0.0,0
2026-07-03 11:30:00+09:00,0.0,0.0,0.0,0
2026-07-03 12:30:00+09:00,-4.543269714322218e-05,0.8856643356643357,0.8856643356643357,0
2026-07-03 12:31:00+09:00,0.0009533343178716508,0.03041958041958042,0.8552447552447553,0
2026-07-03 12:32:00+09:00,0.0008609131886929346,0.015268065268065269,0.8553613053613054,0
2026-07-03 12:33:00+09:00,4.577612790888407e-05,0.08414918414918415,0.8322843822843823,0
2026-07-03 12:34:00+09:00,6.187889608764196e-06,0.03811188811188811,0.8550116550116551,0
2026-07-03 12:35:00+09:00,0.0009066826691915804,0.015268065268065269,0.8548951048951049,0
2026-07-03 12:36:00+09:00,0.0003993428802910737,0.045804195804195806,0.8547785547785548,0
2026-07-03 12:37:00+09:00,-0.00036511766062187565,0.07657342657342658,0.808974358974359,0
2026-07-03 12:38:00+09:00,0.0009172067918029927,0.015384615384615385,0.808974358974359,0
2026-07-03 12:39:00+09:00,0.0005928139385652948,0.07645687645687646,0.8395104895104895,0
2026-07-03 12:40:00+09:00,-0.00017675484861441455,0.07657342657342658,0.86993006993007,0
2026-07-03 12:41:00+09:00,2.543655122757608e-05,0.037995337995338,0.8470862470862471,0
2026-07-03 12:42:00+09:00,0.0009344912661856491,0.053613053613053616,0.8699300699300699,0
2026-07-03 12:43:00+09:00,0.00031402142852860935,0.03076923076923077,0.8699300699300699,0
2026-07-03 12:44:00+09:00,7.926663815897375e-05,0.030536130536130537,0.9004662004662005,0
2026-07-03 12:45:00+09:00,-0.0021070349665761245,0.09160839160839161,0.8396270396270398,0
2026-07-03 12:46:00+09:00,-0.0006091532234427742,0.05372960372960373,0.785897435897436,0
2026-07-03 12:47:00+09:00,-0.0001640596146492333,0.030536130536130537,0.7553613053613053,0
2026-07-03 12:48:00+09:00,-0.0005109357957017734,0.06118881118881119,0.7400932400932401,0
2026-07-03 12:49:00+09:00,9.719992375991822e-05,0.04592074592074592,0.770862470862471,0
2026-07-03 12:50:00+09:00,5.185372708092036e-06,0.08414918414918415,0.7629370629370629,0
2026-07-03 12:51:00+09:00,-0.0005546671281297864,0.06876456876456877,0.7552447552447552,0
2026-07-03 12:52:00+09:00,0.000679655408566983,0.0534965034965035,0.7322843822843823,0
2026-07-03 12:53:00+09:00,-0.00031767491357794235,0.03822843822843823,0.73997668997669,0
2026-07-03 12:54:00+09:00,-0.00044020428737721103,0.06876456876456877,0.7173659673659674,0
2026-07-03 12:55:00+09:00,-0.0001584683569511121,0.08426573426573428,0.7247086247086247,0
2026-07-03 12:56:00+09:00,-0.00018720113520539344,0.10675990675990676,0.7244755244755245,0
2026-07-03 12:57:00+09:00,-0.0001704916321353371,0.045804195804195806,0.7397435897435898,0
2026-07-03 12:58:00+09:00,0.000136809983694495,0.053613053613053616,0.7320512820512821,0
2026-07-03 12:59:00+09:00,0.0001436117686593209,0.06864801864801864,0.755011655011655,0
2026-07-03 13:00:00+09:00,-0.0005406195675145997,0.04568764568764569,0.7703962703962703,0
2026-07-03 13:01:00+09:00,-0.0004051749087916451,0.053613053613053616,0.7934731934731936,0
2026-07-03 13:02:00+09:00,-0.00036533237976555776,0.061072261072261075,0.7477855477855477,0
2026-07-03 13:03:00+09:00,-0.0003457329347864273,0.03822843822843823,0.770862470862471,0
2026-07-03 13:04:00+09:00,-7.149500744921478e-05,0.053613053613053616,0.7629370629370629,0
2026-07-03 13:05:00+09:00,-0.0001790984371933142,0.10710955710955711,0.7938228438228438,0
2026-07-03 13:06:00+09:00,9.40837908992014e-05,0.09941724941724941,0.7398601398601399,0
2026-07-03 13:07:00+09:00,-5.318990658697975e-05,0.06118881118881119,0.7402097902097902,0
2026-07-03 13:08:00+09:00,4.1371877600087166e-05,0.03787878787878788,0.7477855477855477,0
2026-07-03 13:09:00+09:00,5.5957294378574183e-05,0.0768065268065268,0.7632867132867134,0
2026-07-03 13:10:00+09:00,-0.0003588012744661905,0.08379953379953381,0.7552447552447552,0
2026-07-03 13:11:00+09:00,-0.00011030419508311885,0.06853146853146853,0.7473193473193473,0
2026-07-03 13:12:00+09:00,-0.0004317978175048335,0.06876456876456877,0.7398601398601399,0
2026-07-03 13:13:00+09:00,-0.00021678251571571923,0.09160839160839161,0.7706293706293706,0
2026-07-03 13:14:00+09:00,2.0561973292511126e-05,0.07645687645687646,0.7552447552447552,0
2026-07-03 13:15:00+09:00,-0.0002020239188795693,0.06118881118881119,0.7245920745920746,0
2026-07-03 13:16:00+09:00,-7.54564179178028e-05,0.0991841491841492,0.6864801864801866,0
2026-07-03 13:17:00+09:00,-0.00027001448918870545,0.06864801864801864,0.6942890442890444,0
2026-07-03 13:18:00+09:00,-3.699543613774069e-05,0.06853146853146853,0.6714452214452216,0
2026-07-03 13:19:00+09:00,-0.00025098389499847955,0.09953379953379954,0.648834498834499,0
2026-07-03 13:20:00+09:00,0.00016182167641261874,0.04568764568764569,0.6791375291375292,0
2026-07-03 13:21:00+09:00,-0.00014617875732677416,0.0991841491841492,0.6862470862470862,0
2026-07-03 13:22:00+09:00,0.00013366525531318643,0.053613053613053616,0.7398601398601399,0
2026-07-03 13:23:00+09:00,-0.0004298665796297546,0.045804195804195806,0.7397435897435898,0
2026-07-03 13:24:00+09:00,-1.5780022741232747e-05,0.12214452214452215,0.7856643356643358,0
2026-07-03 13:25:00+09:00,0.00016878248899440703,0.07622377622377623,0.7551282051282051,0
2026-07-03 13:26:00+09:00,-0.00042413588710583255,0.08438228438228439,0.716899766899767,0
2026-07-03 13:27:00+09:00,0.00012906281256503326,0.045804195804195806,0.6864801864801865,0
2026-07-03 13:28:00+09:00,-3.4327351660326576e-05,0.06095571095571096,0.656060606060606,0
2026-07-03 13:29:00+09:00,0.0003542475249697533,0.02296037296037296,0.679020979020979,0
2026-07-03 13:30:00+09:00,-0.00033144252513767904,0.08379953379953381,0.7171328671328672,0
2026-07-03 13:31:00+09:00,-0.00046259569856313816,0.09160839160839161,0.7322843822843823,0
2026-07-03 13:32:00+09:00,0.00014183603937523273,0.068997668997669,0.6786713286713286,0
2026-07-03 13:33:00+09:00,7.608624574402358e-05,0.05337995337995338,0.7015151515151516,0
2026-07-03 13:34:00+09:00,-0.00023266614376061867,0.0534965034965035,0.7244755244755245,0
2026-07-03 13:35:00+09:00,-0.0006056962830976754,0.09941724941724941,0.7325174825174826,0
2026-07-03 13:36:00+09:00,-0.0001300928112581288,0.08438228438228439,0.7248251748251748,0
2026-07-03 13:37:00+09:00,-0.0004674802129129263,0.053613053613053616,0.7168997668997669,0
2026-07-03 13:38:00+09:00,-0.00034606423198018223,0.06876456876456877,0.73997668997669,0
2026-07-03 13:39:00+09:00,-0.00017365415982953996,0.10687645687645689,0.7249417249417249,0
2026-07-03 13:40:00+09:00,-0.0002316101382292511,0.038461538461538464,0.7172494172494173,0
2026-07-03 13:41:00+09:00,-0.0002979594600691729,0.06118881118881119,0.7017482517482518,0
2026-07-03 13:42:00+09:00,-3.556857190949512e-05,0.0991841491841492,0.7398601398601399,0
2026-07-03 13:43:00+09:00,0.00019890741381423953,0.05372960372960373,0.6861305361305361,0
2026-07-03 13:44:00+09:00,-0.00010002447956140585,0.03834498834498835,0.7090909090909091,0
2026-07-03 13:45:00+09:00,4.286963682499586e-05,0.0534965034965035,0.7015151515151515,0
2026-07-03 13:46:00+09:00,0.0006802351041285951,0.10722610722610723,0.7628205128205129,0
2026-07-03 13:47:00+09:00,0.00017482903821010857,0.08414918414918415,0.7402097902097902,0
2026-07-03 13:48:00+09:00,0.0005150296335303229,0.06888111888111889,0.7326340326340326,0
2026-07-03 13:49:00+09:00,-0.0005395230217913366,0.06888111888111889,0.7250582750582751,0
2026-07-03 13:50:00+09:00,-0.00031762714880148607,0.08414918414918415,0.701981351981352,0
2026-07-03 13:51:00+09:00,-0.00025796124007415063,0.06864801864801864,0.6790209790209791,0
2026-07-03 13:52:00+09:00,0.0002882809749324889,0.04557109557109557,0.6637529137529138,0
2026-07-03 13:53:00+09:00,-1.3062386347915043e-05,0.023076923076923078,0.6868298368298369,0
2026-07-03 13:54:00+09:00,5.598229578639244e-05,0.0534965034965035,0.6636363636363636,0
2026-07-03 13:55:00+09:00,-1.811976031142833e-05,0.07657342657342658,0.7096736596736597,0
2026-07-03 13:56:00+09:00,5.245390182359218e-05,0.09941724941724941,0.7167832167832169,0
2026-07-03 13:57:00+09:00,-0.00034355342856261586,0.045804195804195806,0.7320512820512821,0
2026-07-03 13:58:00+09:00,-3.195015806770562e-05,0.07645687645687646,0.7322843822843823,0
2026-07-03 13:59:00+09:00,-0.0001665977223420777,0.068997668997669,0.7553613053613054,0
2026-07-03 14:00:00+09:00,0.00031888821105792035,0.05372960372960373,0.7016317016317017,0
2026-07-03 14:01:00+09:00,5.749969465735953e-06,0.0534965034965035,0.7092074592074593,0
2026-07-03 14:02:00+09:00,-0.000391415980107979,0.07634032634032634,0.7093240093240093,0
2026-07-03 14:03:00+09:00,-0.00029410494535060905,0.08403263403263403,0.6863636363636364,0
2026-07-03 14:04:00+09:00,9.883817289690765e-05,0.06888111888111889,0.6944055944055945,0
2026-07-03 14:05:00+09:00,-3.950593406891785e-05,0.03834498834498835,0.701981351981352,0
2026-07-03 14:06:00+09:00,-9.130565409477758e-05,0.05337995337995338,0.73997668997669,0
2026-07-03 14:07:00+09:00,0.00035340343711757555,0.03822843822843823,0.7476689976689976,0
2026-07-03 14:08:00+09:00,0.00014730521429336533,0.09184149184149185,0.7630536130536131,0
2026-07-03 14:09:00+09:00,0.00044295513818646875,0.06130536130536131,0.763053613053613,0
2026-07-03 14:10:00+09:00,0.0001423494130212943,0.04592074592074592,0.7630536130536131,0
2026-07-03 14:11:00+09:00,-0.0004606057934611584,0.06864801864801864,0.7557109557109557,0
2026-07-03 14:12:00+09:00,0.00010986615273187058,0.08426573426573428,0.6865967365967365,0
2026-07-03 14:13:00+09:00,0.00017429265718760944,0.02296037296037296,0.7095571095571096,0
2026-07-03 14:14:00+09:00,0.00042714255770822594,0.07622377622377623,0.7090909090909092,0
2026-07-03 14:15:00+09:00,-3.293308672904992e-05,0.09125874125874125,0.7548951048951049,0
2026-07-03 14:16:00+09:00,8.518011036597899e-05,0.04557109557109557,0.7093240093240093,0
2026-07-03 14:17:00+09:00,0.0003496715450063393,0.045804195804195806,0.7248251748251748,0
2026-07-03 14:18:00+09:00,-0.00010041982548272726,0.07645687645687646,0.7707459207459209,0
2026-07-03 14:19:00+09:00,-0.00017485216862409505,0.07645687645687646,0.7397435897435898,0
2026-07-03 14:20:00+09:00,-0.0002747114842991689,0.053263403263403265,0.7321678321678322,0
2026-07-03 14:21:00+09:00,0.00015062287898515267,0.07634032634032634,0.6712121212121213,0
2026-07-03 14:22:00+09:00,-6.979362023306201e-05,0.053613053613053616,0.7096736596736597,0
2026-07-03 14:23:00+09:00,4.866321438844601e-05,0.0534965034965035,0.7018648018648019,0
2026-07-03 14:24:00+09:00,-1.9240661089913886e-05,0.12214452214452215,0.7477855477855478,0
2026-07-03 14:25:00+09:00,-0.0003472006310814243,0.030652680652680654,0.7630536130536132,0
2026-07-03 14:26:00+09:00,-0.0007215686462315094,0.068997668997669,0.7707459207459207,0
2026-07-03 14:27:00+09:00,-5.883269038057569e-05,0.06876456876456877,0.7628205128205128,0
2026-07-03 14:28:00+09:00,4.693998656583578e-05,0.030652680652680654,0.778088578088578,0
2026-07-03 14:29:00+09:00,-0.0006272712644274326,0.06853146853146853,0.770862470862471,0
2026-07-03 14:30:00+09:00,-0.00036934870393436244,0.14533799533799535,0.7938228438228438,0
2026-07-03 14:31:00+09:00,-0.0001068230159913378,0.08426573426573428,0.7557109557109557,0
2026-07-03 14:32:00+09:00,-0.00018336251648414095,0.053613053613053616,0.7172494172494173,0
2026-07-03 14:33:00+09:00,-0.00014393206664590295,0.068997668997669,0.7554778554778555,0
2026-07-03 14:34:00+09:00,0.0002993585694813389,0.04603729603729604,0.7555944055944057,0
2026-07-03 14:35:00+09:00,0.0001535573898060633,0.07634032634032634,0.7708624708624708,0
2026-07-03 14:36:00+09:00,-0.0002718811678045758,0.06864801864801864,0.7632867132867133,0
2026-07-03 14:37:00+09:00,-0.00025844846113195493,0.06118881118881119,0.7326340326340326,0
2026-07-03 14:38:00+09:00,-7.64008732110137e-05,0.08414918414918415,0.7400932400932402,0
2026-07-03 14:39:00+09:00,0.0002107743111315151,0.045804195804195806,0.7707459207459209,0
2026-07-03 14:40:00+09:00,0.00030029152965308425,0.09941724941724941,0.8244755244755245,0
2026-07-03 14:41:00+09:00,0.00021088876960555334,0.0766899766899767,0.8242424242424242,0
2026-07-03 14:42:00+09:00,-5.354549756087888e-05,0.09941724941724941,0.7553613053613054,0
2026-07-03 14:43:00+09:00,0.00013245692921524536,0.061072261072261075,0.7248251748251748,0
2026-07-03 14:44:00+09:00,-0.00022183917018315174,0.06876456876456877,0.7171328671328672,0
2026-07-03 14:45:00+09:00,0.00016277159871852916,0.061072261072261075,0.7325174825174825,0
2026-07-03 14:46:00+09:00,0.0004838800054863777,0.061072261072261075,0.7782051282051282,0
2026-07-03 14:47:00+09:00,-0.00010206510900724565,0.09184149184149185,0.7933566433566435,0
2026-07-03 14:48:00+09:00,-0.00030993664852889,0.015268065268065269,0.7934731934731936,0
2026-07-03 14:49:00+09:00,-0.00010140793483936591,0.045804195804195806,0.7935897435897435,0
2026-07-03 14:50:00+09:00,-0.0005322448579273708,0.07657342657342658,0.7780885780885781,0
2026-07-03 14:51:00+09:00,-3.436506098967659e-05,0.06095571095571096,0.7630536130536132,0
2026-07-03 14:52:00+09:00,-0.0002678995402874527,0.06118881118881119,0.7477855477855477,0
2026-07-03 14:53:00+09:00,-0.00013063854090032128,0.0534965034965035,0.7553613053613053,0
2026-07-03 14:54:00+09:00,-0.00011677041045047074,0.053613053613053616,0.7630536130536131,0
2026-07-03 14:55:00+09:00,-0.000267462720909354,0.061072261072261075,0.7630536130536132,0
2026-07-03 14:56:00+09:00,-9.230880758670297e-05,0.09953379953379954,0.7404428904428906,0
2026-07-03 14:57:00+09:00,-0.0002337980043406525,0.0534965034965035,0.7477855477855477,0
2026-07-03 14:58:00+09:00,2.0568891099389526e-05,0.053613053613053616,0.7552447552447552,0
2026-07-03 14:59:00+09:00,9.193518139362075e-05,0.08414918414918415,0.7932400932400933,0
2026-07-03 15:00:00+09:00,-0.00015902001892951817,0.04592074592074592,0.8083916083916084,0
2026-07-03 15:01:00+09:00,-0.0005643764495573231,0.12983682983682984,0.7860139860139861,0
2026-07-03 15:02:00+09:00,-3.701952415812695e-05,0.06876456876456877,0.7631701631701632,0
2026-07-03 15:03:00+09:00,0.00011345414321443502,0.03076923076923077,0.793939393939394,0
2026-07-03 15:04:00+09:00,-3.1165616290594984e-05,0.06864801864801864,0.8012820512820513,0
2026-07-03 15:05:00+09:00,-0.0008144026972372112,0.106993006993007,0.8162004662004663,0
2026-07-03 15:06:00+09:00,-0.0004438496750541969,0.023076923076923078,0.8085081585081586,0
2026-07-03 15:07:00+09:00,0.00011616169007790297,0.03811188811188811,0.8160839160839162,0
2026-07-03 15:08:00+09:00,-8.922399542753684e-05,0.0534965034965035,0.8390442890442891,0
2026-07-03 15:09:00+09:00,0.00014592002458892626,0.04568764568764569,0.7933566433566434,0
2026-07-03 15:10:00+09:00,-0.0004185878477338927,0.05337995337995338,0.8010489510489511,0
2026-07-03 15:11:00+09:00,1.7044459924754234e-05,0.061421911421911425,0.7857808857808859,0
2026-07-03 15:12:00+09:00,-8.749156813465479e-05,0.045804195804195806,0.8315850815850816,0
2026-07-03 15:13:00+09:00,0.00016957305286060094,0.0534965034965035,0.8391608391608392,0
2026-07-03 15:14:00+09:00,0.0031158762161832827,1.2009711779448622,0.8676378446115287,0
2026-07-03 15:15:00+09:00,-0.006347211687569595,0.03308511663774821,0.8653219587430113,0
2026-07-03 15:16:00+09:00,0.00011248555077277009,0.041857046462309616,0.8542341430499324,0
2026-07-03 15:17:00+09:00,0.00030449284682918605,0.059440997598892334,0.8982905252642095,0
2026-07-03 15:18:00+09:00,-2.681186507581649e-05,0.06817283593599383,0.8984471668682195,0
2026-07-03 15:19:00+09:00,-0.00010718041792749086,0.035244360902255634,0.9161476681213522,0
2026-07-03 15:20:00+09:00,-9.72105330051706e-05,0.05190533151059466,0.935044341623289,0
2026-07-03 15:21:00+09:00,8.100253502699186e-06,0.0680161943319838,0.9855166763061499,0
2026-07-03 15:22:00+09:00,1.773785434406808e-05,0.016464237516869096,1.0019809138230191,0
2026-07-03 15:23:00+09:00,-0.0002003961827646038,1.0019809138230191,0.0,0
2026-07-03 15:24:00+09:00,0.0,0.0,0.0,0
2026-07-03 15:30:00+09:00,0.0,0.0,0.0,0
2026-07-06 09:00:00+09:00,0.0,0.0,0.0,1
2026-07-06 09:01:00+09:00,0.0,0.0,0.0,1
2026-07-06 09:02:00+09:00,0.0,0.0,0.0,1
2026-07-06 09:03:00+09:00,0.0,0.0,0.0,1
2026-07-06 09:04:00+09:00,0.0,0.0,0.0,1
2026-07-06 09:05:00+09:00,0.0,0.0,0.0,1
2026-07-06 09:06:00+09:00,0.0,0.0,0.0,1
2026-07-06 09:07:00+09:00,0.0,0.0,0.0,1
2026-07-06 09:08:00+09:00,0.0,0.0,0.0,1
2026-07-06 09:09:00+09:00,0.0,0.0,0.0,1
2026-07-06 09:10:00+09:00,0.0,0.0,0.0,1
2026-07-06 09:11:00+09:00,0.0,0.0,0.0,1
2026-07-06 09:12:00+09:00,0.0,0.0,0.0,1
2026-07-06 09:13:00+09:00,0.0,0.0,0.0,1
2026-07-06 09:14:00+09:00,0.0,0.0,0.0,1
2026-07-06 09:15:00+09:00,-6.708352185554289e-05,0.8327505827505828,0.8327505827505828,1
2026-07-06 09:16:00+09:00,0.0001801693370515188,0.04557109557109557,0.7871794871794872,1
2026-07-06 09:17:00+09:00,9.477445741150334e-05,0.10652680652680653,0.7261072261072261,1
2026-07-06 09:18:00+09:00,7.338658248367641e-05,0.06853146853146853,0.7184149184149184,1
2026-07-06 09:19:00+09:00,5.1961989945184745e-05,0.06095571095571096,0.7182983682983684,1
2026-07-06 09:20:00+09:00,-2.5234079301755825e-05,0.0993006993006993,0.8022144522144523,1
2026-07-06 09:21:00+09:00,0.00024679777347513235,0.0914918414918415,0.7412587412587412,1
2026-07-06 09:22:00+09:00,-0.00017995917331467263,0.11421911421911422,0.7337995337995338,1
2026-07-06 09:23:00+09:00,-0.00010368714020832318,0.06083916083916084,0.7186480186480186,1
2026-07-06 09:24:00+09:00,0.0001111961515142324,0.09906759906759907,0.7414918414918416,1
2026-07-06 09:25:00+09:00,0.0003479543493115573,0.11410256410256411,0.749067599067599,1
2026-07-06 09:26:00+09:00,1.1024419568490262e-05,0.060722610722610725,0.7643356643356644,1
2026-07-06 09:27:00+09:00,-5.727087736268681e-05,0.0682983682983683,0.786946386946387,1
2026-07-06 09:28:00+09:00,-8.239431494091993e-05,0.09160839160839161,0.7869463869463871,1
2026-07-06 09:29:00+09:00,-0.00020151533819400826,0.08379953379953381,0.7182983682983684,1
2026-07-06 09:30:00+09:00,0.00011203233130604162,0.08379953379953381,0.7410256410256411,1
2026-07-06 09:31:00+09:00,2.375081698218343e-06,0.09160839160839161,0.7104895104895105,1
2026-07-06 09:32:00+09:00,3.189455307098579e-05,0.1599067599067599,0.717948717948718,1
2026-07-06 09:33:00+09:00,8.064886468965433e-05,0.05314685314685315,0.7104895104895105,1
2026-07-06 09:34:00+09:00,0.00016979491044432347,0.06888111888111889,0.7336829836829837,1
2026-07-06 09:35:00+09:00,1.4015029323544387e-05,0.06095571095571096,0.7946386946386947,1
2026-07-06 09:36:00+09:00,0.0055919788865058115,0.09906759906759907,0.7564102564102564,1
2026-07-06 09:37:00+09:00,-0.00021906965807526142,0.08403263403263403,0.7185314685314685,1
2026-07-06 09:38:00+09:00,0.0002579455660152881,0.02296037296037296,0.710955710955711,1
2026-07-06 09:39:00+09:00,-0.00026118900047094945,0.12167832167832168,0.7412587412587412,1
2026-07-06 09:40:00+09:00,-0.00011124581809035597,0.04568764568764569,0.7261072261072261,1
2026-07-06 09:41:00+09:00,-0.0001341667452949433,0.08368298368298369,0.672960372960373,1
2026-07-06 09:42:00+09:00,0.00010558636863963323,0.07622377622377623,0.6578088578088579,1
2026-07-06 09:43:00+09:00,0.00019255628560719984,0.06083916083916084,0.6881118881118882,1
2026-07-06 09:44:00+09:00,-0.00043294699302970276,0.10641025641025642,0.7336829836829838,1
2026-07-06 09:45:00+09:00,-1.0616568263684868e-05,0.1372960372960373,0.7793706293706294,1
2026-07-06 09:46:00+09:00,-6.981245200914032e-05,0.03041958041958042,0.7641025641025642,1
2026-07-06 09:47:00+09:00,-0.00010969440844158006,0.04557109557109557,0.7488344988344989,1
2026-07-06 09:48:00+09:00,0.0001418842187728039,0.11433566433566433,0.772027972027972,1
2026-07-06 09:49:00+09:00,0.00031094381089686777,0.03822843822843823,0.7643356643356644,1
2026-07-06 09:50:00+09:00,-0.00013624507270344822,0.10664335664335664,0.7488344988344988,1
2026-07-06 09:51:00+09:00,7.875550947631724e-06,0.11421911421911422,0.7257575757575758,1
2026-07-06 09:52:00+09:00,0.00016841467317106707,0.060722610722610725,0.7104895104895106,1
2026-07-06 09:53:00+09:00,-4.633298784903924e-05,0.12156177156177156,0.664918414918415,1
2026-07-06 09:54:00+09:00,-5.801479014849183e-05,0.0914918414918415,0.6193473193473193,1
2026-07-06 09:55:00+09:00,-7.257642189518654e-05,0.03041958041958042,0.6040792540792541,1
2026-07-06 09:56:00+09:00,0.00019089835173182726,0.13706293706293707,0.6653846153846155,1
2026-07-06 09:57:00+09:00,0.005420286716330996,0.08391608391608392,0.7033799533799534,1
2026-07-06 09:58:00+09:00,7.490593879200446e-05,0.08379953379953381,0.7261072261072261,1
2026-07-06 09:59:00+09:00,-0.00291845773704715,0.09871794871794873,0.7031468531468532,1
2026-07-06 10:00:00+09:00,0.005291893632364652,0.09137529137529138,0.7182983682983684,1
2026-07-06 10:01:00+09:00,0.00019088158572172015,0.0534965034965035,0.6953379953379953,1
2026-07-06 10:02:00+09:00,-2.704178158876821e-05,0.075990675990676,0.7107226107226108,1
2026-07-06 10:03:00+09:00,-9.611420802683173e-07,0.07645687645687646,0.7412587412587412,1
2026-07-06 10:04:00+09:00,-3.8408872923836136e-05,0.11433566433566433,0.7182983682983684,1
2026-07-06 10:05:00+09:00,-0.0003201063858168684,0.09102564102564104,0.7032634032634033,1
2026-07-06 10:06:00+09:00,-2.141397479498926e-05,0.0993006993006993,0.665034965034965,1
2026-07-06 10:07:00+09:00,-0.00011973001429517734,0.10664335664335664,0.6952214452214454,1
2026-07-06 10:08:00+09:00,-0.0001404086904763184,0.09125874125874125,0.6953379953379955,1
2026-07-06 10:09:00+09:00,3.908838070263724e-05,0.10675990675990676,0.7564102564102564,1
2026-07-06 10:10:00+09:00,0.0002706900103836829,0.11421911421911422,0.7487179487179487,1
2026-07-06 10:11:00+09:00,0.00010332269442661384,0.1294871794871795,0.6954545454545454,1
2026-07-06 10:12:00+09:00,-0.00019855519555868743,0.08414918414918415,0.6572261072261072,1
2026-07-06 10:13:00+09:00,6.354874665175176e-05,0.061072261072261075,0.6269230769230769,1
2026-07-06 10:14:00+09:00,4.899857298487237e-05,0.11410256410256411,0.6344988344988345,1
2026-07-06 10:15:00+09:00,-0.00017870812211145498,0.05337995337995338,0.6573426573426574,1
2026-07-06 10:16:00+09:00,-2.0079266765371195e-05,0.11433566433566433,0.6649184149184149,1
2026-07-06 10:17:00+09:00,4.6219506536806185e-05,0.09883449883449884,0.7026806526806526,1
2026-07-06 10:18:00+09:00,3.234293528182657e-05,0.09895104895104895,0.6953379953379953,1
2026-07-06 10:19:00+09:00,-4.467234889540501e-05,0.08414918414918415,0.687878787878788,1
2026-07-06 10:20:00+09:00,6.370228664993532e-05,0.0993006993006993,0.6801864801864802,1
2026-07-06 10:21:00+09:00,5.819652266143438e-05,0.03041958041958042,0.6954545454545454,1
2026-07-06 10:22:00+09:00,-0.00012863162747383923,0.106993006993007,0.6954545454545455,1
2026-07-06 10:23:00+09:00,8.13826777560566e-05,0.07610722610722612,0.7107226107226108,1
2026-07-06 10:24:00+09:00,-1.279463817045324e-05,0.08379953379953381,0.6574592074592076,1
2026-07-06 10:25:00+09:00,4.277129517231741e-05,0.06083916083916084,0.7031468531468532,1
2026-07-06 10:26:00+09:00,-5.383921814983162e-05,0.08379953379953381,0.6193473193473193,1
2026-07-06 10:27:00+09:00,1.594043281575154e-05,0.09125874125874125,0.6954545454545455,1
2026-07-06 10:28:00+09:00,-6.461012124917637e-05,0.030303030303030304,0.6803030303030304,1
2026-07-06 10:29:00+09:00,-1.2853833594023285e-05,0.06083916083916084,0.6651515151515152,1
2026-07-06 10:30:00+09:00,-5.987097346809119e-05,0.0991841491841492,0.6118881118881119,1
2026-07-06 10:31:00+09:00,-7.378084784247781e-05,0.07645687645687646,0.5659673659673661,1
2026-07-06 10:32:00+09:00,5.4869023109834954e-05,0.04592074592074592,0.5965034965034965,1
2026-07-06 10:33:00+09:00,9.9988134647279e-05,0.0914918414918415,0.6726107226107226,1
2026-07-06 10:34:00+09:00,-7.73374668569984e-05,0.09172494172494172,0.7030303030303031,1
2026-07-06 10:35:00+09:00,5.998889671203826e-05,0.09137529137529138,0.6878787878787879,1
2026-07-06 10:36:00+09:00,9.066722733741245e-05,0.09125874125874125,0.6271561771561772,1
2026-07-06 10:37:00+09:00,0.00015631610871291515,0.1148018648018648,0.603962703962704,1
2026-07-06 10:38:00+09:00,-2.1973927491968798e-05,0.12995337995337997,0.595920745920746,1
2026-07-06 10:39:00+09:00,-7.441785035657343e-05,0.09137529137529138,0.6110722610722611,1
2026-07-06 10:40:00+09:00,-0.00011996518118979825,0.045804195804195806,0.6265734265734266,1
2026-07-06 10:41:00+09:00,0.00021806862335193208,0.15268065268065267,0.6424242424242425,1
2026-07-06 10:42:00+09:00,7.604958082970145e-05,0.09883449883449884,0.6955710955710955,1
2026-07-06 10:43:00+09:00,-0.00012473820484323032,0.05314685314685315,0.6881118881118882,1
2026-07-06 10:44:00+09:00,-8.76536959439243e-06,0.12937062937062938,0.8174825174825175,1
2026-07-06 10:45:00+09:00,0.00017217563307209767,0.151981351981352,0.7871794871794873,1
2026-07-06 10:46:00+09:00,6.613296601221104e-05,0.11421911421911422,0.672960372960373,1
2026-07-06 10:47:00+09:00,0.00010415553384564188,0.07634032634032634,0.6423076923076925,1
2026-07-06 10:48:00+09:00,1.0689196043125383e-05,0.09137529137529138,0.642074592074592,1
2026-07-06 10:49:00+09:00,-5.211679481694222e-05,0.08368298368298369,0.6649184149184149,1
2026-07-06 10:50:00+09:00,-0.00013381089640057106,0.05337995337995338,0.642074592074592,1
2026-07-06 10:51:00+09:00,4.711789348139315e-05,0.075990675990676,0.6117715617715618,1
2026-07-06 10:52:00+09:00,-4.564698547928797e-05,0.03822843822843823,0.588927738927739,1
2026-07-06 10:53:00+09:00,4.187763257270724e-05,0.09160839160839161,0.6040792540792541,1
2026-07-06 10:54:00+09:00,-1.639111172635148e-05,0.10664335664335664,0.6494172494172494,1
2026-07-06 10:55:00+09:00,6.748855797232027e-05,0.12249417249417249,0.6649184149184149,1
2026-07-06 10:56:00+09:00,9.319596073141653e-05,0.1372960372960373,0.6192307692307693,1
2026-07-06 10:57:00+09:00,-5.99617752557525e-05,0.0993006993006993,0.6115384615384616,1
2026-07-06 10:58:00+09:00,-5.6311904707993915e-05,0.10675990675990676,0.5810023310023311,1
2026-07-06 10:59:00+09:00,5.045870817425353e-05,0.1294871794871795,0.6494172494172494,1
2026-07-06 11:00:00+09:00,7.906718415845541e-06,0.09125874125874125,0.6189976689976691,1
2026-07-06 11:01:00+09:00,5.721052798970391e-05,0.061072261072261075,0.6189976689976691,1
2026-07-06 11:02:00+09:00,-0.00015940312528196966,0.07645687645687646,0.6189976689976691,1
2026-07-06 11:03:00+09:00,5.058508349766284e-05,0.06864801864801864,0.6421911421911422,1
2026-07-06 11:04:00+09:00,-0.0031324845157941796,0.11433566433566433,0.6346153846153846,1
2026-07-06 11:05:00+09:00,0.0051583491020152,0.09883449883449884,0.6271561771561771,1
2026-07-06 11:06:00+09:00,-2.465709813128056e-05,0.08368298368298369,0.6192307692307693,1
2026-07-06 11:07:00+09:00,-6.614244116115899e-05,0.14487179487179488,0.5806526806526806,1
2026-07-06 11:08:00+09:00,-8.740631006560702e-05,0.08391608391608392,0.6037296037296037,1
2026-07-06 11:09:00+09:00,4.2164732279320485e-05,0.09184149184149185,0.5885780885780887,1
2026-07-06 11:10:00+09:00,9.204053647243967e-06,0.15268065268065267,0.6953379953379955,1
2026-07-06 11:11:00+09:00,-3.626315632923937e-05,0.09137529137529138,0.7104895104895106,1
2026-07-06 11:12:00+09:00,-4.0764817537553515e-05,0.1217948717948718,0.6038461538461539,1
2026-07-06 11:13:00+09:00,2.0058231892446997e-05,0.07645687645687646,0.5581585081585082,1
2026-07-06 11:14:00+09:00,-0.0001233102164213172,0.030652680652680654,0.5734265734265734,1
2026-07-06 11:15:00+09:00,-0.00014162004766525303,0.11421911421911422,0.6571095571095571,1
2026-07-06 11:16:00+09:00,7.200913530711681e-05,0.09137529137529138,0.6573426573426574,1
2026-07-06 11:17:00+09:00,6.383250059597771e-05,0.12214452214452215,0.6568764568764569,1
2026-07-06 11:18:00+09:00,0.00017269272157407917,0.06841491841491842,0.6947552447552447,1
2026-07-06 11:19:00+09:00,-0.00019824170914718213,0.12972027972027972,0.6874125874125874,1
2026-07-06 11:20:00+09:00,9.670171485946432e-05,0.13694638694638694,0.6115384615384616,1
2026-07-06 11:21:00+09:00,-1.603453902393008e-05,0.08368298368298369,0.5735431235431235,1
2026-07-06 11:22:00+09:00,-3.2572881906391514e-05,0.06876456876456877,0.5658508158508159,1
2026-07-06 11:23:00+09:00,-7.94585417932554e-05,0.07622377622377623,0.5660839160839162,1
2026-07-06 11:24:00+09:00,-4.880470485369878e-05,0.09906759906759907,0.6346153846153847,1
2026-07-06 11:25:00+09:00,-4.816044590930804e-05,0.12167832167832168,0.6194638694638694,1
2026-07-06 11:26:00+09:00,-1.7504507192121032e-05,0.10664335664335664,0.6193473193473193,1
2026-07-06 11:27:00+09:00,7.716821928897098e-05,0.030536130536130537,0.6498834498834499,1
2026-07-06 11:28:00+09:00,4.3219313366436946e-05,0.11445221445221446,0.7335664335664336,1
2026-07-06 11:29:00+09:00,-0.00014671328671328674,0.7335664335664336,0.0,1
2026-07-06 11:30:00+09:00,0.0,0.0,0.0,1
2026-07-06 12:30:00+09:00,-0.00011773565850524897,0.8935897435897436,0.8935897435897436,1
2026-07-06 12:31:00+09:00,4.891044630557948e-05,0.06095571095571096,0.8477855477855478,1
2026-07-06 12:32:00+09:00,-0.00017169183214940935,0.03811188811188811,0.8096736596736597,1
2026-07-06 12:33:00+09:00,0.005091300979768186,0.07610722610722612,0.7944055944055943,1
2026-07-06 12:34:00+09:00,3.756171228813324e-05,0.11398601398601399,0.7717948717948718,1
2026-07-06 12:35:00+09:00,-0.00013861330562600058,0.10664335664335664,0.7413752913752913,1
2026-07-06 12:36:00+09:00,-0.00012476028086101038,0.075990675990676,0.7262237762237762,1
2026-07-06 12:37:00+09:00,-0.000172002918355065,0.07610722610722612,0.7261072261072261,1
2026-07-06 12:38:00+09:00,-2.47794379762e-05,0.08379953379953381,0.7793706293706294,1
2026-07-06 12:39:00+09:00,2.4214054718695018e-05,0.09125874125874125,0.7794871794871795,1
2026-07-06 12:40:00+09:00,0.0001550877624444973,0.06888111888111889,0.7411421911421912,1
2026-07-06 12:41:00+09:00,-0.00012903538926686408,0.07610722610722612,0.6953379953379955,1
2026-07-06 12:42:00+09:00,1.4042441925272237e-05,0.04557109557109557,0.6952214452214454,1
2026-07-06 12:43:00+09:00,-2.028964078159642e-05,0.09906759906759907,0.7031468531468531,1
2026-07-06 12:44:00+09:00,2.966833632463655e-06,0.13706293706293707,0.7185314685314685,1
2026-07-06 12:45:00+09:00,-3.647596815778471e-05,0.12202797202797203,0.6575757575757577,1
2026-07-06 12:46:00+09:00,8.565786587566174e-05,0.07622377622377623,0.6421911421911422,1
2026-07-06 12:47:00+09:00,-3.547398854198425e-05,0.10687645687645689,0.6423076923076924,1
2026-07-06 12:48:00+09:00,-1.939947755078879e-05,0.11410256410256411,0.710955710955711,1
2026-07-06 12:49:00+09:00,-0.00013523361691339337,0.06095571095571096,0.7110722610722611,1
2026-07-06 12:50:00+09:00,-0.0001332031006444854,0.14522144522144523,0.6574592074592074,1
2026-07-06 12:51:00+09:00,0.00014677761298460495,0.06853146853146853,0.6343822843822844,1
2026-07-06 12:52:00+09:00,-0.00012714264958541268,0.08368298368298369,0.6115384615384616,1
2026-07-06 12:53:00+09:00,0.0001630979153061308,0.06911421911421911,0.6652680652680653,1
2026-07-06 12:54:00+09:00,-1.7713841901751525e-05,0.144988344988345,0.627039627039627,1
2026-07-06 12:55:00+09:00,8.811670574518378e-05,0.08368298368298369,0.6193473193473193,1
2026-07-06 12:56:00+09:00,-0.00016801354614620178,0.08356643356643356,0.5812354312354313,1
2026-07-06 12:57:00+09:00,-0.00025967736308114717,0.09906759906759907,0.6497668997668997,1
2026-07-06 12:58:00+09:00,-9.889450839533231e-05,0.11421911421911422,0.6877622377622378,1
2026-07-06 12:59:00+09:00,7.683513725664243e-05,0.16002331002331002,0.6648018648018648,1
2026-07-06 13:00:00+09:00,2.3044558568487502e-05,0.09883449883449884,0.641958041958042,1
2026-07-06 13:01:00+09:00,-4.523959476494681e-05,0.09883449883449884,0.6496503496503496,1
2026-07-06 13:02:00+09:00,-9.235452742038195e-05,0.1451048951048951,0.6418414918414919,1
2026-07-06 13:03:00+09:00,-9.844674642448896e-06,0.1372960372960373,0.5805361305361306,1
2026-07-06 13:04:00+09:00,8.219143119478731e-05,0.06841491841491842,0.5424242424242425,1
2026-07-06 13:05:00+09:00,-0.0030437551165515206,0.10675990675990676,0.5885780885780886,1
2026-07-06 13:06:00+09:00,0.005205224348629803,0.1451048951048951,0.6425407925407925,1
2026-07-06 13:07:00+09:00,-1.7789156639946343e-05,0.09137529137529138,0.6271561771561772,1
2026-07-06 13:08:00+09:00,2.604513466644871e-05,0.151981351981352,0.6423076923076924,1
2026-07-06 13:09:00+09:00,-1.5757302697551976e-05,0.11456876456876458,0.618881118881119,1
2026-07-06 13:10:00+09:00,1.2871773527724864e-05,0.1294871794871795,0.5658508158508159,1
2026-07-06 13:11:00+09:00,-2.173024406606931e-05,0.08391608391608392,0.5581585081585082,1
2026-07-06 13:12:00+09:00,-8.051934142709972e-05,0.106993006993007,0.5886946386946388,1
2026-07-06 13:13:00+09:00,2.5582642836008833e-05,0.14463869463869464,0.6424242424242425,1
2026-07-06 13:14:00+09:00,2.893612949262534e-05,0.16759906759906762,0.6118881118881119,1
2026-07-06 13:15:00+09:00,-5.4180963747641173e-05,0.1983682983682984,0.5205128205128206,1
2026-07-06 13:16:00+09:00,5.949407332006943e-05,0.06864801864801864,0.49731934731934735,1
2026-07-06 13:17:00+09:00,-5.408135774961724e-06,0.12191142191142192,0.5430069930069931,1
2026-07-06 13:18:00+09:00,-0.0001479515682837537,0.13752913752913754,0.5886946386946387,1
2026-07-06 13:19:00+09:00,-4.1427950601508976e-05,0.11456876456876458,0.6727272727272727,1
2026-07-06 13:20:00+09:00,-6.452356529558651e-05,0.11445221445221446,0.6648018648018648,1
2026-07-06 13:21:00+09:00,-9.750314958437318e-06,0.11445221445221446,0.6573426573426574,1
2026-07-06 13:22:00+09:00,-0.003163415634637394,0.13764568764568766,0.5653846153846154,1
2026-07-06 13:23:00+09:00,0.005224225127575643,0.12960372960372962,0.5581585081585081,1
2026-07-06 13:24:00+09:00,-0.0031541754367731957,0.09102564102564104,0.5582750582750582,1
2026-07-06 13:25:00+09:00,0.005229924783989031,0.09953379953379954,0.6121212121212121,1
2026-07-06 13:26:00+09:00,-0.00010945145282950586,0.12191142191142192,0.6277389277389278,1
2026-07-06 13:27:00+09:00,0.005285913607796661,0.0914918414918415,0.5968531468531468,1
2026-07-06 13:28:00+09:00,8.355899890508087e-05,0.09906759906759907,0.6194638694638694,1
2026-07-06 13:29:00+09:00,3.483381182430549e-05,0.11410256410256411,0.6114219114219115,1
2026-07-06 13:30:00+09:00,-7.932980658182981e-05,0.12925407925407925,0.6192307692307693,1
2026-07-06 13:31:00+09:00,-5.0469103208083024e-05,0.08391608391608392,0.6266899766899767,1
2026-07-06 13:32:00+09:00,-0.00015088034254098277,0.10675990675990676,0.6723776223776223,1
2026-07-06 13:33:00+09:00,0.0001740079023378545,0.13706293706293707,0.6572261072261072,1
2026-07-06 13:34:00+09:00,-0.00010528175684169607,0.10687645687645689,0.6116550116550117,1
2026-07-06 13:35:00+09:00,3.7974197377905706e-05,0.10664335664335664,0.581002331002331,1
2026-07-06 13:36:00+09:00,2.4290292037409886e-05,0.061072261072261075,0.5963869463869464,1
2026-07-06 13:37:00+09:00,-1.103553784533157e-05,0.09953379953379954,0.5735431235431235,1
2026-07-06 13:38:00+09:00,-7.846597923575131e-05,0.12237762237762238,0.5581585081585082,1
2026-07-06 13:39:00+09:00,0.00014499537126464853,0.07622377622377623,0.5581585081585081,1
2026-07-06 13:40:00+09:00,-0.00010156926988260088,0.12226107226107227,0.5277389277389277,1
2026-07-06 13:41:00+09:00,-0.0001780495265546297,0.08391608391608392,0.565967365967366,1
2026-07-06 13:42:00+09:00,4.9383308100535215e-05,0.06853146853146853,0.5888111888111888,1
2026-07-06 13:43:00+09:00,6.850208578269273e-05,0.14522144522144523,0.5815850815850816,1
2026-07-06 13:44:00+09:00,-4.298848856885032e-05,0.1371794871794872,0.5353146853146853,1
2026-07-06 13:45:00+09:00,1.5319587769233194e-05,0.09125874125874125,0.5351981351981352,1
2026-07-06 13:46:00+09:00,0.00011756759608312934,0.0991841491841492,0.5579254079254079,1
2026-07-06 13:47:00+09:00,-7.74285629201246e-05,0.1527972027972028,0.5734265734265734,1
2026-07-06 13:48:00+09:00,5.234432532332914e-05,0.10664335664335664,0.5733100233100233,1
2026-07-06 13:49:00+09:00,-0.00016073961185376348,0.0991841491841492,0.5044289044289044,1
2026-07-06 13:50:00+09:00,0.00010293256744995692,0.0914918414918415,0.5196969696969698,1
2026-07-06 13:51:00+09:00,2.9640578048855975e-05,0.09883449883449884,0.512004662004662,1
2026-07-06 13:52:00+09:00,-2.759766309393199e-05,0.1983682983682984,0.5583916083916084,1
2026-07-06 13:53:00+09:00,-8.744602740185309e-05,0.06841491841491842,0.5510489510489511,1
2026-07-06 13:54:00+09:00,-7.152111410649901e-05,0.11421911421911422,0.5282051282051281,1
2026-07-06 13:55:00+09:00,-3.8327880203409265e-05,0.09906759906759907,0.5662004662004663,1
2026-07-06 13:56:00+09:00,-2.7879132382889883e-05,0.1374125874125874,0.5506993006993006,1
2026-07-06 13:57:00+09:00,1.6458339285715348e-05,0.11445221445221446,0.5733100233100233,1
2026-07-06 13:58:00+09:00,3.1129732130705514e-05,0.09906759906759907,0.5810023310023311,1
2026-07-06 13:59:00+09:00,-0.003096103137739854,0.12937062937062938,0.664918414918415,1
2026-07-06 14:00:00+09:00,0.005288181092195825,0.12226107226107227,0.6195804195804195,1
2026-07-06 14:01:00+09:00,-1.8411081302550856e-06,0.12191142191142192,0.6044289044289044,1
2026-07-06 14:02:00+09:00,-9.62615850430323e-06,0.06095571095571096,0.5737762237762238,1
2026-07-06 14:03:00+09:00,3.761605586180061e-05,0.07645687645687646,0.6043123543123543,1
2026-07-06 14:04:00+09:00,1.0693637041512732e-05,0.14463869463869464,0.6116550116550117,1
2026-07-06 14:05:00+09:00,-2.9283381892503925e-05,0.09895104895104895,0.6040792540792541,1
2026-07-06 14:06:00+09:00,-4.313461307547284e-05,0.061072261072261075,0.6040792540792541,1
2026-07-06 14:07:00+09:00,5.720347071959326e-05,0.13752913752913754,0.5886946386946387,1
2026-07-06 14:08:00+09:00,-5.073014237050262e-05,0.07634032634032634,0.5731934731934732,1
2026-07-06 14:09:00+09:00,-0.00010889687137031684,0.11456876456876458,0.5350815850815851,1
2026-07-06 14:10:00+09:00,-0.00010687788445740521,0.12202797202797203,0.5351981351981352,1
2026-07-06 14:11:00+09:00,-3.1255226057284713e-07,0.10710955710955711,0.5353146853146854,1
2026-07-06 14:12:00+09:00,-4.095069668249185e-05,0.1372960372960373,0.5502331002331002,1
2026-07-06 14:13:00+09:00,-3.533540530274467e-05,0.10664335664335664,0.5503496503496503,1
2026-07-06 14:14:00+09:00,6.5079762651008824e-06,0.15955710955710956,0.5886946386946388,1
2026-07-06 14:15:00+09:00,-4.850983757004593e-05,0.15291375291375292,0.6040792540792541,1
2026-07-06 14:16:00+09:00,-6.162421210199107e-06,0.10687645687645689,0.5734265734265734,1
2026-07-06 14:17:00+09:00,-6.305466185399309e-05,0.0991841491841492,0.5353146853146853,1
2026-07-06 14:18:00+09:00,-0.00013384336536020119,0.06118881118881119,0.5351981351981352,1
2026-07-06 14:19:00+09:00,-5.445673911996765e-06,0.09906759906759907,0.5731934731934731,1
2026-07-06 14:20:00+09:00,4.3743288528536984e-05,0.12960372960372962,0.6724941724941725,1
2026-07-06 14:21:00+09:00,-5.406943058020066e-05,0.15291375291375292,0.6724941724941724,1
2026-07-06 14:22:00+09:00,8.173124395021728e-05,0.06876456876456877,0.6496503496503497,1
2026-07-06 14:23:00+09:00,-2.657765201634966e-06,0.04592074592074592,0.618881118881119,1
2026-07-06 14:24:00+09:00,-5.198755019061802e-05,0.12237762237762238,0.6953379953379955,1
2026-07-06 14:25:00+09:00,2.0436171993783486e-05,0.09160839160839161,0.6342657342657343,1
2026-07-06 14:26:00+09:00,-3.0856020382559956e-05,0.13752913752913754,0.5888111888111889,1
2026-07-06 14:27:00+09:00,3.4186012248704405e-05,0.04592074592074592,0.5888111888111889,1
2026-07-06 14:28:00+09:00,-8.243222942703485e-05,0.0991841491841492,0.6115384615384616,1
2026-07-06 14:29:00+09:00,7.823937589217955e-05,0.18286713286713288,0.7179487179487178,1
2026-07-06 14:30:00+09:00,-2.32216633144636e-05,0.09102564102564104,0.7029137529137529,1
2026-07-06 14:31:00+09:00,2.93048240718793e-05,0.075990675990676,0.6574592074592075,1
2026-07-06 14:32:00+09:00,-5.9062786742622463e-05,0.09160839160839161,0.6115384615384616,1
2026-07-06 14:33:00+09:00,-0.0002099259798374658,0.08379953379953381,0.6037296037296037,1
2026-07-06 14:34:00+09:00,0.0001069042622536188,0.11410256410256411,0.5961538461538461,1
2026-07-06 14:35:00+09:00,-1.7204813208356638e-05,0.08379953379953381,0.603962703962704,1
2026-07-06 14:36:00+09:00,-3.461260997748651e-05,0.10664335664335664,0.6192307692307693,1
2026-07-06 14:37:00+09:00,-1.7904190490536773e-05,0.11421911421911422,0.5812354312354313,1
2026-07-06 14:38:00+09:00,-6.21855877179395e-05,0.04568764568764569,0.5660839160839162,1
2026-07-06 14:39:00+09:00,-0.0001608199795606259,0.09184149184149185,0.5810023310023311,1
2026-07-06 14:40:00+09:00,-2.6385149325229884e-05,0.12972027972027972,0.603962703962704,1
2026-07-06 14:41:00+09:00,-0.00016872996673002148,0.06853146853146853,0.627039627039627,1
2026-07-06 14:42:00+09:00,-1.3743696444761465e-05,0.10687645687645689,0.6574592074592075,1
2026-07-06 14:43:00+09:00,-5.6772775913443086e-05,0.09906759906759907,0.6651515151515153,1
2026-07-06 14:44:00+09:00,3.5102603641296166e-05,0.06853146853146853,0.6572261072261073,1
2026-07-06 14:45:00+09:00,3.100236293256636e-05,0.10664335664335664,0.6881118881118882,1
2026-07-06 14:46:00+09:00,3.307098228136567e-05,0.14487179487179488,0.6651515151515152,1
2026-07-06 14:47:00+09:00,1.4759264428301576e-05,0.15268065268065267,0.6043123543123543,1
2026-07-06 14:48:00+09:00,-0.0001958584832978565,0.03787878787878788,0.611888111888112,1
2026-07-06 14:49:00+09:00,-7.568341755906958e-05,0.09906759906759907,0.6198135198135198,1
2026-07-06 14:50:00+09:00,-8.90763464367008e-05,0.14463869463869464,0.6730769230769231,1
2026-07-06 14:51:00+09:00,-4.3521675311269956e-05,0.07622377622377623,0.612004662004662,1
2026-07-06 14:52:00+09:00,-0.0001084407487493324,0.09895104895104895,0.6650349650349651,1
2026-07-06 14:53:00+09:00,8.005833271829233e-05,0.12191142191142192,0.6804195804195805,1
2026-07-06 14:54:00+09:00,-3.729100621679021e-05,0.12202797202797203,0.65,1
2026-07-06 14:55:00+09:00,-9.092035816059823e-06,0.11433566433566433,0.6727272727272728,1
2026-07-06 14:56:00+09:00,-0.00010310158639584505,0.16002331002331002,0.6038461538461538,1
2026-07-06 14:57:00+09:00,3.2043522717863376e-05,0.15256410256410258,0.6191142191142192,1
2026-07-06 14:58:00+09:00,5.02384953626054e-06,0.08379953379953381,0.6418414918414919,1
2026-07-06 14:59:00+09:00,-6.2823021447222135e-06,0.16002331002331002,0.6494172494172494,1
2026-07-06 15:00:00+09:00,-2.0856078132514037e-05,0.10652680652680653,0.6953379953379953,1
2026-07-06 15:01:00+09:00,8.530096256210893e-05,0.11433566433566433,0.6728438228438228,1
2026-07-06 15:02:00+09:00,-5.147009225421746e-05,0.11433566433566433,0.6958041958041958,1
2026-07-06 15:03:00+09:00,8.637950312279624e-05,0.05337995337995338,0.7188811188811188,1
2026-07-06 15:04:00+09:00,-9.412386007060022e-05,0.12191142191142192,0.7184149184149184,1
2026-07-06 15:05:00+09:00,5.014095896029535e-05,0.045804195804195806,0.7185314685314685,1
2026-07-06 15:06:00+09:00,5.626193666083541e-05,0.04568764568764569,0.7185314685314685,1
2026-07-06 15:07:00+09:00,2.3463619495694383e-05,0.08403263403263403,0.7414918414918416,1
2026-07-06 15:08:00+09:00,9.347697718884487e-05,0.07610722610722612,0.7108391608391609,1
2026-07-06 15:09:00+09:00,-0.00010901260788938521,0.06083916083916084,0.7413752913752915,1
2026-07-06 15:10:00+09:00,0.00011737451717409252,0.11421911421911422,0.7336829836829838,1
2026-07-06 15:11:00+09:00,3.790173058911332e-05,0.09895104895104895,0.7412587412587412,1
2026-07-06 15:12:00+09:00,-9.363683609244517e-06,0.0534965034965035,0.7182983682983684,1
2026-07-06 15:13:00+09:00,-1.3621291125063217e-05,0.06095571095571096,0.7487179487179487,1
2026-07-06 15:14:00+09:00,-0.0005338084791302939,1.4723260666656892,0.9070580013976239,1
2026-07-06 15:15:00+09:00,-3.4418509903656145e-05,0.06618091901110769,0.9173339588433926,1
2026-07-06 15:16:00+09:00,1.2028886960359885e-05,0.009259259259259259,0.9080746995841336,1
2026-07-06 15:17:00+09:00,-5.757094486092582e-05,0.04507875073912809,0.9342855257949596,1
2026-07-06 15:18:00+09:00,3.650949833468694e-05,0.07863223429261165,0.9603798018892358,1
2026-07-06 15:19:00+09:00,-3.275305691127804e-05,0.052305102305102304,0.9265932181026519,1
2026-07-06 15:20:00+09:00,-2.7118848110271536e-05,0.03396128679147547,0.9300183743579968,1
2026-07-06 15:21:00+09:00,-2.195079638433133e-05,0.026268979099167776,0.9374194289288629,1
2026-07-06 15:22:00+09:00,2.7448617737931058e-05,0.04490404773423641,0.9823234766630992,1
2026-07-06 15:23:00+09:00,-0.00019646469533261986,0.9823234766630993,0.0,1
2026-07-06 15:24:00+09:00,0.0,0.0,0.0,1
2026-07-06 15:30:00+09:00,0.0,0.0,0.0,1
2026-07-07 09:00:00+09:00,0.0,0.0,0.0,1
2026-07-07 09:01:00+09:00,0.0,0.0,0.0,1
2026-07-07 09:02:00+09:00,0.0,0.0,0.0,1
2026-07-07 09:03:00+09:00,0.0,0.0,0.0,1
2026-07-07 09:04:00+09:00,0.0,0.0,0.0,1
2026-07-07 09:05:00+09:00,0.0,0.0,0.0,1
2026-07-07 09:06:00+09:00,0.0,0.0,0.0,1
2026-07-07 09:07:00+09:00,0.0,0.0,0.0,1
2026-07-07 09:08:00+09:00,0.0,0.0,0.0,1
2026-07-07 09:09:00+09:00,0.0,0.0,0.0,1
2026-07-07 09:10:00+09:00,0.0,0.0,0.0,1
2026-07-07 09:11:00+09:00,0.0,0.0,0.0,1
2026-07-07 09:12:00+09:00,0.0,0.0,0.0,1
2026-07-07 09:13:00+09:00,0.0,0.0,0.0,1
2026-07-07 09:14:00+09:00,0.0,0.0,0.0,1
2026-07-07 09:15:00+09:00,-0.0002086368454189352,0.7382779198635976,0.7382779198635976,1
2026-07-07 09:16:00+09:00,-3.802210707634722e-05,0.04379795396419437,0.6944799658994032,1
2026-07-07 09:17:00+09:00,0.00038258972924526467,0.08002983802216539,0.6726342710997443,1
2026-07-07 09:18:00+09:00,-0.00045012109872232296,0.1090153452685422,0.6797740835464621,1
2026-07-07 09:19:00+09:00,-4.9900052063492637e-05,0.05829070758738278,0.6506820119352088,1
2026-07-07 09:20:00+09:00,2.424379956728661e-05,0.0654305200341006,0.6577152600170503,1
2026-07-07 09:21:00+09:00,-7.661785643693972e-05,0.12372122762148338,0.6652813299232736,1
2026-07-07 09:22:00+09:00,-0.00032452186767907863,0.1090153452685422,0.6287297527706736,1
2026-07-07 09:23:00+09:00,-0.000169739842226127,0.08738277919863598,0.6140238704177323,1
2026-07-07 09:24:00+09:00,-0.00031114211142890585,0.09473572037510657,0.6652813299232736,1
2026-07-07 09:25:00+09:00,7.036018426189922e-07,0.08024296675191817,0.701619778346121,1
2026-07-07 09:26:00+09:00,0.00037375808720365697,0.10933503836317135,0.709079283887468,1
2026-07-07 09:27:00+09:00,0.00025265337535708323,0.10933503836317135,0.6867007672634271,1
2026-07-07 09:28:00+09:00,-0.00010518866763371227,0.06575021312872975,0.6648550724637681,1
2026-07-07 09:29:00+09:00,-0.00022085049892850534,0.10198209718670077,0.6210571184995737,1
2026-07-07 09:30:00+09:00,-0.000112877487184115,0.10954816709292413,0.6138107416879794,1
2026-07-07 09:31:00+09:00,0.00030159040618914223,0.04369138959931799,0.6285166240409208,1
2026-07-07 09:32:00+09:00,0.000499793297864463,0.17476555839727195,0.6724211423699915,1
2026-07-07 09:33:00+09:00,0.00023113480402182685,0.10198209718670077,0.6582480818414322,1
2026-07-07 09:34:00+09:00,0.0003503230783794841,0.06585677749360613,0.651001705029838,1
2026-07-07 09:35:00+09:00,0.0004977451776856323,0.10944160272804775,0.6434356351236147,1
2026-07-07 09:36:00+09:00,0.00032105867093305145,0.10922847399829497,0.636082693947144,1
2026-07-07 09:37:00+09:00,-0.00017308973585535028,0.08748934356351236,0.6361892583120203,1
2026-07-07 09:38:00+09:00,-0.00028657036154644766,0.08759590792838874,0.6361892583120204,1
2026-07-07 09:39:00+09:00,0.0005517044065484338,0.12382779198635976,0.6436487638533674,1
2026-07-07 09:40:00+09:00,0.00021083635463001331,0.06553708439897699,0.6507885763000852,1
2026-07-07 09:41:00+09:00,2.392457897569205e-05,0.10922847399829497,0.6144501278772379,1
2026-07-07 09:42:00+09:00,-0.00018955085775546962,0.08013640238704177,0.6072037510656436,1
2026-07-07 09:43:00+09:00,0.0005119258074497938,0.05093776641091219,0.5852514919011083,1
2026-07-07 09:44:00+09:00,-1.410436561068794e-05,0.06564364876385337,0.5924978687127025,1
2026-07-07 09:45:00+09:00,0.00035361633929705146,0.10922847399829497,0.5706521739130435,1
2026-07-07 09:46:00+09:00,4.849195540550831e-05,0.058077578857630006,0.5707587382779199,1
2026-07-07 09:47:00+09:00,-0.0006516027046074894,0.05829070758738278,0.6145566922421143,1
2026-07-07 09:48:00+09:00,-0.0001587980481123103,0.05104433077578858,0.6511082693947143,1
2026-07-07 09:49:00+09:00,-3.7720586757823526e-05,0.12393435635123615,0.6141304347826088,1
2026-07-07 09:50:00+09:00,-0.00543699516270944,0.10922847399829497,0.5777919863597614,1
2026-07-07 09:51:00+09:00,-8.521283984657248e-05,0.09473572037510657,0.5412404092071611,1
2026-07-07 09:52:00+09:00,0.0001611454940610138,0.11679454390451832,0.5559462915601023,1
2026-07-07 09:53:00+09:00,-0.0003174504749750519,0.09473572037510657,0.5777919863597613,1
2026-07-07 09:54:00+09:00,0.00018564411229638568,0.08706308610400681,0.5631926683716966,1
2026-07-07 09:55:00+09:00,0.0004653859164350734,0.12382779198635976,0.556159420289855,1
2026-07-07 09:56:00+09:00,-0.004945937587979289,0.09484228473998295,0.5781116794543903,1
2026-07-07 09:57:00+09:00,7.313935439206766e-05,0.09473572037510657,0.5707587382779198,1
2026-07-07 09:58:00+09:00,0.0001301658214113051,0.0654305200341006,0.6216965046888321,1
2026-07-07 09:59:00+09:00,-0.000448210079737722,0.13853367433930094,0.5997442455242967,1
2026-07-07 10:00:00+09:00,-0.000115134688519444,0.09473572037510657,0.6068840579710144,1
2026-07-07 10:01:00+09:00,-0.0002607048965369391,0.07310315430520034,0.5631926683716966,1
2026-07-07 10:02:00+09:00,0.00032631894507718066,0.15291986359761295,0.5997442455242967,1
2026-07-07 10:03:00+09:00,0.00032311969275827,0.08013640238704177,0.606990622335891,1
2026-07-07 10:04:00+09:00,0.0001088057596802115,0.11679454390451832,0.5922847399829497,1
2026-07-07 10:05:00+09:00,1.463213838964352e-05,0.09473572037510657,0.5851449275362319,1
2026-07-07 10:06:00+09:00,0.00035392752083986524,0.08013640238704177,0.5634057971014493,1
2026-07-07 10:07:00+09:00,-1.0934893540147888e-05,0.08738277919863598,0.5781116794543905,1
2026-07-07 10:08:00+09:00,-0.00018756754312556888,0.09484228473998295,0.5414535379369139,1
2026-07-07 10:09:00+09:00,8.260833234862314e-05,0.1388533674339301,0.5338874680306904,1
2026-07-07 10:10:00+09:00,0.00011996301982567451,0.09452259164535379,0.5410272804774083,1
2026-07-07 10:11:00+09:00,-0.00017597525356395784,0.10965473145780051,0.5046888320545609,1
2026-07-07 10:12:00+09:00,-0.00010101201061635366,0.10944160272804775,0.5269607843137255,1
2026-07-07 10:13:00+09:00,0.0004344777188056926,0.08024296675191817,0.5632992327365729,1
2026-07-07 10:14:00+09:00,3.313791843620898e-05,0.08034953111679455,0.5999573742540494,1
2026-07-07 10:15:00+09:00,0.00026834574949103897,0.08738277919863598,0.6436487638533674,1
2026-07-07 10:16:00+09:00,0.00019434521129664707,0.07299658994032396,0.5853580562659846,1
2026-07-07 10:17:00+09:00,0.00022344604000740126,0.09473572037510657,0.578005115089514,1
2026-07-07 10:18:00+09:00,0.00028394512623001686,0.04369138959931799,0.5632992327365729,1
2026-07-07 10:19:00+09:00,-0.00020012084721502015,0.08024296675191817,0.5853580562659846,1
2026-07-07 10:20:00+09:00,0.0002821908227458294,0.08045609548167093,0.578005115089514,1
2026-07-07 10:21:00+09:00,3.905952073329958e-05,0.08780903665814152,0.5632992327365729,1
2026-07-07 10:22:00+09:00,4.249306888917317e-05,0.06553708439897699,0.5704390451832908,1
2026-07-07 10:23:00+09:00,0.0002660387861277045,0.12372122762148338,0.5049019607843137,1
2026-07-07 10:24:00+09:00,-2.9228285935934823e-05,0.08024296675191817,0.5414535379369139,1
2026-07-07 10:25:00+09:00,-0.00012395329750473184,0.07299658994032396,0.5415601023017902,1
2026-07-07 10:26:00+09:00,0.00041494250982000496,0.1387468030690537,0.5635123614663257,1
2026-07-07 10:27:00+09:00,-0.0056282955494615546,0.08013640238704177,0.5709718670076726,1
2026-07-07 10:28:00+09:00,0.00021889126675407527,0.07278346121057118,0.5708653026427962,1
2026-07-07 10:29:00+09:00,-0.0002128628113643502,0.13139386189258312,0.6148763853367434,1
2026-07-07 10:30:00+09:00,-0.0003700385534280852,0.09494884910485933,0.6070971867007673,1
2026-07-07 10:31:00+09:00,-0.0005202069004991116,0.04369138959931799,0.6218030690537084,1
2026-07-07 10:32:00+09:00,-0.0004502290100871219,0.11658141517476556,0.6218030690537084,1
2026-07-07 10:33:00+09:00,4.206950631978426e-05,0.12382779198635976,0.5855711849957375,1
2026-07-07 10:34:00+09:00,-0.0006395669964827462,0.07289002557544758,0.5706521739130435,1
2026-07-07 10:35:00+09:00,0.0004581963526965444,0.12382779198635976,0.6073103154305199,1
2026-07-07 10:36:00+09:00,-0.005171867653483267,0.10208866155157716,0.6070971867007673,1
2026-07-07 10:37:00+09:00,-0.0005000475657661431,0.10208866155157716,0.5778985507246377,1
2026-07-07 10:38:00+09:00,-6.552082036328103e-05,0.10230179028132992,0.5629795396419437,1
2026-07-07 10:39:00+09:00,5.9419670225802634e-05,0.0944160272804774,0.5702259164535379,1
2026-07-07 10:40:00+09:00,7.419398202640902e-05,0.10208866155157716,0.5410272804774083,1
2026-07-07 10:41:00+09:00,2.2583829643355986e-05,0.10219522591645354,0.5703324808184143,1
2026-07-07 10:42:00+09:00,-0.00033998293521563856,0.09462915601023018,0.5338874680306905,1
2026-07-07 10:43:00+09:00,-0.0001967989875898546,0.08770247229326514,0.533994032395567,1
2026-07-07 10:44:00+09:00,-0.0003255645990641545,0.08770247229326514,0.5193947144075022,1
2026-07-07 10:45:00+09:00,-9.517819136004196e-05,0.10944160272804775,0.5414535379369139,1
2026-07-07 10:46:00+09:00,0.00025803086681771593,0.08770247229326514,0.5123614663256607,1
2026-07-07 10:47:00+09:00,0.0003896394025918926,0.1025149190110827,0.5272804774083546,1
2026-07-07 10:48:00+09:00,-1.424194293849621e-05,0.09526854219948849,0.5345268542199488,1
2026-07-07 10:49:00+09:00,0.0001939043974118002,0.10198209718670077,0.5489130434782608,1
2026-07-07 10:50:00+09:00,0.0001578921629342929,0.13853367433930094,0.5708653026427962,1
2026-07-07 10:51:00+09:00,0.00022951524776607566,0.10933503836317135,0.5486999147485081,1
2026-07-07 10:52:00+09:00,0.0034756026461908213,0.10219522591645354,0.5343137254901962,1
2026-07-07 10:53:00+09:00,-0.005393328847709395,0.10922847399829497,0.5563725490196079,1
2026-07-07 10:54:00+09:00,0.00023425841581267113,0.05829070758738278,0.5417732310315431,1
2026-07-07 10:55:00+09:00,-0.00020340130882285135,0.13895993179880647,0.5341005967604433,1
2026-07-07 10:56:00+09:00,-0.00016676935754450135,0.07289002557544758,0.4901960784313726,1
2026-07-07 10:57:00+09:00,0.0004659519699368449,0.08716965046888321,0.49019607843137253,1
2026-07-07 10:58:00+09:00,1.2111011660289826e-05,0.1460997442455243,0.5486999147485081,1
2026-07-07 10:59:00+09:00,0.00016529822586669918,0.138000852514919,0.5705456095481671,1
2026-07-07 11:00:00+09:00,-0.00021580547522983342,0.12414748508098891,0.5781116794543905,1
2026-07-07 11:01:00+09:00,0.0001918606654578683,0.08759590792838874,0.5489130434782609,1
2026-07-07 11:02:00+09:00,-0.00030657454257731294,0.09473572037510657,0.5123614663256606,1
2026-07-07 11:03:00+09:00,0.00012683328083158005,0.08024296675191817,0.5052216538789429,1
2026-07-07 11:04:00+09:00,5.99076605687832e-05,0.05850383631713555,0.5198209718670077,1
2026-07-07 11:05:00+09:00,-2.806083159702651e-05,0.06575021312872975,0.5269607843137255,1
2026-07-07 11:06:00+09:00,0.0024970378977571153,0.11647485080988917,0.5268542199488491,1
2026-07-07 11:07:00+09:00,0.0001973919457097615,0.0726768968456948,0.4833759590792839,1
2026-07-07 11:08:00+09:00,0.00014810105402325243,0.06575021312872975,0.5197144075021313,1
2026-07-07 11:09:00+09:00,0.00017190046745331163,0.12425404944586531,0.4687766410912191,1
2026-07-07 11:10:00+09:00,9.623155846476915e-05,0.08056265984654731,0.4319053708439898,1
2026-07-07 11:11:00+09:00,-0.00020268156011510262,0.08045609548167093,0.4390451832907076,1
2026-07-07 11:12:00+09:00,-0.00014987464895870753,0.11679454390451832,0.5264279624893435,1
2026-07-07 11:13:00+09:00,0.00019080483539549408,0.13842710997442456,0.5629795396419437,1
2026-07-07 11:14:00+09:00,0.00015544896719746606,0.13864023870417733,0.5411338448422848,1
2026-07-07 11:15:00+09:00,-0.000248152639578904,0.11647485080988917,0.5120417732310315,1
2026-07-07 11:16:00+09:00,3.0809125975642145e-05,0.07310315430520034,0.4977621483375959,1
2026-07-07 11:17:00+09:00,0.00020618944696269473,0.06596334185848252,0.4757033248081841,1
2026-07-07 11:18:00+09:00,-5.729067780664932e-05,0.05839727195225916,0.4759164535379369,1
2026-07-07 11:19:00+09:00,0.00010231077803140376,0.11668797953964194,0.5047953964194374,1
2026-07-07 11:20:00+09:00,0.003266437692037629,0.10944160272804775,0.5705456095481671,1
2026-07-07 11:21:00+09:00,-0.0052359615885752475,0.05104433077578858,0.5778985507246377,1
2026-07-07 11:22:00+09:00,2.0901472410131435e-05,0.11668797953964194,0.5343137254901961,1
2026-07-07 11:23:00+09:00,8.622559647176881e-05,0.09473572037510657,0.556159420289855,1
2026-07-07 11:24:00+09:00,-7.14951518362011e-05,0.1024083546462063,0.4976555839727196,1
2026-07-07 11:25:00+09:00,0.00016203577179228887,0.09494884910485933,0.5192881500426257,1
2026-07-07 11:26:00+09:00,-7.969298452314917e-05,0.08024296675191817,0.5119352088661552,1
2026-07-07 11:27:00+09:00,-5.8824991326023824e-05,0.13118073316283035,0.5996376811594203,1
2026-07-07 11:28:00+09:00,0.00016518857684917217,0.08770247229326514,0.6583546462063086,1
2026-07-07 11:29:00+09:00,-0.00013167092924126173,0.6583546462063086,0.0,1
2026-07-07 11:30:00+09:00,0.0,0.0,0.0,1
2026-07-07 12:30:00+09:00,-6.625603385156742e-06,0.7891091219096334,0.7891091219096334,1
2026-07-07 12:31:00+09:00,3.282169830359318e-05,0.08716965046888321,0.7166453537936913,1
2026-07-07 12:32:00+09:00,0.00012716023752387066,0.08770247229326514,0.6436487638533674,1
2026-07-07 12:33:00+09:00,-0.00012782412940765068,0.11668797953964194,0.6288363171355499,1
2026-07-07 12:34:00+09:00,0.00014004676098376332,0.09484228473998295,0.6068840579710144,1
2026-07-07 12:35:00+09:00,0.002973753784831296,0.101768968456948,0.5922847399829496,1
2026-07-07 12:36:00+09:00,-0.005021832668966993,0.08770247229326514,0.6070971867007673,1
2026-07-07 12:37:00+09:00,0.00019216712251620628,0.16762574595055413,0.6436487638533674,1
2026-07-07 12:38:00+09:00,-0.005453161503380363,0.10187553282182438,0.6436487638533674,1
2026-07-07 12:39:00+09:00,7.648097766978354e-05,0.11668797953964194,0.6143435635123615,1
2026-07-07 12:40:00+09:00,-0.0001695057653424422,0.11690110826939472,0.5705456095481671,1
2026-07-07 12:41:00+09:00,-0.00031705251315288484,0.10219522591645354,0.49754901960784315,1
2026-07-07 12:42:00+09:00,0.00010465039696613304,0.06564364876385337,0.5047953964194374,1
2026-07-07 12:43:00+09:00,0.00018641877036721792,0.06596334185848252,0.5415601023017902,1
2026-07-07 12:44:00+09:00,0.00023472083193158303,0.15291986359761295,0.6654944586530265,1
2026-07-07 12:45:00+09:00,9.877543688609387e-05,0.08748934356351236,0.7092924126172209,1
2026-07-07 12:46:00+09:00,9.744404078008135e-05,0.14546035805626598,0.6652813299232736,1
2026-07-07 12:47:00+09:00,9.33454158633018e-05,0.13107416879795397,0.7091858482523444,1
2026-07-07 12:48:00+09:00,-0.0002743927633245834,0.14567348678601877,0.6216965046888321,1
2026-07-07 12:49:00+09:00,-0.00021054460253587472,0.12404092071611253,0.6287297527706734,1
2026-07-07 12:50:00+09:00,0.00036128969819907607,0.15323955669224212,0.5483802216538789,1
2026-07-07 12:51:00+09:00,-9.484313077888865e-05,0.08738277919863598,0.6357630008525149,1
2026-07-07 12:52:00+09:00,0.00015381420521438406,0.14578005115089515,0.6212702472293266,1
2026-07-07 12:53:00+09:00,-6.963689669846508e-05,0.1387468030690537,0.6142369991474851,1
2026-07-07 12:54:00+09:00,4.553670078454217e-05,0.10187553282182438,0.5560528559249787,1
2026-07-07 12:55:00+09:00,-0.0001186562950953904,0.09462915601023018,0.5490196078431373,1
2026-07-07 12:56:00+09:00,-0.00026104299245804837,0.09516197783461211,0.5269607843137255,1
2026-07-07 12:57:00+09:00,-2.6726692959753264e-05,0.05829070758738278,0.5705456095481671,1
2026-07-07 12:58:00+09:00,-8.653557636115474e-06,0.09462915601023018,0.5922847399829497,1
2026-07-07 12:59:00+09:00,-0.00016825912122355428,0.1533461210571185,0.6725277067348678,1
2026-07-07 13:00:00+09:00,0.00023984399032354986,0.13864023870417733,0.5777919863597614,1
2026-07-07 13:01:00+09:00,-0.00020279645318517717,0.09494884910485933,0.584931798806479,1
2026-07-07 13:02:00+09:00,-0.0002726902690083132,0.05839727195225916,0.5702259164535379,1
2026-07-07 13:03:00+09:00,-0.0001324742658789222,0.16037936913895992,0.6434356351236147,1
2026-07-07 13:04:00+09:00,-0.0005178379852703438,0.10933503836317135,0.6656010230179028,1
2026-07-07 13:05:00+09:00,7.761293037269139e-05,0.08045609548167093,0.6437553282182438,1
2026-07-07 13:06:00+09:00,-4.0291736361699614e-05,0.12404092071611253,0.636082693947144,1
2026-07-07 13:07:00+09:00,-0.0002201448703068759,0.08738277919863598,0.6215899403239556,1
2026-07-07 13:08:00+09:00,0.00029889716448804277,0.0872762148337596,0.6072037510656436,1
2026-07-07 13:09:00+09:00,-0.00032457277108348333,0.11679454390451832,0.6074168797953964,1
2026-07-07 13:10:00+09:00,8.775638373097116e-05,0.06553708439897699,0.6145566922421142,1
2026-07-07 13:11:00+09:00,0.00034853277194328683,0.1315004262574595,0.5267476555839727,1
2026-07-07 13:12:00+09:00,-0.00014352240204741797,0.07310315430520034,0.5120417732310316,1
2026-07-07 13:13:00+09:00,0.0001755284147874486,0.08738277919863598,0.5118286445012787,1
2026-07-07 13:14:00+09:00,0.00010546906332140781,0.08770247229326514,0.5703324808184144,1
2026-07-07 13:15:00+09:00,0.00018122908852204506,0.1170076726342711,0.6289428815004262,1
2026-07-07 13:16:00+09:00,5.281220946003962e-05,0.16741261722080136,0.6652813299232737,1
2026-07-07 13:17:00+09:00,-0.0001277721564247679,0.08748934356351236,0.6651747655583973,1
2026-07-07 13:18:00+09:00,-0.00021530192124991497,0.10933503836317135,0.6287297527706734,1
2026-07-07 13:19:00+09:00,4.963289673748337e-05,0.06564364876385337,0.6214833759590793,1
2026-07-07 13:20:00+09:00,-0.0001676676552377385,0.10965473145780051,0.584931798806479,1
2026-07-07 13:21:00+09:00,0.00015530658357542135,0.06575021312872975,0.6214833759590793,1
2026-07-07 13:22:00+09:00,7.398786008638393e-05,0.06553708439897699,0.5996376811594203,1
2026-07-07 13:23:00+09:00,-1.8271119465507143e-05,0.13160699062233588,0.6289428815004263,1
2026-07-07 13:24:00+09:00,0.00014951949349844437,0.1025149190110827,0.6142369991474851,1
2026-07-07 13:25:00+09:00,-0.00018064647309479838,0.13118073316283035,0.5555200341005968,1
2026-07-07 13:26:00+09:00,-0.00021172763388956967,0.11658141517476556,0.5267476555839727,1
2026-07-07 13:27:00+09:00,-9.095177073645684e-05,0.02919863597612958,0.5267476555839727,1
2026-07-07 13:28:00+09:00,-9.242283527845552e-05,0.11668797953964194,0.5705456095481671,1
2026-07-07 13:29:00+09:00,4.883582873604385e-05,0.07289002557544758,0.6289428815004263,1
2026-07-07 13:30:00+09:00,-0.00014599082650085355,0.10912190963341858,0.621696504688832,1
2026-07-07 13:31:00+09:00,2.8932808624109285e-05,0.13139386189258312,0.5342071611253196,1
2026-07-07 13:32:00+09:00,5.579355191804235e-05,0.03644501278772379,0.5122549019607843,1
2026-07-07 13:33:00+09:00,5.6655443712228925e-05,0.08716965046888321,0.5412404092071611,1
2026-07-07 13:34:00+09:00,2.7637120048453356e-05,0.13853367433930094,0.5629795396419438,1
2026-07-07 13:35:00+09:00,-2.1438292739999613e-05,0.08748934356351236,0.5338874680306905,1
2026-07-07 13:36:00+09:00,0.00014156348606498615,0.08759590792838874,0.5341005967604433,1
2026-07-07 13:37:00+09:00,-0.000179815804921482,0.08759590792838874,0.5196078431372548,1
2026-07-07 13:38:00+09:00,7.421156527362305e-05,0.05104433077578858,0.5416666666666666,1
2026-07-07 13:39:00+09:00,2.3539725840948218e-05,0.07310315430520034,0.5563725490196079,1
2026-07-07 13:40:00+09:00,0.003030416804324272,0.11679454390451832,0.5853580562659847,1
2026-07-07 13:41:00+09:00,-0.005347372806238895,0.09452259164535379,0.5777919863597614,1
2026-07-07 13:42:00+09:00,-8.929918466144739e-05,0.08738277919863598,0.5483802216538789,1
2026-07-07 13:43:00+09:00,-1.3051494177933927e-05,0.1533461210571185,0.5120417732310315,1
2026-07-07 13:44:00+09:00,0.00021267334450241496,0.05115089514066496,0.5047953964194374,1
2026-07-07 13:45:00+09:00,-9.42539451533557e-05,0.08024296675191817,0.5268542199488491,1
2026-07-07 13:46:00+09:00,0.0002547110156891695,0.09494884910485933,0.5197144075021313,1
2026-07-07 13:47:00+09:00,7.543083110090614e-06,0.08034953111679455,0.5122549019607843,1
2026-07-07 13:48:00+09:00,-0.0001511518148003003,0.08002983802216539,0.5341005967604433,1
2026-07-07 13:49:00+09:00,9.810002176960307e-05,0.16048593350383633,0.5338874680306905,1
2026-07-07 13:50:00+09:00,-0.00024768481273415084,0.1388533674339301,0.5412404092071611,1
2026-07-07 13:51:00+09:00,3.610831373450389e-05,0.08002983802216539,0.5338874680306905,1
2026-07-07 13:52:00+09:00,1.437186121934547e-06,0.08024296675191817,0.4977621483375959,1
2026-07-07 13:53:00+09:00,5.655864006431296e-05,0.11636828644501279,0.5412404092071612,1
2026-07-07 13:54:00+09:00,2.9760651301192296e-05,0.10187553282182438,0.5414535379369139,1
2026-07-07 13:55:00+09:00,-0.00014345817959674994,0.10230179028132992,0.4977621483375959,1
2026-07-07 13:56:00+09:00,-6.844261666208523e-06,0.05839727195225916,0.4977621483375959,1
2026-07-07 13:57:00+09:00,-5.917430408069474e-06,0.08770247229326514,0.4827365728900256,1
2026-07-07 13:58:00+09:00,0.00013758973374970314,0.05839727195225916,0.5411338448422847,1
2026-07-07 13:59:00+09:00,0.00010979876224242849,0.15313299232736574,0.5629795396419437,1
2026-07-07 14:00:00+09:00,0.00015380089444303634,0.1460997442455243,0.6069906223358909,1
2026-07-07 14:01:00+09:00,1.972670091182197e-05,0.09473572037510657,0.5559462915601023,1
2026-07-07 14:02:00+09:00,-4.295982146169998e-05,0.07289002557544758,0.5704390451832907,1
2026-07-07 14:03:00+09:00,0.00014678866712118738,0.1090153452685422,0.6069906223358909,1
2026-07-07 14:04:00+09:00,0.00027982360318307175,0.10208866155157716,0.6364023870417732,1
2026-07-07 14:05:00+09:00,0.000247403615057964,0.11668797953964194,0.6657075873827791,1
2026-07-07 14:06:00+09:00,-0.00012568143175297435,0.101768968456948,0.6803069053708439,1
2026-07-07 14:07:00+09:00,1.8399698788377871e-06,0.10954816709292413,0.6583546462063086,1
2026-07-07 14:08:00+09:00,0.00019579658270711306,0.09494884910485933,0.6218030690537084,1
2026-07-07 14:09:00+09:00,-2.2663358565022193e-05,0.04369138959931799,0.6362958226768969,1
2026-07-07 14:10:00+09:00,-0.00026541052633993967,0.07289002557544758,0.6215899403239556,1
2026-07-07 14:11:00+09:00,-2.4905563982954715e-05,0.07278346121057118,0.6361892583120204,1
2026-07-07 14:12:00+09:00,-0.00016872249676907946,0.06564364876385337,0.5850383631713555,1
2026-07-07 14:13:00+09:00,0.00020334603584917497,0.10944160272804775,0.6360826939471441,1
2026-07-07 14:14:00+09:00,0.00018413325113044964,0.1453537936913896,0.6791346973572037,1
2026-07-07 14:15:00+09:00,4.070115137002158e-05,0.16730605285592498,0.6433290707587382,1
2026-07-07 14:16:00+09:00,-0.00018625444465643966,0.10933503836317135,0.5778985507246377,1
2026-07-07 14:17:00+09:00,-0.0001228390535044126,0.07310315430520034,0.5928175618073316,1
2026-07-07 14:18:00+09:00,-0.00013001190090989966,0.08748934356351236,0.6361892583120204,1
2026-07-07 14:19:00+09:00,5.952304813382365e-05,0.10933503836317135,0.6871270247229326,1
2026-07-07 14:20:00+09:00,-0.0002172757364087975,0.06564364876385337,0.6800937766410912,1
2026-07-07 14:21:00+09:00,-0.000550092603251934,0.1309676044330776,0.6799872122762148,1
2026-07-07 14:22:00+09:00,-0.00012917936003337078,0.10187553282182438,0.6659207161125319,1
2026-07-07 14:23:00+09:00,0.00023214556042692937,0.05093776641091219,0.7023657289002557,1
2026-07-07 14:24:00+09:00,0.00032451775856043096,0.14578005115089515,0.6729539641943734,1
2026-07-07 14:25:00+09:00,-2.409777958854766e-05,0.13118073316283035,0.5997442455242967,1
2026-07-07 14:26:00+09:00,0.0002804131565475425,0.10922847399829497,0.5197144075021313,1
2026-07-07 14:27:00+09:00,-0.00014887630284653053,0.05861040068201193,0.5489130434782609,1
2026-07-07 14:28:00+09:00,-0.0004839916620668458,0.12382779198635976,0.6437553282182438,1
2026-07-07 14:29:00+09:00,-0.0002282127627162831,0.10933503836317135,0.6802003410059676,1
2026-07-07 14:30:00+09:00,-0.0003521827583393879,0.14567348678601877,0.6658141517476556,1
2026-07-07 14:31:00+09:00,0.00038661776169320294,0.058077578857630006,0.6077365728900255,1
2026-07-07 14:32:00+09:00,-0.0002403839259875816,0.07320971867007672,0.5637254901960784,1
2026-07-07 14:33:00+09:00,9.905526395645176e-06,0.09452259164535379,0.6290494458653026,1
2026-07-07 14:34:00+09:00,-7.009595665886047e-05,0.12361466325660699,0.592391304347826,1
2026-07-07 14:35:00+09:00,-4.736156246643823e-05,0.12425404944586531,0.5706521739130435,1
2026-07-07 14:36:00+09:00,0.00020613817446184322,0.050831202046035806,0.5632992327365729,1
2026-07-07 14:37:00+09:00,-0.00020107608614094828,0.06553708439897699,0.5851449275362319,1
2026-07-07 14:38:00+09:00,-0.0001780927254006158,0.10944160272804775,0.5922847399829496,1
2026-07-07 14:39:00+09:00,-0.00013199287603485446,0.12382779198635976,0.6869138959931799,1
2026-07-07 14:40:00+09:00,-0.00013953112525386376,0.08716965046888321,0.6869138959931799,1
2026-07-07 14:41:00+09:00,0.002972338156816432,0.16048593350383633,0.6577152600170504,1
2026-07-07 14:42:00+09:00,-0.005462695099895489,0.03644501278772379,0.6359761295822677,1
2026-07-07 14:43:00+09:00,8.45882891713223e-05,0.07278346121057118,0.636082693947144,1
2026-07-07 14:44:00+09:00,-5.6467043057283094e-05,0.11668797953964194,0.7237851662404093,1
2026-07-07 14:45:00+09:00,8.126962846466949e-05,0.10912190963341858,0.6726342710997443,1
2026-07-07 14:46:00+09:00,-1.8576099753271872e-05,0.11636828644501279,0.6875532821824382,1
2026-07-07 14:47:00+09:00,0.0002974868605016848,0.08002983802216539,0.6512148337595908,1
2026-07-07 14:48:00+09:00,1.3097314609288464e-05,0.13842710997442456,0.6001705029838023,1
2026-07-07 14:49:00+09:00,-0.0003313403649702213,0.07278346121057118,0.614769820971867,1
2026-07-07 14:50:00+09:00,-0.0005113875538480517,0.11647485080988917,0.585464620630861,1
2026-07-07 14:51:00+09:00,6.546528381782022e-05,0.16762574595055413,0.6215899403239556,1
2026-07-07 14:52:00+09:00,1.497750772211815e-05,0.11690110826939472,0.5483802216538789,1
2026-07-07 14:53:00+09:00,-0.0002450631863434138,0.09484228473998295,0.5562659846547314,1
2026-07-07 14:54:00+09:00,-0.00023074809356696217,0.09462915601023018,0.6072037510656436,1
2026-07-07 14:55:00+09:00,-0.0003693165277564234,0.1460997442455243,0.6802003410059676,1
2026-07-07 14:56:00+09:00,0.00021213278041105194,0.12361466325660699,0.687233589087809,1
2026-07-07 14:57:00+09:00,0.00015087259296851292,0.11636828644501279,0.599850809889173,1
2026-07-07 14:58:00+09:00,0.0001386844222031763,0.05850383631713555,0.629156010230179,1
2026-07-07 14:59:00+09:00,-5.634942068300874e-05,0.14546035805626598,0.6290494458653026,1
2026-07-07 15:00:00+09:00,-0.00024511540674462064,0.0872762148337596,0.6291560102301791,1
2026-07-07 15:01:00+09:00,2.1645403709480325e-05,0.08759590792838874,0.5562659846547314,1
2026-07-07 15:02:00+09:00,0.0002918031607089231,0.13107416879795397,0.6293691389599319,1
2026-07-07 15:03:00+09:00,0.00026726370616069216,0.11690110826939472,0.6582480818414322,1
2026-07-07 15:04:00+09:00,0.0001938780254298948,0.13118073316283035,0.6726342710997442,1
2026-07-07 15:05:00+09:00,0.0001780120656685329,0.08013640238704177,0.6214833759590793,1
2026-07-07 15:06:00+09:00,-0.00010610273053477565,0.09484228473998295,0.6142369991474851,1
2026-07-07 15:07:00+09:00,0.0001546909498662519,0.05125745950554135,0.6362958226768969,1
2026-07-07 15:08:00+09:00,-3.754229233097297e-05,0.15270673486786018,0.7163256606990622,1
2026-07-07 15:09:00+09:00,-4.424849665669073e-05,0.13128729752770674,0.7455242966751918,1
2026-07-07 15:10:00+09:00,7.177078513100098e-05,0.10187553282182438,0.7308184143222506,1
2026-07-07 15:11:00+09:00,-2.233270645885189e-05,0.029092071611253198,0.7162190963341858,1
2026-07-07 15:12:00+09:00,-7.89914949211102e-05,0.12393435635123615,0.7233589087809036,1
2026-07-07 15:13:00+09:00,-5.644192390063224e-06,0.12382779198635976,0.7745098039215687,1
2026-07-07 15:14:00+09:00,-0.00033428152932547263,1.5764603544496456,0.9189582231623481,1
2026-07-07 15:15:00+09:00,-2.5409875457085562e-05,0.052467480680911914,0.9391676393271309,1
2026-07-07 15:16:00+09:00,2.0873955013993764e-05,0.031439925198690974,0.9383495000096929,1
2026-07-07 15:17:00+09:00,4.993471438435051e-06,0.06941465225641448,0.9318146981506603,1
2026-07-07 15:18:00+09:00,5.863675467795101e-05,0.0763204288452097,0.9775133411146171,1
2026-07-07 15:19:00+09:00,4.446765676671682e-05,0.04045478582760444,0.9693166198031417,1
2026-07-07 15:20:00+09:00,-0.0001344632754514075,0.06383019489726316,0.984495307561325,1
2026-07-07 15:21:00+09:00,4.284582980225944e-05,0.07036499675629569,1.008109486178303,1
2026-07-07 15:22:00+09:00,0.00011022646714614863,0.023639819434545024,1.0153558629898976,1
2026-07-07 15:23:00+09:00,-0.00020307117259797948,1.0153558629898973,0.0,1
2026-07-07 15:24:00+09:00,0.0,0.0,0.0,1
2026-07-07 15:30:00+09:00,0.0,0.0,0.0,1
2026-07-08 09:00:00+09:00,0.0,0.0,0.0,1
2026-07-08 09:01:00+09:00,0.0,0.0,0.0,1
2026-07-08 09:02:00+09:00,0.0,0.0,0.0,1
2026-07-08 09:03:00+09:00,0.0,0.0,0.0,1
2026-07-08 09:04:00+09:00,0.0,0.0,0.0,1
2026-07-08 09:05:00+09:00,0.0,0.0,0.0,1
2026-07-08 09:06:00+09:00,0.0,0.0,0.0,1
2026-07-08 09:07:00+09:00,0.0,0.0,0.0,1
2026-07-08 09:08:00+09:00,0.0,0.0,0.0,1
2026-07-08 09:09:00+09:00,0.0,0.0,0.0,1
2026-07-08 09:10:00+09:00,0.0,0.0,0.0,1
2026-07-08 09:11:00+09:00,0.0,0.0,0.0,1
2026-07-08 09:12:00+09:00,0.0,0.0,0.0,1
2026-07-08 09:13:00+09:00,0.0,0.0,0.0,1
2026-07-08 09:14:00+09:00,0.0,0.0,0.0,1
2026-07-08 09:15:00+09:00,-0.00043324647780837325,0.9040825285338016,0.9040825285338016,1
2026-07-08 09:16:00+09:00,0.0011001202016531894,0.05179982440737489,0.8522827041264267,1
2026-07-08 09:17:00+09:00,-0.0007455460692056629,0.059152765583845475,0.7931299385425812,1
2026-07-08 09:18:00+09:00,-3.053583547813497e-05,0.03687445127304653,0.7709613696224757,1
2026-07-08 09:19:00+09:00,0.0010424758201671676,0.03687445127304653,0.7784240561896401,1
2026-07-08 09:20:00+09:00,-0.0014413093431775964,0.044117647058823525,0.8078358208955223,1
2026-07-08 09:21:00+09:00,0.00010164662529923609,0.07396839332748024,0.7782045654082528,1
2026-07-08 09:22:00+09:00,-0.0006543180766220016,0.04422739244951712,0.7930201931518877,1
2026-07-08 09:23:00+09:00,-0.0008909867193525288,0.03698419666374012,0.7854477611940298,1
2026-07-08 09:24:00+09:00,-0.0015017816993146797,0.15550921861281825,0.8373573309920983,1
2026-07-08 09:25:00+09:00,-0.0003072098122229238,0.09602721685689201,0.7707418788410887,1
2026-07-08 09:26:00+09:00,-8.606286860837249e-05,0.07396839332748024,0.7116988586479367,1
2026-07-08 09:27:00+09:00,-2.8675001862712057e-05,0.08132133450395083,0.7190517998244074,1
2026-07-08 09:28:00+09:00,-0.0010788097551067079,0.07396839332748024,0.7636084284460052,1
2026-07-08 09:29:00+09:00,0.0006905171407585815,0.0962467076382792,0.8005926251097454,1
2026-07-08 09:30:00+09:00,0.00014018858672870595,0.08110184372256365,0.8224319578577699,1
2026-07-08 09:31:00+09:00,0.0008807771834611099,0.06639596136962247,0.8150790166812993,1
2026-07-08 09:32:00+09:00,0.00033290543770041767,0.05179982440737489,0.8225417032484634,1
2026-07-08 09:33:00+09:00,-0.0003337494435905308,0.0444468832309043,0.8077260755048288,1
2026-07-08 09:34:00+09:00,0.0007875056568632377,0.044117647058823525,0.7783143107989464,1
2026-07-08 09:35:00+09:00,-0.0007101664498041017,0.022168568920105356,0.8004828797190517,1
2026-07-08 09:36:00+09:00,-0.0005378702074409638,0.051690079016681295,0.7784240561896401,1
2026-07-08 09:37:00+09:00,-0.0008055906544029355,0.029850746268656716,0.7784240561896401,1
2026-07-08 09:38:00+09:00,-0.0009176711593513448,0.051690079016681295,0.7710711150131694,1
2026-07-08 09:39:00+09:00,-0.00029653021776104404,0.08867427568042142,0.7708516242317822,1
2026-07-08 09:40:00+09:00,-0.0008005646927250877,0.059152765583845475,0.7709613696224757,1
2026-07-08 09:41:00+09:00,-0.0010309169351771755,0.059152765583845475,0.7561457418788411,1
2026-07-08 09:42:00+09:00,-0.0007104339761135884,0.09591747146619842,0.7636084284460052,1
2026-07-08 09:43:00+09:00,-0.0004334840889957171,0.059043020193151885,0.7930201931518877,1
2026-07-08 09:44:00+09:00,-0.00025216489538989437,0.08845478489903424,0.7489025460930641,1
2026-07-08 09:45:00+09:00,0.004751090566630405,0.07374890254609306,0.7783143107989463,1
2026-07-08 09:46:00+09:00,-0.0005201664078458697,0.04433713784021071,0.7486830553116768,1
2026-07-08 09:47:00+09:00,0.0006316572858429025,0.08132133450395083,0.7709613696224757,1
2026-07-08 09:48:00+09:00,-0.0005628668527885033,0.051470588235294115,0.7489025460930641,1
2026-07-08 09:49:00+09:00,-0.0005750834970014234,0.058933274802458295,0.7637181738366987,1
2026-07-08 09:50:00+09:00,0.00017607064481845632,0.05179982440737489,0.7711808604038629,1
2026-07-08 09:51:00+09:00,0.0004026063876581329,0.06672519754170325,0.7338674275680421,1
2026-07-08 09:52:00+09:00,-0.0008124527489357638,0.1106233538191396,0.8001536435469709,1
2026-07-08 09:53:00+09:00,-1.4354718247226045e-05,0.051470588235294115,0.763388937664618,1
2026-07-08 09:54:00+09:00,-0.0010664941422834264,0.08121158911325724,0.7561457418788411,1
2026-07-08 09:55:00+09:00,-0.0003160312641918121,0.10370939420544337,0.7709613696224757,1
2026-07-08 09:56:00+09:00,-9.834201054115565e-05,0.09580772607550483,0.7489025460930641,1
2026-07-08 09:57:00+09:00,0.00042694451252431136,0.06650570676031607,0.7120280948200175,1
2026-07-08 09:58:00+09:00,0.0005571888816944968,0.07418788410886742,0.7267339771729586,1
2026-07-08 09:59:00+09:00,-0.0005304448814972056,0.10359964881474978,0.7118086040386303,1
2026-07-08 10:00:00+09:00,-0.00012163767303377326,0.05179982440737489,0.7489025460930641,1
2026-07-08 10:01:00+09:00,0.0005591823554047523,0.08154082528533801,0.7562554872695346,1
2026-07-08 10:02:00+09:00,0.0002099421410159641,0.11095258999122037,0.7636084284460052,1
2026-07-08 10:03:00+09:00,4.119250706228005e-05,0.051690079016681295,0.7854477611940298,1
2026-07-08 10:04:00+09:00,0.0006647170730862351,0.08132133450395083,0.7783143107989463,1
2026-07-08 10:05:00+09:00,0.0002651509565353384,0.08878402107111501,0.7933494293239683,1
2026-07-08 10:06:00+09:00,6.499387337632957e-05,0.08143107989464442,0.7268437225636524,1
2026-07-08 10:07:00+09:00,-0.0007310327977752581,0.09591747146619842,0.7193810359964881,1
2026-07-08 10:08:00+09:00,-0.0006901499100674494,0.05190956979806848,0.7118086040386304,1
2026-07-08 10:09:00+09:00,5.446950953561933e-05,0.051690079016681295,0.7044556628621597,1
2026-07-08 10:10:00+09:00,-0.003618359448785552,0.059043020193151885,0.7044556628621597,1
2026-07-08 10:11:00+09:00,0.005018750788808694,0.022278314310798946,0.7118086040386303,1
2026-07-08 10:12:00+09:00,1.1777754862467187e-05,0.08121158911325724,0.7045654082528534,1
2026-07-08 10:13:00+09:00,0.0003140329774207091,0.07363915715539947,0.6897497805092185,1
2026-07-08 10:14:00+09:00,-0.00015524967759488614,0.0444468832309043,0.7192712906057945,1
2026-07-08 10:15:00+09:00,0.00021382104526794296,0.059043020193151885,0.7190517998244074,1
2026-07-08 10:16:00+09:00,-4.5465233839845876e-05,0.0661764705882353,0.7264047410008779,1
2026-07-08 10:17:00+09:00,0.00046015022568780524,0.06672519754170325,0.7042361720807726,1
2026-07-08 10:18:00+09:00,-0.00013522132794859066,0.08121158911325724,0.711918349429324,1
2026-07-08 10:19:00+09:00,0.0009542268339387934,0.044117647058823525,0.711918349429324,1
2026-07-08 10:20:00+09:00,-0.0030789812113748262,0.07418788410886742,0.6972124670763826,1
2026-07-08 10:21:00+09:00,0.005539841067459565,0.03698419666374012,0.7043459174714661,1
2026-07-08 10:22:00+09:00,0.0005495052494616804,0.08121158911325724,0.7265144863915716,1
2026-07-08 10:23:00+09:00,8.394540983535285e-05,0.05190956979806848,0.719161545215101,1
2026-07-08 10:24:00+09:00,-0.0004128885999396623,0.059152765583845475,0.7194907813871818,1
2026-07-08 10:25:00+09:00,-0.0005132444366775996,0.07374890254609306,0.7491220368744513,1
2026-07-08 10:26:00+09:00,0.0008054982640601856,0.0444468832309043,0.7490122914837576,1
2026-07-08 10:27:00+09:00,0.0006762608180040081,0.08110184372256365,0.7414398595259,1
2026-07-08 10:28:00+09:00,-0.0007118638701389984,0.08110184372256365,0.7338674275680421,1
2026-07-08 10:29:00+09:00,-0.00010721353174070601,0.08088235294117647,0.6971027216856891,1
2026-07-08 10:30:00+09:00,-8.097796165924865e-06,0.07396839332748024,0.6971027216856892,1
2026-07-08 10:31:00+09:00,0.00012940679202247838,0.022058823529411763,0.719161545215101,1
2026-07-08 10:32:00+09:00,0.0012215110821833782,0.059152765583845475,0.7486830553116769,1
2026-07-08 10:33:00+09:00,-0.0004273739329894359,0.1479367866549605,0.7930201931518875,1
2026-07-08 10:34:00+09:00,-0.0005492731730513176,0.07363915715539947,0.7634986830553117,1
2026-07-08 10:35:00+09:00,0.0004882290926443744,0.04433713784021071,0.7340869183494292,1
2026-07-08 10:36:00+09:00,0.000562668217341153,0.06661545215100965,0.7414398595259,1
2026-07-08 10:37:00+09:00,0.0004104144952312438,0.10327041264266901,0.7266242317822651,1
2026-07-08 10:38:00+09:00,0.00012013028291778484,0.07396839332748024,0.7114793678665496,1
2026-07-08 10:39:00+09:00,-8.727402198596846e-05,0.05179982440737489,0.7042361720807726,1
2026-07-08 10:40:00+09:00,0.00042164656723716774,0.08867427568042142,0.7044556628621598,1
2026-07-08 10:41:00+09:00,-0.0004882359365499337,0.11841527655838455,0.7636084284460052,1
2026-07-08 10:42:00+09:00,0.00015502795797099088,0.058933274802458295,0.7634986830553117,1
2026-07-08 10:43:00+09:00,-0.00011866581687746934,0.09602721685689201,0.7855575065847235,1
2026-07-08 10:44:00+09:00,-0.000929166457194687,0.12565847234416155,0.7340869183494293,1
2026-07-08 10:45:00+09:00,0.00029674376470482553,0.04422739244951712,0.7192712906057945,1
2026-07-08 10:46:00+09:00,-0.000874455281804275,0.06661545215100965,0.6969929762949956,1
2026-07-08 10:47:00+09:00,0.00025892335545697694,0.08110184372256365,0.6894205443371378,1
2026-07-08 10:48:00+09:00,-0.0006023348849220971,0.08143107989464442,0.696883230904302,1
2026-07-08 10:49:00+09:00,-0.00033507008133370776,0.06661545215100965,0.733867427568042,1
2026-07-08 10:50:00+09:00,0.0006325836565980072,0.12543898156277436,0.6971027216856891,1
2026-07-08 10:51:00+09:00,0.00014659600530247786,0.059262510974539065,0.7120280948200175,1
2026-07-08 10:52:00+09:00,0.001119795581339359,0.06661545215100965,0.7343064091308165,1
2026-07-08 10:53:00+09:00,0.00027770450078002317,0.09569798068481124,0.7415496049165935,1
2026-07-08 10:54:00+09:00,2.459513809468934e-05,0.08856453028972783,0.7265144863915716,1
2026-07-08 10:55:00+09:00,0.0006270884320213084,0.06639596136962247,0.660118525021949,1
2026-07-08 10:56:00+09:00,-0.00013156407876317356,0.08856453028972783,0.6894205443371378,1
2026-07-08 10:57:00+09:00,-0.0006744722050167929,0.11095258999122037,0.6818481123792801,1
2026-07-08 10:58:00+09:00,-0.0001436545822953309,0.11073309920983318,0.6597892888498682,1
2026-07-08 10:59:00+09:00,0.0003261998056932234,0.058933274802458295,0.60085601404741,1
2026-07-08 11:00:00+09:00,-0.00018305858384463106,0.09602721685689201,0.6674714661984196,1
2026-07-08 11:01:00+09:00,0.0006890065175206207,0.10370939420544337,0.6671422300263388,1
2026-07-08 11:02:00+09:00,4.669530725179713e-05,0.12554872695346794,0.6304872695346795,1
2026-07-08 11:03:00+09:00,7.739839777019147e-05,0.04433713784021071,0.60085601404741,1
2026-07-08 11:04:00+09:00,-1.3892770201646332e-05,0.06672519754170325,0.6379499561018438,1
2026-07-08 11:05:00+09:00,0.00011590656607012033,0.08867427568042142,0.667361720807726,1
2026-07-08 11:06:00+09:00,-0.0005041135315009299,0.08110184372256365,0.6894205443371378,1
2026-07-08 11:07:00+09:00,0.0005045049152629121,0.05190956979806848,0.7116988586479367,1
2026-07-08 11:08:00+09:00,0.0049967474803712915,0.11830553116769095,0.7268437225636524,1
2026-07-08 11:09:00+09:00,0.00013917935482157497,0.09591747146619842,0.6897497805092185,1
2026-07-08 11:10:00+09:00,0.0001332239767127082,0.07407813871817384,0.6749341527655839,1
2026-07-08 11:11:00+09:00,0.00025447187176776516,0.06650570676031607,0.6821773485513608,1
2026-07-08 11:12:00+09:00,-0.0003812781898120232,0.08110184372256365,0.7338674275680421,1
2026-07-08 11:13:00+09:00,0.00040310048701307894,0.11874451273046532,0.7191615452151009,1
2026-07-08 11:14:00+09:00,-0.00035098970999478276,0.11106233538191396,0.6377304653204565,1
2026-07-08 11:15:00+09:00,0.000234276435520197,0.04422739244951712,0.6229148375768216,1
2026-07-08 11:16:00+09:00,-0.0001911835071708285,0.08900351185250219,0.6528753292361721,1
2026-07-08 11:17:00+09:00,-0.0003036883099856414,0.14815627743634768,0.6678007023705004,1
2026-07-08 11:18:00+09:00,-0.0007247746014397579,0.059152765583845475,0.7122475856014047,1
2026-07-08 11:19:00+09:00,7.794389592436854e-05,0.11095258999122037,0.6897497805092185,1
2026-07-08 11:20:00+09:00,3.501557241557508e-05,0.09602721685689201,0.7120280948200176,1
2026-07-08 11:21:00+09:00,3.3733449174773904e-05,0.05179982440737489,0.6749341527655838,1
2026-07-08 11:22:00+09:00,-0.0006516158789528112,0.08867427568042142,0.7043459174714661,1
2026-07-08 11:23:00+09:00,0.00032362237322083144,0.06661545215100965,0.6820676031606672,1
2026-07-08 11:24:00+09:00,3.223831572558735e-05,0.06628621597892888,0.6895302897278314,1
2026-07-08 11:25:00+09:00,-0.0034144359947693593,0.0961369622475856,0.7116988586479367,1
2026-07-08 11:26:00+09:00,3.8234963298819686e-05,0.14826602282704127,0.6968832309043019,1
2026-07-08 11:27:00+09:00,0.00020173426671888232,0.03698419666374012,0.7189420544337137,1
2026-07-08 11:28:00+09:00,0.0005941587750732059,0.08132133450395083,0.7706321334503949,1
2026-07-08 11:29:00+09:00,-0.00015412642669007903,0.770632133450395,0.0,1
2026-07-08 11:30:00+09:00,0.0,0.0,0.0,1
2026-07-08 12:30:00+09:00,-0.0006581652749885808,0.8670983318700615,0.8670983318700614,1
2026-07-08 12:31:00+09:00,0.0013581106728362251,0.03698419666374012,0.8301141352063213,1
2026-07-08 12:32:00+09:00,0.0002272683590167476,0.08121158911325724,0.8081650570676031,1
2026-07-08 12:33:00+09:00,6.568775558007425e-05,0.05190956979806848,0.7709613696224757,1
2026-07-08 12:34:00+09:00,6.533523460750046e-05,0.08867427568042142,0.7266242317822651,1
2026-07-08 12:35:00+09:00,-0.00015559667412357744,0.10348990342405619,0.696883230904302,1
2026-07-08 12:36:00+09:00,0.0002433623316676036,0.03687445127304653,0.689640035118525,1
2026-07-08 12:37:00+09:00,9.660615869683085e-05,0.07363915715539947,0.733867427568042,1
2026-07-08 12:38:00+09:00,-0.00022276419937070606,0.11117208077260755,0.7561457418788411,1
2026-07-08 12:39:00+09:00,0.0002104457102499413,0.08132133450395083,0.7338674275680421,1
2026-07-08 12:40:00+09:00,-0.0003287909638748328,0.08121158911325724,0.7114793678665496,1
2026-07-08 12:41:00+09:00,3.907322510377492e-05,0.051690079016681295,0.7337576821773485,1
2026-07-08 12:42:00+09:00,-0.00010259124490359277,0.07396839332748024,0.7043459174714661,1
2026-07-08 12:43:00+09:00,-5.328838880208139e-05,0.06672519754170325,0.6968832309043019,1
2026-07-08 12:44:00+09:00,-0.00019274038041583905,0.12576821773485514,0.6448639157155399,1
2026-07-08 12:45:00+09:00,0.00017827956477971146,0.07385864793678665,0.6743854258121158,1
2026-07-08 12:46:00+09:00,0.00021626406629585173,0.10370939420544337,0.6448639157155399,1
2026-07-08 12:47:00+09:00,1.5635830909410323e-05,0.09635645302897278,0.6676909569798068,1
2026-07-08 12:48:00+09:00,-0.0002969147086762721,0.059262510974539065,0.6525460930640913,1
2026-07-08 12:49:00+09:00,-1.979522559390565e-05,0.15539947322212466,0.6450834064969271,1
2026-07-08 12:50:00+09:00,0.0001689953321765755,0.09591747146619842,0.578577699736611,1
2026-07-08 12:51:00+09:00,-2.971329826492959e-05,0.03687445127304653,0.585820895522388,1
2026-07-08 12:52:00+09:00,-0.0030124858902254824,0.11852502194907813,0.6747146619841966,1
2026-07-08 12:53:00+09:00,0.00561067271768692,0.059262510974539065,0.7339771729587357,1
2026-07-08 12:54:00+09:00,0.0001182044243785567,0.0962467076382792,0.7116988586479368,1
2026-07-08 12:55:00+09:00,5.66227179200985e-05,0.0888937664618086,0.7114793678665496,1
2026-07-08 12:56:00+09:00,-8.504060926248893e-05,0.07396839332748024,0.6522168568920106,1
2026-07-08 12:57:00+09:00,0.00022511241033591032,0.08143107989464442,0.6893107989464442,1
2026-07-08 12:58:00+09:00,0.0002346119488458501,0.08143107989464442,0.6671422300263389,1
2026-07-08 12:59:00+09:00,0.0001289687319698009,0.07418788410886742,0.6972124670763828,1
2026-07-08 13:00:00+09:00,-0.0032333198035228257,0.09635645302897278,0.6895302897278314,1
2026-07-08 13:01:00+09:00,0.005302516729536761,0.06650570676031607,0.6822870939420544,1
2026-07-08 13:02:00+09:00,-0.0028914263959096795,0.12565847234416155,0.6301580333625988,1
2026-07-08 13:03:00+09:00,0.005012961938114619,0.07352941176470588,0.6154521510096576,1
2026-07-08 13:04:00+09:00,7.236126216135661e-05,0.051690079016681295,0.6078797190517997,1
2026-07-08 13:05:00+09:00,9.591726218795192e-05,0.12576821773485514,0.6598990342405618,1
2026-07-08 13:06:00+09:00,0.00017640365767137176,0.08856453028972783,0.6894205443371377,1
2026-07-08 13:07:00+09:00,-3.622386478943465e-05,0.11852502194907813,0.6744951712028093,1
2026-07-08 13:08:00+09:00,5.144365965000002e-05,0.09591747146619842,0.6523266022827041,1
2026-07-08 13:09:00+09:00,0.00011418298973448083,0.06650570676031607,0.6301580333625987,1
2026-07-08 13:10:00+09:00,-0.00021335540672913432,0.08900351185250219,0.7044556628621597,1
2026-07-08 13:11:00+09:00,-8.379051437581673e-05,0.07396839332748024,0.7046751536435469,1
2026-07-08 13:12:00+09:00,0.00012851474388231188,0.14848551360842843,0.6747146619841966,1
2026-07-08 13:13:00+09:00,-2.9076341200213906e-05,0.07396839332748024,0.6303775241439858,1
2026-07-08 13:14:00+09:00,-0.00010088189927280837,0.08121158911325724,0.578577699736611,1
2026-07-08 13:15:00+09:00,0.00013021519616390195,0.10381913959613696,0.6233538191395961,1
2026-07-08 13:16:00+09:00,0.00017486207058547715,0.07385864793678665,0.6381694468832309,1
2026-07-08 13:17:00+09:00,-0.00033571103257407087,0.11819578577699737,0.6380597014925373,1
2026-07-08 13:18:00+09:00,-0.002963368323998448,0.09635645302897278,0.6007462686567164,1
2026-07-08 13:19:00+09:00,0.00517849293297635,0.059152765583845475,0.5857111501316945,1
2026-07-08 13:20:00+09:00,-0.0003452476456388608,0.08110184372256365,0.6374012291483757,1
2026-07-08 13:21:00+09:00,-0.00032588064531691754,0.0962467076382792,0.6895302897278315,1
2026-07-08 13:22:00+09:00,-0.00034791617014918693,0.06683494293239683,0.6821773485513608,1
2026-07-08 13:23:00+09:00,-0.00023134815968970485,0.06639596136962247,0.7191615452151009,1
2026-07-08 13:24:00+09:00,0.0002878826382711967,0.0962467076382792,0.6819578577699736,1
2026-07-08 13:25:00+09:00,0.00020514967703245032,0.08878402107111501,0.6967734855136084,1
2026-07-08 13:26:00+09:00,0.00017553733111678514,0.13290166812993853,0.6374012291483757,1
2026-07-08 13:27:00+09:00,-8.634580269838751e-05,0.07429762949956102,0.6074407374890254,1
2026-07-08 13:28:00+09:00,1.727107920967006e-05,0.06650570676031607,0.6151229148375768,1
2026-07-08 13:29:00+09:00,0.0002525873474860442,0.12576821773485514,0.6671422300263389,1
2026-07-08 13:30:00+09:00,0.00025169378005997244,0.20752853380158032,0.7563652326602281,1
2026-07-08 13:31:00+09:00,0.0003069971553372414,0.07418788410886742,0.7115891132572432,1
2026-07-08 13:32:00+09:00,7.281811316578534e-05,0.06639596136962247,0.6895302897278314,1
2026-07-08 13:33:00+09:00,-2.810165569502523e-05,0.08845478489903424,0.6895302897278314,1
2026-07-08 13:34:00+09:00,-0.00283273827953088,0.10392888498683055,0.7045654082528533,1
2026-07-08 13:35:00+09:00,0.00027819397221311783,0.07374890254609306,0.6749341527655839,1
2026-07-08 13:36:00+09:00,-0.00017725964522293094,0.04455662862159789,0.6602282704126426,1
2026-07-08 13:37:00+09:00,0.00024863408885844173,0.04433713784021071,0.6749341527655839,1
2026-07-08 13:38:00+09:00,-0.00035939223123850436,0.06650570676031607,0.6527655838454784,1
2026-07-08 13:39:00+09:00,-4.39959946139411e-05,0.08121158911325724,0.6600087796312555,1
2026-07-08 13:40:00+09:00,5.999732701877146e-05,0.07396839332748024,0.6156716417910448,1
2026-07-08 13:41:00+09:00,-2.1296930543742705e-05,0.08121158911325724,0.6229148375768218,1
2026-07-08 13:42:00+09:00,6.0234884460862134e-05,0.11841527655838455,0.5929543459174715,1
2026-07-08 13:43:00+09:00,-0.003034863947250299,0.08878402107111501,0.6077699736611062,1
2026-07-08 13:44:00+09:00,9.257745132971158e-05,0.09591747146619842,0.6152326602282703,1
2026-07-08 13:45:00+09:00,-0.00012804437892623545,0.11841527655838455,0.6307067603160668,1
2026-07-08 13:46:00+09:00,-0.00036457748213360104,0.08121158911325724,0.6822870939420544,1
2026-07-08 13:47:00+09:00,0.004938446088514602,0.04422739244951712,0.6971027216856891,1
2026-07-08 13:48:00+09:00,0.00040467470373741995,0.08878402107111501,0.7415496049165935,1
2026-07-08 13:49:00+09:00,0.00035153869027512117,0.07385864793678665,0.7120280948200175,1
2026-07-08 13:50:00+09:00,0.00018083335095567675,0.058933274802458295,0.711918349429324,1
2026-07-08 13:51:00+09:00,-1.1141549065706896e-05,0.10348990342405619,0.696883230904302,1
2026-07-08 13:52:00+09:00,0.00011228148140930251,0.0961369622475856,0.6597892888498683,1
2026-07-08 13:53:00+09:00,5.564251094145799e-05,0.06650570676031607,0.6672519754170325,1
2026-07-08 13:54:00+09:00,3.1679709662897436e-05,0.10359964881474978,0.7118086040386304,1
2026-07-08 13:55:00+09:00,-0.0003152904404507157,0.14091308165057068,0.6600087796312554,1
2026-07-08 13:56:00+09:00,-3.576370254478094e-05,0.044117647058823525,0.6747146619841966,1
2026-07-08 13:57:00+09:00,-0.00048772741756166274,0.0961369622475856,0.6966637401229148,1
2026-07-08 13:58:00+09:00,-0.00017180718543635258,0.12576821773485514,0.7780948200175593,1
2026-07-08 13:59:00+09:00,-0.000281049453646717,0.09602721685689201,0.741110623353819,1
2026-07-08 14:00:00+09:00,0.0002468065027040383,0.06650570676031607,0.7485733099209833,1
2026-07-08 14:01:00+09:00,0.0002853978010654054,0.059043020193151885,0.7338674275680421,1
2026-07-08 14:02:00+09:00,-6.72483315815142e-05,0.08867427568042142,0.7189420544337137,1
2026-07-08 14:03:00+09:00,-0.0002635962382829954,0.07407813871817384,0.6747146619841966,1
2026-07-08 14:04:00+09:00,2.3314974881629312e-05,0.06650570676031607,0.6672519754170324,1
2026-07-08 14:05:00+09:00,-0.00043861577889016526,0.08154082528533801,0.6449736611062336,1
2026-07-08 14:06:00+09:00,0.00020593132234443683,0.11106233538191396,0.6969929762949956,1
2026-07-08 14:07:00+09:00,0.00019028855363690175,0.1332309043020193,0.6228050921861281,1
2026-07-08 14:08:00+09:00,5.999936491524266e-05,0.029631255487269532,0.6230245829675153,1
2026-07-08 14:09:00+09:00,-0.00014522736054143655,0.14036435469710273,0.6152326602282703,1
2026-07-08 14:10:00+09:00,-5.043195276650763e-05,0.0961369622475856,0.5932835820895521,1
2026-07-08 14:11:00+09:00,0.00022771689665950528,0.051690079016681295,0.6302677787532923,1
2026-07-08 14:12:00+09:00,0.00011713564260898265,0.09635645302897278,0.6822870939420544,1
2026-07-08 14:13:00+09:00,0.00017159929287105847,0.07418788410886742,0.7564749780509218,1
2026-07-08 14:14:00+09:00,-0.0004328126553832723,0.10359964881474978,0.771180860403863,1
2026-07-08 14:15:00+09:00,0.00034928044607001436,0.07407813871817384,0.7267339771729586,1
2026-07-08 14:16:00+09:00,0.00037811369920387147,0.07407813871817384,0.6822870939420544,1
2026-07-08 14:17:00+09:00,-0.0001236010425369406,0.09635645302897278,0.659899034240562,1
2026-07-08 14:18:00+09:00,1.700232495791045e-05,0.0888937664618086,0.6596795434591747,1
2026-07-08 14:19:00+09:00,2.3133539754250217e-05,0.0661764705882353,0.6670324846356454,1
2026-07-08 14:20:00+09:00,1.9065618090364526e-05,0.05179982440737489,0.6892010535557507,1
2026-07-08 14:21:00+09:00,-5.4801217967153515e-05,0.06672519754170325,0.6971027216856891,1
2026-07-08 14:22:00+09:00,0.0002801815882672498,0.08900351185250219,0.6820676031606672,1
2026-07-08 14:23:00+09:00,-9.102152040607477e-05,0.05201931518876207,0.7044556628621598,1
2026-07-08 14:24:00+09:00,-0.00028362549387097853,0.051470588235294115,0.7118086040386302,1
2026-07-08 14:25:00+09:00,-9.325981332187313e-05,0.15539947322212466,0.7339771729587358,1
2026-07-08 14:26:00+09:00,0.00021854329311078193,0.07374890254609306,0.7339771729587358,1
2026-07-08 14:27:00+09:00,-0.00011306569471861119,0.07396839332748024,0.7043459174714661,1
2026-07-08 14:28:00+09:00,0.00018048523936348067,0.029521510096575942,0.7338674275680421,1
2026-07-08 14:29:00+09:00,0.0001267825368167188,0.08121158911325724,0.7116988586479367,1
2026-07-08 14:30:00+09:00,-0.00015837242138767272,0.08900351185250219,0.7859964881474977,1
2026-07-08 14:31:00+09:00,0.0007080724907598726,0.022168568920105356,0.7638279192273925,1
2026-07-08 14:32:00+09:00,-3.357591593113215e-05,0.08110184372256365,0.7415496049165935,1
2026-07-08 14:33:00+09:00,8.838467193524842e-05,0.07396839332748024,0.7413301141352062,1
2026-07-08 14:34:00+09:00,-7.272084739170152e-05,0.08867427568042142,0.740891132572432,1
2026-07-08 14:35:00+09:00,0.00020020077283995757,0.09635645302897278,0.7485733099209833,1
2026-07-08 14:36:00+09:00,0.0002409755557867537,0.07396839332748024,0.7040166812993853,1
2026-07-08 14:37:00+09:00,0.00521391780444752,0.08132133450395083,0.7115891132572432,1
2026-07-08 14:38:00+09:00,0.0001259491717948246,0.07374890254609306,0.6821773485513608,1
2026-07-08 14:39:00+09:00,-0.00012053373604883432,0.11841527655838455,0.711918349429324,1
2026-07-08 14:40:00+09:00,-4.472429062827234e-05,0.0888937664618086,0.7413301141352063,1
2026-07-08 14:41:00+09:00,-5.9260720692397536e-05,0.04422739244951712,0.7559262510974538,1
2026-07-08 14:42:00+09:00,0.0004649385223946955,0.09602721685689201,0.7634986830553117,1
2026-07-08 14:43:00+09:00,0.00025852160934500945,0.07396839332748024,0.7487928007023704,1
2026-07-08 14:44:00+09:00,-0.0030259497692635903,0.07396839332748024,0.7338674275680421,1
2026-07-08 14:45:00+09:00,0.005552970603212887,0.11106233538191396,0.7562554872695346,1
2026-07-08 14:46:00+09:00,0.00024120805034255591,0.08132133450395083,0.7192712906057945,1
2026-07-08 14:47:00+09:00,6.361763439346213e-05,0.09635645302897278,0.741659350307287,1
2026-07-08 14:48:00+09:00,-2.831923369104148e-06,0.07385864793678665,0.7564749780509219,1
2026-07-08 14:49:00+09:00,-0.0001703275555142131,0.10327041264266901,0.7857769973661106,1
2026-07-08 14:50:00+09:00,0.0003051190908377468,0.06639596136962247,0.7786435469710272,1
2026-07-08 14:51:00+09:00,0.004989243165875238,0.03687445127304653,0.7858867427568041,1
2026-07-08 14:52:00+09:00,-9.101640908965367e-05,0.0961369622475856,0.8227611940298507,1
2026-07-08 14:53:00+09:00,-0.0007682814248046536,0.08856453028972783,0.8224319578577699,1
2026-07-08 14:54:00+09:00,2.215655213790859e-05,0.051690079016681295,0.8300043898156276,1
2026-07-08 14:55:00+09:00,-0.0005234569202597867,0.08856453028972783,0.8004828797190517,1
2026-07-08 14:56:00+09:00,1.956143618600747e-05,0.08867427568042142,0.7561457418788411,1
2026-07-08 14:57:00+09:00,0.00013336132415938166,0.05201931518876207,0.7339771729587357,1
2026-07-08 14:58:00+09:00,0.0003348131742896933,0.07396839332748024,0.7636084284460052,1
2026-07-08 14:59:00+09:00,0.0006395483084883131,0.11841527655838455,0.7338674275680421,1
2026-07-08 15:00:00+09:00,0.005413833725678297,0.08121158911325724,0.6969929762949956,1
2026-07-08 15:01:00+09:00,0.00014262267458129088,0.06628621597892888,0.7042361720807726,1
2026-07-08 15:02:00+09:00,0.00010439385887579677,0.06639596136962247,0.7118086040386303,1
2026-07-08 15:03:00+09:00,-0.0004571648070213606,0.09602721685689201,0.7929104477611941,1
2026-07-08 15:04:00+09:00,0.00025884046992544365,0.1259877085162423,0.8005926251097453,1
2026-07-08 15:05:00+09:00,-2.9401968265884882e-05,0.06639596136962247,0.7930201931518877,1
2026-07-08 15:06:00+09:00,-0.00028484385679177583,0.08867427568042142,0.7337576821773485,1
2026-07-08 15:07:00+09:00,-0.00014777522626409776,0.1259877085162423,0.7414398595259,1
2026-07-08 15:08:00+09:00,3.1934257924233433e-05,0.058933274802458295,0.7413301141352063,1
2026-07-08 15:09:00+09:00,0.00552891966201098,0.07385864793678665,0.7855575065847233,1
2026-07-08 15:10:00+09:00,0.0002851176792252486,0.07385864793678665,0.7709613696224757,1
2026-07-08 15:11:00+09:00,-8.582602814993013e-05,0.059043020193151885,0.7709613696224759,1
2026-07-08 15:12:00+09:00,0.00017137213659907484,0.0961369622475856,0.7634986830553117,1
2026-07-08 15:13:00+09:00,-6.032765818101844e-05,0.08143107989464442,0.8003731343283581,1
2026-07-08 15:14:00+09:00,-0.0005656542289080579,1.650135463502452,0.9085858585858586,1
2026-07-08 15:15:00+09:00,-0.0004221994819827493,0.07385288353242699,0.92688318656273,1
2026-07-08 15:16:00+09:00,7.929483147978673e-06,0.033056050703109525,0.9120089540414387,1
2026-07-08 15:17:00+09:00,0.0004113613567466315,0.09713886006686709,0.9909659959264876,1
2026-07-08 15:18:00+09:00,-7.733927249488128e-07,0.042425055353062374,1.0152092330977318,1
2026-07-08 15:19:00+09:00,-0.00028679115109008597,0.01661220043572985,1.0318214335334615,1
2026-07-08 15:20:00+09:00,-0.00010561397349610069,0.007352941176470588,1.0391743747099322,1
2026-07-08 15:21:00+09:00,-0.00024021959305721227,0.05696258753765338,1.0961369622475856,1
2026-07-08 15:22:00+09:00,0.000614272252201686,0.0,1.0961369622475856,1
2026-07-08 15:23:00+09:00,-0.00021922739244951712,1.0961369622475856,0.0,1
2026-07-08 15:24:00+09:00,0.0,0.0,0.0,1
2026-07-08 15:30:00+09:00,0.0,0.0,0.0,1
2026-07-09 09:00:00+09:00,0.0,0.0,0.0,1
2026-07-09 09:01:00+09:00,0.0,0.0,0.0,1
2026-07-09 09:02:00+09:00,0.0,0.0,0.0,1
2026-07-09 09:03:00+09:00,0.0,0.0,0.0,1
2026-07-09 09:04:00+09:00,0.0,0.0,0.0,1
2026-07-09 09:05:00+09:00,0.0,0.0,0.0,1
2026-07-09 09:06:00+09:00,0.0,0.0,0.0,1
2026-07-09 09:07:00+09:00,0.0,0.0,0.0,1
2026-07-09 09:08:00+09:00,0.0,0.0,0.0,1
2026-07-09 09:09:00+09:00,0.0,0.0,0.0,1
2026-07-09 09:10:00+09:00,0.0,0.0,0.0,1
2026-07-09 09:11:00+09:00,0.0,0.0,0.0,1
2026-07-09 09:12:00+09:00,0.0,0.0,0.0,1
2026-07-09 09:13:00+09:00,0.0,0.0,0.0,1
2026-07-09 09:14:00+09:00,0.0,0.0,0.0,1
2026-07-09 09:15:00+09:00,-0.0010517567136427554,0.8486542443064182,0.8486542443064182,1
2026-07-09 09:16:00+09:00,-0.000575765511847894,0.05786749482401656,0.7907867494824017,1
2026-07-09 09:17:00+09:00,-2.2360128160450473e-05,0.06511387163561076,0.7401656314699793,1
2026-07-09 09:18:00+09:00,-0.0013306090811660805,0.05776397515527951,0.7979296066252588,1
2026-07-09 09:19:00+09:00,0.0004031815743835358,0.08685300207039337,0.7835403726708075,1
2026-07-09 09:20:00+09:00,0.0011533110882900337,0.07939958592132505,0.805175983436853,1
2026-07-09 09:21:00+09:00,0.00024326265281726623,0.05020703933747412,0.7837474120082816,1
2026-07-09 09:22:00+09:00,7.404222431145215e-05,0.08643892339544514,0.755072463768116,1
2026-07-09 09:23:00+09:00,-7.382796672149238e-05,0.06490683229813665,0.7479296066252588,1
2026-07-09 09:24:00+09:00,-0.000777762764686715,0.07929606625258799,0.7404761904761905,1
2026-07-09 09:25:00+09:00,0.000407063809479903,0.10072463768115941,0.7115942028985508,1
2026-07-09 09:26:00+09:00,0.00017361296094774457,0.07929606625258799,0.7045548654244307,1
2026-07-09 09:27:00+09:00,-0.0049150360071245494,0.03602484472049689,0.6975155279503106,1
2026-07-09 09:28:00+09:00,0.00011623870901859138,0.09399585921325052,0.7335403726708074,1
2026-07-09 09:29:00+09:00,-0.0002603735683354082,0.08633540372670807,0.7763975155279503,1
2026-07-09 09:30:00+09:00,-0.0006382163515738129,0.10082815734989647,0.7476190476190476,1
2026-07-09 09:31:00+09:00,0.0028210854697992933,0.05041407867494824,0.7404761904761905,1
2026-07-09 09:32:00+09:00,-0.005041970737562055,0.05062111801242236,0.7476190476190476,1
2026-07-09 09:33:00+09:00,0.00018610190341887978,0.09378881987577639,0.7407867494824016,1
2026-07-09 09:34:00+09:00,-0.0003234981190452388,0.0650103519668737,0.7333333333333333,1
2026-07-09 09:35:00+09:00,0.0012147391980956263,0.05786749482401656,0.7334368530020704,1
2026-07-09 09:36:00+09:00,-8.711372349370374e-05,0.12256728778467908,0.7404761904761904,1
2026-07-09 09:37:00+09:00,4.927854256309787e-05,0.09378881987577639,0.6899585921325052,1
2026-07-09 09:38:00+09:00,-0.00010668761358511935,0.0650103519668737,0.6539337474120082,1
2026-07-09 09:39:00+09:00,0.0003414714320534968,0.06490683229813665,0.675776397515528,1
2026-07-09 09:40:00+09:00,0.00023183651927503624,0.06511387163561076,0.7119047619047618,1
2026-07-09 09:41:00+09:00,0.0006951231526055473,0.11542443064182195,0.7115942028985507,1
2026-07-09 09:42:00+09:00,-2.2980705025203434e-06,0.08623188405797101,0.6825051759834369,1
2026-07-09 09:43:00+09:00,9.097157009927383e-05,0.035921325051759836,0.6610766045548655,1
2026-07-09 09:44:00+09:00,0.0006396963149096402,0.05776397515527951,0.7188405797101449,1
2026-07-09 09:45:00+09:00,-0.0004531477704287363,0.12960662525879918,0.7480331262939959,1
2026-07-09 09:46:00+09:00,-0.00012680783046658536,0.057660455486542445,0.7477225672877847,1
2026-07-09 09:47:00+09:00,-2.6637392663979232e-05,0.036128364389233954,0.7550724637681159,1
2026-07-09 09:48:00+09:00,-0.00035462180608354427,0.10072463768115941,0.769047619047619,1
2026-07-09 09:49:00+09:00,-0.0006905209288584165,0.0505175983436853,0.7475155279503105,1
2026-07-09 09:50:00+09:00,-0.0007251118175851119,0.11511387163561076,0.6754658385093167,1
2026-07-09 09:51:00+09:00,-0.0001415699726659548,0.04316770186335404,0.6467908902691512,1
2026-07-09 09:52:00+09:00,-0.0007792498211543968,0.0505175983436853,0.6250517598343686,1
2026-07-09 09:53:00+09:00,-0.0005011420205377769,0.07939958592132505,0.6466873706004141,1
2026-07-09 09:54:00+09:00,0.0004407644993988068,0.07929606625258799,0.6972049689440993,1
2026-07-09 09:55:00+09:00,0.0005077051134030855,0.09358178053830228,0.7044513457556936,1
2026-07-09 09:56:00+09:00,-0.0007088310099468938,0.07939958592132505,0.682815734989648,1
2026-07-09 09:57:00+09:00,-0.004538549309784048,0.05041407867494824,0.6609730848861284,1
2026-07-09 09:58:00+09:00,0.0005846359225284046,0.057660455486542445,0.6612836438923395,1
2026-07-09 09:59:00+09:00,0.0008547275736222404,0.10817805383022774,0.6684265010351966,1
2026-07-09 10:00:00+09:00,-9.668731381251013e-05,0.05062111801242236,0.675776397515528,1
2026-07-09 10:01:00+09:00,-8.810781180569943e-05,0.10082815734989647,0.5892339544513459,1
2026-07-09 10:02:00+09:00,-0.00015077594455623617,0.043374741200828154,0.6181159420289855,1
2026-07-09 10:03:00+09:00,-8.84976044020075e-05,0.08623188405797101,0.60351966873706,1
2026-07-09 10:04:00+09:00,-5.801982583636464e-06,0.12939958592132506,0.675776397515528,1
2026-07-09 10:05:00+09:00,0.0005993889780792555,0.07163561076604555,0.675776397515528,1
2026-07-09 10:06:00+09:00,0.00022785961757771628,0.11563146997929606,0.6177018633540372,1
2026-07-09 10:07:00+09:00,-5.210679536463083e-05,0.07204968944099378,0.6462732919254658,1
2026-07-09 10:08:00+09:00,0.0005567131187015626,0.06480331262939959,0.6247412008281574,1
2026-07-09 10:09:00+09:00,-0.00032585897668302785,0.18064182194616976,0.7043478260869566,1
2026-07-09 10:10:00+09:00,-0.0005372336561890279,0.0650103519668737,0.682608695652174,1
2026-07-09 10:11:00+09:00,-0.0001626768742012028,0.1368530020703934,0.7043478260869565,1
2026-07-09 10:12:00+09:00,7.106864335505466e-05,0.10113871635610766,0.7334368530020703,1
2026-07-09 10:13:00+09:00,-2.7760730363237037e-05,0.07939958592132505,0.6975155279503106,1
2026-07-09 10:14:00+09:00,0.0005315752478645975,0.07204968944099378,0.7120082815734989,1
2026-07-09 10:15:00+09:00,0.000336282561143551,0.05041407867494824,0.719151138716356,1
2026-07-09 10:16:00+09:00,0.00018235621775140073,0.11511387163561076,0.7332298136645963,1
2026-07-09 10:17:00+09:00,-0.00019513672592142206,0.09378881987577639,0.769047619047619,1
2026-07-09 10:18:00+09:00,-0.00019825245800726262,0.06490683229813665,0.7331262939958592,1
2026-07-09 10:19:00+09:00,3.5152076253802715e-06,0.06480331262939959,0.6971014492753622,1
2026-07-09 10:20:00+09:00,-0.00029645012289235707,0.05786749482401656,0.6537267080745341,1
2026-07-09 10:21:00+09:00,-1.907248219841733e-05,0.10807453416149068,0.6611801242236024,1
2026-07-09 10:22:00+09:00,-0.0004573945306099367,0.06480331262939959,0.6539337474120083,1
2026-07-09 10:23:00+09:00,-0.0002729126914060026,0.07204968944099378,0.639648033126294,1
2026-07-09 10:24:00+09:00,0.0024997775596231234,0.10817805383022774,0.6467908902691512,1
2026-07-09 10:25:00+09:00,7.839966786423982e-05,0.1010351966873706,0.6612836438923395,1
2026-07-09 10:26:00+09:00,0.0008452156787073,0.10786749482401656,0.6252587991718427,1
2026-07-09 10:27:00+09:00,4.762915697661903e-06,0.1298136645962733,0.5964803312629399,1
2026-07-09 10:28:00+09:00,0.00020485561212481816,0.06480331262939959,0.6182194616977226,1
2026-07-09 10:29:00+09:00,0.0030237931679211435,0.08664596273291926,0.6036231884057971,1
2026-07-09 10:30:00+09:00,-0.005052652713294489,0.09399585921325052,0.639648033126294,1
2026-07-09 10:31:00+09:00,-0.00025041820874950626,0.07215320910973085,0.6395445134575568,1
2026-07-09 10:32:00+09:00,-0.00011319944223480243,0.08664596273291926,0.6251552795031056,1
2026-07-09 10:33:00+09:00,-0.0006442005726393573,0.09378881987577639,0.6611801242236024,1
2026-07-09 10:34:00+09:00,-0.00014735870844424461,0.12236024844720497,0.6253623188405797,1
2026-07-09 10:35:00+09:00,0.00012487811393696336,0.07939958592132505,0.646790890269151,1
2026-07-09 10:36:00+09:00,0.00025738163369722614,0.11542443064182195,0.6901656314699793,1
2026-07-09 10:37:00+09:00,0.0001396062454105238,0.08674948240165631,0.6611801242236024,1
2026-07-09 10:38:00+09:00,-0.00016921543577560154,0.07225672877846791,0.6177018633540372,1
2026-07-09 10:39:00+09:00,-0.00039551599174287915,0.0505175983436853,0.6104554865424431,1
2026-07-09 10:40:00+09:00,0.0004183125649795171,0.08633540372670807,0.6392339544513458,1
2026-07-09 10:41:00+09:00,7.349557956297278e-05,0.14409937888198757,0.5961697722567287,1
2026-07-09 10:42:00+09:00,0.00025741600629757114,0.07194616977225674,0.6391304347826088,1
2026-07-09 10:43:00+09:00,0.0004236587735734375,0.05041407867494824,0.6462732919254658,1
2026-07-09 10:44:00+09:00,-0.005521742089719576,0.10082815734989647,0.689544513457557,1
2026-07-09 10:45:00+09:00,0.000205459616638297,0.08633540372670807,0.6611801242236024,1
2026-07-09 10:46:00+09:00,-0.000642489725426302,0.05755693581780538,0.6901656314699793,1
2026-07-09 10:47:00+09:00,0.002774128877293666,0.06480331262939959,0.6829192546583851,1
2026-07-09 10:48:00+09:00,-0.005035304364836325,0.12939958592132506,0.6398550724637682,1
2026-07-09 10:49:00+09:00,-6.497415715221273e-05,0.057660455486542445,0.6399585921325052,1
2026-07-09 10:50:00+09:00,0.002639751445987757,0.02877846790890269,0.6254658385093168,1
2026-07-09 10:51:00+09:00,-0.005653095648126278,0.08643892339544514,0.6686335403726709,1
2026-07-09 10:52:00+09:00,-0.0005616280760413757,0.1727743271221532,0.6252587991718426,1
2026-07-09 10:53:00+09:00,-0.00046129803952658585,0.12991718426501037,0.5528985507246377,1
2026-07-09 10:54:00+09:00,0.00012227719135761685,0.05041407867494824,0.5600414078674948,1
2026-07-09 10:55:00+09:00,-0.00019117607552819482,0.10797101449275362,0.5961697722567287,1
2026-07-09 10:56:00+09:00,0.0003283863572771211,0.09389233954451345,0.6467908902691512,1
2026-07-09 10:57:00+09:00,-0.005780380426675596,0.06511387163561076,0.6539337474120083,1
2026-07-09 10:58:00+09:00,-8.688636548089472e-05,0.12960662525879918,0.6394409937888198,1
2026-07-09 10:59:00+09:00,-0.0005447311774072276,0.057660455486542445,0.6538302277432713,1
2026-07-09 11:00:00+09:00,-0.00035415293015152665,0.0865424430641822,0.682815734989648,1
2026-07-09 11:01:00+09:00,0.00027039111569388994,0.13674948240165632,0.6611801242236025,1
2026-07-09 11:02:00+09:00,0.00015325050930074078,0.08633540372670807,0.6611801242236025,1
2026-07-09 11:03:00+09:00,0.0002845110827653086,0.08643892339544514,0.6180124223602483,1
2026-07-09 11:04:00+09:00,-0.00034881124299391566,0.07184265010351967,0.6322981366459628,1
2026-07-09 11:05:00+09:00,-0.0005588976702666065,0.07204968944099378,0.6612836438923395,1
2026-07-09 11:06:00+09:00,0.0008898152504444696,0.16594202898550725,0.6825051759834369,1
2026-07-09 11:07:00+09:00,0.00030073412363016956,0.12246376811594203,0.6467908902691512,1
2026-07-09 11:08:00+09:00,0.00016649549277643428,0.057660455486542445,0.6468944099378882,1
2026-07-09 11:09:00+09:00,-0.00024145872504472159,0.06490683229813665,0.639751552795031,1
2026-07-09 11:10:00+09:00,0.00043975890876357166,0.09378881987577639,0.6755693581780537,1
2026-07-09 11:11:00+09:00,-0.000191531924136718,0.1010351966873706,0.6612836438923395,1
2026-07-09 11:12:00+09:00,-0.00030598539284392367,0.10093167701863354,0.6179089026915114,1
2026-07-09 11:13:00+09:00,0.00021848387325960227,0.036128364389233954,0.6105590062111801,1
2026-07-09 11:14:00+09:00,0.0005924655937063096,0.09368530020703934,0.6321946169772257,1
2026-07-09 11:15:00+09:00,0.002794749476957818,0.08643892339544514,0.6320910973084886,1
2026-07-09 11:16:00+09:00,-0.005044632642005051,0.06469979296066253,0.5963768115942029,1
2026-07-09 11:17:00+09:00,0.0003576999317508909,0.05745341614906832,0.6105590062111801,1
2026-07-09 11:18:00+09:00,0.00036553241810158884,0.0865424430641822,0.6107660455486542,1
2026-07-09 11:19:00+09:00,-1.7313492119057085e-05,0.08643892339544514,0.5963768115942029,1
2026-07-09 11:20:00+09:00,-0.00027617720079295784,0.035921325051759836,0.5892339544513457,1
2026-07-09 11:21:00+09:00,-0.0005236877687920928,0.08643892339544514,0.6468944099378882,1
2026-07-09 11:22:00+09:00,-0.00023318884763287877,0.11532091097308489,0.6181159420289855,1
2026-07-09 11:23:00+09:00,0.0028539789115478954,0.10797101449275362,0.6107660455486543,1
2026-07-09 11:24:00+09:00,-8.265155296575452e-05,0.05745341614906832,0.6251552795031056,1
2026-07-09 11:25:00+09:00,1.8021136953984363e-05,0.11490683229813664,0.5967908902691511,1
2026-07-09 11:26:00+09:00,-0.0001239179346155932,0.1010351966873706,0.6400621118012422,1
2026-07-09 11:27:00+09:00,-0.004836104076476603,0.05755693581780538,0.6976190476190476,1
2026-07-09 11:28:00+09:00,-9.397135903883231e-05,0.129296066252588,0.7405797101449275,1
2026-07-09 11:29:00+09:00,-0.0001481159420289855,0.7405797101449275,0.0,1
2026-07-09 11:30:00+09:00,0.0,0.0,0.0,1
2026-07-09 12:30:00+09:00,1.5482789893638255e-05,0.8271221532091098,0.8271221532091098,1
2026-07-09 12:31:00+09:00,0.00031584660888344805,0.07204968944099378,0.7550724637681159,1
2026-07-09 12:32:00+09:00,0.00018833845606290432,0.07950310559006211,0.7043478260869565,1
2026-07-09 12:33:00+09:00,-0.00011896524356423447,0.07194616977225674,0.6611801242236024,1
2026-07-09 12:34:00+09:00,-0.005099903808749258,0.07204968944099378,0.6613871635610766,1
2026-07-09 12:35:00+09:00,-0.0002737535225955951,0.0505175983436853,0.6398550724637682,1
2026-07-09 12:36:00+09:00,0.00022292402665760524,0.04316770186335404,0.6542443064182195,1
2026-07-09 12:37:00+09:00,0.00037697351508321795,0.08633540372670807,0.6687370600414079,1
2026-07-09 12:38:00+09:00,-0.00037164139792247874,0.07204968944099378,0.7262939958592132,1
2026-07-09 12:39:00+09:00,-0.0006759704101175313,0.07204968944099378,0.7260869565217392,1
2026-07-09 12:40:00+09:00,-0.00028734288236404636,0.12950310559006212,0.7116977225672878,1
2026-07-09 12:41:00+09:00,0.00044789055285531545,0.07939958592132505,0.6900621118012422,1
2026-07-09 12:42:00+09:00,0.0001314404220023967,0.10093167701863354,0.6611801242236025,1
2026-07-09 12:43:00+09:00,0.0002351825780717171,0.06490683229813665,0.6681159420289855,1
2026-07-09 12:44:00+09:00,0.00040318905373159446,0.11490683229813664,0.6399585921325052,1
2026-07-09 12:45:00+09:00,0.0001545530919837661,0.06490683229813665,0.675879917184265,1
2026-07-09 12:46:00+09:00,-0.00016810822279237495,0.11563146997929606,0.6037267080745341,1
2026-07-09 12:47:00+09:00,-0.0001610314851264082,0.07908902691511387,0.5962732919254659,1
2026-07-09 12:48:00+09:00,-0.00013786558105241726,0.07908902691511387,0.6178053830227743,1
2026-07-09 12:49:00+09:00,0.0002094777887048061,0.13695652173913042,0.6392339544513457,1
2026-07-09 12:50:00+09:00,-0.00010542963687934648,0.06469979296066253,0.646583850931677,1
2026-07-09 12:51:00+09:00,-0.0002992430372157476,0.07908902691511387,0.6107660455486542,1
2026-07-09 12:52:00+09:00,8.596057538219508e-05,0.1010351966873706,0.6685300207039337,1
2026-07-09 12:53:00+09:00,-0.0001264143868840265,0.0865424430641822,0.6832298136645962,1
2026-07-09 12:54:00+09:00,0.002998947164525064,0.09368530020703934,0.6326086956521739,1
2026-07-09 12:55:00+09:00,-0.00507880298727569,0.06480331262939959,0.6108695652173913,1
2026-07-09 12:56:00+09:00,-0.0003010266118981968,0.05031055900621118,0.6179089026915114,1
2026-07-09 12:57:00+09:00,-0.0003593645732773866,0.12246376811594203,0.6250517598343686,1
2026-07-09 12:58:00+09:00,1.4724316252361797e-05,0.08664596273291926,0.6392339544513458,1
2026-07-09 12:59:00+09:00,0.00026188194189146326,0.0789855072463768,0.6753623188405796,1
2026-07-09 13:00:00+09:00,0.00032189484947533836,0.15859213250517598,0.689855072463768,1
2026-07-09 13:01:00+09:00,-0.005076083966390346,0.10807453416149068,0.6542443064182194,1
2026-07-09 13:02:00+09:00,-1.9048070775196692e-05,0.09389233954451345,0.5891304347826087,1
2026-07-09 13:03:00+09:00,0.00044489737085558694,0.09358178053830228,0.6106625258799172,1
2026-07-09 13:04:00+09:00,9.369139097020584e-05,0.10093167701863354,0.5962732919254659,1
2026-07-09 13:05:00+09:00,-0.00022420769515203557,0.08643892339544514,0.5822981366459627,1
2026-07-09 13:06:00+09:00,1.0987870454425715e-05,0.07194616977225674,0.5534161490683229,1
2026-07-09 13:07:00+09:00,0.00010439602301987073,0.1298136645962733,0.6111801242236026,1
2026-07-09 13:08:00+09:00,0.000158158921267538,0.13695652173913042,0.560351966873706,1
2026-07-09 13:09:00+09:00,-0.0003031973867063817,0.06469979296066253,0.5962732919254659,1
2026-07-09 13:10:00+09:00,5.907622349562786e-05,0.036128364389233954,0.5889233954451345,1
2026-07-09 13:11:00+09:00,0.0002552994363499123,0.12971014492753624,0.5457556935817807,1
2026-07-09 13:12:00+09:00,0.00016213708448474109,0.07929606625258799,0.5244306418219462,1
2026-07-09 13:13:00+09:00,-0.0002867252799150158,0.08643892339544514,0.5390269151138716,1
2026-07-09 13:14:00+09:00,0.00028418915229170536,0.10093167701863354,0.5677018633540373,1
2026-07-09 13:15:00+09:00,-5.693807939921027e-05,0.08664596273291926,0.596583850931677,1
2026-07-09 13:16:00+09:00,-0.00044928118240546204,0.15807453416149067,0.7113871635610767,1
2026-07-09 13:17:00+09:00,-0.00048380278359278097,0.08643892339544514,0.7402691511387163,1
2026-07-09 13:18:00+09:00,-0.00013475909935906031,0.11521739130434783,0.682815734989648,1
2026-07-09 13:19:00+09:00,-0.0050493197173938605,0.13706004140786748,0.6182194616977226,1
2026-07-09 13:20:00+09:00,-0.00012188711738458681,0.057660455486542445,0.5893374741200829,1
2026-07-09 13:21:00+09:00,-0.0005354894618008335,0.11521739130434783,0.6035196687370601,1
2026-07-09 13:22:00+09:00,-0.0003546525719305618,0.1150103519668737,0.6897515527950311,1
2026-07-09 13:23:00+09:00,-0.0001751895350764658,0.1227743271221532,0.7114906832298137,1
2026-07-09 13:24:00+09:00,-0.00019470357575086588,0.18747412008281572,0.6542443064182195,1
2026-07-09 13:25:00+09:00,-3.4753788919328395e-05,0.06490683229813665,0.6181159420289855,1
2026-07-09 13:26:00+09:00,0.0002383410748671696,0.1150103519668737,0.5749482401656314,1
2026-07-09 13:27:00+09:00,0.00018073371044349102,0.09368530020703934,0.6108695652173913,1
2026-07-09 13:28:00+09:00,5.471114330849613e-06,0.07215320910973085,0.6254658385093167,1
2026-07-09 13:29:00+09:00,0.0002526796637020154,0.08643892339544514,0.6684265010351966,1
2026-07-09 13:30:00+09:00,0.00016124229185637175,0.13664596273291926,0.6177018633540372,1
2026-07-09 13:31:00+09:00,-0.00011846975551150834,0.08623188405797101,0.646583850931677,1
2026-07-09 13:32:00+09:00,-0.0003860632742238952,0.06490683229813665,0.5961697722567287,1
2026-07-09 13:33:00+09:00,-5.58756168696995e-05,0.13706004140786748,0.589544513457557,1
2026-07-09 13:34:00+09:00,-5.2267382912761086e-06,0.10848861283643893,0.5820910973084886,1
2026-07-09 13:35:00+09:00,3.815258242664954e-05,0.07919254658385093,0.560455486542443,1
2026-07-09 13:36:00+09:00,0.00010966161860197922,0.09368530020703934,0.5822981366459627,1
2026-07-09 13:37:00+09:00,0.0002221486986841216,0.08623188405797101,0.6109730848861283,1
2026-07-09 13:38:00+09:00,3.437218603859203e-05,0.09347826086956522,0.5893374741200827,1
2026-07-09 13:39:00+09:00,-0.00022599623595451898,0.1727743271221532,0.5457556935817806,1
2026-07-09 13:40:00+09:00,0.0001359667582574097,0.05020703933747412,0.567391304347826,1
2026-07-09 13:41:00+09:00,-0.0005175585466855661,0.08643892339544514,0.5385093167701863,1
2026-07-09 13:42:00+09:00,0.0029584284009673448,0.1010351966873706,0.5819875776397516,1
2026-07-09 13:43:00+09:00,-0.004985410252169299,0.0432712215320911,0.5677018633540373,1
2026-07-09 13:44:00+09:00,-0.0002302783993420808,0.07225672877846791,0.5966873706004141,1
2026-07-09 13:45:00+09:00,-0.00036665222812605713,0.1660455486542443,0.661904761904762,1
2026-07-09 13:46:00+09:00,0.0002668082745538498,0.12971014492753624,0.6466873706004141,1
2026-07-09 13:47:00+09:00,4.2872415408261045e-05,0.0650103519668737,0.6249482401656314,1
2026-07-09 13:48:00+09:00,-0.0005570024277715281,0.07888198757763976,0.603416149068323,1
2026-07-09 13:49:00+09:00,0.0003020676960169454,0.11532091097308489,0.5746376811594203,1
2026-07-09 13:50:00+09:00,7.334022150136953e-05,0.05755693581780538,0.5748447204968945,1
2026-07-09 13:51:00+09:00,0.000138356975098563,0.07173913043478261,0.5749482401656314,1
2026-07-09 13:52:00+09:00,-5.833715197651389e-05,0.12236024844720497,0.5966873706004141,1
2026-07-09 13:53:00+09:00,0.0029850525691015855,0.1010351966873706,0.6109730848861283,1
2026-07-09 13:54:00+09:00,-0.00016991378656180166,0.10797101449275362,0.5460662525879917,1
2026-07-09 13:55:00+09:00,-0.00011483609410045766,0.1077639751552795,0.5387163561076604,1
2026-07-09 13:56:00+09:00,0.0001955080188379738,0.0505175983436853,0.5606625258799172,1
2026-07-09 13:57:00+09:00,-0.00017618347953902004,0.08664596273291926,0.5895445134575569,1
2026-07-09 13:58:00+09:00,-0.00039219185999422656,0.05776397515527951,0.6038302277432712,1
2026-07-09 13:59:00+09:00,0.00015488644788922893,0.06480331262939959,0.6253623188405797,1
2026-07-09 14:00:00+09:00,9.339520051111197e-05,0.10848861283643893,0.6181159420289855,1
2026-07-09 14:01:00+09:00,-0.00039028744729222264,0.07225672877846791,0.603416149068323,1
2026-07-09 14:02:00+09:00,-0.0004549979619474875,0.07184265010351967,0.5748447204968944,1
2026-07-09 14:03:00+09:00,-0.00016294968281446476,0.1150103519668737,0.6753623188405797,1
2026-07-09 14:04:00+09:00,-0.00026475270172133446,0.10093167701863354,0.6754658385093167,1
2026-07-09 14:05:00+09:00,6.887117024180653e-05,0.10766045548654245,0.6541407867494824,1
2026-07-09 14:06:00+09:00,-8.835531271868011e-05,0.05755693581780538,0.6400621118012422,1
2026-07-09 14:07:00+09:00,0.0002932904558747613,0.05041407867494824,0.6041407867494824,1
2026-07-09 14:08:00+09:00,0.0002449504810218298,0.0932712215320911,0.6686335403726709,1
2026-07-09 14:09:00+09:00,2.727856768752406e-06,0.05745341614906832,0.7115942028985507,1
2026-07-09 14:10:00+09:00,0.001171126284141078,0.12236024844720497,0.8196687370600414,1
2026-07-09 14:11:00+09:00,-0.00011186963967913962,0.1730848861283644,0.7333333333333334,1
2026-07-09 14:12:00+09:00,-0.000201710682795593,0.10797101449275362,0.6543478260869565,1
2026-07-09 14:13:00+09:00,1.3573934271734233e-05,0.07939958592132505,0.5749482401656315,1
2026-07-09 14:14:00+09:00,-0.00028479933420436153,0.06480331262939959,0.6252587991718428,1
2026-07-09 14:15:00+09:00,-0.0005485498440434892,0.10797101449275362,0.6611801242236025,1
2026-07-09 14:16:00+09:00,-9.159201641763349e-05,0.1803312629399586,0.7261904761904763,1
2026-07-09 14:17:00+09:00,-0.000102896325764575,0.043374741200828154,0.682815734989648,1
2026-07-09 14:18:00+09:00,-0.00010655806869154568,0.0865424430641822,0.6830227743271221,1
2026-07-09 14:19:00+09:00,4.24969226614903e-05,0.07194616977225674,0.6400621118012422,1
2026-07-09 14:20:00+09:00,-0.0002903754241446127,0.05776397515527951,0.6398550724637682,1
2026-07-09 14:21:00+09:00,0.003235966037559974,0.06480331262939959,0.6473084886128364,1
2026-07-09 14:22:00+09:00,-0.004507967371495005,0.1150103519668737,0.7043478260869566,1
2026-07-09 14:23:00+09:00,-0.00012616472198757759,0.09358178053830228,0.6683229813664596,1
2026-07-09 14:24:00+09:00,-0.00019642627758166401,0.0789855072463768,0.6321946169772257,1
2026-07-09 14:25:00+09:00,0.00022721729096938256,0.06469979296066253,0.6109730848861283,1
2026-07-09 14:26:00+09:00,-0.00010412527532340199,0.09378881987577639,0.6037267080745341,1
2026-07-09 14:27:00+09:00,-0.00023604190063049576,0.10072463768115941,0.6036231884057971,1
2026-07-09 14:28:00+09:00,-0.0002483011389792889,0.057660455486542445,0.6322981366459628,1
2026-07-09 14:29:00+09:00,-0.00026029781502339203,0.16573498964803313,0.6829192546583851,1
2026-07-09 14:30:00+09:00,-8.675720917508319e-05,0.05755693581780538,0.7114906832298137,1
2026-07-09 14:31:00+09:00,-0.00017238212810624266,0.05041407867494824,0.7043478260869565,1
2026-07-09 14:32:00+09:00,0.00038674516311034036,0.12287784679089027,0.7549689440993789,1
2026-07-09 14:33:00+09:00,0.0005489172391091595,0.08623188405797101,0.7260869565217392,1
2026-07-09 14:34:00+09:00,0.00022615789154204505,0.12236024844720497,0.7043478260869565,1
2026-07-09 14:35:00+09:00,-0.0001693820961612012,0.11521739130434783,0.6613871635610766,1
2026-07-09 14:36:00+09:00,-7.5463117808859e-05,0.09409937888198758,0.639544513457557,1
2026-07-09 14:37:00+09:00,-0.00031107379821292987,0.11521739130434783,0.6106625258799172,1
2026-07-09 14:38:00+09:00,-8.683618041958775e-05,0.08623188405797101,0.6248447204968944,1
2026-07-09 14:39:00+09:00,0.00026365272725429,0.1298136645962733,0.6107660455486543,1
2026-07-09 14:40:00+09:00,-9.910771354889033e-05,0.07215320910973085,0.6539337474120082,1
2026-07-09 14:41:00+09:00,-0.00022491580969742498,0.07204968944099378,0.6249482401656314,1
2026-07-09 14:42:00+09:00,-0.00479878129564209,0.11511387163561076,0.6680124223602484,1
2026-07-09 14:43:00+09:00,0.00019719898507382795,0.10072463768115941,0.6826086956521739,1
2026-07-09 14:44:00+09:00,9.1094621216042e-05,0.07204968944099378,0.6685300207039337,1
2026-07-09 14:45:00+09:00,-3.827641931859497e-05,0.06490683229813665,0.6756728778467909,1
2026-07-09 14:46:00+09:00,-2.7150345226037636e-05,0.12960662525879918,0.6326086956521739,1
2026-07-09 14:47:00+09:00,3.822678099425188e-06,0.11552795031055901,0.6326086956521739,1
2026-07-09 14:48:00+09:00,0.00042400827968157767,0.0650103519668737,0.6110766045548655,1
2026-07-09 14:49:00+09:00,8.359271678678742e-06,0.09358178053830228,0.6468944099378882,1
2026-07-09 14:50:00+09:00,0.00015342069314100944,0.07215320910973085,0.675776397515528,1
2026-07-09 14:51:00+09:00,-4.636111579445342e-05,0.15144927536231884,0.6680124223602484,1
2026-07-09 14:52:00+09:00,0.0004284374711171431,0.07908902691511387,0.6179089026915113,1
2026-07-09 14:53:00+09:00,-7.209785590486e-05,0.08643892339544514,0.6612836438923395,1
2026-07-09 14:54:00+09:00,9.406869762228447e-05,0.10113871635610766,0.6471014492753624,1
2026-07-09 14:55:00+09:00,4.1818836072388586e-05,0.12225672877846791,0.682608695652174,1
2026-07-09 14:56:00+09:00,-0.00010385354603941834,0.1150103519668737,0.596376811594203,1
2026-07-09 14:57:00+09:00,0.0001596665822360743,0.09347826086956522,0.6178053830227743,1
2026-07-09 14:58:00+09:00,4.0417066285294984e-05,0.09378881987577639,0.6830227743271221,1
2026-07-09 14:59:00+09:00,-8.040300833583878e-05,0.12267080745341614,0.7622153209109731,1
2026-07-09 15:00:00+09:00,-0.00023468959021961987,0.10797101449275362,0.8126293995859214,1
2026-07-09 15:01:00+09:00,-9.34798695168388e-05,0.08623188405797101,0.7694616977225672,1
2026-07-09 15:02:00+09:00,0.003290217942655693,0.07929606625258799,0.719151138716356,1
2026-07-09 15:03:00+09:00,-0.0052849730020169345,0.10082815734989647,0.7046583850931677,1
2026-07-09 15:04:00+09:00,6.261711199625617e-05,0.07204968944099378,0.7191511387163562,1
2026-07-09 15:05:00+09:00,0.00025830316803370374,0.12246376811594203,0.7405797101449275,1
2026-07-09 15:06:00+09:00,-0.0001568893078631691,0.1010351966873706,0.725879917184265,1
2026-07-09 15:07:00+09:00,-0.0051790684626617295,0.08633540372670807,0.6973084886128365,1
2026-07-09 15:08:00+09:00,-2.2887683833010013e-05,0.08612836438923395,0.7118012422360249,1
2026-07-09 15:09:00+09:00,6.785138745654882e-05,0.05031055900621118,0.6902691511387163,1
2026-07-09 15:10:00+09:00,-6.7607865506284e-05,0.12991718426501037,0.7626293995859212,1
2026-07-09 15:11:00+09:00,0.0002912501936163529,0.09378881987577639,0.7839544513457557,1
2026-07-09 15:12:00+09:00,0.00012527005859921952,0.06511387163561076,0.7476190476190476,1
2026-07-09 15:13:00+09:00,-6.7183704108751e-05,0.05010351966873706,0.7691511387163561,1
2026-07-09 15:14:00+09:00,-0.00047503637309470533,1.6282779198635977,0.9311764705882353,1
2026-07-09 15:15:00+09:00,0.00024347507801644963,0.13127633662160518,0.944413591523566,1
2026-07-09 15:16:00+09:00,7.137210794992783e-05,0.048582389477530144,0.929724759469005,1
2026-07-09 15:17:00+09:00,8.847725615742169e-05,0.05134697357203751,0.9179856290342224,1
2026-07-09 15:18:00+09:00,-5.601464856982894e-05,0.07606990622335891,0.9403470953598831,1
2026-07-09 15:19:00+09:00,7.339159155290592e-05,0.03163561076604555,0.9719827061259286,1
2026-07-09 15:20:00+09:00,-0.00030548471667367886,0.0824869078066009,1.006083302886372,1
2026-07-09 15:21:00+09:00,-0.0001177577441277063,0.05370843989769821,1.0401838996468151,1
2026-07-09 15:22:00+09:00,-0.0001427191623797451,0.016946778711484593,1.0571306783582999,1
2026-07-09 15:23:00+09:00,-0.00021142613567166,1.0571306783582999,0.0,1
2026-07-09 15:24:00+09:00,0.0,0.0,0.0,1
2026-07-09 15:30:00+09:00,0.0,0.0,0.0,1
2026-07-10 09:00:00+09:00,0.0,0.0,0.0,1
2026-07-10 09:01:00+09:00,0.0,0.0,0.0,1
2026-07-10 09:02:00+09:00,0.0,0.0,0.0,1
2026-07-10 09:03:00+09:00,0.0,0.0,0.0,1
2026-07-10 09:04:00+09:00,0.0,0.0,0.0,1
2026-07-10 09:05:00+09:00,0.0,0.0,0.0,1
2026-07-10 09:06:00+09:00,0.0,0.0,0.0,1
2026-07-10 09:07:00+09:00,0.0,0.0,0.0,1
2026-07-10 09:08:00+09:00,0.0,0.0,0.0,1
2026-07-10 09:09:00+09:00,0.0,0.0,0.0,1
2026-07-10 09:10:00+09:00,0.0,0.0,0.0,1
2026-07-10 09:11:00+09:00,0.0,0.0,0.0,1
2026-07-10 09:12:00+09:00,0.0,0.0,0.0,1
2026-07-10 09:13:00+09:00,0.0,0.0,0.0,1
2026-07-10 09:14:00+09:00,0.0,0.0,0.0,1
2026-07-10 09:15:00+09:00,0.00014213703264567587,0.8893766461808604,0.8893766461808603,1
2026-07-10 09:16:00+09:00,0.0005572306932299883,0.04466637401229148,0.8447102721685689,1
2026-07-10 09:17:00+09:00,8.75025780991302e-05,0.059043020193151885,0.8447102721685689,1
2026-07-10 09:18:00+09:00,4.6184534962651147e-05,0.05190956979806848,0.82243195785777,1
2026-07-10 09:19:00+09:00,-9.907002456009387e-05,0.0817603160667252,0.8148595258999121,1
2026-07-10 09:20:00+09:00,0.00030673788295948126,0.04433713784021071,0.7999341527655839,1
2026-07-10 09:21:00+09:00,-0.0006590783488957706,0.029631255487269532,0.800153643546971,1
2026-07-10 09:22:00+09:00,-0.00039283076573987113,0.04455662862159789,0.8150790166812993,1
2026-07-10 09:23:00+09:00,0.0005698212644835635,0.08900351185250219,0.8296751536435469,1
2026-07-10 09:24:00+09:00,0.0007097318368735038,0.059152765583845475,0.8148595258999121,1
2026-07-10 09:25:00+09:00,-0.000374249952639341,0.10359964881474978,0.7705223880597015,1
2026-07-10 09:26:00+09:00,9.126340613488434e-06,0.029850746268656716,0.7854477611940298,1
2026-07-10 09:27:00+09:00,-0.00023710438431566515,0.07385864793678665,0.829894644424934,1
2026-07-10 09:28:00+09:00,0.00039993560330170685,0.0888937664618086,0.9040825285338016,1
2026-07-10 09:29:00+09:00,0.0005154359388551705,0.059152765583845475,0.844929762949956,1
2026-07-10 09:30:00+09:00,0.0001571798880023383,0.04433713784021071,0.8300043898156277,1
2026-07-10 09:31:00+09:00,-0.0002464762400429658,0.022278314310798946,0.8077260755048288,1
2026-07-10 09:32:00+09:00,-0.00027989416004517746,0.06672519754170325,0.8149692712906058,1
2026-07-10 09:33:00+09:00,-0.00041038347699362256,0.059152765583845475,0.8297848990342406,1
2026-07-10 09:34:00+09:00,0.0005083905046632609,0.05201931518876207,0.8223222124670763,1
2026-07-10 09:35:00+09:00,0.0003848134285260182,0.09635645302897278,0.7707418788410886,1
2026-07-10 09:36:00+09:00,0.00014764335722225076,0.059152765583845475,0.7410008779631255,1
2026-07-10 09:37:00+09:00,1.731260850485099e-05,0.04433713784021071,0.7559262510974538,1
2026-07-10 09:38:00+09:00,-0.0001817779880541927,0.08132133450395083,0.7485733099209834,1
2026-07-10 09:39:00+09:00,0.00016653994655123916,0.05937225636523266,0.7930201931518877,1
2026-07-10 09:40:00+09:00,-0.00020940244767394593,0.07418788410886742,0.7631694468832309,1
2026-07-10 09:41:00+09:00,0.0002630830665860755,0.06628621597892888,0.7853380158033363,1
2026-07-10 09:42:00+09:00,-2.66280541543488e-05,0.05948200175592625,0.7557067603160668,1
2026-07-10 09:43:00+09:00,-9.009698502585378e-05,0.08911325724319578,0.7853380158033363,1
2026-07-10 09:44:00+09:00,0.00015821533553211114,0.06639596136962247,0.7189420544337137,1
2026-07-10 09:45:00+09:00,0.00045533726656357096,0.05223880597014925,0.7413301141352062,1
2026-07-10 09:46:00+09:00,0.00020299339593830327,0.04455662862159789,0.7264047410008779,1
2026-07-10 09:47:00+09:00,-0.0005924176423529657,0.07407813871817384,0.7706321334503952,1
2026-07-10 09:48:00+09:00,3.820281796722979e-05,0.08143107989464442,0.7631694468832309,1
2026-07-10 09:49:00+09:00,0.00048583817875748775,0.11117208077260755,0.7411106233538192,1
2026-07-10 09:50:00+09:00,4.8086559466693235e-05,0.06683494293239683,0.7188323090430202,1
2026-07-10 09:51:00+09:00,-0.00017636465764279876,0.051690079016681295,0.7116988586479367,1
2026-07-10 09:52:00+09:00,0.00010011061232737881,0.10338015803336259,0.7558165057067603,1
2026-07-10 09:53:00+09:00,0.00039753501893161644,0.0888937664618086,0.7558165057067603,1
2026-07-10 09:54:00+09:00,8.145738753982649e-05,0.06650570676031607,0.7630597014925372,1
2026-07-10 09:55:00+09:00,0.00016263126616722942,0.04455662862159789,0.7779850746268656,1
2026-07-10 09:56:00+09:00,-0.00021927720887381845,0.04455662862159789,0.8225417032484635,1
2026-07-10 09:57:00+09:00,0.0004462681227282633,0.1335601404741001,0.8075065847234415,1
2026-07-10 09:58:00+09:00,0.0001749462706693309,0.0888937664618086,0.7776558384547848,1
2026-07-10 09:59:00+09:00,0.0001629995207508931,0.014815627743634766,0.76284021071115,1
2026-07-10 10:00:00+09:00,-0.00036682508360031166,0.08154082528533801,0.8149692712906058,1
2026-07-10 10:01:00+09:00,-9.650795346277776e-06,0.10348990342405619,0.8297848990342405,1
2026-07-10 10:02:00+09:00,-0.0024797847333506828,0.06694468832309043,0.8370280948200175,1
2026-07-10 10:03:00+09:00,0.004462116891513143,0.06650570676031607,0.8297848990342405,1
2026-07-10 10:04:00+09:00,1.104985663285466e-06,0.059262510974539065,0.8150790166812993,1
2026-07-10 10:05:00+09:00,0.0003549883767020016,0.07385864793678665,0.7857769973661106,1
2026-07-10 10:06:00+09:00,-3.4345571531996274e-05,0.05190956979806848,0.7931299385425812,1
2026-07-10 10:07:00+09:00,-0.0005803602337714775,0.0961369622475856,0.7705223880597014,1
2026-07-10 10:08:00+09:00,0.00011547562604256616,0.06628621597892888,0.7926909569798068,1
2026-07-10 10:09:00+09:00,-1.7035697405481725e-05,0.0372036874451273,0.7853380158033362,1
2026-07-10 10:10:00+09:00,2.7476102505250997e-05,0.07407813871817384,0.8003731343283582,1
2026-07-10 10:11:00+09:00,-4.0419376627245606e-05,0.03687445127304653,0.792910447761194,1
2026-07-10 10:12:00+09:00,-2.1740312121102413e-06,0.022278314310798946,0.7855575065847235,1
2026-07-10 10:13:00+09:00,-0.0002709384419788213,0.0962467076382792,0.7779850746268657,1
2026-07-10 10:14:00+09:00,0.0005714541948702562,0.0888937664618086,0.7334284460052678,1
2026-07-10 10:15:00+09:00,-0.0003411226931312084,0.05190956979806848,0.7554872695346795,1
2026-07-10 10:16:00+09:00,-0.00029119036857761004,0.03698419666374012,0.7479148375768218,1
2026-07-10 10:17:00+09:00,0.00017086096229276492,0.10392888498683055,0.7780948200175593,1
2026-07-10 10:18:00+09:00,0.00012410571906550007,0.08165057067603161,0.7559262510974539,1
2026-07-10 10:19:00+09:00,0.00013408097076640855,0.06694468832309043,0.7633889376646181,1
2026-07-10 10:20:00+09:00,-0.0006046408411406484,0.08878402107111501,0.7926909569798068,1
2026-07-10 10:21:00+09:00,0.00014478558825268406,0.08154082528533801,0.7260755048287972,1
2026-07-10 10:22:00+09:00,0.00030830925611259553,0.06683494293239683,0.7332089552238805,1
2026-07-10 10:23:00+09:00,0.00033462574348517915,0.05948200175592625,0.7481343283582089,1
2026-07-10 10:24:00+09:00,0.0002793008367111523,0.0817603160667252,0.7554872695346795,1
2026-07-10 10:25:00+09:00,-0.00039899904023851226,0.11150131694468832,0.7333187006145742,1
2026-07-10 10:26:00+09:00,7.642964557798644e-05,0.08878402107111501,0.689091308165057,1
2026-07-10 10:27:00+09:00,0.00012995042130333005,0.08154082528533801,0.652107111501317,1
2026-07-10 10:28:00+09:00,0.00019061284766127694,0.05948200175592625,0.6819578577699736,1
2026-07-10 10:29:00+09:00,-5.591879371357838e-05,0.1332309043020193,0.7561457418788411,1
2026-07-10 10:30:00+09:00,0.0002664677655275313,0.1332309043020193,0.7118086040386302,1
2026-07-10 10:31:00+09:00,9.40871262610262e-05,0.07407813871817384,0.6967734855136085,1
2026-07-10 10:32:00+09:00,0.00016256495822101528,0.06650570676031607,0.6893107989464442,1
2026-07-10 10:33:00+09:00,-4.6572425607558745e-05,0.10370939420544337,0.6889815627743635,1
2026-07-10 10:34:00+09:00,-0.00015529156611865545,0.10359964881474978,0.7039069359086918,1
2026-07-10 10:35:00+09:00,0.004879496046926003,0.059262510974539065,0.7036874451273045,1
2026-07-10 10:36:00+09:00,0.00015265545521797326,0.07418788410886742,0.718612818261633,1
2026-07-10 10:37:00+09:00,4.6556778719138034e-05,0.059262510974539065,0.7631694468832309,1
2026-07-10 10:38:00+09:00,0.00020096620766794977,0.0888937664618086,0.777875329236172,1
2026-07-10 10:39:00+09:00,-0.0002629944395986372,0.0888937664618086,0.7627304653204565,1
2026-07-10 10:40:00+09:00,-0.0002864822826582288,0.06639596136962247,0.7110403863037752,1
2026-07-10 10:41:00+09:00,-5.255758264520641e-06,0.06639596136962247,0.7039069359086918,1
2026-07-10 10:42:00+09:00,-6.577637027038936e-05,0.11150131694468832,0.6819578577699736,1
2026-07-10 10:43:00+09:00,5.5734953396746017e-05,0.0888937664618086,0.6371817383669885,1
2026-07-10 10:44:00+09:00,0.00044783493912407737,0.05190956979806848,0.629828797190518,1
2026-07-10 10:45:00+09:00,-3.0198000997581122e-05,0.09602721685689201,0.6815188762071993,1
2026-07-10 10:46:00+09:00,0.00012493364446020848,0.11841527655838455,0.6669227392449517,1
2026-07-10 10:47:00+09:00,-7.819079158229056e-05,0.12565847234416155,0.6597892888498682,1
2026-07-10 10:48:00+09:00,-1.818676184545927e-05,0.029411764705882353,0.6597892888498682,1
2026-07-10 10:49:00+09:00,0.00020252906575471126,0.1333406496927129,0.6893107989464442,1
2026-07-10 10:50:00+09:00,0.00017157645891106876,0.1259877085162423,0.6965539947322212,1
2026-07-10 10:51:00+09:00,0.0001831817175353722,0.03709394205443371,0.6743854258121159,1
2026-07-10 10:52:00+09:00,-3.067702041249477e-05,0.1262071992976295,0.6522168568920105,1
2026-07-10 10:53:00+09:00,-1.489974041370368e-05,0.10403863037752414,0.6372914837576821,1
2026-07-10 10:54:00+09:00,0.00010974584745943688,0.051580333625987705,0.6447541703248464,1
2026-07-10 10:55:00+09:00,6.925033423439736e-05,0.10381913959613696,0.6743854258121159,1
2026-07-10 10:56:00+09:00,0.00012233444410650018,0.10425812115891132,0.6893107989464442,1
2026-07-10 10:57:00+09:00,-0.0004617078945968851,0.051690079016681295,0.7111501316944688,1
2026-07-10 10:58:00+09:00,-0.00028305363498053627,0.07396839332748024,0.6960052677787533,1
2026-07-10 10:59:00+09:00,-0.0004778268779459456,0.1262071992976295,0.674056189640035,1
2026-07-10 11:00:00+09:00,-0.00035281066730685436,0.06672519754170325,0.6371817383669885,1
2026-07-10 11:01:00+09:00,-0.0002471727491967634,0.07407813871817384,0.6522168568920105,1
2026-07-10 11:02:00+09:00,0.0001276842054116004,0.08911325724319578,0.68184811237928,1
2026-07-10 11:03:00+09:00,0.00023207909326603763,0.07396839332748024,0.7114793678665496,1
2026-07-10 11:04:00+09:00,-0.00028190655070947234,0.07396839332748024,0.7408911325724319,1
2026-07-10 11:05:00+09:00,-0.0002629984941475531,0.11106233538191396,0.6890913081650571,1
2026-07-10 11:06:00+09:00,0.0001588850435031984,0.09635645302897278,0.6965539947322212,1
2026-07-10 11:07:00+09:00,-5.226946603983325e-05,0.029631255487269532,0.6669227392449517,1
2026-07-10 11:08:00+09:00,-0.00015109685177083537,0.1262071992976295,0.6592405618964003,1
2026-07-10 11:09:00+09:00,-0.00016845065196951624,0.07418788410886742,0.6888718173836699,1
2026-07-10 11:10:00+09:00,-0.00040617485684052386,0.06661545215100965,0.6668129938542581,1
2026-07-10 11:11:00+09:00,-4.9687238143196576e-05,0.08165057067603161,0.7036874451273047,1
2026-07-10 11:12:00+09:00,-0.00014966733916800532,0.08143107989464442,0.6817383669885865,1
2026-07-10 11:13:00+09:00,0.00031049386815128557,0.06661545215100965,0.6890913081650571,1
2026-07-10 11:14:00+09:00,-0.0003851182635098704,0.08911325724319578,0.7485733099209833,1
2026-07-10 11:15:00+09:00,-0.00012296810609211601,0.12576821773485514,0.7116988586479368,1
2026-07-10 11:16:00+09:00,-1.9839115920250305e-05,0.1335601404741001,0.6523266022827041,1
2026-07-10 11:17:00+09:00,0.0002073828205696787,0.05179982440737489,0.6301580333625987,1
2026-07-10 11:18:00+09:00,0.0002798136165779076,0.11139157155399473,0.6370719929762949,1
2026-07-10 11:19:00+09:00,-4.667619703835245e-05,0.11117208077260755,0.733318700614574,1
2026-07-10 11:20:00+09:00,-0.00016679922253527715,0.1408033362598771,0.710820895522388,1
2026-07-10 11:21:00+09:00,-0.00016598713692696714,0.09646619841966637,0.7186128182616329,1
2026-07-10 11:22:00+09:00,0.00035069461303336336,0.08132133450395083,0.68184811237928,1
2026-07-10 11:23:00+09:00,-5.380867227076678e-05,0.0961369622475856,0.6893107989464442,1
2026-07-10 11:24:00+09:00,0.0001238813036553243,0.04433713784021071,0.6596795434591747,1
2026-07-10 11:25:00+09:00,6.83575915382169e-05,0.10381913959613696,0.6449736611062336,1
2026-07-10 11:26:00+09:00,-9.627523158189247e-05,0.10381913959613696,0.6594600526777875,1
2026-07-10 11:27:00+09:00,5.9535058325394846e-05,0.059152765583845475,0.6889815627743635,1
2026-07-10 11:28:00+09:00,6.269170955124225e-05,0.06650570676031607,0.7258560140474101,1
2026-07-10 11:29:00+09:00,-0.000145171202809482,0.72585601404741,0.0,1
2026-07-10 11:30:00+09:00,0.0,0.0,0.0,1
2026-07-10 12:30:00+09:00,-0.000564471174842909,0.9040825285338016,0.9040825285338017,1
2026-07-10 12:31:00+09:00,0.00017982036525895627,0.0372036874451273,0.8668788410886741,1
2026-07-10 12:32:00+09:00,-0.0005424431488304374,0.05948200175592625,0.8370280948200175,1
2026-07-10 12:33:00+09:00,2.7831363561387394e-05,0.05179982440737489,0.7852282704126426,1
2026-07-10 12:34:00+09:00,8.418953096016237e-05,0.08132133450395083,0.777875329236172,1
2026-07-10 12:35:00+09:00,-0.00016957152081066576,0.07385864793678665,0.7487928007023705,1
2026-07-10 12:36:00+09:00,8.830450438034599e-05,0.11150131694468832,0.7261852502194908,1
2026-07-10 12:37:00+09:00,6.650888241990614e-05,0.08132133450395083,0.7190517998244074,1
2026-07-10 12:38:00+09:00,8.070883081472058e-05,0.022168568920105356,0.7262949956101843,1
2026-07-10 12:39:00+09:00,0.0003203195522773361,0.08911325724319578,0.7561457418788411,1
2026-07-10 12:40:00+09:00,-0.0004039315530436747,0.08132133450395083,0.7189420544337138,1
2026-07-10 12:41:00+09:00,-0.00013612104714777275,0.05948200175592625,0.7189420544337137,1
2026-07-10 12:42:00+09:00,-0.00031164040288124856,0.08878402107111501,0.7188323090430202,1
2026-07-10 12:43:00+09:00,-9.399426110641012e-06,0.11106233538191396,0.7407813871817384,1
2026-07-10 12:44:00+09:00,-0.0001410843797397532,0.08165057067603161,0.7036874451273046,1
2026-07-10 12:45:00+09:00,1.4790630308545138e-05,0.1332309043020193,0.7480245829675154,1
2026-07-10 12:46:00+09:00,0.0001561859582651624,0.11095258999122037,0.7110403863037752,1
2026-07-10 12:47:00+09:00,-0.003165955190515479,0.05179982440737489,0.7037971905179983,1
2026-07-10 12:48:00+09:00,0.004864362478419712,0.08878402107111501,0.7335381913959614,1
2026-07-10 12:49:00+09:00,-0.00022982693724736143,0.07385864793678665,0.7042361720807726,1
2026-07-10 12:50:00+09:00,-0.0003257030425512579,0.07418788410886742,0.7037971905179983,1
2026-07-10 12:51:00+09:00,-1.1527716506354587e-05,0.059152765583845475,0.7039069359086918,1
2026-07-10 12:52:00+09:00,-0.0001878626169056468,0.08132133450395083,0.696334503950834,1
2026-07-10 12:53:00+09:00,-0.00022307157977864199,0.0744073748902546,0.7411106233538192,1
2026-07-10 12:54:00+09:00,0.0003152436846746837,0.0961369622475856,0.7189420544337137,1
2026-07-10 12:55:00+09:00,0.0003103762770963712,0.07429762949956102,0.7190517998244073,1
2026-07-10 12:56:00+09:00,0.0004723524844274255,0.07407813871817384,0.7336479367866549,1
2026-07-10 12:57:00+09:00,0.00028143122539426815,0.05937225636523266,0.7186128182616329,1
2026-07-10 12:58:00+09:00,3.806176319408317e-05,0.07407813871817384,0.7336479367866549,1
2026-07-10 12:59:00+09:00,-5.5368663287813945e-05,0.08121158911325724,0.7264047410008779,1
2026-07-10 13:00:00+09:00,-0.00012307050942976158,0.10370939420544337,0.7113696224758559,1
2026-07-10 13:01:00+09:00,-0.0001492508006533402,0.10403863037752414,0.6817383669885865,1
2026-07-10 13:02:00+09:00,-3.252232072801834e-05,0.11819578577699737,0.637071992976295,1
2026-07-10 13:03:00+09:00,0.0002328942652352691,0.08187006145741879,0.6443151887620719,1
2026-07-10 13:04:00+09:00,0.00027855628969138287,0.11863476733977173,0.6740561896400351,1
2026-07-10 13:05:00+09:00,-0.00020089512181883736,0.11863476733977173,0.7037971905179983,1
2026-07-10 13:06:00+09:00,1.3971390072797389e-05,0.1334503950834065,0.6151229148375768,1
2026-07-10 13:07:00+09:00,0.00010972554591837326,0.029521510096575942,0.6152326602282704,1
2026-07-10 13:08:00+09:00,-7.116034235256804e-05,0.06650570676031607,0.6226953467954346,1
2026-07-10 13:09:00+09:00,-5.4414653748348775e-06,0.12631694468832308,0.6596795434591747,1
2026-07-10 13:10:00+09:00,-3.1822252137940844e-05,0.0444468832309043,0.6299385425812116,1
2026-07-10 13:11:00+09:00,3.1666906880548655e-05,0.1260974539069359,0.6076602282704127,1
2026-07-10 13:12:00+09:00,2.900991248178876e-05,0.11852502194907813,0.6228050921861281,1
2026-07-10 13:13:00+09:00,-5.940883431320594e-05,0.08165057067603161,0.6596795434591747,1
2026-07-10 13:14:00+09:00,-0.0001023511906342152,0.08165057067603161,0.6967734855136084,1
2026-07-10 13:15:00+09:00,0.0001656231730081846,0.08121158911325724,0.7040166812993853,1
2026-07-10 13:16:00+09:00,-8.616917797886676e-06,0.11095258999122037,0.63784021071115,1
2026-07-10 13:17:00+09:00,-1.932993343874415e-05,0.09646619841966637,0.6302677787532924,1
2026-07-10 13:18:00+09:00,1.5921732519628298e-06,0.05212906057945566,0.6079894644424935,1
2026-07-10 13:19:00+09:00,-0.00020872733828743474,0.12587796312554872,0.6743854258121159,1
2026-07-10 13:20:00+09:00,-0.0002522098421933909,0.08867427568042142,0.6743854258121158,1
2026-07-10 13:21:00+09:00,4.9260647143990725e-05,0.1334503950834065,0.6447541703248463,1
2026-07-10 13:22:00+09:00,1.953260419227971e-05,0.08922300263388938,0.6152326602282705,1
2026-07-10 13:23:00+09:00,-5.809261058163308e-05,0.07418788410886742,0.6150131694468832,1
2026-07-10 13:24:00+09:00,-0.00012256255636113609,0.1259877085162423,0.6518876207199298,1
2026-07-10 13:25:00+09:00,6.799569765285098e-05,0.0817603160667252,0.6741659350307286,1
2026-07-10 13:26:00+09:00,2.6615549520587598e-05,0.03687445127304653,0.6372914837576822,1
2026-07-10 13:27:00+09:00,-6.240309576993502e-05,0.07429762949956102,0.6670324846356452,1
2026-07-10 13:28:00+09:00,0.004599856663730287,0.0961369622475856,0.7335381913959613,1
2026-07-10 13:29:00+09:00,-0.00014414048821626563,0.10338015803336259,0.7778753292361721,1
2026-07-10 13:30:00+09:00,-3.283513500313213e-05,0.12554872695346794,0.6672519754170325,1
2026-07-10 13:31:00+09:00,0.00013260929986609761,0.10359964881474978,0.6821773485513608,1
2026-07-10 13:32:00+09:00,8.19627509495832e-05,0.059262510974539065,0.6672519754170325,1
2026-07-10 13:33:00+09:00,-0.0002502445908426257,0.1408033362598771,0.7044556628621598,1
2026-07-10 13:34:00+09:00,-1.8579095731976345e-05,0.15572870939420544,0.6371817383669887,1
2026-07-10 13:35:00+09:00,1.9578200671695435e-05,0.11863476733977173,0.5631035996488147,1
2026-07-10 13:36:00+09:00,0.00010467733767896931,0.0961369622475856,0.5556409130816505,1
2026-07-10 13:37:00+09:00,-1.547793095221968e-05,0.0962467076382792,0.5634328358208955,1
2026-07-10 13:38:00+09:00,-5.264990262467192e-05,0.11128182616330114,0.6299385425812116,1
2026-07-10 13:39:00+09:00,-0.00017394927686230954,0.08845478489903424,0.6595697980684812,1
2026-07-10 13:40:00+09:00,-0.000154675150698008,0.1478270412642669,0.6151229148375769,1
2026-07-10 13:41:00+09:00,-2.547777840028985e-06,0.08900351185250219,0.5708955223880596,1
2026-07-10 13:42:00+09:00,5.3661602029452176e-05,0.029741000877963126,0.5707857769973661,1
2026-07-10 13:43:00+09:00,0.00020569986816881675,0.11830553116769095,0.629828797190518,1
2026-07-10 13:44:00+09:00,-0.00011903939223393973,0.11139157155399473,0.6224758560140473,1
2026-07-10 13:45:00+09:00,-0.00015160717366323231,0.059152765583845475,0.5929543459174714,1
2026-07-10 13:46:00+09:00,5.70998845207562e-05,0.05937225636523266,0.5781387181738367,1
2026-07-10 13:47:00+09:00,2.3526801049833173e-05,0.0744073748902546,0.5930640913081651,1
2026-07-10 13:48:00+09:00,-0.00032614978320862184,0.04455662862159789,0.6077699736611062,1
2026-07-10 13:49:00+09:00,-0.0003315327010876762,0.11106233538191396,0.6000877963125548,1
2026-07-10 13:50:00+09:00,-1.964516182116695e-07,0.08911325724319578,0.6294995610184373,1
2026-07-10 13:51:00+09:00,-0.00018840269226741335,0.05937225636523266,0.6445346795434591,1
2026-07-10 13:52:00+09:00,-0.00012748450585687055,0.10381913959613696,0.689091308165057,1
2026-07-10 13:53:00+09:00,0.0002301105076804346,0.0744073748902546,0.7040166812993853,1
2026-07-10 13:54:00+09:00,1.4264584323042708e-05,0.11128182616330114,0.7110403863037752,1
2026-07-10 13:55:00+09:00,-0.00047493545709722954,0.05948200175592625,0.7408911325724319,1
2026-07-10 13:56:00+09:00,-0.0002877810050474251,0.09591747146619842,0.7037971905179982,1
2026-07-10 13:57:00+09:00,0.00017416384170012618,0.1188542581211589,0.7188323090430202,1
2026-07-10 13:58:00+09:00,0.00015467443601071358,0.059152765583845475,0.6895302897278315,1
2026-07-10 13:59:00+09:00,6.809476494754805e-06,0.10381913959613696,0.6743854258121158,1
2026-07-10 14:00:00+09:00,-1.8467010795524496e-05,0.08165057067603161,0.6519973661106233,1
2026-07-10 14:01:00+09:00,-0.00023352750250047992,0.051690079016681295,0.6446444249341527,1
2026-07-10 14:02:00+09:00,-0.000314523292754456,0.06661545215100965,0.6225856014047411,1
2026-07-10 14:03:00+09:00,-0.00010546294170269564,0.08132133450395083,0.6595697980684812,1
2026-07-10 14:04:00+09:00,5.842465000426348e-05,0.08132133450395083,0.6967734855136083,1
2026-07-10 14:05:00+09:00,0.0003257718360798348,0.12587796312554872,0.6892010535557507,1
2026-07-10 14:06:00+09:00,0.00018781665317332418,0.06639596136962247,0.7114793678665496,1
2026-07-10 14:07:00+09:00,-0.00033994751534325055,0.059262510974539065,0.7411106233538192,1
2026-07-10 14:08:00+09:00,3.175502509782733e-05,0.11841527655838455,0.7115891132572432,1
2026-07-10 14:09:00+09:00,0.0001435299853207502,0.08900351185250219,0.6967734855136085,1
2026-07-10 14:10:00+09:00,7.952447865142793e-05,0.10359964881474978,0.6820676031606672,1
2026-07-10 14:11:00+09:00,0.00011183979339478188,0.08856453028972783,0.7265144863915716,1
2026-07-10 14:12:00+09:00,3.651164899113231e-05,0.10359964881474978,0.6676909569798068,1
2026-07-10 14:13:00+09:00,5.946969633164016e-05,0.05937225636523266,0.6675812115891132,1
2026-07-10 14:14:00+09:00,0.00020162739647205786,0.08154082528533801,0.6448639157155399,1
2026-07-10 14:15:00+09:00,-0.00039820544606813165,0.1549604916593503,0.7554872695346795,1
2026-07-10 14:16:00+09:00,-0.00011293143034183014,0.11808604038630377,0.711369622475856,1
2026-07-10 14:17:00+09:00,-0.00012325326860292455,0.12587796312554872,0.6893107989464442,1
2026-07-10 14:18:00+09:00,0.00016733547451259164,0.08154082528533801,0.6523266022827041,1
2026-07-10 14:19:00+09:00,4.419267476274764e-05,0.08911325724319578,0.696883230904302,1
2026-07-10 14:20:00+09:00,6.285676956660385e-05,0.0962467076382792,0.6743854258121158,1
2026-07-10 14:21:00+09:00,-3.0283572634222037e-06,0.14815627743634768,0.6598990342405618,1
2026-07-10 14:22:00+09:00,3.318170036905547e-05,0.0961369622475856,0.6375109745390694,1
2026-07-10 14:23:00+09:00,-3.691178115038594e-05,0.059262510974539065,0.6524363476733978,1
2026-07-10 14:24:00+09:00,-9.733930208386083e-05,0.08143107989464442,0.6893107989464442,1
2026-07-10 14:25:00+09:00,6.792035090769782e-05,0.0961369622475856,0.6969929762949956,1
2026-07-10 14:26:00+09:00,-6.946128493766433e-05,0.08143107989464442,0.6895302897278314,1
2026-07-10 14:27:00+09:00,6.339078580079772e-05,0.08900351185250219,0.659569798068481,1
2026-07-10 14:28:00+09:00,0.00020169806769486604,0.05179982440737489,0.6966637401229148,1
2026-07-10 14:29:00+09:00,4.606336688806107e-06,0.1260974539069359,0.7334284460052678,1
2026-07-10 14:30:00+09:00,5.189344765443279e-05,0.08878402107111501,0.704126426690079,1
2026-07-10 14:31:00+09:00,-1.884180672978559e-05,0.08165057067603161,0.6964442493415276,1
2026-07-10 14:32:00+09:00,-0.0002843890198875864,0.08878402107111501,0.6669227392449517,1
2026-07-10 14:33:00+09:00,0.0001477728570347995,0.07429762949956102,0.7113696224758559,1
2026-07-10 14:34:00+09:00,8.926315354595136e-05,0.10403863037752414,0.711369622475856,1
2026-07-10 14:35:00+09:00,-3.8196686905648327e-05,0.11117208077260755,0.7185030728709394,1
2026-07-10 14:36:00+09:00,-0.00021937450261801954,0.06694468832309043,0.710820895522388,1
2026-07-10 14:37:00+09:00,-0.00037179445011471807,0.11128182616330114,0.7033582089552239,1
2026-07-10 14:38:00+09:00,-0.00013761966310052323,0.11852502194907813,0.703577699736611,1
2026-07-10 14:39:00+09:00,-0.0030136375463408194,0.0372036874451273,0.7111501316944687,1
2026-07-10 14:40:00+09:00,0.004509551179588712,0.08911325724319578,0.7410008779631255,1
2026-07-10 14:41:00+09:00,0.00015198258388856927,0.08878402107111501,0.7558165057067603,1
2026-07-10 14:42:00+09:00,-8.914707709125614e-05,0.06639596136962247,0.7337576821773485,1
2026-07-10 14:43:00+09:00,0.00019980275307999976,0.059152765583845475,0.7191615452151009,1
2026-07-10 14:44:00+09:00,4.133844103100702e-05,0.08154082528533801,0.7262949956101843,1
2026-07-10 14:45:00+09:00,0.0046856005873963215,0.1477172958735733,0.6670324846356452,1
2026-07-10 14:46:00+09:00,-1.4670589841854294e-05,0.10338015803336259,0.6821773485513608,1
2026-07-10 14:47:00+09:00,-6.213677341925737e-05,0.05201931518876207,0.7043459174714661,1
2026-07-10 14:48:00+09:00,-5.41765187396657e-05,0.1551799824407375,0.7265144863915716,1
2026-07-10 14:49:00+09:00,-0.00010796830460380199,0.05179982440737489,0.7484635645302897,1
2026-07-10 14:50:00+09:00,0.00030252784715363703,0.08911325724319578,0.7039069359086918,1
2026-07-10 14:51:00+09:00,-0.0003189445849528517,0.12565847234416155,0.755597014925373,1
2026-07-10 14:52:00+09:00,-0.0003794556154919309,0.06650570676031607,0.7481343283582089,1
2026-07-10 14:53:00+09:00,-0.0002718549275915518,0.13312115891132573,0.7631694468832309,1
2026-07-10 14:54:00+09:00,-5.4994984105164786e-05,0.05179982440737489,0.770632133450395,1
2026-07-10 14:55:00+09:00,-0.00031078804152503373,0.059152765583845475,0.7560359964881476,1
2026-07-10 14:56:00+09:00,-0.0001677317653463119,0.0888937664618086,0.7707418788410887,1
2026-07-10 14:57:00+09:00,-0.00012627629300258116,0.0444468832309043,0.7412203687445127,1
2026-07-10 14:58:00+09:00,5.28552512218153e-05,0.059043020193151885,0.7410008779631255,1
2026-07-10 14:59:00+09:00,-3.940273980776671e-05,0.04433713784021071,0.7557067603160667,1
2026-07-10 15:00:00+09:00,-0.0001425751181323253,0.07385864793678665,0.7854477611940298,1
2026-07-10 15:01:00+09:00,2.9846412006586405e-05,0.06661545215100965,0.8075065847234415,1
2026-07-10 15:02:00+09:00,-0.002778601116633904,0.09635645302897278,0.829894644424934,1
2026-07-10 15:03:00+09:00,0.004856186062304371,0.0444468832309043,0.7854477611940298,1
2026-07-10 15:04:00+09:00,-0.0001908207010100475,0.0444468832309043,0.7853380158033362,1
2026-07-10 15:05:00+09:00,-0.0004038338091806024,0.06661545215100965,0.8225417032484634,1
2026-07-10 15:06:00+09:00,-2.6634794567937134e-05,0.059262510974539065,0.8519534679543459,1
2026-07-10 15:07:00+09:00,0.00024998268085665084,0.07407813871817384,0.8371378402107111,1
2026-07-10 15:08:00+09:00,-0.0030441896704953976,0.08121158911325724,0.7855575065847233,1
2026-07-10 15:09:00+09:00,-0.0001315766296417273,0.04455662862159789,0.770632133450395,1
2026-07-10 15:10:00+09:00,0.00023870691514227466,0.10370939420544337,0.7707418788410887,1
2026-07-10 15:11:00+09:00,0.00029240868921619076,0.06628621597892888,0.7779850746268656,1
2026-07-10 15:12:00+09:00,-0.0030379824117268265,0.06683494293239683,0.8298946444249342,1
2026-07-10 15:13:00+09:00,0.004536919529594235,0.06650570676031607,0.8964003511852502,1
2026-07-10 15:14:00+09:00,-0.0008521545747064707,1.454699953251314,0.9279220779220778,1
2026-07-10 15:15:00+09:00,-4.58137503978792e-05,0.025319829424307036,0.9175276216320991,1
2026-07-10 15:16:00+09:00,0.00016452276988276223,0.043229564553093965,0.924718225146232,1
2026-07-10 15:17:00+09:00,-0.00018920722852334683,0.07943086325439266,0.9505776598291962,1
2026-07-10 15:18:00+09:00,-0.00036722500936642706,0.032672770600777626,0.9685445480770327,1
2026-07-10 15:19:00+09:00,-8.441774049011263e-05,0.01801948051948052,0.9687068857393704,1
2026-07-10 15:20:00+09:00,-0.00040957428760016347,0.03571428571428571,1.004421171453656,1
2026-07-10 15:21:00+09:00,0.0005420286308165494,0.04339190221543163,0.9935922944483084,1
2026-07-10 15:22:00+09:00,8.01916509745263e-05,0.0,0.9935922944483084,1
2026-07-10 15:23:00+09:00,-0.0001987184588896617,0.9935922944483084,0.0,1
2026-07-10 15:24:00+09:00,0.0,0.0,0.0,1
2026-07-10 15:30:00+09:00,0.0,0.0,0.0,1
2026-07-13 09:00:00+09:00,0.0,0.0,0.0,2
2026-07-13 09:01:00+09:00,0.0,0.0,0.0,2
2026-07-13 09:02:00+09:00,0.0,0.0,0.0,2
2026-07-13 09:03:00+09:00,0.0,0.0,0.0,2
2026-07-13 09:04:00+09:00,0.0,0.0,0.0,2
2026-07-13 09:05:00+09:00,0.0,0.0,0.0,2
2026-07-13 09:06:00+09:00,0.0,0.0,0.0,2
2026-07-13 09:07:00+09:00,0.0,0.0,0.0,2
2026-07-13 09:08:00+09:00,0.0,0.0,0.0,2
2026-07-13 09:09:00+09:00,0.0,0.0,0.0,2
2026-07-13 09:10:00+09:00,0.0,0.0,0.0,2
2026-07-13 09:11:00+09:00,0.0,0.0,0.0,2
2026-07-13 09:12:00+09:00,0.0,0.0,0.0,2
2026-07-13 09:13:00+09:00,0.0,0.0,0.0,2
2026-07-13 09:14:00+09:00,0.0,0.0,0.0,2
2026-07-13 09:15:00+09:00,-0.0001907988459722861,0.8509424603174602,0.8509424603174603,2
2026-07-13 09:16:00+09:00,0.0002983920004884939,0.03931051587301587,0.8116319444444444,2
2026-07-13 09:17:00+09:00,-9.172241176996092e-05,0.14112103174603174,0.7962549603174603,2
2026-07-13 09:18:00+09:00,-0.000234181596594575,0.05505952380952381,0.7570684523809523,2
2026-07-13 09:19:00+09:00,-8.79789040386238e-06,0.055183531746031744,0.7490079365079365,2
2026-07-13 09:20:00+09:00,8.873292045287824e-06,0.10999503968253968,0.7176339285714285,2
2026-07-13 09:21:00+09:00,9.186138620809921e-05,0.07874503968253968,0.7333829365079365,2
2026-07-13 09:22:00+09:00,8.827395594217913e-05,0.07849702380952381,0.7647569444444444,2
2026-07-13 09:23:00+09:00,-0.00017951817526717074,0.11731150793650794,0.8039434523809523,2
2026-07-13 09:24:00+09:00,-0.00019327982376546811,0.06274801587301587,0.8039434523809523,2
2026-07-13 09:25:00+09:00,0.0003009060439143602,0.07043650793650794,0.8116319444444444,2
2026-07-13 09:26:00+09:00,0.0002259649490465879,0.09412202380952381,0.7646329365079365,2
2026-07-13 09:27:00+09:00,0.00012360075835506353,0.023561507936507936,0.7569444444444444,2
2026-07-13 09:28:00+09:00,8.664472325140773e-05,0.05493551587301587,0.7647569444444444,2
2026-07-13 09:29:00+09:00,2.939230114154854e-05,0.13355654761904762,0.7879464285714286,2
2026-07-13 09:30:00+09:00,0.00011700619502172716,0.10205853174603174,0.7015128968253967,2
2026-07-13 09:31:00+09:00,-0.00021934034103445694,0.05493551587301587,0.6939484126984127,2
2026-07-13 09:32:00+09:00,2.2626849666229623e-05,0.07862103174603174,0.6626984126984127,2
2026-07-13 09:33:00+09:00,-0.0002073674748460131,0.1259920634920635,0.6939484126984127,2
2026-07-13 09:34:00+09:00,-0.00012478544893767336,0.05505952380952381,0.7016369047619047,2
2026-07-13 09:35:00+09:00,-0.00012103092437520354,0.05493551587301587,0.7250744047619047,2
2026-07-13 09:36:00+09:00,8.038883008895916e-05,0.07874503968253968,0.7566964285714286,2
2026-07-13 09:37:00+09:00,-7.355466581296617e-05,0.08606150793650794,0.7646329365079365,2
2026-07-13 09:38:00+09:00,0.0001285750768990958,0.0625,0.7333829365079365,2
2026-07-13 09:39:00+09:00,-1.164825410162005e-05,0.054811507936507936,0.7413194444444444,2
2026-07-13 09:40:00+09:00,0.00011052022736875339,0.11768353174603174,0.7335069444444444,2
2026-07-13 09:41:00+09:00,-0.00530949479731143,0.10205853174603174,0.7098214285714286,2
2026-07-13 09:42:00+09:00,0.0001474120381021934,0.046875,0.6785714285714286,2
2026-07-13 09:43:00+09:00,3.96753453329161e-05,0.08630952380952381,0.7177579365079365,2
2026-07-13 09:44:00+09:00,-0.00016187881324212337,0.15687003968253968,0.7176339285714286,2
2026-07-13 09:45:00+09:00,-0.00012895715746724862,0.06287202380952381,0.6860119047619047,2
2026-07-13 09:46:00+09:00,4.869680224915156e-05,0.04724702380952381,0.7020089285714286,2
2026-07-13 09:47:00+09:00,0.003216469539140116,0.14905753968253968,0.7255704365079365,2
2026-07-13 09:48:00+09:00,-0.005518300048292203,0.10193452380952381,0.7335069444444444,2
2026-07-13 09:49:00+09:00,4.237836566721442e-05,0.05505952380952381,0.7096974206349206,2
2026-07-13 09:50:00+09:00,1.6611126963166913e-05,0.07068452380952381,0.7491319444444444,2
2026-07-13 09:51:00+09:00,0.00013909053690413608,0.10193452380952381,0.7253224206349207,2
2026-07-13 09:52:00+09:00,0.003137285845967275,0.10205853174603174,0.7492559523809523,2
2026-07-13 09:53:00+09:00,-0.00521431938462184,0.046875,0.7492559523809523,2
2026-07-13 09:54:00+09:00,-4.4889240840301705e-05,0.10230654761904762,0.7099454365079365,2
2026-07-13 09:55:00+09:00,0.0031562890801974898,0.11024305555555555,0.6470734126984127,2
2026-07-13 09:56:00+09:00,-0.005337638598799562,0.015749007936507936,0.6313244047619048,2
2026-07-13 09:57:00+09:00,-0.00026543259150145157,0.11011904761904762,0.6310763888888888,2
2026-07-13 09:58:00+09:00,-0.00012800246647376584,0.11793154761904762,0.7331349206349207,2
2026-07-13 09:59:00+09:00,0.00024264977795943987,0.0390625,0.7721974206349207,2
2026-07-13 10:00:00+09:00,-7.695225900135769e-05,0.14112103174603174,0.8036954365079365,2
2026-07-13 10:01:00+09:00,-0.0001769326554120503,0.10168650793650794,0.7176339285714286,2
2026-07-13 10:02:00+09:00,-0.00011284992584001233,0.039186507936507936,0.7253224206349207,2
2026-07-13 10:03:00+09:00,0.00034910617996556715,0.07837301587301587,0.7411954365079365,2
2026-07-13 10:04:00+09:00,-2.9788050865701862e-05,0.06274801587301587,0.7724454365079365,2
2026-07-13 10:05:00+09:00,-7.748928072927056e-05,0.04724702380952381,0.7881944444444444,2
2026-07-13 10:06:00+09:00,-2.2733236855933037e-05,0.09399801587301587,0.7569444444444444,2
2026-07-13 10:07:00+09:00,6.202051466915882e-05,0.05493551587301587,0.7335069444444444,2
2026-07-13 10:08:00+09:00,0.00012102351511133978,0.11793154761904762,0.6939484126984127,2
2026-07-13 10:09:00+09:00,-0.00016615576796904922,0.10205853174603174,0.7017609126984127,2
2026-07-13 10:10:00+09:00,8.773193423404241e-05,0.08655753968253968,0.6781994047619048,2
2026-07-13 10:11:00+09:00,-0.00014413872355605327,0.09474206349206349,0.6625744047619047,2
2026-07-13 10:12:00+09:00,-9.79427388593332e-05,0.09412202380952381,0.6470734126984127,2
2026-07-13 10:13:00+09:00,-3.1800126854634084e-05,0.04749503968253968,0.6313244047619048,2
2026-07-13 10:14:00+09:00,-0.00015534477479599984,0.10267857142857142,0.6390128968253969,2
2026-07-13 10:15:00+09:00,3.42282473573574e-05,0.06274801587301587,0.6702628968253967,2
2026-07-13 10:16:00+09:00,-3.329330881340923e-05,0.09412202380952381,0.6545138888888888,2
2026-07-13 10:17:00+09:00,-0.0001438402121499519,0.07874503968253968,0.6387648809523809,2
2026-07-13 10:18:00+09:00,6.477708549983893e-05,0.07824900793650794,0.6545138888888888,2
2026-07-13 10:19:00+09:00,9.56156391211619e-05,0.12574404761904762,0.6703869047619047,2
2026-07-13 10:20:00+09:00,-2.8957479536967963e-05,0.13392857142857142,0.6785714285714286,2
2026-07-13 10:21:00+09:00,8.364770487645528e-05,0.05493551587301587,0.6861359126984127,2
2026-07-13 10:22:00+09:00,-3.5822437779357114e-05,0.07849702380952381,0.6862599206349206,2
2026-07-13 10:23:00+09:00,2.2838141366321966e-05,0.10205853174603174,0.7726934523809523,2
2026-07-13 10:24:00+09:00,0.00019803136833127134,0.16517857142857142,0.6705109126984127,2
2026-07-13 10:25:00+09:00,-0.0001455808077837447,0.0703125,0.6783234126984127,2
2026-07-13 10:26:00+09:00,-7.772800256995232e-05,0.07056051587301587,0.6546378968253967,2
2026-07-13 10:27:00+09:00,-3.267032007129701e-05,0.09412202380952381,0.6862599206349207,2
2026-07-13 10:28:00+09:00,3.773631984980951e-05,0.07837301587301587,0.6862599206349207,2
2026-07-13 10:29:00+09:00,0.00015614507074686906,0.08630952380952381,0.6780753968253967,2
2026-07-13 10:30:00+09:00,0.00012263210944027584,0.09424603174603174,0.6939484126984127,2
2026-07-13 10:31:00+09:00,-0.00016133436299705997,0.023685515873015872,0.7017609126984127,2
2026-07-13 10:32:00+09:00,3.6019398990138246e-05,0.07837301587301587,0.7017609126984127,2
2026-07-13 10:33:00+09:00,-4.912193790612565e-05,0.10193452380952381,0.7411954365079365,2
2026-07-13 10:34:00+09:00,-0.00014867548620074668,0.031374007936507936,0.7410714285714286,2
2026-07-13 10:35:00+09:00,-0.0003898178192927294,0.12562003968253968,0.7411954365079365,2
2026-07-13 10:36:00+09:00,2.7608054234469265e-05,0.10193452380952381,0.7493799603174603,2
2026-07-13 10:37:00+09:00,0.0002131033002176959,0.031374007936507936,0.7336309523809523,2
2026-07-13 10:38:00+09:00,5.9139270283458135e-05,0.10974702380952381,0.7650049603174602,2
2026-07-13 10:39:00+09:00,0.00012722454138234529,0.13343253968253968,0.7253224206349207,2
2026-07-13 10:40:00+09:00,-0.0001543930486301752,0.09387400793650794,0.6941964285714286,2
2026-07-13 10:41:00+09:00,0.0003531577126097135,0.03931051587301587,0.6866319444444444,2
2026-07-13 10:42:00+09:00,0.00012332551751377627,0.09412202380952381,0.7495039682539683,2
2026-07-13 10:43:00+09:00,-1.7918243757760643e-05,0.12562003968253968,0.7493799603174602,2
2026-07-13 10:44:00+09:00,-4.791097571919826e-06,0.07068452380952381,0.7255704365079365,2
2026-07-13 10:45:00+09:00,8.921440201072868e-05,0.09412202380952381,0.6941964285714286,2
2026-07-13 10:46:00+09:00,9.78423986542917e-05,0.10962301587301587,0.6783234126984127,2
2026-07-13 10:47:00+09:00,-6.488510530933363e-05,0.055183531746031744,0.6861359126984127,2
2026-07-13 10:48:00+09:00,3.9170352544604654e-05,0.10987103174603174,0.7801339285714285,2
2026-07-13 10:49:00+09:00,5.4269858198400946e-05,0.09387400793650794,0.7490079365079365,2
2026-07-13 10:50:00+09:00,1.8687308056692185e-05,0.07093253968253968,0.7413194444444444,2
2026-07-13 10:51:00+09:00,0.00012070522783371801,0.09437003968253968,0.6781994047619048,2
2026-07-13 10:52:00+09:00,-5.457637059652418e-06,0.07056051587301587,0.7016369047619048,2
2026-07-13 10:53:00+09:00,-9.371929605959354e-05,0.07849702380952381,0.6546378968253967,2
2026-07-13 10:54:00+09:00,0.00017667453901531216,0.10218253968253968,0.7255704365079365,2
2026-07-13 10:55:00+09:00,-0.0005152010761899203,0.09412202380952381,0.6785714285714286,2
2026-07-13 10:56:00+09:00,4.1621270685286184e-05,0.10962301587301587,0.7410714285714286,2
2026-07-13 10:57:00+09:00,-0.00012022447533065913,0.06274801587301587,0.7100694444444444,2
2026-07-13 10:58:00+09:00,-2.250081445020598e-05,0.07874503968253968,0.7255704365079365,2
2026-07-13 10:59:00+09:00,-0.00020503915875678865,0.10987103174603174,0.6784474206349206,2
2026-07-13 11:00:00+09:00,-9.546570363414635e-05,0.06262400793650794,0.7095734126984127,2
2026-07-13 11:01:00+09:00,-6.400464330985113e-05,0.07056051587301587,0.6861359126984127,2
2026-07-13 11:02:00+09:00,-7.877436483656337e-07,0.07849702380952381,0.7021329365079365,2
2026-07-13 11:03:00+09:00,7.651535548353562e-05,0.0390625,0.6943204365079365,2
2026-07-13 11:04:00+09:00,-0.00022318359449110463,0.11793154761904762,0.6865079365079365,2
2026-07-13 11:05:00+09:00,2.3186074346478468e-05,0.08606150793650794,0.6631944444444444,2
2026-07-13 11:06:00+09:00,-2.8835705064025766e-05,0.05505952380952381,0.6550099206349207,2
2026-07-13 11:07:00+09:00,-0.00019351998742972578,0.08630952380952381,0.7098214285714286,2
2026-07-13 11:08:00+09:00,-6.299537953915458e-05,0.07824900793650794,0.7411954365079365,2
2026-07-13 11:09:00+09:00,-4.461401826942199e-05,0.07080853174603174,0.7177579365079365,2
2026-07-13 11:10:00+09:00,-8.735742442007361e-05,0.07080853174603174,0.6781994047619047,2
2026-07-13 11:11:00+09:00,4.4913485748104475e-05,0.07824900793650794,0.6312003968253967,2
2026-07-13 11:12:00+09:00,-6.480828779097664e-05,0.046999007936507936,0.6467013888888888,2
2026-07-13 11:13:00+09:00,6.138905401332471e-05,0.07080853174603174,0.6393849206349207,2
2026-07-13 11:14:00+09:00,-7.513323389169755e-05,0.14136904761904762,0.6388888888888888,2
2026-07-13 11:15:00+09:00,-3.0446466605884274e-05,0.07043650793650794,0.6155753968253969,2
2026-07-13 11:16:00+09:00,6.0090895377347036e-05,0.03931051587301587,0.6077628968253967,2
2026-07-13 11:17:00+09:00,-7.967869982723409e-05,0.11780753968253968,0.7096974206349206,2
2026-07-13 11:18:00+09:00,-2.1463782162697543e-05,0.06274801587301587,0.7255704365079365,2
2026-07-13 11:19:00+09:00,-0.00010107393601696881,0.08606150793650794,0.7335069444444444,2
2026-07-13 11:20:00+09:00,3.821155293487975e-05,0.031374007936507936,0.7333829365079365,2
2026-07-13 11:21:00+09:00,0.00010184939238034163,0.10193452380952381,0.6944444444444444,2
2026-07-13 11:22:00+09:00,-1.2932033766357865e-05,0.10193452380952381,0.6708829365079365,2
2026-07-13 11:23:00+09:00,-2.6512908884463872e-05,0.06274801587301587,0.6552579365079365,2
2026-07-13 11:24:00+09:00,-7.454785185094796e-05,0.10205853174603174,0.6471974206349207,2
2026-07-13 11:25:00+09:00,-7.760845832502848e-05,0.09412202380952381,0.6158234126984127,2
2026-07-13 11:26:00+09:00,-0.00014192308113333618,0.05493551587301587,0.6077628968253967,2
2026-07-13 11:27:00+09:00,-0.00011143516708136847,0.06312003968253968,0.6393849206349207,2
2026-07-13 11:28:00+09:00,-1.9324931538837868e-05,0.10987103174603174,0.7336309523809523,2
2026-07-13 11:29:00+09:00,-0.00014672619047619048,0.7336309523809523,0.0,2
2026-07-13 11:30:00+09:00,0.0,0.0,0.0,2
2026-07-13 12:30:00+09:00,-0.00024240437888996182,0.8588789682539683,0.8588789682539683,2
2026-07-13 12:31:00+09:00,-6.544290811412909e-05,0.05493551587301587,0.8198164682539681,2
2026-07-13 12:32:00+09:00,-9.679617837043343e-05,0.13330853174603174,0.7492559523809523,2
2026-07-13 12:33:00+09:00,0.00010831261737093518,0.11755952380952381,0.7413194444444444,2
2026-07-13 12:34:00+09:00,-0.00013597645458075352,0.09437003968253968,0.7099454365079365,2
2026-07-13 12:35:00+09:00,2.3610569360628047e-05,0.07862103174603174,0.6784474206349206,2
2026-07-13 12:36:00+09:00,0.0032457760403203583,0.07080853174603174,0.7175099206349207,2
2026-07-13 12:37:00+09:00,-0.005577196097012686,0.11755952380952381,0.6941964285714285,2
2026-07-13 12:38:00+09:00,-4.5384279338156696e-05,0.13355654761904762,0.7017609126984127,2
2026-07-13 12:39:00+09:00,6.39123717216239e-05,0.09399801587301587,0.6705109126984127,2
2026-07-13 12:40:00+09:00,-0.00011974187217243863,0.09412202380952381,0.7018849206349207,2
2026-07-13 12:41:00+09:00,6.0361015404816894e-05,0.09424603174603174,0.7333829365079365,2
2026-07-13 12:42:00+09:00,0.0001151395893142036,0.07824900793650794,0.7335069444444444,2
2026-07-13 12:43:00+09:00,6.558859563653328e-05,0.03931051587301587,0.7571924603174602,2
2026-07-13 12:44:00+09:00,-4.49683906772831e-05,0.14186507936507936,0.6780753968253969,2
2026-07-13 12:45:00+09:00,2.737218650254844e-05,0.10962301587301587,0.6468253968253969,2
2026-07-13 12:46:00+09:00,-0.00011611613011130477,0.04712301587301587,0.5997023809523809,2
2026-07-13 12:47:00+09:00,-0.00018801920883154946,0.11011904761904762,0.6626984126984127,2
2026-07-13 12:48:00+09:00,0.0032240391798333047,0.06274801587301587,0.6468253968253967,2
2026-07-13 12:49:00+09:00,9.506415166180267e-05,0.06287202380952381,0.6940724206349207,2
2026-07-13 12:50:00+09:00,6.329300178038678e-05,0.10218253968253968,0.7330109126984127,2
2026-07-13 12:51:00+09:00,3.861677589357725e-05,0.10193452380952381,0.6940724206349207,2
2026-07-13 12:52:00+09:00,8.478005128555077e-05,0.07068452380952381,0.6390128968253967,2
2026-07-13 12:53:00+09:00,-0.00015246486770628545,0.10999503968253968,0.6076388888888888,2
2026-07-13 12:54:00+09:00,-5.010408522460478e-05,0.10181051587301587,0.6310763888888888,2
2026-07-13 12:55:00+09:00,6.331439901968774e-05,0.07862103174603174,0.6469494047619047,2
2026-07-13 12:56:00+09:00,-6.893359552915148e-05,0.09424603174603174,0.6630704365079365,2
2026-07-13 12:57:00+09:00,2.09996917394353e-05,0.07093253968253968,0.6707589285714286,2
2026-07-13 12:58:00+09:00,5.8982094998825984e-05,0.07874503968253968,0.6706349206349207,2
2026-07-13 12:59:00+09:00,5.682473988812516e-05,0.09387400793650794,0.7173859126984127,2
2026-07-13 13:00:00+09:00,1.1915866549590996e-05,0.10230654761904762,0.6783234126984127,2
2026-07-13 13:01:00+09:00,2.5966090372232106e-05,0.03931051587301587,0.6863839285714285,2
2026-07-13 13:02:00+09:00,2.3705831522708244e-05,0.10987103174603174,0.6861359126984127,2
2026-07-13 13:03:00+09:00,-4.689184400869374e-05,0.13343253968253968,0.6940724206349207,2
2026-07-13 13:04:00+09:00,0.00010969631184943285,0.07056051587301587,0.6547619047619047,2
2026-07-13 13:05:00+09:00,-8.923501049793928e-05,0.07849702380952381,0.6548859126984127,2
2026-07-13 13:06:00+09:00,0.003177064738412271,0.10974702380952381,0.6708829365079365,2
2026-07-13 13:07:00+09:00,-0.005229100308222115,0.1253720238095238,0.6238839285714286,2
2026-07-13 13:08:00+09:00,3.8041952491661583e-05,0.07080853174603174,0.6001984126984127,2
2026-07-13 13:09:00+09:00,-0.0001296395386645414,0.08692956349206349,0.5918898809523809,2
2026-07-13 13:10:00+09:00,-2.384557154049589e-06,0.11755952380952381,0.599578373015873,2
2026-07-13 13:11:00+09:00,-4.0725801520183246e-05,0.07093253968253968,0.5601438492063492,2
2026-07-13 13:12:00+09:00,2.3564251018350694e-05,0.1259920634920635,0.5606398809523809,2
2026-07-13 13:13:00+09:00,5.3768069222898976e-05,0.1259920634920635,0.6077628968253967,2
2026-07-13 13:14:00+09:00,-8.990490456479362e-05,0.14149305555555555,0.6393849206349206,2
2026-07-13 13:15:00+09:00,7.343890633126104e-05,0.07093253968253968,0.5999503968253967,2
2026-07-13 13:16:00+09:00,-5.7132563978929355e-05,0.11755952380952381,0.6076388888888888,2
2026-07-13 13:17:00+09:00,-7.939709250431485e-05,0.14124503968253968,0.6075148809523809,2
2026-07-13 13:18:00+09:00,-3.1407746707293355e-05,0.10181051587301587,0.5999503968253967,2
2026-07-13 13:19:00+09:00,4.8444789235433056e-05,0.07862103174603174,0.6314484126984127,2
2026-07-13 13:20:00+09:00,-4.46354336007705e-05,0.10243055555555555,0.6545138888888888,2
2026-07-13 13:21:00+09:00,-5.476217974677253e-05,0.07862103174603174,0.6545138888888888,2
2026-07-13 13:22:00+09:00,2.9836980752704693e-05,0.09412202380952381,0.6543898809523809,2
2026-07-13 13:23:00+09:00,-1.6020770664125214e-05,0.10218253968253968,0.6467013888888888,2
2026-07-13 13:24:00+09:00,1.1013249507530802e-05,0.07105654761904762,0.6545138888888888,2
2026-07-13 13:25:00+09:00,-9.627294487297223e-06,0.13368055555555555,0.6783234126984127,2
2026-07-13 13:26:00+09:00,4.4096033572363665e-05,0.07837301587301587,0.6939484126984127,2
2026-07-13 13:27:00+09:00,-0.0001907007676111812,0.11011904761904762,0.6785714285714286,2
2026-07-13 13:28:00+09:00,7.315414707485015e-05,0.07849702380952381,0.7255704365079365,2
2026-07-13 13:29:00+09:00,-0.00019268712185409187,0.1253720238095238,0.6470734126984127,2
2026-07-13 13:30:00+09:00,3.338712104594195e-05,0.08643353174603174,0.7020089285714285,2
2026-07-13 13:31:00+09:00,-2.6489591996700193e-05,0.10987103174603174,0.6236359126984127,2
2026-07-13 13:32:00+09:00,1.3469821175150344e-05,0.10230654761904762,0.6470734126984127,2
2026-07-13 13:33:00+09:00,9.862435569610505e-05,0.023685515873015872,0.6392609126984127,2
2026-07-13 13:34:00+09:00,4.293426028503492e-05,0.08630952380952381,0.6467013888888888,2
2026-07-13 13:35:00+09:00,-6.53717293299923e-05,0.11024305555555555,0.6309523809523809,2
2026-07-13 13:36:00+09:00,0.0031989859452012793,0.06274801587301587,0.6153273809523809,2
2026-07-13 13:37:00+09:00,-0.005498960896381288,0.08655753968253968,0.5920138888888888,2
2026-07-13 13:38:00+09:00,-5.510491022563239e-05,0.03943452380952381,0.5999503968253967,2
2026-07-13 13:39:00+09:00,2.2511037294788245e-05,0.11024305555555555,0.599578373015873,2
2026-07-13 13:40:00+09:00,-7.111266900228747e-05,0.10999503968253968,0.5999503968253967,2
2026-07-13 13:41:00+09:00,-8.401823613369962e-05,0.12574404761904762,0.5372023809523809,2
2026-07-13 13:42:00+09:00,3.207377007444944e-05,0.11817956349206349,0.5450148809523809,2
2026-07-13 13:43:00+09:00,5.160626414475056e-05,0.07849702380952381,0.560515873015873,2
2026-07-13 13:44:00+09:00,2.2285953051023533e-06,0.10974702380952381,0.5760168650793651,2
2026-07-13 13:45:00+09:00,-3.517201820441993e-05,0.14112103174603174,0.5603918650793651,2
2026-07-13 13:46:00+09:00,4.3336154521088165e-05,0.07862103174603174,0.5606398809523809,2
2026-07-13 13:47:00+09:00,-1.366395178612175e-05,0.06324404761904762,0.5447668650793651,2
2026-07-13 13:48:00+09:00,-2.825216357968835e-05,0.08668154761904762,0.583829365079365,2
2026-07-13 13:49:00+09:00,-9.401526029850213e-06,0.07043650793650794,0.5915178571428571,2
2026-07-13 13:50:00+09:00,2.1382590728850577e-05,0.1416170634920635,0.6703869047619047,2
2026-07-13 13:51:00+09:00,1.6547332263209002e-07,0.1494295634920635,0.6781994047619048,2
2026-07-13 13:52:00+09:00,-4.477017413383231e-05,0.11768353174603174,0.623015873015873,2
2026-07-13 13:53:00+09:00,-5.882695877435997e-05,0.11805555555555555,0.5682043650793651,2
2026-07-13 13:54:00+09:00,3.429516110903843e-05,0.07874503968253968,0.5209573412698413,2
2026-07-13 13:55:00+09:00,-4.303584743319699e-05,0.08655753968253968,0.5760168650793651,2
2026-07-13 13:56:00+09:00,1.9509321674277163e-05,0.1263640873015873,0.5602678571428572,2
2026-07-13 13:57:00+09:00,-9.711293707243961e-05,0.10987103174603174,0.6232638888888888,2
2026-07-13 13:58:00+09:00,2.0933803089327987e-05,0.07837301587301587,0.6232638888888888,2
2026-07-13 13:59:00+09:00,-7.52416360150364e-05,0.14149305555555555,0.6551339285714286,2
2026-07-13 14:00:00+09:00,-4.4148510273496754e-05,0.08643353174603174,0.6785714285714285,2
2026-07-13 14:01:00+09:00,0.0031273686115902404,0.10218253968253968,0.6237599206349207,2
2026-07-13 14:02:00+09:00,3.293073111664324e-05,0.09461805555555555,0.591641865079365,2
2026-07-13 14:03:00+09:00,3.218361409750707e-05,0.07837301587301587,0.5760168650793651,2
2026-07-13 14:04:00+09:00,-5.184866132237309e-05,0.07862103174603174,0.591641865079365,2
2026-07-13 14:05:00+09:00,-7.877353358839812e-05,0.15786210317460317,0.6393849206349206,2
2026-07-13 14:06:00+09:00,-0.00013039104730312219,0.08643353174603174,0.6467013888888888,2
2026-07-13 14:07:00+09:00,-2.405299467590946e-05,0.11011904761904762,0.5837053571428572,2
2026-07-13 14:08:00+09:00,2.322713285281278e-06,0.08630952380952381,0.5760168650793651,2
2026-07-13 14:09:00+09:00,8.366417314016252e-06,0.1728670634920635,0.6228918650793651,2
2026-07-13 14:10:00+09:00,-6.111580537870624e-05,0.1806795634920635,0.5835813492063492,2
2026-07-13 14:11:00+09:00,-5.5002038362639054e-05,0.10218253968253968,0.6227678571428571,2
2026-07-13 14:12:00+09:00,-6.874107899743962e-05,0.08680555555555555,0.5994543650793651,2
2026-07-13 14:13:00+09:00,-1.3601825507854883e-05,0.17311507936507936,0.6941964285714285,2
2026-07-13 14:14:00+09:00,3.448298475601458e-05,0.08643353174603174,0.7176339285714286,2
2026-07-13 14:15:00+09:00,-4.688354037683371e-05,0.10193452380952381,0.6781994047619047,2
2026-07-13 14:16:00+09:00,-6.434191980372562e-05,0.10987103174603174,0.6469494047619048,2
2026-07-13 14:17:00+09:00,-8.87108903439643e-06,0.03943452380952381,0.6233878968253967,2
2026-07-13 14:18:00+09:00,4.308685741998996e-05,0.06274801587301587,0.6548859126984127,2
2026-07-13 14:19:00+09:00,4.549594146138426e-05,0.12562003968253968,0.6706349206349206,2
2026-07-13 14:20:00+09:00,0.00012913730969576736,0.06299603174603174,0.6862599206349206,2
2026-07-13 14:21:00+09:00,2.024465863163769e-05,0.07068452380952381,0.6783234126984127,2
2026-07-13 14:22:00+09:00,9.7804679385474e-05,0.10205853174603174,0.6861359126984127,2
2026-07-13 14:23:00+09:00,-9.760049329120544e-05,0.08618551587301587,0.6941964285714286,2
2026-07-13 14:24:00+09:00,-9.355904532274331e-05,0.08630952380952381,0.6703869047619048,2
2026-07-13 14:25:00+09:00,3.6482457159632125e-05,0.03931051587301587,0.6781994047619047,2
2026-07-13 14:26:00+09:00,6.282594289013226e-05,0.10974702380952381,0.6468253968253967,2
2026-07-13 14:27:00+09:00,6.196440521667345e-05,0.10218253968253968,0.6391369047619048,2
2026-07-13 14:28:00+09:00,3.327353934250758e-05,0.046999007936507936,0.6546378968253969,2
2026-07-13 14:29:00+09:00,-4.528907398886877e-05,0.11011904761904762,0.7332589285714286,2
2026-07-13 14:30:00+09:00,-9.126594319994131e-05,0.12524801587301587,0.7176339285714286,2
2026-07-13 14:31:00+09:00,2.1484142270122942e-05,0.0546875,0.6941964285714285,2
2026-07-13 14:32:00+09:00,-7.361855781190594e-05,0.06287202380952381,0.7099454365079365,2
2026-07-13 14:33:00+09:00,-9.646377342800446e-05,0.09424603174603174,0.7729414682539681,2
2026-07-13 14:34:00+09:00,-6.150448611457698e-05,0.10987103174603174,0.7099454365079365,2
2026-07-13 14:35:00+09:00,1.2348106907026794e-05,0.06262400793650794,0.7254464285714286,2
2026-07-13 14:36:00+09:00,0.00013475785444711053,0.0546875,0.7176339285714286,2
2026-07-13 14:37:00+09:00,-3.305929781974826e-06,0.08643353174603174,0.7566964285714286,2
2026-07-13 14:38:00+09:00,6.716632577037579e-06,0.10205853174603174,0.7335069444444444,2
2026-07-13 14:39:00+09:00,-4.591631240072293e-05,0.046999007936507936,0.7333829365079365,2
2026-07-13 14:40:00+09:00,-7.386479843296063e-05,0.07068452380952381,0.7098214285714286,2
2026-07-13 14:41:00+09:00,-5.6064561798139514e-05,0.10962301587301587,0.6944444444444444,2
2026-07-13 14:42:00+09:00,-7.274693363213948e-05,0.08655753968253968,0.7021329365079365,2
2026-07-13 14:43:00+09:00,-0.0001240490860626761,0.09449404761904762,0.7180059523809523,2
2026-07-13 14:44:00+09:00,-5.3932855152924125e-05,0.10181051587301587,0.6943204365079365,2
2026-07-13 14:45:00+09:00,0.00011691738527340273,0.10999503968253968,0.6629464285714286,2
2026-07-13 14:46:00+09:00,3.550974079996085e-05,0.10987103174603174,0.6783234126984127,2
2026-07-13 14:47:00+09:00,-0.005415782890662758,0.09412202380952381,0.6940724206349207,2
2026-07-13 14:48:00+09:00,-0.00016181320120376084,0.08630952380952381,0.7491319444444444,2
2026-07-13 14:49:00+09:00,-3.086255088954577e-05,0.07874503968253968,0.7490079365079365,2
2026-07-13 14:50:00+09:00,-2.6097813521473735e-05,0.10205853174603174,0.7255704365079365,2
2026-07-13 14:51:00+09:00,-9.08778442409306e-05,0.046999007936507936,0.6941964285714286,2
2026-07-13 14:52:00+09:00,-5.0100095626338904e-05,0.05505952380952381,0.6550099206349207,2
2026-07-13 14:53:00+09:00,9.20519865561938e-06,0.10205853174603174,0.6786954365079365,2
2026-07-13 14:54:00+09:00,-6.896207061427735e-05,0.07080853174603174,0.6706349206349207,2
2026-07-13 14:55:00+09:00,-5.313511292534379e-05,0.07068452380952381,0.6626984126984127,2
2026-07-13 14:56:00+09:00,-2.089200578048826e-05,0.03931051587301587,0.6705109126984127,2
2026-07-13 14:57:00+09:00,2.8707756056418767e-05,0.04724702380952381,0.6706349206349207,2
2026-07-13 14:58:00+09:00,-8.232705099149732e-05,0.08630952380952381,0.7413194444444444,2
2026-07-13 14:59:00+09:00,4.832244325778349e-05,0.09437003968253968,0.7885664682539681,2
2026-07-13 15:00:00+09:00,-5.645954238769957e-05,0.13306051587301587,0.7336309523809523,2
2026-07-13 15:01:00+09:00,0.00015261529424387218,0.07068452380952381,0.6941964285714286,2
2026-07-13 15:02:00+09:00,6.0485138190634386e-05,0.05493551587301587,0.7020089285714286,2
2026-07-13 15:03:00+09:00,-9.704645869806275e-05,0.14112103174603174,0.7960069444444444,2
2026-07-13 15:04:00+09:00,9.075048201485515e-05,0.11011904761904762,0.7806299603174603,2
2026-07-13 15:05:00+09:00,7.013188233874163e-05,0.07849702380952381,0.7648809523809523,2
2026-07-13 15:06:00+09:00,-8.627282622279378e-05,0.09399801587301587,0.7021329365079365,2
2026-07-13 15:07:00+09:00,2.9291936899019752e-05,0.10181051587301587,0.7099454365079365,2
2026-07-13 15:08:00+09:00,8.171164256112501e-05,0.07824900793650794,0.7256944444444444,2
2026-07-13 15:09:00+09:00,1.133310286894691e-05,0.06274801587301587,0.7571924603174603,2
2026-07-13 15:10:00+09:00,5.293097596627913e-05,0.0546875,0.7650049603174603,2
2026-07-13 15:11:00+09:00,7.887279993426163e-05,0.054811507936507936,0.7885664682539683,2
2026-07-13 15:12:00+09:00,0.00011466808952870095,0.07043650793650794,0.8118799603174602,2
2026-07-13 15:13:00+09:00,-9.329831266605534e-06,0.07837301587301587,0.8277529761904762,2
2026-07-13 15:14:00+09:00,-0.0006536071385017704,1.654475559163059,0.9373376623376622,2
2026-07-13 15:15:00+09:00,0.00014807975492479945,0.06501848845598845,0.9663171897546897,2
2026-07-13 15:16:00+09:00,0.00016821853663184184,0.08642451298701298,0.9494137806637806,2
2026-07-13 15:17:00+09:00,6.433218296557266e-05,0.05146329365079365,0.9138235028860029,2
2026-07-13 15:18:00+09:00,-5.307268166333747e-05,0.04273538961038961,0.9048949314574314,2
2026-07-13 15:19:00+09:00,-0.00017684327853153634,0.06059253246753246,0.9476303210678211,2
2026-07-13 15:20:00+09:00,0.00015754839884183852,0.03571428571428571,0.9833446067821068,2
2026-07-13 15:21:00+09:00,-2.472734495710383e-05,0.059314123376623375,1.02703373015873,2
2026-07-13 15:22:00+09:00,-0.00010737997970127456,0.008928571428571428,1.0181051587301586,2
2026-07-13 15:23:00+09:00,-0.00020362103174603174,1.0181051587301586,0.0,2
2026-07-13 15:24:00+09:00,0.0,0.0,0.0,2
2026-07-13 15:30:00+09:00,0.0,0.0,0.0,2
2026-07-14 09:00:00+09:00,0.0,0.0,0.0,2
2026-07-14 09:01:00+09:00,0.0,0.0,0.0,2
2026-07-14 09:02:00+09:00,0.0,0.0,0.0,2
2026-07-14 09:03:00+09:00,0.0,0.0,0.0,2
2026-07-14 09:04:00+09:00,0.0,0.0,0.0,2
2026-07-14 09:05:00+09:00,0.0,0.0,0.0,2
2026-07-14 09:06:00+09:00,0.0,0.0,0.0,2
2026-07-14 09:07:00+09:00,0.0,0.0,0.0,2
2026-07-14 09:08:00+09:00,0.0,0.0,0.0,2
2026-07-14 09:09:00+09:00,0.0,0.0,0.0,2
2026-07-14 09:10:00+09:00,0.0,0.0,0.0,2
2026-07-14 09:11:00+09:00,0.0,0.0,0.0,2
2026-07-14 09:12:00+09:00,0.0,0.0,0.0,2
2026-07-14 09:13:00+09:00,0.0,0.0,0.0,2
2026-07-14 09:14:00+09:00,0.0,0.0,0.0,2
2026-07-14 09:15:00+09:00,0.0009673502332761473,0.8280538302277433,0.8280538302277433,2
2026-07-14 09:16:00+09:00,0.0009078963902170467,0.0644927536231884,0.7635610766045549,2
2026-07-14 09:17:00+09:00,0.0016922908565895364,0.05041407867494824,0.770703933747412,2
2026-07-14 09:18:00+09:00,0.0005538029793845592,0.07153209109730849,0.7850931677018633,2
2026-07-14 09:19:00+09:00,0.0005468308954496744,0.0787784679089027,0.8067287784679089,2
2026-07-14 09:20:00+09:00,-0.0020824917513933413,0.04296066252587992,0.7780538302277433,2
2026-07-14 09:21:00+09:00,-0.0002543972335726705,0.10072463768115941,0.7634575569358177,2
2026-07-14 09:22:00+09:00,-0.0005537298121811061,0.04296066252587992,0.7490683229813664,2
2026-07-14 09:23:00+09:00,-0.0009581682806512105,0.05745341614906832,0.7777432712215321,2
2026-07-14 09:24:00+09:00,0.0010160396236417405,0.10797101449275362,0.7130434782608696,2
2026-07-14 09:25:00+09:00,-0.00018594258268166103,0.08581780538302278,0.6415113871635612,2
2026-07-14 09:26:00+09:00,0.0003841148374184228,0.02142857142857143,0.6343685300207039,2
2026-07-14 09:27:00+09:00,-4.3499166732530815e-05,0.12204968944099379,0.6843685300207039,2
2026-07-14 09:28:00+09:00,-8.933606606724915e-05,0.12919254658385093,0.7562111801242236,2
2026-07-14 09:29:00+09:00,4.10477252554884e-05,0.10755693581780539,0.7204968944099379,2
2026-07-14 09:30:00+09:00,-0.0011946848824225544,0.08612836438923395,0.677639751552795,2
2026-07-14 09:31:00+09:00,-0.0003489495883023497,0.04285714285714286,0.6919254658385092,2
2026-07-14 09:32:00+09:00,-0.0006681138730575928,0.0644927536231884,0.6990683229813665,2
2026-07-14 09:33:00+09:00,8.531778525645e-05,0.10031055900621118,0.727743271221532,2
2026-07-14 09:34:00+09:00,-0.0008254142411266394,0.05714285714285714,0.7134575569358178,2
2026-07-14 09:35:00+09:00,-0.0003463393456690308,0.10031055900621118,0.6847826086956521,2
2026-07-14 09:36:00+09:00,0.0008676694208605661,0.08602484472049689,0.6991718426501035,2
2026-07-14 09:37:00+09:00,0.0003757955203530102,0.07153209109730849,0.6847826086956522,2
2026-07-14 09:38:00+09:00,0.0004627385701837589,0.09296066252587991,0.7063146997929606,2
2026-07-14 09:39:00+09:00,-0.0002830477115168781,0.07194616977225674,0.677639751552795,2
2026-07-14 09:40:00+09:00,0.0009108355577252306,0.09316770186335403,0.6561076604554865,2
2026-07-14 09:41:00+09:00,0.00042192087349066695,0.0644927536231884,0.6630434782608696,2
2026-07-14 09:42:00+09:00,0.0007404589433521196,0.10041407867494824,0.7063146997929606,2
2026-07-14 09:43:00+09:00,-0.00010698582252840095,0.07153209109730849,0.7064182194616977,2
2026-07-14 09:44:00+09:00,-0.0010059749463947748,0.0789855072463768,0.670703933747412,2
2026-07-14 09:45:00+09:00,-0.0007048686605312075,0.10755693581780539,0.6347826086956522,2
2026-07-14 09:46:00+09:00,0.00035921721900846783,0.05031055900621118,0.5987577639751552,2
2026-07-14 09:47:00+09:00,-0.00012135815967246819,0.08592132505175984,0.6559006211180124,2
2026-07-14 09:48:00+09:00,-0.000520884036212833,0.10020703933747412,0.6989648033126294,2
2026-07-14 09:49:00+09:00,-0.00032071497412358637,0.07888198757763976,0.6633540372670808,2
2026-07-14 09:50:00+09:00,-0.0008008988137016729,0.08592132505175984,0.6778467908902692,2
2026-07-14 09:51:00+09:00,0.0006433186840647246,0.07173913043478261,0.6922360248447205,2
2026-07-14 09:52:00+09:00,-0.0006754835377331308,0.07857142857142857,0.6850931677018633,2
2026-07-14 09:53:00+09:00,-0.0008301352554351132,0.04285714285714286,0.7279503105590062,2
2026-07-14 09:54:00+09:00,-0.0015186637453735831,0.10745341614906832,0.7349896480331263,2
2026-07-14 09:55:00+09:00,-0.00017651523659804102,0.1217391304347826,0.6991718426501035,2
2026-07-14 09:56:00+09:00,-0.0007100251103556957,0.07184265010351967,0.6703933747412008,2
2026-07-14 09:57:00+09:00,-0.0005908110284113161,0.03571428571428571,0.6918219461697723,2
2026-07-14 09:58:00+09:00,6.376989231924248e-05,0.1505175983436853,0.6988612836438923,2
2026-07-14 09:59:00+09:00,-0.0005596458608234333,0.13623188405797101,0.6346790890269152,2
2026-07-14 10:00:00+09:00,8.242306870205111e-05,0.06459627329192547,0.6272256728778467,2
2026-07-14 10:01:00+09:00,-0.0002822957780982463,0.04296066252587992,0.641614906832298,2
2026-07-14 10:02:00+09:00,0.0006029628056171523,0.08602484472049689,0.6704968944099379,2
2026-07-14 10:03:00+09:00,-0.00038029996836635624,0.05745341614906832,0.670600414078675,2
2026-07-14 10:04:00+09:00,0.00040797553794593854,0.05020703933747412,0.6777432712215321,2
2026-07-14 10:05:00+09:00,0.0010014407671889013,0.08612836438923395,0.6201863354037267,2
2026-07-14 10:06:00+09:00,-0.0005524510750659156,0.07184265010351967,0.6489648033126294,2
2026-07-14 10:07:00+09:00,0.00012531021445285956,0.09296066252587991,0.6417184265010352,2
2026-07-14 10:08:00+09:00,0.0006842983488144695,0.08623188405797101,0.6561076604554865,2
2026-07-14 10:09:00+09:00,0.0004114961251841876,0.05745341614906832,0.6274327122153209,2
2026-07-14 10:10:00+09:00,-0.00023949013262953035,0.10020703933747412,0.6562111801242236,2
2026-07-14 10:11:00+09:00,0.0003049180493127799,0.1005175983436853,0.6418219461697723,2
2026-07-14 10:12:00+09:00,-0.00033560519550059845,0.0644927536231884,0.6777432712215321,2
2026-07-14 10:13:00+09:00,0.0007083757805127523,0.05745341614906832,0.6774327122153209,2
2026-07-14 10:14:00+09:00,-0.000711039761616341,0.10766045548654245,0.6991718426501035,2
2026-07-14 10:15:00+09:00,-0.0003678386884572902,0.07888198757763976,0.6492753623188405,2
2026-07-14 10:16:00+09:00,-0.0004552219643719141,0.09347826086956522,0.5843685300207039,2
2026-07-14 10:17:00+09:00,-1.3260739642154183e-05,0.02867494824016563,0.5699792960662526,2
2026-07-14 10:18:00+09:00,0.00021730213219471348,0.07173913043478261,0.59824016563147,2
2026-07-14 10:19:00+09:00,0.0004058514546171481,0.10766045548654245,0.6201863354037267,2
2026-07-14 10:20:00+09:00,0.0004172369495933459,0.05010351966873706,0.6417184265010352,2
2026-07-14 10:21:00+09:00,0.00037796980811779975,0.06469979296066253,0.6490683229813665,2
2026-07-14 10:22:00+09:00,-0.000999075951187436,0.17215320910973084,0.5771221532091098,2
2026-07-14 10:23:00+09:00,0.00010138304167644965,0.10031055900621118,0.5339544513457557,2
2026-07-14 10:24:00+09:00,-0.0005962425968292214,0.035817805383022774,0.5412008281573499,2
2026-07-14 10:25:00+09:00,-0.00024047353516362888,0.10755693581780539,0.6059006211180125,2
2026-07-14 10:26:00+09:00,-0.0003851628630035223,0.10786749482401656,0.6419254658385093,2
2026-07-14 10:27:00+09:00,0.0005658124648316019,0.0644927536231884,0.5917184265010352,2
2026-07-14 10:28:00+09:00,-0.0004729755020119483,0.04296066252587992,0.6059006211180125,2
2026-07-14 10:29:00+09:00,0.0008351584400732202,0.07163561076604555,0.6059006211180125,2
2026-07-14 10:30:00+09:00,-0.00037205748135870893,0.11480331262939958,0.6057971014492753,2
2026-07-14 10:31:00+09:00,0.00019034579636286475,0.0644927536231884,0.5698757763975155,2
2026-07-14 10:32:00+09:00,0.0003039593119837215,0.04296066252587992,0.5699792960662526,2
2026-07-14 10:33:00+09:00,0.0006444080589952345,0.07215320910973085,0.6131469979296067,2
2026-07-14 10:34:00+09:00,0.0003852492868442024,0.07867494824016563,0.6489648033126294,2
2026-07-14 10:35:00+09:00,0.00015548726315157055,0.08633540372670807,0.6485507246376812,2
2026-07-14 10:36:00+09:00,0.0002525601190823353,0.10020703933747412,0.6056935817805382,2
2026-07-14 10:37:00+09:00,-9.418704338843473e-05,0.11459627329192547,0.5625258799171842,2
2026-07-14 10:38:00+09:00,-0.0003679925391072249,0.05745341614906832,0.5338509316770186,2
2026-07-14 10:39:00+09:00,0.000593342494875939,0.09296066252587991,0.5266045548654245,2
2026-07-14 10:40:00+09:00,0.00014932008804948016,0.12225672877846791,0.6057971014492753,2
2026-07-14 10:41:00+09:00,-0.001042976186369259,0.07184265010351967,0.634575569358178,2
2026-07-14 10:42:00+09:00,-0.0007320273920857575,0.12204968944099379,0.6127329192546584,2
2026-07-14 10:43:00+09:00,-4.356806048672419e-05,0.12204968944099379,0.5915113871635611,2
2026-07-14 10:44:00+09:00,-0.0003894774736268625,0.08612836438923395,0.5627329192546584,2
2026-07-14 10:45:00+09:00,-0.00012804749214651243,0.0789855072463768,0.5698757763975155,2
2026-07-14 10:46:00+09:00,0.0006636496937930948,0.0789855072463768,0.6057971014492753,2
2026-07-14 10:47:00+09:00,-0.000362410384439307,0.13643892339544514,0.5981366459627329,2
2026-07-14 10:48:00+09:00,6.887898583665829e-05,0.0644927536231884,0.5624223602484473,2
2026-07-14 10:49:00+09:00,0.0004983869766297173,0.10041407867494824,0.5338509316770186,2
2026-07-14 10:50:00+09:00,5.4604906356185675e-05,0.12225672877846791,0.5985507246376811,2
2026-07-14 10:51:00+09:00,0.0001015843072279736,0.08612836438923395,0.5983436853002071,2
2026-07-14 10:52:00+09:00,0.00023522026710663007,0.12919254658385093,0.5407867494824017,2
2026-07-14 10:53:00+09:00,-3.7837772804812186e-05,0.08592132505175984,0.5836438923395445,2
2026-07-14 10:54:00+09:00,0.0004507578466791334,0.10031055900621118,0.5694616977225673,2
2026-07-14 10:55:00+09:00,0.0004155186155889693,0.12939958592132506,0.6129399585921325,2
2026-07-14 10:56:00+09:00,0.0002533225085495941,0.10766045548654245,0.5769151138716356,2
2026-07-14 10:57:00+09:00,0.00017093133238748435,0.08633540372670807,0.5338509316770186,2
2026-07-14 10:58:00+09:00,-0.0002828946320876605,0.07194616977225674,0.5625258799171843,2
2026-07-14 10:59:00+09:00,0.00011674667579059805,0.1150103519668737,0.6056935817805382,2
2026-07-14 11:00:00+09:00,-0.0007298019164780953,0.129296066252588,0.591304347826087,2
2026-07-14 11:01:00+09:00,-0.00020542168086295126,0.07163561076604555,0.5915113871635611,2
2026-07-14 11:02:00+09:00,0.00012799732926387872,0.11542443064182195,0.5769151138716356,2
2026-07-14 11:03:00+09:00,0.00041268523685707224,0.08602484472049689,0.5910973084886129,2
2026-07-14 11:04:00+09:00,4.428465907945233e-05,0.08612836438923395,0.5768115942028985,2
2026-07-14 11:05:00+09:00,0.0003282933096228537,0.06469979296066253,0.5986542443064182,2
2026-07-14 11:06:00+09:00,-0.00025627358897684066,0.08623188405797101,0.5412008281573499,2
2026-07-14 11:07:00+09:00,1.4624118513668298e-05,0.014389233954451346,0.5555900621118012,2
2026-07-14 11:08:00+09:00,0.0003956592887931437,0.07173913043478261,0.5842650103519669,2
2026-07-14 11:09:00+09:00,0.0006353859319558103,0.17215320910973084,0.6562111801242236,2
2026-07-14 11:10:00+09:00,0.0002938547239552101,0.05041407867494824,0.6200828157349896,2
2026-07-14 11:11:00+09:00,0.00030059355032769,0.02857142857142857,0.6057971014492753,2
2026-07-14 11:12:00+09:00,-3.943165105287772e-05,0.10031055900621118,0.591407867494824,2
2026-07-14 11:13:00+09:00,0.0002023846614645335,0.09368530020703934,0.55527950310559,2
2026-07-14 11:14:00+09:00,-0.00010266664433311052,0.07163561076604555,0.5124223602484472,2
2026-07-14 11:15:00+09:00,-0.0005348331886747493,0.07194616977225674,0.4835403726708075,2
2026-07-14 11:16:00+09:00,0.00028708628183891693,0.08623188405797101,0.5409937888198757,2
2026-07-14 11:17:00+09:00,0.00014238956226917147,0.14337474120082816,0.5837474120082815,2
2026-07-14 11:18:00+09:00,0.0003338870412910429,0.1508281573498965,0.5770186335403726,2
2026-07-14 11:19:00+09:00,9.601474692674458e-05,0.10797101449275362,0.5268115942028986,2
2026-07-14 11:20:00+09:00,-8.28766287090961e-05,0.05020703933747412,0.5484472049689442,2
2026-07-14 11:21:00+09:00,0.0004349790403741413,0.10082815734989647,0.5625258799171843,2
2026-07-14 11:22:00+09:00,-0.00021101193044534142,0.12225672877846791,0.5408902691511387,2
2026-07-14 11:23:00+09:00,0.00028941612894495006,0.035817805383022774,0.5479296066252588,2
2026-07-14 11:24:00+09:00,0.00013413388687291054,0.12950310559006212,0.5480331262939958,2
2026-07-14 11:25:00+09:00,3.6505110110015165e-05,0.10786749482401656,0.5697722567287785,2
2026-07-14 11:26:00+09:00,0.00025102061301545623,0.06480331262939959,0.5913043478260869,2
2026-07-14 11:27:00+09:00,-0.000231130376560229,0.10062111801242236,0.634575569358178,2
2026-07-14 11:28:00+09:00,-0.00039026097317951985,0.0865424430641822,0.6343685300207039,2
2026-07-14 11:29:00+09:00,-0.00012687370600414079,0.6343685300207039,0.0,2
2026-07-14 11:30:00+09:00,0.0,0.0,0.0,2
2026-07-14 12:30:00+09:00,-0.0006914907590845503,0.7778467908902691,0.7778467908902691,2
2026-07-14 12:31:00+09:00,0.0005835096060771959,0.04285714285714286,0.7349896480331263,2
2026-07-14 12:32:00+09:00,0.0005836104644147363,0.06438923395445134,0.6848861283643892,2
2026-07-14 12:33:00+09:00,0.0005014631153330893,0.08602484472049689,0.7135610766045548,2
2026-07-14 12:34:00+09:00,-0.00032568835573849376,0.0644927536231884,0.677639751552795,2
2026-07-14 12:35:00+09:00,-0.00012522291629319234,0.05734989648033126,0.7062111801242237,2
2026-07-14 12:36:00+09:00,-0.00069666060402149,0.08592132505175984,0.6917184265010352,2
2026-07-14 12:37:00+09:00,0.0003552327109485746,0.09316770186335403,0.7275362318840579,2
2026-07-14 12:38:00+09:00,-0.00042361962482263945,0.1289855072463768,0.6416149068322982,2
2026-07-14 12:39:00+09:00,0.000553640504452588,0.04316770186335404,0.6560041407867495,2
2026-07-14 12:40:00+09:00,0.0006653718496241172,0.08612836438923395,0.6560041407867495,2
2026-07-14 12:41:00+09:00,0.00048676429986182677,0.17929606625258798,0.6775362318840579,2
2026-07-14 12:42:00+09:00,-0.0005348539686617056,0.02163561076604555,0.6703933747412009,2
2026-07-14 12:43:00+09:00,-0.00014842048016850312,0.07173913043478261,0.6702898550724637,2
2026-07-14 12:44:00+09:00,-7.45729620750923e-05,0.1722567287784679,0.6268115942028986,2
2026-07-14 12:45:00+09:00,-0.00019871330923553507,0.06438923395445134,0.60527950310559,2
2026-07-14 12:46:00+09:00,-3.642636374135981e-05,0.05745341614906832,0.6198757763975156,2
2026-07-14 12:47:00+09:00,-0.0003182405043455943,0.12225672877846791,0.6702898550724637,2
2026-07-14 12:48:00+09:00,0.00036961600606418205,0.11480331262939958,0.6701863354037267,2
2026-07-14 12:49:00+09:00,-0.00016155826697929535,0.0789855072463768,0.6342650103519669,2
2026-07-14 12:50:00+09:00,-0.00036291509166950863,0.1005175983436853,0.6057971014492753,2
2026-07-14 12:51:00+09:00,-0.000255339729211774,0.10072463768115941,0.591407867494824,2
2026-07-14 12:52:00+09:00,9.863454682456468e-05,0.07888198757763976,0.5698757763975155,2
2026-07-14 12:53:00+09:00,9.585404330569998e-05,0.0644927536231884,0.5913043478260869,2
2026-07-14 12:54:00+09:00,-0.0002599169960156127,0.13695652173913042,0.5696687370600414,2
2026-07-14 12:55:00+09:00,7.755084160751778e-05,0.13623188405797101,0.5767080745341615,2
2026-07-14 12:56:00+09:00,0.00027442469804886237,0.06469979296066253,0.5981366459627329,2
2026-07-14 12:57:00+09:00,-0.0003647975175471493,0.1365424430641822,0.5769151138716356,2
2026-07-14 12:58:00+09:00,-1.6958339852261275e-05,0.06459627329192547,0.59824016563147,2
2026-07-14 12:59:00+09:00,-0.00026901972690318246,0.0644927536231884,0.6198757763975156,2
2026-07-14 13:00:00+09:00,0.0008137673189375958,0.1577639751552795,0.677639751552795,2
2026-07-14 13:01:00+09:00,-0.0002164054778208272,0.11511387163561076,0.6198757763975156,2
2026-07-14 13:02:00+09:00,-0.00028544018206259035,0.08602484472049689,0.5481366459627329,2
2026-07-14 13:03:00+09:00,0.00022049100009040312,0.035921325051759836,0.55527950310559,2
2026-07-14 13:04:00+09:00,0.0004691845784587643,0.12204968944099379,0.5916149068322981,2
2026-07-14 13:05:00+09:00,0.00047735860692256396,0.15786749482401657,0.6057971014492753,2
2026-07-14 13:06:00+09:00,-1.1543908147887747e-06,0.10062111801242236,0.5480331262939959,2
2026-07-14 13:07:00+09:00,5.6996681170457816e-05,0.06469979296066253,0.5263975155279503,2
2026-07-14 13:08:00+09:00,4.021817982851676e-06,0.10766045548654245,0.5334368530020703,2
2026-07-14 13:09:00+09:00,0.00020632203764101844,0.09316770186335403,0.5404761904761904,2
2026-07-14 13:10:00+09:00,0.00013219357451237752,0.11469979296066252,0.5980331262939959,2
2026-07-14 13:11:00+09:00,-4.150430120061292e-05,0.12939958592132506,0.5835403726708075,2
2026-07-14 13:12:00+09:00,-0.00018845122067672805,0.10797101449275362,0.6339544513457558,2
2026-07-14 13:13:00+09:00,0.00028685644964650416,0.07194616977225674,0.6197722567287784,2
2026-07-14 13:14:00+09:00,0.00027470362654461014,0.07908902691511387,0.6125258799171842,2
2026-07-14 13:15:00+09:00,-2.5126533867455594e-05,0.10072463768115941,0.5550724637681159,2
2026-07-14 13:16:00+09:00,-0.00012542054921193272,0.12204968944099379,0.5336438923395446,2
2026-07-14 13:17:00+09:00,-9.315999462134803e-05,0.0572463768115942,0.505175983436853,2
2026-07-14 13:18:00+09:00,0.00011911582459349125,0.07929606625258799,0.5412008281573499,2
2026-07-14 13:19:00+09:00,-0.00026249011452621993,0.13633540372670808,0.5340579710144927,2
2026-07-14 13:20:00+09:00,-0.00027632663117967956,0.12194616977225672,0.5839544513457557,2
2026-07-14 13:21:00+09:00,-0.0001735905914654482,0.1508281573498965,0.5910973084886129,2
2026-07-14 13:22:00+09:00,-6.777005574805664e-06,0.12204968944099379,0.6127329192546584,2
2026-07-14 13:23:00+09:00,4.368924571010917e-05,0.09358178053830228,0.5912008281573499,2
2026-07-14 13:24:00+09:00,-2.1774816875609126e-05,0.07194616977225674,0.5910973084886129,2
2026-07-14 13:25:00+09:00,-0.00039217717590520935,0.10766045548654245,0.5409937888198757,2
2026-07-14 13:26:00+09:00,-0.00020397155922317062,0.11459627329192547,0.5123188405797101,2
2026-07-14 13:27:00+09:00,-0.00010058316772020133,0.10786749482401656,0.4765010351966874,2
2026-07-14 13:28:00+09:00,-6.359330333857215e-06,0.08612836438923395,0.5195652173913043,2
2026-07-14 13:29:00+09:00,4.2649712692834427e-05,0.1505175983436853,0.5266045548654243,2
2026-07-14 13:30:00+09:00,-0.00011619118470079062,0.12225672877846791,0.49068322981366463,2
2026-07-14 13:31:00+09:00,-7.956337714665848e-05,0.08612836438923395,0.4616977225672878,2
2026-07-14 13:32:00+09:00,6.287651738018997e-05,0.07173913043478261,0.49057971014492746,2
2026-07-14 13:33:00+09:00,-0.0002843265056743622,0.09358178053830228,0.5696687370600415,2
2026-07-14 13:34:00+09:00,-0.00035330271301988185,0.14409937888198757,0.5698757763975155,2
2026-07-14 13:35:00+09:00,2.5292422267105106e-05,0.049999999999999996,0.5627329192546584,2
2026-07-14 13:36:00+09:00,-0.00046533130981926647,0.08612836438923395,0.5627329192546584,2
2026-07-14 13:37:00+09:00,-2.9623234878743568e-05,0.09347826086956522,0.584368530020704,2
2026-07-14 13:38:00+09:00,-0.00012785518101788985,0.10031055900621118,0.5840579710144926,2
2026-07-14 13:39:00+09:00,0.00019055415507093892,0.10766045548654245,0.5770186335403726,2
2026-07-14 13:40:00+09:00,0.0002072250780472909,0.0789855072463768,0.5986542443064182,2
2026-07-14 13:41:00+09:00,-0.000454156930831408,0.08592132505175984,0.6274327122153209,2
2026-07-14 13:42:00+09:00,-0.00030377452805698994,0.07888198757763976,0.6487577639751554,2
2026-07-14 13:43:00+09:00,0.00022728944123838056,0.11490683229813664,0.6777432712215321,2
2026-07-14 13:44:00+09:00,-0.0004938838483729481,0.07908902691511387,0.6415113871635612,2
2026-07-14 13:45:00+09:00,-0.00029266677960811295,0.12939958592132506,0.5980331262939959,2
2026-07-14 13:46:00+09:00,0.00010417043066591168,0.08633540372670807,0.5547619047619048,2
2026-07-14 13:47:00+09:00,-8.70988916972397e-05,0.11490683229813664,0.5694616977225673,2
2026-07-14 13:48:00+09:00,-0.0002158496542214969,0.10062111801242236,0.5549689440993788,2
2026-07-14 13:49:00+09:00,4.351448179209132e-06,0.07194616977225674,0.5691511387163561,2
2026-07-14 13:50:00+09:00,1.583087150161373e-05,0.10062111801242236,0.6122153209109731,2
2026-07-14 13:51:00+09:00,0.00015199734138347668,0.14347826086956522,0.6126293995859213,2
2026-07-14 13:52:00+09:00,0.0005497622300042595,0.08633540372670807,0.6275362318840579,2
2026-07-14 13:53:00+09:00,-0.0010887654065351705,0.05734989648033126,0.6134575569358178,2
2026-07-14 13:54:00+09:00,-0.0005909231615316888,0.12194616977225672,0.6062111801242236,2
2026-07-14 13:55:00+09:00,-0.00043028244093847864,0.05755693581780538,0.5917184265010351,2
2026-07-14 13:56:00+09:00,-0.00023468890772663392,0.0932712215320911,0.5555900621118012,2
2026-07-14 13:57:00+09:00,-1.2335656538133578e-05,0.09316770186335403,0.548343685300207,2
2026-07-14 13:58:00+09:00,0.00025075389840632003,0.10062111801242236,0.5626293995859213,2
2026-07-14 13:59:00+09:00,0.00015017352065500088,0.1365424430641822,0.6128364389233955,2
2026-07-14 14:00:00+09:00,9.156390399031952e-05,0.11469979296066252,0.6126293995859213,2
2026-07-14 14:01:00+09:00,-0.00010951026169206326,0.08612836438923395,0.5840579710144927,2
2026-07-14 14:02:00+09:00,-0.0005107091789156366,0.1005175983436853,0.5986542443064182,2
2026-07-14 14:03:00+09:00,-6.812257189082523e-05,0.05755693581780538,0.584368530020704,2
2026-07-14 14:04:00+09:00,-0.00019426893948902148,0.11521739130434783,0.55527950310559,2
2026-07-14 14:05:00+09:00,-0.00020207903608642,0.08612836438923395,0.55527950310559,2
2026-07-14 14:06:00+09:00,-0.0001999522515369181,0.09337474120082816,0.5623188405797102,2
2026-07-14 14:07:00+09:00,-6.352549487797544e-05,0.10062111801242236,0.5766045548654244,2
2026-07-14 14:08:00+09:00,-0.0002178707062526858,0.10755693581780539,0.5980331262939959,2
2026-07-14 14:09:00+09:00,-0.00037297637482602326,0.07888198757763976,0.5909937888198757,2
2026-07-14 14:10:00+09:00,-0.0002657420096611835,0.1437888198757764,0.6633540372670808,2
2026-07-14 14:11:00+09:00,-0.00036438545378604146,0.0932712215320911,0.6562111801242236,2
2026-07-14 14:12:00+09:00,-0.0002905897621828808,0.1077639751552795,0.6057971014492753,2
2026-07-14 14:13:00+09:00,-0.00016168073607528656,0.043064182194616975,0.6200828157349897,2
2026-07-14 14:14:00+09:00,0.00040647503622450446,0.12908902691511387,0.6056935817805382,2
2026-07-14 14:15:00+09:00,-5.5455030203799426e-05,0.07173913043478261,0.6055900621118012,2
2026-07-14 14:16:00+09:00,-0.00020670835506251222,0.0932712215320911,0.5839544513457557,2
2026-07-14 14:17:00+09:00,0.00013001972424671687,0.15093167701863353,0.5769151138716356,2
2026-07-14 14:18:00+09:00,-0.0002925694403115886,0.05755693581780538,0.5769151138716355,2
2026-07-14 14:19:00+09:00,-2.9624524154526433e-05,0.07184265010351967,0.5916149068322982,2
2026-07-14 14:20:00+09:00,-0.0006158080218479422,0.14389233954451347,0.6487577639751553,2
2026-07-14 14:21:00+09:00,-0.00014741342760253947,0.1150103519668737,0.6055900621118012,2
2026-07-14 14:22:00+09:00,5.828467838925945e-05,0.0572463768115942,0.6056935817805382,2
2026-07-14 14:23:00+09:00,-2.057808060743548e-05,0.0932712215320911,0.5699792960662526,2
2026-07-14 14:24:00+09:00,-0.0004304518282288324,0.10082815734989647,0.5703933747412009,2
2026-07-14 14:25:00+09:00,3.347618917660464e-05,0.08623188405797101,0.5700828157349896,2
2026-07-14 14:26:00+09:00,-0.00016674852578108605,0.08592132505175984,0.5986542443064182,2
2026-07-14 14:27:00+09:00,0.00014348694138999516,0.09316770186335403,0.591407867494824,2
2026-07-14 14:28:00+09:00,-0.0001744717436553138,0.08623188405797101,0.6633540372670808,2
2026-07-14 14:29:00+09:00,-0.0008584712143047784,0.07163561076604555,0.6490683229813665,2
2026-07-14 14:30:00+09:00,0.0005306436467449698,0.13643892339544514,0.6275362318840579,2
2026-07-14 14:31:00+09:00,-0.0004733432305950564,0.057660455486542445,0.5841614906832298,2
2026-07-14 14:32:00+09:00,4.497126596469726e-05,0.06428571428571428,0.5484472049689441,2
2026-07-14 14:33:00+09:00,0.0005359653842701733,0.08623188405797101,0.5916149068322982,2
2026-07-14 14:34:00+09:00,-0.0005557821187695779,0.06469979296066253,0.5559006211180124,2
2026-07-14 14:35:00+09:00,-0.000126221231986256,0.129296066252588,0.5696687370600414,2
2026-07-14 14:36:00+09:00,0.0003554751008137956,0.08612836438923395,0.5410973084886128,2
2026-07-14 14:37:00+09:00,0.00023684546404028345,0.06469979296066253,0.5770186335403726,2
2026-07-14 14:38:00+09:00,0.00022539508315062737,0.07184265010351967,0.6060041407867495,2
2026-07-14 14:39:00+09:00,0.00018411591387467125,0.1005175983436853,0.677536231884058,2
2026-07-14 14:40:00+09:00,0.0003316486519695492,0.0789855072463768,0.6991718426501035,2
2026-07-14 14:41:00+09:00,-0.0007362773851162131,0.1217391304347826,0.7635610766045549,2
2026-07-14 14:42:00+09:00,-0.0002980550519667503,0.17939958592132504,0.5986542443064182,2
2026-07-14 14:43:00+09:00,-0.00013887137224850442,0.06469979296066253,0.5625258799171843,2
2026-07-14 14:44:00+09:00,0.0001744693906504221,0.05031055900621118,0.5697722567287784,2
2026-07-14 14:45:00+09:00,-0.00020083318825426264,0.15093167701863353,0.6055900621118012,2
2026-07-14 14:46:00+09:00,-6.184158774378443e-05,0.09347826086956522,0.6129399585921325,2
2026-07-14 14:47:00+09:00,-0.000406821431286073,0.06469979296066253,0.6200828157349897,2
2026-07-14 14:48:00+09:00,9.569650732712843e-05,0.1077639751552795,0.6272256728778469,2
2026-07-14 14:49:00+09:00,6.377129722476908e-06,0.09337474120082816,0.5912008281573499,2
2026-07-14 14:50:00+09:00,-0.00020833868414599753,0.05031055900621118,0.6272256728778467,2
2026-07-14 14:51:00+09:00,-3.86273313239862e-05,0.06459627329192547,0.6056935817805382,2
2026-07-14 14:52:00+09:00,-0.00017897100504775924,0.10072463768115941,0.591304347826087,2
2026-07-14 14:53:00+09:00,-5.851335394208075e-05,0.06469979296066253,0.5837474120082815,2
2026-07-14 14:54:00+09:00,0.00010556597775143455,0.10031055900621118,0.598343685300207,2
2026-07-14 14:55:00+09:00,0.00019273624469922138,0.09358178053830228,0.6057971014492753,2
2026-07-14 14:56:00+09:00,-0.0003458215927536048,0.12194616977225672,0.5987577639751553,2
2026-07-14 14:57:00+09:00,9.637124800885029e-05,0.08643892339544514,0.5841614906832299,2
2026-07-14 14:58:00+09:00,0.0001851455179417766,0.06438923395445134,0.591407867494824,2
2026-07-14 14:59:00+09:00,-0.0005264691477687107,0.14306418219461697,0.634472049689441,2
2026-07-14 15:00:00+09:00,0.0002101856907824414,0.129296066252588,0.6490683229813665,2
2026-07-14 15:01:00+09:00,4.0383940429923405e-05,0.07173913043478261,0.5916149068322981,2
2026-07-14 15:02:00+09:00,-9.402830614987492e-06,0.1077639751552795,0.6128364389233955,2
2026-07-14 15:03:00+09:00,-0.00023839712850504672,0.07142857142857142,0.641407867494824,2
2026-07-14 15:04:00+09:00,-0.00016070647123173713,0.10734989648033126,0.6771221532091096,2
2026-07-14 15:05:00+09:00,-3.5077876573052727e-05,0.12908902691511387,0.6917184265010352,2
2026-07-14 15:06:00+09:00,-0.0006337196791926165,0.1077639751552795,0.6702898550724637,2
2026-07-14 15:07:00+09:00,1.7660772648318e-05,0.09306418219461697,0.6486542443064182,2
2026-07-14 15:08:00+09:00,-5.496855627561497e-05,0.09316770186335403,0.6559006211180124,2
2026-07-14 15:09:00+09:00,4.56666655495145e-05,0.10041407867494824,0.6418219461697723,2
2026-07-14 15:10:00+09:00,4.3710257094852934e-05,0.06480331262939959,0.6631469979296066,2
2026-07-14 15:11:00+09:00,-0.00021062646683501986,0.0932712215320911,0.6988612836438923,2
2026-07-14 15:12:00+09:00,-8.050395441651866e-05,0.07888198757763976,0.7061076604554866,2
2026-07-14 15:13:00+09:00,9.111189911521852e-05,0.043374741200828154,0.7349896480331263,2
2026-07-14 15:14:00+09:00,-0.0009885567892330813,1.2378745263486854,0.9072327044025156,2
2026-07-14 15:15:00+09:00,-4.442438077111329e-05,0.10461454657517004,0.9744608079308653,2
2026-07-14 15:16:00+09:00,-0.0001619066326937498,0.07549535355113697,0.8989654543797283,2
2026-07-14 15:17:00+09:00,-0.00039667244966970445,0.0680742737346511,0.8825633379776119,2
2026-07-14 15:18:00+09:00,5.3995575307610566e-05,0.051497454327643,0.9009071534912387,2
2026-07-14 15:19:00+09:00,0.0003377976946740667,0.07302954542495149,0.9411324661119574,2
2026-07-14 15:20:00+09:00,0.00027827335975170504,0.05680213202772678,0.9979345981396842,2
2026-07-14 15:21:00+09:00,0.00011304885272312617,0.06377028616569223,1.0144078978779552,2
2026-07-14 15:22:00+09:00,-2.1967058260583303e-05,0.04938105221124089,1.0637889500891962,2
2026-07-14 15:23:00+09:00,-0.00021275779001783923,1.0637889500891962,0.0,2
2026-07-14 15:24:00+09:00,0.0,0.0,0.0,2
2026-07-14 15:30:00+09:00,0.0,0.0,0.0,2
2026-07-15 09:00:00+09:00,0.0,0.0,0.0,2
2026-07-15 09:01:00+09:00,0.0,0.0,0.0,2
2026-07-15 09:02:00+09:00,0.0,0.0,0.0,2
2026-07-15 09:03:00+09:00,0.0,0.0,0.0,2
2026-07-15 09:04:00+09:00,0.0,0.0,0.0,2
2026-07-15 09:05:00+09:00,0.0,0.0,0.0,2
2026-07-15 09:06:00+09:00,0.0,0.0,0.0,2
2026-07-15 09:07:00+09:00,0.0,0.0,0.0,2
2026-07-15 09:08:00+09:00,0.0,0.0,0.0,2
2026-07-15 09:09:00+09:00,0.0,0.0,0.0,2
2026-07-15 09:10:00+09:00,0.0,0.0,0.0,2
2026-07-15 09:11:00+09:00,0.0,0.0,0.0,2
2026-07-15 09:12:00+09:00,0.0,0.0,0.0,2
2026-07-15 09:13:00+09:00,0.0,0.0,0.0,2
2026-07-15 09:14:00+09:00,0.0,0.0,0.0,2
2026-07-15 09:15:00+09:00,5.5163124363797784e-05,0.8397271952259164,0.8397271952259164,2
2026-07-15 09:16:00+09:00,-0.00047970739345070513,0.058077578857630006,0.7816496163682864,2
2026-07-15 09:17:00+09:00,5.919121303882838e-05,0.07289002557544758,0.7232523444160273,2
2026-07-15 09:18:00+09:00,-0.00010459688033478233,0.058184143222506396,0.7087595907928388,2
2026-07-15 09:19:00+09:00,-0.0003671692127955774,0.02919863597612958,0.6940537084398977,2
2026-07-15 09:20:00+09:00,-1.3924611105426627e-05,0.10208866155157716,0.7232523444160273,2
2026-07-15 09:21:00+09:00,0.00019349966242181762,0.10219522591645354,0.7084398976982098,2
2026-07-15 09:22:00+09:00,0.0005970200397687827,0.07299658994032396,0.7230392156862745,2
2026-07-15 09:23:00+09:00,-8.068804823242928e-05,0.08024296675191817,0.7448849104859335,2
2026-07-15 09:24:00+09:00,-0.0004948964781869168,0.12404092071611253,0.7231457800511509,2
2026-07-15 09:25:00+09:00,8.747201081438723e-05,0.07289002557544758,0.694160272804774,2
2026-07-15 09:26:00+09:00,0.0001140070516739597,0.08024296675191817,0.6431159420289855,2
2026-07-15 09:27:00+09:00,-6.147396149556753e-05,0.07299658994032396,0.6285166240409208,2
2026-07-15 09:28:00+09:00,-2.0209287887994533e-05,0.07289002557544758,0.6572890025575447,2
2026-07-15 09:29:00+09:00,-0.00018305627525699725,0.10933503836317135,0.6937340153452685,2
2026-07-15 09:30:00+09:00,-0.0002566686988568143,0.1170076726342711,0.7231457800511509,2
2026-07-15 09:31:00+09:00,-0.00016888795232889697,0.05104433077578858,0.7157928388746804,2
2026-07-15 09:32:00+09:00,-0.0001256067473454424,0.09494884910485933,0.7523444160272805,2
2026-07-15 09:33:00+09:00,1.0764027056197756e-05,0.08024296675191817,0.7304987212276215,2
2026-07-15 09:34:00+09:00,-0.00016316821112464052,0.07299658994032396,0.7303921568627451,2
2026-07-15 09:35:00+09:00,-6.970118445098093e-06,0.03665814151747655,0.7376385336743393,2
2026-07-15 09:36:00+09:00,-0.00018120570411921065,0.05861040068201193,0.7376385336743393,2
2026-07-15 09:37:00+09:00,0.0004360487090986305,0.06564364876385337,0.7158994032395567,2
2026-07-15 09:38:00+09:00,7.270480926597263e-05,0.05115089514066496,0.7086530264279625,2
2026-07-15 09:39:00+09:00,0.00042112237073297395,0.08759590792838874,0.6941602728047741,2
2026-07-15 09:40:00+09:00,-0.0002553552472897766,0.06553708439897699,0.701086956521739,2
2026-07-15 09:41:00+09:00,-0.00028324764531209546,0.06553708439897699,0.6937340153452685,2
2026-07-15 09:42:00+09:00,-0.00039647481166708566,0.15323955669224212,0.7009803921568627,2
2026-07-15 09:43:00+09:00,-8.943265541805335e-05,0.08738277919863598,0.6575021312872975,2
2026-07-15 09:44:00+09:00,0.00029462471617777215,0.09494884910485933,0.6354433077578857,2
2026-07-15 09:45:00+09:00,6.177957178596793e-05,0.06564364876385337,0.6431159420289856,2
2026-07-15 09:46:00+09:00,-6.122732110670798e-06,0.07320971867007672,0.6577152600170503,2
2026-07-15 09:47:00+09:00,0.00010869334196180566,0.11658141517476556,0.6287297527706734,2
2026-07-15 09:48:00+09:00,-0.00016320006315323057,0.07278346121057118,0.6139173060528559,2
2026-07-15 09:49:00+09:00,-7.840885647866335e-05,0.05093776641091219,0.6211636828644501,2
2026-07-15 09:50:00+09:00,0.00030261338240021167,0.08759590792838874,0.6648550724637681,2
2026-07-15 09:51:00+09:00,3.455796912203188e-05,0.07278346121057118,0.6210571184995737,2
2026-07-15 09:52:00+09:00,8.218888698646519e-05,0.07310315430520034,0.6504688832054561,2
2026-07-15 09:53:00+09:00,9.884546701784073e-05,0.06564364876385337,0.6140238704177323,2
2026-07-15 09:54:00+09:00,0.00014244942722649518,0.09505541346973571,0.577152600170503,2
2026-07-15 09:55:00+09:00,-7.096857252241934e-05,0.0872762148337596,0.6644288150042625,2
2026-07-15 09:56:00+09:00,0.00016919909339948745,0.10922847399829497,0.6572890025575446,2
2026-07-15 09:57:00+09:00,0.00011212327146374639,0.12414748508098891,0.7085464620630861,2
2026-07-15 09:58:00+09:00,-0.0001562864683262853,0.03655157715260017,0.7158994032395567,2
2026-07-15 09:59:00+09:00,-0.0002846051790293144,0.101768968456948,0.7302855924978686,2
2026-07-15 10:00:00+09:00,2.093720461410734e-05,0.05850383631713555,0.7306052855924978,2
2026-07-15 10:01:00+09:00,-3.9468316450793116e-05,0.05850383631713555,0.7015132139812447,2
2026-07-15 10:02:00+09:00,-6.736852312384009e-05,0.04379795396419437,0.6869138959931798,2
2026-07-15 10:03:00+09:00,0.00019354416845344477,0.08024296675191817,0.6505754475703325,2
2026-07-15 10:04:00+09:00,-0.00016978435031507813,0.05850383631713555,0.6357630008525148,2
2026-07-15 10:05:00+09:00,2.323780885020614e-05,0.03655157715260017,0.6281969309462916,2
2026-07-15 10:06:00+09:00,-0.0004314206780596054,0.09494884910485933,0.6208439897698209,2
2026-07-15 10:07:00+09:00,-0.00020306362598932615,0.09505541346973571,0.6283034953111679,2
2026-07-15 10:08:00+09:00,-7.480232617840759e-06,0.13171355498721227,0.6430093776641091,2
2026-07-15 10:09:00+09:00,-0.0002741333533581115,0.08045609548167093,0.6211636828644501,2
2026-07-15 10:10:00+09:00,5.341400798267805e-05,0.07289002557544758,0.6062446717817562,2
2026-07-15 10:11:00+09:00,1.7745728712285823e-05,0.08770247229326514,0.6208439897698209,2
2026-07-15 10:12:00+09:00,-0.00010311324984424935,0.10208866155157716,0.6061381074168798,2
2026-07-15 10:13:00+09:00,9.087249738157356e-05,0.06564364876385337,0.6283034953111679,2
2026-07-15 10:14:00+09:00,0.0004567862260721451,0.08802216538789429,0.6138107416879794,2
2026-07-15 10:15:00+09:00,-1.3043361630597792e-05,0.1460997442455243,0.6578218243819267,2
2026-07-15 10:16:00+09:00,3.1663324417894626e-05,0.06564364876385337,0.6648550724637681,2
2026-07-15 10:17:00+09:00,-0.00020861732050582937,0.08056265984654731,0.6573955669224212,2
2026-07-15 10:18:00+09:00,0.00012482230397304624,0.03655157715260017,0.6939471440750212,2
2026-07-15 10:19:00+09:00,-0.00010458886532094555,0.05850383631713555,0.6793478260869565,2
2026-07-15 10:20:00+09:00,-1.2530561735833288e-06,0.10944160272804775,0.6719948849104859,2
2026-07-15 10:21:00+09:00,0.00023105499834114558,0.04369138959931799,0.6575021312872975,2
2026-07-15 10:22:00+09:00,0.0001501828396399531,0.10944160272804775,0.6646419437340154,2
2026-07-15 10:23:00+09:00,-0.000277839112738802,0.08759590792838874,0.6503623188405797,2
2026-07-15 10:24:00+09:00,1.65257022755266e-05,0.06575021312872975,0.5991048593350383,2
2026-07-15 10:25:00+09:00,0.0004003895259223239,0.09505541346973571,0.6355498721227621,2
2026-07-15 10:26:00+09:00,0.00010703237395962556,0.03655157715260017,0.6429028132992327,2
2026-07-15 10:27:00+09:00,5.9897168937961174e-05,0.11668797953964194,0.643009377664109,2
2026-07-15 10:28:00+09:00,1.1089619490824187e-06,0.03665814151747655,0.6357630008525149,2
2026-07-15 10:29:00+09:00,-5.032660961742738e-05,0.08738277919863598,0.6504688832054561,2
2026-07-15 10:30:00+09:00,-0.0001592366848132331,0.07299658994032396,0.6942668371696504,2
2026-07-15 10:31:00+09:00,0.00020319614002355145,0.0944160272804774,0.6725277067348678,2
2026-07-15 10:32:00+09:00,-0.0001394983198445274,0.10198209718670077,0.6436487638533674,2
2026-07-15 10:33:00+09:00,0.0001012021209392924,0.04390451832907076,0.5997442455242967,2
2026-07-15 10:34:00+09:00,-9.195641444772425e-05,0.08748934356351236,0.6137041773231031,2
2026-07-15 10:35:00+09:00,-0.00012537535639213637,0.06564364876385337,0.6209505541346974,2
2026-07-15 10:36:00+09:00,9.644353300968451e-05,0.07299658994032396,0.577152600170503,2
2026-07-15 10:37:00+09:00,6.394559817480682e-05,0.05871696504688832,0.5625532821824382,2
2026-07-15 10:38:00+09:00,6.537898651668725e-06,0.08034953111679455,0.5847186700767264,2
2026-07-15 10:39:00+09:00,-0.00035807032081864226,0.07299658994032396,0.5993179880647912,2
2026-07-15 10:40:00+09:00,7.506329814124158e-06,0.10944160272804775,0.6503623188405796,2
2026-07-15 10:41:00+09:00,-6.132986821081751e-05,0.08024296675191817,0.6138107416879796,2
2026-07-15 10:42:00+09:00,-2.884025817193757e-05,0.08056265984654731,0.5916453537936914,2
2026-07-15 10:43:00+09:00,-0.00029948484187141403,0.05839727195225916,0.5916453537936914,2
2026-07-15 10:44:00+09:00,0.0002025261385784934,0.08034953111679455,0.6280903665814151,2
2026-07-15 10:45:00+09:00,0.00010081985615873942,0.10219522591645354,0.6284100596760444,2
2026-07-15 10:46:00+09:00,0.00014454813667036476,0.05115089514066496,0.6354433077578858,2
2026-07-15 10:47:00+09:00,0.0001985442221027782,0.07289002557544758,0.650149190110827,2
2026-07-15 10:48:00+09:00,5.624535485803068e-05,0.12393435635123615,0.6427962489343564,2
2026-07-15 10:49:00+09:00,-0.00011033068714989998,0.16080562659846548,0.5845055413469736,2
2026-07-15 10:50:00+09:00,-1.9999483108802104e-05,0.06585677749360613,0.5917519181585678,2
2026-07-15 10:51:00+09:00,-8.463225862807788e-05,0.0726768968456948,0.5625532821824383,2
2026-07-15 10:52:00+09:00,8.919342628114337e-05,0.09494884910485933,0.6430093776641091,2
2026-07-15 10:53:00+09:00,6.0091108673981934e-05,0.09494884910485933,0.5919650468883206,2
2026-07-15 10:54:00+09:00,-6.32732932742263e-05,0.05861040068201193,0.6211636828644501,2
2026-07-15 10:55:00+09:00,-0.00012349738258725233,0.10230179028132992,0.5480605285592498,2
2026-07-15 10:56:00+09:00,3.74900513294246e-05,0.07310315430520034,0.5623401534526854,2
2026-07-15 10:57:00+09:00,-3.788202297409234e-05,0.09505541346973571,0.5258951406649617,2
2026-07-15 10:58:00+09:00,8.930839690655875e-05,0.08034953111679455,0.547847399829497,2
2026-07-15 10:59:00+09:00,-6.909762611865445e-05,0.09494884910485933,0.5554134697357205,2
2026-07-15 11:00:00+09:00,-0.00016106704552794617,0.09505541346973571,0.5626598465473145,2
2026-07-15 11:01:00+09:00,4.0549579448924573e-05,0.04401108269394714,0.562766410912191,2
2026-07-15 11:02:00+09:00,-1.0433355766562518e-05,0.11679454390451832,0.5627664109121909,2
2026-07-15 11:03:00+09:00,0.00010357057033772942,0.11711423699914748,0.5479539641943734,2
2026-07-15 11:04:00+09:00,2.8201643372184067e-05,0.10965473145780051,0.5263213981244671,2
2026-07-15 11:05:00+09:00,0.00019556724162730107,0.06575021312872975,0.5626598465473146,2
2026-07-15 11:06:00+09:00,7.493321087774537e-05,0.10986786018755328,0.5700127877237852,2
2026-07-15 11:07:00+09:00,2.309029717865664e-05,0.09494884910485933,0.6355498721227621,2
2026-07-15 11:08:00+09:00,-0.00010273122225391337,0.09473572037510657,0.598998294970162,2
2026-07-15 11:09:00+09:00,-2.7919491607074573e-05,0.1024083546462063,0.58461210571185,2
2026-07-15 11:10:00+09:00,-0.000146747155939367,0.07289002557544758,0.5556265984654731,2
2026-07-15 11:11:00+09:00,-2.1276981137212196e-05,0.13927962489343562,0.5188618925831203,2
2026-07-15 11:12:00+09:00,6.640125857616848e-05,0.04390451832907076,0.5335677749360614,2
2026-07-15 11:13:00+09:00,-5.398872392753765e-05,0.07310315430520034,0.5625532821824382,2
2026-07-15 11:14:00+09:00,3.492862321951282e-05,0.10965473145780051,0.5696930946291561,2
2026-07-15 11:15:00+09:00,-9.025343310491565e-05,0.06564364876385337,0.5479539641943734,2
2026-07-15 11:16:00+09:00,1.585575332762956e-05,0.06585677749360613,0.5699062233589087,2
2026-07-15 11:17:00+09:00,-0.0002141225921783691,0.08802216538789429,0.5407075873827791,2
2026-07-15 11:18:00+09:00,-0.00011979873566755287,0.04369138959931799,0.5554134697357204,2
2026-07-15 11:19:00+09:00,-0.0002286647674987157,0.0733162830349531,0.5407075873827791,2
2026-07-15 11:20:00+09:00,9.954839690601695e-05,0.06553708439897699,0.6062446717817562,2
2026-07-15 11:21:00+09:00,8.202585369134833e-05,0.036231884057971016,0.598998294970162,2
2026-07-15 11:22:00+09:00,8.457001263741824e-06,0.10208866155157716,0.5994245524296675,2
2026-07-15 11:23:00+09:00,-1.3786774818633498e-05,0.09452259164535379,0.5483802216538789,2
2026-07-15 11:24:00+09:00,2.2465917004002682e-05,0.06553708439897699,0.5557331628303495,2
2026-07-15 11:25:00+09:00,-0.00011786108549487488,0.06575021312872975,0.5628729752770674,2
2026-07-15 11:26:00+09:00,6.820415819952336e-05,0.07971014492753624,0.6135976129582268,2
2026-07-15 11:27:00+09:00,-2.2216582221369568e-05,0.07299658994032396,0.6573955669224212,2
2026-07-15 11:28:00+09:00,7.059603418045745e-05,0.1170076726342711,0.7157928388746803,2
2026-07-15 11:29:00+09:00,-0.00014315856777493606,0.7157928388746803,0.0,2
2026-07-15 11:30:00+09:00,0.0,0.0,0.0,2
2026-07-15 12:30:00+09:00,-8.257215162030898e-05,0.7816496163682864,0.7816496163682864,2
2026-07-15 12:31:00+09:00,-0.00029827985991593374,0.05829070758738278,0.7233589087809037,2
2026-07-15 12:32:00+09:00,-7.720726937285191e-05,0.05136402387041773,0.7158994032395567,2
2026-07-15 12:33:00+09:00,-8.534646998679852e-05,0.08024296675191817,0.6940537084398977,2
2026-07-15 12:34:00+09:00,-0.0001314269007075042,0.10230179028132992,0.6648550724637681,2
2026-07-15 12:35:00+09:00,-6.834923142519279e-05,0.08024296675191817,0.6138107416879796,2
2026-07-15 12:36:00+09:00,-7.185802663756776e-05,0.04379795396419437,0.6284100596760442,2
2026-07-15 12:37:00+09:00,1.71364611518437e-05,0.06575021312872975,0.6651747655583973,2
2026-07-15 12:38:00+09:00,-0.00016634974767974173,0.11658141517476556,0.6798806479113384,2
2026-07-15 12:39:00+09:00,-2.3734142032082557e-05,0.10954816709292413,0.6140238704177323,2
2026-07-15 12:40:00+09:00,5.9970316282106405e-05,0.03644501278772379,0.592071611253197,2
2026-07-15 12:41:00+09:00,-0.0001690057289515916,0.09484228473998295,0.6138107416879796,2
2026-07-15 12:42:00+09:00,-8.347788555936724e-05,0.08013640238704177,0.6792412617220802,2
2026-07-15 12:43:00+09:00,1.0069587158609944e-05,0.0654305200341006,0.671994884910486,2
2026-07-15 12:44:00+09:00,3.655164959518901e-05,0.11647485080988917,0.6868073316283034,2
2026-07-15 12:45:00+09:00,4.754892716440587e-05,0.1170076726342711,0.6137041773231031,2
2026-07-15 12:46:00+09:00,4.331697320479234e-05,0.021845694799658994,0.6210571184995738,2
2026-07-15 12:47:00+09:00,0.0001110929829370355,0.0654305200341006,0.5991048593350384,2
2026-07-15 12:48:00+09:00,5.8276592436169745e-05,0.09473572037510657,0.62116368286445,2
2026-07-15 12:49:00+09:00,-5.589878142914127e-05,0.11668797953964194,0.5918584825234441,2
2026-07-15 12:50:00+09:00,3.466814119150154e-05,0.08034953111679455,0.5701193520886616,2
2026-07-15 12:51:00+09:00,4.781246549081551e-05,0.1024083546462063,0.5408141517476556,2
2026-07-15 12:52:00+09:00,5.693424680237634e-05,0.12393435635123615,0.577152600170503,2
2026-07-15 12:53:00+09:00,1.2327792778132877e-05,0.06564364876385337,0.5407075873827792,2
2026-07-15 12:54:00+09:00,-0.0001544861557044053,0.08770247229326514,0.5700127877237852,2
2026-07-15 12:55:00+09:00,6.820736925330939e-05,0.08002983802216539,0.5918584825234441,2
2026-07-15 12:56:00+09:00,-3.904816752289949e-05,0.08748934356351236,0.5917519181585678,2
2026-07-15 12:57:00+09:00,7.770539549289972e-05,0.12393435635123615,0.5554134697357204,2
2026-07-15 12:58:00+09:00,-1.5392429061014248e-05,0.08013640238704177,0.5628729752770674,2
2026-07-15 12:59:00+09:00,-0.00010613842417326112,0.09516197783461211,0.5994245524296675,2
2026-07-15 13:00:00+09:00,7.007875177151131e-06,0.08770247229326514,0.6432225063938619,2
2026-07-15 13:01:00+09:00,-1.7344977734573855e-05,0.08770247229326514,0.5994245524296675,2
2026-07-15 13:02:00+09:00,3.3380979024745973e-06,0.06575021312872975,0.5628729752770674,2
2026-07-15 13:03:00+09:00,7.94614994002398e-05,0.08024296675191817,0.5845055413469736,2
2026-07-15 13:04:00+09:00,-3.104035795551056e-05,0.06575021312872975,0.6210571184995737,2
2026-07-15 13:05:00+09:00,-5.9366190608962195e-05,0.11668797953964194,0.6356564364876385,2
2026-07-15 13:06:00+09:00,-1.7121347560631225e-06,0.09484228473998295,0.6424765558397272,2
2026-07-15 13:07:00+09:00,0.00011288195000660636,0.07310315430520034,0.6571824381926683,2
2026-07-15 13:08:00+09:00,-0.00020073461947813637,0.07299658994032396,0.671994884910486,2
2026-07-15 13:09:00+09:00,0.00011065079677813841,0.08024296675191817,0.6211636828644502,2
2026-07-15 13:10:00+09:00,7.545755393441135e-06,0.05861040068201193,0.5919650468883205,2
2026-07-15 13:11:00+09:00,-7.5259989106542865e-06,0.10219522591645354,0.5187553282182438,2
2026-07-15 13:12:00+09:00,5.0612294425995976e-05,0.06606990622335891,0.5115089514066496,2
2026-07-15 13:13:00+09:00,-9.981001360538674e-05,0.10230179028132992,0.5549872122762147,2
2026-07-15 13:14:00+09:00,2.606759285521538e-05,0.13139386189258312,0.5987851662404091,2
2026-07-15 13:15:00+09:00,7.1092916230020384e-06,0.09505541346973571,0.547847399829497,2
2026-07-15 13:16:00+09:00,-4.802273754869906e-05,0.09494884910485933,0.5407075873827792,2
2026-07-15 13:17:00+09:00,-9.511167123619329e-05,0.05861040068201193,0.5554134697357204,2
2026-07-15 13:18:00+09:00,1.5042111101427372e-05,0.05850383631713555,0.5700127877237853,2
2026-07-15 13:19:00+09:00,4.357384857190797e-05,0.1315004262574595,0.5842924126172208,2
2026-07-15 13:20:00+09:00,-6.190588423656588e-05,0.11679454390451832,0.5845055413469735,2
2026-07-15 13:21:00+09:00,-3.4168447346187446e-05,0.08024296675191817,0.577152600170503,2
2026-07-15 13:22:00+09:00,8.677010732520765e-05,0.1460997442455243,0.6066709292412618,2
2026-07-15 13:23:00+09:00,-3.968043700155027e-05,0.07289002557544758,0.5776854219948849,2
2026-07-15 13:24:00+09:00,-0.00013549511233760112,0.07310315430520034,0.5926044330775788,2
2026-07-15 13:25:00+09:00,-0.0001151995897033983,0.10219522591645354,0.6361892583120204,2
2026-07-15 13:26:00+09:00,4.994246707978539e-05,0.09494884910485933,0.6286231884057971,2
2026-07-15 13:27:00+09:00,-4.5272821186375114e-05,0.0806692242114237,0.6212702472293266,2
2026-07-15 13:28:00+09:00,-3.643565419597419e-05,0.05104433077578858,0.5994245524296675,2
2026-07-15 13:29:00+09:00,-1.3178553747501964e-05,0.08770247229326514,0.5699062233589087,2
2026-07-15 13:30:00+09:00,-5.86517051771223e-05,0.1097612958226769,0.5481670929241261,2
2026-07-15 13:31:00+09:00,-7.756625443105177e-06,0.05850383631713555,0.5335677749360614,2
2026-07-15 13:32:00+09:00,6.00276734027549e-05,0.1025149190110827,0.5484867860187552,2
2026-07-15 13:33:00+09:00,-0.00010987689519977206,0.05104433077578858,0.5848252344416027,2
2026-07-15 13:34:00+09:00,6.175919970420691e-05,0.09505541346973571,0.5626598465473146,2
2026-07-15 13:35:00+09:00,-9.069500550003951e-05,0.058077578857630006,0.5625532821824382,2
2026-07-15 13:36:00+09:00,-4.36195661112597e-05,0.04369138959931799,0.5480605285592498,2
2026-07-15 13:37:00+09:00,2.4351326323139257e-05,0.07299658994032396,0.5479539641943734,2
2026-07-15 13:38:00+09:00,-7.069340945068954e-05,0.06575021312872975,0.5116155157715261,2
2026-07-15 13:39:00+09:00,3.0138513295008482e-05,0.07310315430520034,0.5408141517476556,2
2026-07-15 13:40:00+09:00,-0.00016060294762626997,0.10933503836317135,0.5337809036658141,2
2026-07-15 13:41:00+09:00,-0.00015928715354996252,0.12404092071611253,0.5994245524296675,2
2026-07-15 13:42:00+09:00,-4.1026439062857154e-05,0.08770247229326514,0.5701193520886616,2
2026-07-15 13:43:00+09:00,9.071966306674051e-05,0.15323955669224212,0.6063512361466326,2
2026-07-15 13:44:00+09:00,-8.228255311771393e-05,0.05829070758738278,0.5772591645353793,2
2026-07-15 13:45:00+09:00,8.290759632775029e-05,0.10965473145780051,0.5554134697357203,2
2026-07-15 13:46:00+09:00,0.00011534238532301538,0.1025149190110827,0.5407075873827791,2
2026-07-15 13:47:00+09:00,-0.00012053701254252254,0.06575021312872975,0.547847399829497,2
2026-07-15 13:48:00+09:00,-1.09944870601881e-05,0.10219522591645354,0.533461210571185,2
2026-07-15 13:49:00+09:00,-5.317567977686734e-05,0.09505541346973571,0.540920716112532,2
2026-07-15 13:50:00+09:00,-1.6648215245164652e-05,0.05861040068201193,0.5262148337595908,2
2026-07-15 13:51:00+09:00,-3.362484329450632e-05,0.12404092071611253,0.5624467178175618,2
2026-07-15 13:52:00+09:00,-3.2142652440586636e-05,0.05125745950554135,0.5700127877237853,2
2026-07-15 13:53:00+09:00,-0.00012563262525605486,0.050831202046035806,0.5483802216538789,2
2026-07-15 13:54:00+09:00,-5.862690843501652e-05,0.08812872975277067,0.5484867860187553,2
2026-07-15 13:55:00+09:00,-8.600187547146551e-05,0.05104433077578858,0.5703324808184144,2
2026-07-15 13:56:00+09:00,2.2018075138431062e-05,0.08780903665814152,0.5703324808184143,2
2026-07-15 13:57:00+09:00,0.00012172440161560434,0.09505541346973571,0.5773657289002558,2
2026-07-15 13:58:00+09:00,5.0814746572855523e-05,0.05839727195225916,0.6210571184995738,2
2026-07-15 13:59:00+09:00,0.00014499497679462637,0.10944160272804775,0.7304987212276215,2
2026-07-15 14:00:00+09:00,-0.0003617082633476699,0.11658141517476556,0.7596973572037511,2
2026-07-15 14:01:00+09:00,0.00021166061634043322,0.10933503836317135,0.6795609548167092,2
2026-07-15 14:02:00+09:00,-0.00010534562895580264,0.058184143222506396,0.6358695652173914,2
2026-07-15 14:03:00+09:00,-0.00021501022068510194,0.05115089514066496,0.6431159420289856,2
2026-07-15 14:04:00+09:00,-0.00026976867266990446,0.08780903665814152,0.6721014492753623,2
2026-07-15 14:05:00+09:00,-2.9800523876491835e-05,0.079923273657289,0.6648550724637681,2
2026-07-15 14:06:00+09:00,0.00040039025804324306,0.1170076726342711,0.5917519181585678,2
2026-07-15 14:07:00+09:00,7.736054922465816e-05,0.08045609548167093,0.6285166240409207,2
2026-07-15 14:08:00+09:00,0.00011370644524194406,0.06564364876385337,0.6210571184995737,2
2026-07-15 14:09:00+09:00,-0.0001712483736793651,0.12425404944586531,0.6430093776641091,2
2026-07-15 14:10:00+09:00,1.8969865935537235e-05,0.08748934356351236,0.6284100596760444,2
2026-07-15 14:11:00+09:00,-1.1412705979165386e-05,0.09494884910485933,0.6502557544757033,2
2026-07-15 14:12:00+09:00,-3.1132164854682144e-05,0.10922847399829497,0.5994245524296675,2
2026-07-15 14:13:00+09:00,-0.00010129886211911085,0.08748934356351236,0.6142369991474851,2
2026-07-15 14:14:00+09:00,-7.979595167352539e-05,0.05850383631713555,0.6145566922421142,2
2026-07-15 14:15:00+09:00,-0.00019903475507100792,0.09473572037510657,0.6506820119352088,2
2026-07-15 14:16:00+09:00,8.604280680366016e-05,0.07299658994032396,0.6211636828644501,2
2026-07-15 14:17:00+09:00,0.00016874917428003191,0.07278346121057118,0.6357630008525149,2
2026-07-15 14:18:00+09:00,-6.60850966609102e-05,0.10933503836317135,0.58461210571185,2
2026-07-15 14:19:00+09:00,5.2994332776957386e-05,0.05104433077578858,0.5770460358056266,2
2026-07-15 14:20:00+09:00,-2.1627038160645428e-05,0.04379795396419437,0.5918584825234441,2
2026-07-15 14:21:00+09:00,4.6811827768775883e-05,0.14588661551577153,0.6211636828644501,2
2026-07-15 14:22:00+09:00,-3.635393244317589e-05,0.08759590792838874,0.5921781756180733,2
2026-07-15 14:23:00+09:00,-6.946924140705515e-05,0.09516197783461211,0.5554134697357203,2
2026-07-15 14:24:00+09:00,2.852159340299477e-05,0.06553708439897699,0.5772591645353793,2
2026-07-15 14:25:00+09:00,-9.220687036951556e-05,0.1024083546462063,0.577152600170503,2
2026-07-15 14:26:00+09:00,-9.911427542705132e-05,0.12457374254049446,0.598998294970162,2
2026-07-15 14:27:00+09:00,-3.1062822260808035e-05,0.10965473145780051,0.605924978687127,2
2026-07-15 14:28:00+09:00,0.00012556844817701652,0.10219522591645354,0.635230179028133,2
2026-07-15 14:29:00+09:00,-2.4980731256547555e-05,0.08780903665814152,0.650149190110827,2
2026-07-15 14:30:00+09:00,-0.0001061091211921129,0.07289002557544758,0.6940537084398977,2
2026-07-15 14:31:00+09:00,7.64183664065952e-05,0.03655157715260017,0.7011935208866156,2
2026-07-15 14:32:00+09:00,4.9877939855519e-05,0.10944160272804775,0.6791346973572038,2
2026-07-15 14:33:00+09:00,6.969414748436783e-05,0.08024296675191817,0.6575021312872975,2
2026-07-15 14:34:00+09:00,5.241013668158244e-05,0.09516197783461211,0.6354433077578857,2
2026-07-15 14:35:00+09:00,-9.627160786505912e-05,0.10230179028132992,0.650149190110827,2
2026-07-15 14:36:00+09:00,2.4354058554128076e-07,0.11732736572890025,0.5769394714407502,2
2026-07-15 14:37:00+09:00,-0.00010313408807375683,0.06585677749360613,0.5549872122762148,2
2026-07-15 14:38:00+09:00,0.00011043953829810828,0.06575021312872975,0.5623401534526855,2
2026-07-15 14:39:00+09:00,3.896282960905632e-05,0.10262148337595908,0.6210571184995738,2
2026-07-15 14:40:00+09:00,-0.00022228034742001462,0.08770247229326514,0.6211636828644501,2
2026-07-15 14:41:00+09:00,1.4291060977851552e-05,0.09505541346973571,0.6578218243819267,2
2026-07-15 14:42:00+09:00,-1.8119789877221776e-05,0.09484228473998295,0.6068840579710145,2
2026-07-15 14:43:00+09:00,-3.6641828665199844e-05,0.10954816709292413,0.5994245524296675,2
2026-07-15 14:44:00+09:00,4.379031775572765e-05,0.07299658994032396,0.5701193520886616,2
2026-07-15 14:45:00+09:00,1.761374060739818e-05,0.08780903665814152,0.5701193520886616,2
2026-07-15 14:46:00+09:00,-0.00017087852234659064,0.08024296675191817,0.5917519181585678,2
2026-07-15 14:47:00+09:00,4.9354128143294006e-05,0.1315004262574595,0.6209505541346974,2
2026-07-15 14:48:00+09:00,9.770581567687117e-05,0.04390451832907076,0.6356564364876385,2
2026-07-15 14:49:00+09:00,-8.224423555227161e-05,0.10933503836317135,0.6868073316283034,2
2026-07-15 14:50:00+09:00,-8.056176537109897e-05,0.08034953111679455,0.6795609548167093,2
2026-07-15 14:51:00+09:00,6.638352187569773e-05,0.08780903665814152,0.6503623188405797,2
2026-07-15 14:52:00+09:00,2.4185689759773837e-05,0.05125745950554135,0.6283034953111679,2
2026-07-15 14:53:00+09:00,9.658073905003464e-05,0.05093776641091219,0.6647485080988916,2
2026-07-15 14:54:00+09:00,-1.4859271318202097e-05,0.07299658994032396,0.6648550724637681,2
2026-07-15 14:55:00+09:00,-8.105070202645179e-05,0.05125745950554135,0.6283034953111679,2
2026-07-15 14:56:00+09:00,-4.587869242630408e-06,0.08024296675191817,0.6064578005115089,2
2026-07-15 14:57:00+09:00,-5.019491125118889e-05,0.05839727195225916,0.5917519181585678,2
2026-07-15 14:58:00+09:00,0.00013908788066476158,0.04390451832907076,0.5770460358056266,2
2026-07-15 14:59:00+09:00,-4.664108666692958e-05,0.07320971867007672,0.6355498721227621,2
2026-07-15 15:00:00+09:00,-9.50224832797948e-05,0.09473572037510657,0.6865942028985508,2
2026-07-15 15:01:00+09:00,-4.364365332228418e-05,0.08759590792838874,0.6723145780051152,2
2026-07-15 15:02:00+09:00,5.450567493960184e-05,0.05115089514066496,0.6795609548167093,2
2026-07-15 15:03:00+09:00,4.5830731867858736e-05,0.07310315430520034,0.6648550724637681,2
2026-07-15 15:04:00+09:00,3.333671052413163e-06,0.07310315430520034,0.650149190110827,2
2026-07-15 15:05:00+09:00,4.39286678189407e-05,0.06553708439897699,0.6722080136402386,2
2026-07-15 15:06:00+09:00,8.962426617061125e-05,0.08748934356351236,0.7304987212276215,2
2026-07-15 15:07:00+09:00,5.299442635576501e-05,0.13118073316283035,0.7158994032395567,2
2026-07-15 15:08:00+09:00,-6.360242032729285e-05,0.08002983802216539,0.6793478260869565,2
2026-07-15 15:09:00+09:00,8.708703480393213e-06,0.06564364876385337,0.6571824381926683,2
2026-07-15 15:10:00+09:00,-1.5494288770312549e-06,0.09452259164535379,0.6208439897698209,2
2026-07-15 15:11:00+09:00,3.9227268635927924e-05,0.08024296675191817,0.598998294970162,2
2026-07-15 15:12:00+09:00,4.6425898467265485e-06,0.02919863597612958,0.6137041773231032,2
2026-07-15 15:13:00+09:00,5.92473849522668e-05,0.08034953111679455,0.6795609548167092,2
2026-07-15 15:14:00+09:00,-0.00033912123788889354,1.5104818523153942,0.9040240518038853,2
2026-07-15 15:15:00+09:00,1.5781607953665888e-06,0.101519562496599,0.9629904228111226,2
2026-07-15 15:16:00+09:00,-0.0001555871007205658,0.06859117374979594,0.9369524405506884,2
2026-07-15 15:17:00+09:00,-9.734780725523788e-05,0.06463015363407157,0.929368232029167,2
2026-07-15 15:18:00+09:00,-9.593311659693095e-05,0.05013740001088317,0.9582290362953692,2
2026-07-15 15:19:00+09:00,-1.3072614427078134e-05,0.02875423990132593,0.9869832761966951,2
2026-07-15 15:20:00+09:00,-0.00012568979560081142,0.06473671799894795,1.0304433984509622,2
2026-07-15 15:21:00+09:00,3.417749423727356e-07,0.06100696522827447,1.0344044185666865,2
2026-07-15 15:22:00+09:00,8.929194549875496e-05,0.03644501278772379,1.0708494313544104,2
2026-07-15 15:23:00+09:00,-0.0002141698862708821,1.0708494313544104,0.0,2
2026-07-15 15:24:00+09:00,0.0,0.0,0.0,2
2026-07-15 15:30:00+09:00,0.0,0.0,0.0,2
2026-07-16 09:00:00+09:00,0.0,0.0,0.0,2
2026-07-16 09:01:00+09:00,0.0,0.0,0.0,2
2026-07-16 09:02:00+09:00,0.0,0.0,0.0,2
2026-07-16 09:03:00+09:00,0.0,0.0,0.0,2
2026-07-16 09:04:00+09:00,0.0,0.0,0.0,2
2026-07-16 09:05:00+09:00,0.0,0.0,0.0,2
2026-07-16 09:06:00+09:00,0.0,0.0,0.0,2
2026-07-16 09:07:00+09:00,0.0,0.0,0.0,2
2026-07-16 09:08:00+09:00,0.0,0.0,0.0,2
2026-07-16 09:09:00+09:00,0.0,0.0,0.0,2
2026-07-16 09:10:00+09:00,0.0,0.0,0.0,2
2026-07-16 09:11:00+09:00,0.0,0.0,0.0,2
2026-07-16 09:12:00+09:00,0.0,0.0,0.0,2
2026-07-16 09:13:00+09:00,0.0,0.0,0.0,2
2026-07-16 09:14:00+09:00,0.0,0.0,0.0,2
2026-07-16 09:15:00+09:00,0.001703382634867764,0.8252344416027281,0.8252344416027281,2
2026-07-16 09:16:00+09:00,0.000434478508937129,0.021739130434782608,0.8034953111679455,2
2026-07-16 09:17:00+09:00,0.0005878308976599016,0.0726768968456948,0.789002557544757,2
2026-07-16 09:18:00+09:00,0.0003123373969662965,0.06596334185848252,0.8259803921568628,2
2026-07-16 09:19:00+09:00,-0.0003469751769726892,0.05839727195225916,0.7965686274509804,2
2026-07-16 09:20:00+09:00,-0.0008333133063217594,0.0726768968456948,0.782075873827792,2
2026-07-16 09:21:00+09:00,-0.0005320893116894506,0.04390451832907076,0.767156862745098,2
2026-07-16 09:22:00+09:00,0.00041255387220721695,0.05829070758738278,0.7670502983802217,2
2026-07-16 09:23:00+09:00,0.0005905079283428534,0.10166240409207161,0.766837169650469,2
2026-07-16 09:24:00+09:00,-0.0003014838263051899,0.05125745950554135,0.7744032395566922,2
2026-07-16 09:25:00+09:00,0.0010038984918007948,0.05104433077578858,0.7378516624040921,2
2026-07-16 09:26:00+09:00,-0.0002113427542049113,0.06564364876385337,0.7158994032395567,2
2026-07-16 09:27:00+09:00,-0.0003668749366510348,0.05125745950554135,0.6793478260869565,2
2026-07-16 09:28:00+09:00,0.0006474525001327551,0.0733162830349531,0.7379582267689685,2
2026-07-16 09:29:00+09:00,-0.00048091643779151985,0.10944160272804775,0.8034953111679455,2
2026-07-16 09:30:00+09:00,0.00043715234437202726,0.10933503836317135,0.840153452685422,2
2026-07-16 09:31:00+09:00,0.00015579311168413296,0.06575021312872975,0.7891091219096333,2
2026-07-16 09:32:00+09:00,-0.001033250483579504,0.08013640238704177,0.7526641091219097,2
2026-07-16 09:33:00+09:00,-0.00032795240502136617,0.058184143222506396,0.7381713554987213,2
2026-07-16 09:34:00+09:00,6.502608350947651e-05,0.05093776641091219,0.7601236146632566,2
2026-07-16 09:35:00+09:00,0.0007594288239694982,0.07278346121057118,0.7892156862745099,2
2026-07-16 09:36:00+09:00,0.004070935263248724,0.08024296675191817,0.7673699914748509,2
2026-07-16 09:37:00+09:00,-0.005095613359816201,0.021739130434782608,0.7746163682864451,2
2026-07-16 09:38:00+09:00,0.0004460101922383245,0.09452259164535379,0.7672634271099744,2
2026-07-16 09:39:00+09:00,7.132147926331575e-05,0.10912190963341858,0.7306052855924978,2
2026-07-16 09:40:00+09:00,-7.670879261674589e-05,0.03644501278772379,0.7086530264279625,2
2026-07-16 09:41:00+09:00,0.0005705901983939121,0.05839727195225916,0.7231457800511509,2
2026-07-16 09:42:00+09:00,-0.00010907315336819572,0.07299658994032396,0.7526641091219096,2
2026-07-16 09:43:00+09:00,0.0008767144544150048,0.11647485080988917,0.752770673486786,2
2026-07-16 09:44:00+09:00,-0.00026155993177336145,0.05829070758738278,0.7381713554987211,2
2026-07-16 09:45:00+09:00,-1.23288161868666e-05,0.0872762148337596,0.7235720375106565,2
2026-07-16 09:46:00+09:00,-0.0005161407045425425,0.09494884910485933,0.7015132139812447,2
2026-07-16 09:47:00+09:00,-0.0004382068213602263,0.08716965046888321,0.7017263427109974,2
2026-07-16 09:48:00+09:00,-0.0005185382324688146,0.04369138959931799,0.7015132139812447,2
2026-07-16 09:49:00+09:00,-6.854291018378496e-05,0.08034953111679455,0.6944799658994032,2
2026-07-16 09:50:00+09:00,-0.0005088243421662496,0.0654305200341006,0.7307118499573741,2
2026-07-16 09:51:00+09:00,-0.0008691396654952343,0.10944160272804775,0.7237851662404091,2
2026-07-16 09:52:00+09:00,0.00020393051035775688,0.11658141517476556,0.66538789428815,2
2026-07-16 09:53:00+09:00,0.0004273258479932026,0.05104433077578858,0.6580349531116794,2
2026-07-16 09:54:00+09:00,0.0005570923645242836,0.0654305200341006,0.6944799658994033,2
2026-07-16 09:55:00+09:00,-0.0004441045194393725,0.12393435635123615,0.6871270247229326,2
2026-07-16 09:56:00+09:00,0.0003637502148362013,0.04390451832907076,0.7163256606990622,2
2026-07-16 09:57:00+09:00,0.0009186899430833477,0.09505541346973571,0.7088661551577152,2
2026-07-16 09:58:00+09:00,-0.0003893008294998103,0.11668797953964194,0.7379582267689685,2
2026-07-16 09:59:00+09:00,0.0003075421246368803,0.05093776641091219,0.7596973572037511,2
2026-07-16 10:00:00+09:00,0.0002615490863125574,0.06564364876385337,0.7524509803921569,2
2026-07-16 10:01:00+09:00,0.00043029963190537013,0.09452259164535379,0.7742966751918159,2
2026-07-16 10:02:00+09:00,0.0027020452111486725,0.15291986359761295,0.6505754475703325,2
2026-07-16 10:03:00+09:00,-0.005120411994586508,0.03665814151747655,0.6578218243819267,2
2026-07-16 10:04:00+09:00,0.00016077813212832937,0.07289002557544758,0.6725277067348678,2
2026-07-16 10:05:00+09:00,-0.00011612390314943046,0.12404092071611253,0.7087595907928389,2
2026-07-16 10:06:00+09:00,-0.0008614562400240891,0.03644501278772379,0.716005967604433,2
2026-07-16 10:07:00+09:00,-3.373672032479661e-05,0.08024296675191817,0.7086530264279625,2
2026-07-16 10:08:00+09:00,-0.00011562886785949564,0.07278346121057118,0.6795609548167093,2
2026-07-16 10:09:00+09:00,0.00027325581849773907,0.06553708439897699,0.657928388746803,2
2026-07-16 10:10:00+09:00,-0.00017827222471645417,0.10944160272804775,0.7091858482523443,2
2026-07-16 10:11:00+09:00,0.0006940802789624946,0.11636828644501279,0.6946930946291561,2
2026-07-16 10:12:00+09:00,0.00021501260230434875,0.07289002557544758,0.651001705029838,2
2026-07-16 10:13:00+09:00,-0.00030647297426063865,0.06585677749360613,0.6435421994884911,2
2026-07-16 10:14:00+09:00,6.537602713260541e-06,0.0872762148337596,0.6432225063938619,2
2026-07-16 10:15:00+09:00,-0.00532920319675253,0.05839727195225916,0.643009377664109,2
2026-07-16 10:16:00+09:00,0.00030923333090980266,0.06564364876385337,0.6941602728047741,2
2026-07-16 10:17:00+09:00,-0.00027779647922280117,0.07289002557544758,0.7086530264279625,2
2026-07-16 10:18:00+09:00,0.0005055327255503928,0.11679454390451832,0.7237851662404091,2
2026-07-16 10:19:00+09:00,-0.0007694844245453081,0.04379795396419437,0.6799872122762148,2
2026-07-16 10:20:00+09:00,-5.4426243155956894e-05,0.04379795396419437,0.6800937766410913,2
2026-07-16 10:21:00+09:00,0.00012416907480972096,0.07310315430520034,0.6359761295822677,2
2026-07-16 10:22:00+09:00,-0.00015453504707954485,0.10230179028132992,0.5630861040068201,2
2026-07-16 10:23:00+09:00,-9.486583106209694e-05,0.0654305200341006,0.5556265984654731,2
2026-07-16 10:24:00+09:00,7.765420818034954e-05,0.08013640238704177,0.5485933503836317,2
2026-07-16 10:25:00+09:00,-0.0002567814894783841,0.1387468030690537,0.6434356351236147,2
2026-07-16 10:26:00+09:00,0.0001014635338858199,0.03644501278772379,0.6798806479113384,2
2026-07-16 10:27:00+09:00,-0.0001197364065015902,0.07289002557544758,0.6651747655583973,2
2026-07-16 10:28:00+09:00,0.0005513330657102812,0.10219522591645354,0.6795609548167093,2
2026-07-16 10:29:00+09:00,-9.182684438442333e-05,0.06564364876385337,0.6723145780051151,2
2026-07-16 10:30:00+09:00,-0.00017440209514292716,0.06553708439897699,0.6357630008525148,2
2026-07-16 10:31:00+09:00,0.0003391170687211109,0.07289002557544758,0.6649616368286444,2
2026-07-16 10:32:00+09:00,0.0006111653812912383,0.09484228473998295,0.6432225063938619,2
2026-07-16 10:33:00+09:00,-0.00039265059031384515,0.05839727195225916,0.657928388746803,2
2026-07-16 10:34:00+09:00,-0.00019276721434549515,0.08002983802216539,0.6793478260869565,2
2026-07-16 10:35:00+09:00,-0.00021236642559152043,0.09473572037510657,0.7158994032395567,2
2026-07-16 10:36:00+09:00,-0.0002726960987707773,0.1090153452685422,0.693840579710145,2
2026-07-16 10:37:00+09:00,0.00037790184022226306,0.07289002557544758,0.6650682011935208,2
2026-07-16 10:38:00+09:00,-0.00026110772652251067,0.08013640238704177,0.6578218243819267,2
2026-07-16 10:39:00+09:00,0.00017385266877727567,0.08002983802216539,0.6651747655583973,2
2026-07-16 10:40:00+09:00,0.0009203830225199553,0.05093776641091219,0.6871270247229326,2
2026-07-16 10:41:00+09:00,0.00012728912552445148,0.10187553282182438,0.7018329070758738,2
2026-07-16 10:42:00+09:00,-0.00023883095681616275,0.07310315430520034,0.6724211423699915,2
2026-07-16 10:43:00+09:00,3.852803947528936e-05,0.10187553282182438,0.6577152600170504,2
2026-07-16 10:44:00+09:00,-7.388837468420934e-05,0.08770247229326514,0.6576086956521738,2
2026-07-16 10:45:00+09:00,-0.0008713567047848316,0.05850383631713555,0.6724211423699914,2
2026-07-16 10:46:00+09:00,-0.0004374771237414067,0.11668797953964194,0.6872335890878091,2
2026-07-16 10:47:00+09:00,-0.0007592869744580171,0.05861040068201193,0.7019394714407503,2
2026-07-16 10:48:00+09:00,-3.621115829657628e-05,0.08706308610400681,0.7600170502983802,2
2026-07-16 10:49:00+09:00,-0.0001573883200048145,0.13810741687979539,0.7380647911338448,2
2026-07-16 10:50:00+09:00,0.0009771462387004356,0.12414748508098891,0.6872335890878091,2
2026-07-16 10:51:00+09:00,-0.0003670662759069139,0.07320971867007672,0.6285166240409208,2
2026-07-16 10:52:00+09:00,0.0002935514568783163,0.04369138959931799,0.6140238704177323,2
2026-07-16 10:53:00+09:00,-0.0004409959915155043,0.08034953111679455,0.6649616368286444,2
2026-07-16 10:54:00+09:00,0.0025737920713012775,0.09505541346973571,0.6724211423699915,2
2026-07-16 10:55:00+09:00,-0.004831316244184703,0.04379795396419437,0.7017263427109974,2
2026-07-16 10:56:00+09:00,0.00022261738859350854,0.12436061381074169,0.6647485080988917,2
2026-07-16 10:57:00+09:00,0.00016432055430832572,0.14556692242114236,0.6065643648763853,2
2026-07-16 10:58:00+09:00,-4.5843070519138145e-05,0.08024296675191817,0.5845055413469735,2
2026-07-16 10:59:00+09:00,6.12472196980303e-05,0.08759590792838874,0.6286231884057971,2
2026-07-16 11:00:00+09:00,0.0002392602844316861,0.16037936913895992,0.6432225063938619,2
2026-07-16 11:01:00+09:00,0.0007525635571300064,0.08034953111679455,0.6361892583120206,2
2026-07-16 11:02:00+09:00,0.0035274595212627918,0.09484228473998295,0.6869138959931799,2
2026-07-16 11:03:00+09:00,-0.005255753692888928,0.07310315430520034,0.6869138959931799,2
2026-07-16 11:04:00+09:00,-1.907219162857385e-05,0.08716965046888321,0.7011935208866156,2
2026-07-16 11:05:00+09:00,0.00021405647078405257,0.10208866155157716,0.7014066496163682,2
2026-07-16 11:06:00+09:00,-0.0004321620897641409,0.08045609548167093,0.6648550724637681,2
2026-07-16 11:07:00+09:00,-0.0001532028266095856,0.07289002557544758,0.6064578005115089,2
2026-07-16 11:08:00+09:00,0.00022227927804491446,0.05104433077578858,0.6285166240409208,2
2026-07-16 11:09:00+09:00,-5.4360701924131626e-05,0.08716965046888321,0.6140238704177323,2
2026-07-16 11:10:00+09:00,-1.2218743455749687e-05,0.10187553282182438,0.5997442455242967,2
2026-07-16 11:11:00+09:00,8.920897276001458e-05,0.014492753623188406,0.5997442455242967,2
2026-07-16 11:12:00+09:00,0.0006824403232792244,0.09494884910485933,0.6068840579710144,2
2026-07-16 11:13:00+09:00,-5.724424036836756e-05,0.06564364876385337,0.6286231884057971,2
2026-07-16 11:14:00+09:00,2.213201225957589e-05,0.1025149190110827,0.5992114236999148,2
2026-07-16 11:15:00+09:00,4.22715313430901e-05,0.07289002557544758,0.5996376811594202,2
2026-07-16 11:16:00+09:00,-0.00036444324912531987,0.08748934356351236,0.5850383631713555,2
2026-07-16 11:17:00+09:00,-0.00014452471760962888,0.10965473145780051,0.5923913043478262,2
2026-07-16 11:18:00+09:00,-0.000135042495207425,0.07289002557544758,0.577472293265132,2
2026-07-16 11:19:00+09:00,0.0002337415801341539,0.11668797953964194,0.5773657289002558,2
2026-07-16 11:20:00+09:00,-4.453862585232212e-05,0.08770247229326514,0.5482736572890026,2
2026-07-16 11:21:00+09:00,-0.00017341647221030837,0.04369138959931799,0.5480605285592498,2
2026-07-16 11:22:00+09:00,-0.00036130598169654927,0.05829070758738278,0.5481670929241261,2
2026-07-16 11:23:00+09:00,-0.00028823017670704716,0.10965473145780051,0.6286231884057971,2
2026-07-16 11:24:00+09:00,-0.00011048308377617392,0.12414748508098891,0.6649616368286445,2
2026-07-16 11:25:00+09:00,-0.00030973886551910115,0.07278346121057118,0.6358695652173914,2
2026-07-16 11:26:00+09:00,0.00015651130029230198,0.05115089514066496,0.6139173060528559,2
2026-07-16 11:27:00+09:00,-0.00020738328799749052,0.09494884910485933,0.6502557544757033,2
2026-07-16 11:28:00+09:00,-0.0001988259252718545,0.08748934356351236,0.7085464620630861,2
2026-07-16 11:29:00+09:00,-0.0001417092924126172,0.7085464620630861,0.0,2
2026-07-16 11:30:00+09:00,0.0,0.0,0.0,2
2026-07-16 12:30:00+09:00,-0.00020438362618604335,0.8473998294970162,0.8473998294970162,2
2026-07-16 12:31:00+09:00,0.0007171456416105183,0.05115089514066496,0.7962489343563512,2
2026-07-16 12:32:00+09:00,0.00020100942876544897,0.06575021312872975,0.7891091219096334,2
2026-07-16 12:33:00+09:00,-7.385170327689318e-05,0.06564364876385337,0.7524509803921569,2
2026-07-16 12:34:00+09:00,0.00014027863019042692,0.079923273657289,0.687233589087809,2
2026-07-16 12:35:00+09:00,0.0007287022899838336,0.04390451832907076,0.6870204603580563,2
2026-07-16 12:36:00+09:00,-0.0003280263023267795,0.10230179028132992,0.7162190963341858,2
2026-07-16 12:37:00+09:00,1.0391430991620955e-05,0.10166240409207161,0.716005967604433,2
2026-07-16 12:38:00+09:00,0.0003087894141512879,0.05093776641091219,0.6795609548167092,2
2026-07-16 12:39:00+09:00,-0.0008209166148106896,0.08738277919863598,0.6648550724637681,2
2026-07-16 12:40:00+09:00,3.977072374301076e-05,0.08034953111679455,0.6578218243819267,2
2026-07-16 12:41:00+09:00,0.00010972674731301135,0.05839727195225916,0.6139173060528559,2
2026-07-16 12:42:00+09:00,-0.0003161481734263031,0.06553708439897699,0.6504688832054561,2
2026-07-16 12:43:00+09:00,-6.787182778204412e-05,0.08738277919863598,0.7088661551577152,2
2026-07-16 12:44:00+09:00,-0.00018029957919825894,0.06553708439897699,0.6578218243819267,2
2026-07-16 12:45:00+09:00,0.00012912983114991944,0.06553708439897699,0.6502557544757033,2
2026-07-16 12:46:00+09:00,-4.263156048585457e-05,0.09484228473998295,0.6138107416879796,2
2026-07-16 12:47:00+09:00,-1.3402180735407341e-05,0.050831202046035806,0.6064578005115089,2
2026-07-16 12:48:00+09:00,-0.00017996067638820744,0.0733162830349531,0.6505754475703325,2
2026-07-16 12:49:00+09:00,-0.0007090000657512339,0.10208866155157716,0.6797740835464621,2
2026-07-16 12:50:00+09:00,-0.00015782097443190016,0.08024296675191817,0.6728473998294969,2
2026-07-16 12:51:00+09:00,2.7212442794191226e-06,0.08056265984654731,0.6069906223358909,2
2026-07-16 12:52:00+09:00,-0.0002063472779100689,0.08013640238704177,0.614236999147485,2
2026-07-16 12:53:00+09:00,-0.00035148713053153896,0.08002983802216539,0.5921781756180733,2
2026-07-16 12:54:00+09:00,-0.0048738826183258015,0.09526854219948849,0.643542199488491,2
2026-07-16 12:55:00+09:00,-0.00020638709775571245,0.11658141517476556,0.6286231884057971,2
2026-07-16 12:56:00+09:00,0.00015201460795502843,0.079923273657289,0.6503623188405796,2
2026-07-16 12:57:00+09:00,-0.0004487957051901391,0.07299658994032396,0.6361892583120206,2
2026-07-16 12:58:00+09:00,-0.0005482544486610231,0.10230179028132992,0.6508951406649617,2
2026-07-16 12:59:00+09:00,-4.128162490529096e-05,0.01459931798806479,0.6507885763000851,2
2026-07-16 13:00:00+09:00,0.00024064788693417107,0.13118073316283035,0.6502557544757033,2
2026-07-16 13:01:00+09:00,0.00036848609879716143,0.13864023870417733,0.6429028132992327,2
2026-07-16 13:02:00+09:00,-4.726036077931211e-05,0.0726768968456948,0.5992114236999148,2
2026-07-16 13:03:00+09:00,0.00012215888934445786,0.05829070758738278,0.5848252344416027,2
2026-07-16 13:04:00+09:00,-0.0005525108298750464,0.1024083546462063,0.6143435635123614,2
2026-07-16 13:05:00+09:00,-0.0003824431546576674,0.13118073316283035,0.5993179880647911,2
2026-07-16 13:06:00+09:00,-9.774556743903063e-05,0.10954816709292413,0.6063512361466326,2
2026-07-16 13:07:00+09:00,0.0003740546226996759,0.08024296675191817,0.5992114236999148,2
2026-07-16 13:08:00+09:00,0.003023222662536947,0.06575021312872975,0.5773657289002557,2
2026-07-16 13:09:00+09:00,-0.005520568460658569,0.10219522591645354,0.6068840579710144,2
2026-07-16 13:10:00+09:00,-0.00022674045689256083,0.12404092071611253,0.5412404092071611,2
2026-07-16 13:11:00+09:00,4.640586492257632e-05,0.08748934356351236,0.5119352088661551,2
2026-07-16 13:12:00+09:00,-4.4308504160107505e-06,0.029092071611253198,0.5118286445012787,2
2026-07-16 13:13:00+09:00,-0.00023921299983974812,0.10166240409207161,0.5845055413469735,2
2026-07-16 13:14:00+09:00,0.00021080188542531032,0.14599317988064792,0.6139173060528559,2
2026-07-16 13:15:00+09:00,0.0002673251351629727,0.05115089514066496,0.6068840579710144,2
2026-07-16 13:16:00+09:00,8.812930607538213e-05,0.09484228473998295,0.5704390451832907,2
2026-07-16 13:17:00+09:00,0.0001432250575383633,0.08045609548167093,0.5922847399829496,2
2026-07-16 13:18:00+09:00,0.0028553478049943297,0.09494884910485933,0.5410272804774083,2
2026-07-16 13:19:00+09:00,-0.005237201947601384,0.05093776641091219,0.5627664109121909,2
2026-07-16 13:20:00+09:00,0.0006094689552094988,0.03655157715260017,0.5846121057118498,2
2026-07-16 13:21:00+09:00,0.00015742532769712819,0.17519181585677748,0.6869138959931798,2
2026-07-16 13:22:00+09:00,1.1977649248306268e-05,0.11658141517476556,0.6432225063938619,2
2026-07-16 13:23:00+09:00,-0.00024362333116082264,0.05861040068201193,0.6287297527706734,2
2026-07-16 13:24:00+09:00,-0.00021175828285799426,0.05093776641091219,0.6359761295822677,2
2026-07-16 13:25:00+09:00,3.475080197194185e-05,0.10219522591645354,0.6211636828644501,2
2026-07-16 13:26:00+09:00,-0.00024391759092195264,0.10208866155157716,0.606457800511509,2
2026-07-16 13:27:00+09:00,0.000231200998392805,0.06575021312872975,0.6280903665814151,2
2026-07-16 13:28:00+09:00,-9.256640801600565e-05,0.10219522591645354,0.6284100596760444,2
2026-07-16 13:29:00+09:00,0.00026897918434398265,0.13821398124467177,0.6065643648763854,2
2026-07-16 13:30:00+09:00,-0.0001513465745312132,0.08748934356351236,0.5482736572890026,2
2026-07-16 13:31:00+09:00,-8.46259507967568e-05,0.08002983802216539,0.5119352088661552,2
2026-07-16 13:32:00+09:00,-0.00010445553049838963,0.08013640238704177,0.5336743393009378,2
2026-07-16 13:33:00+09:00,1.3079179029705335e-05,0.11668797953964194,0.577472293265132,2
2026-07-16 13:34:00+09:00,-4.392120742835149e-05,0.0726768968456948,0.5631926683716966,2
2026-07-16 13:35:00+09:00,0.0004615049775979278,0.10933503836317135,0.599850809889173,2
2026-07-16 13:36:00+09:00,0.00021912578990153315,0.08780903665814152,0.5706521739130435,2
2026-07-16 13:37:00+09:00,-0.00012470077375298627,0.05104433077578858,0.5922847399829497,2
2026-07-16 13:38:00+09:00,2.401323546950673e-05,0.12361466325660699,0.6867007672634271,2
2026-07-16 13:39:00+09:00,0.00023741524268388765,0.1605924978687127,0.7162190963341859,2
2026-07-16 13:40:00+09:00,-0.00023186514461938864,0.14588661551577153,0.5993179880647912,2
2026-07-16 13:41:00+09:00,0.0001883938242464492,0.07278346121057118,0.5992114236999148,2
2026-07-16 13:42:00+09:00,-7.229078078902484e-05,0.06553708439897699,0.5775788576300085,2
2026-07-16 13:43:00+09:00,0.0003776968652613593,0.11711423699914748,0.6068840579710144,2
2026-07-16 13:44:00+09:00,-3.752935271491889e-05,0.09473572037510657,0.5701193520886616,2
2026-07-16 13:45:00+09:00,0.0002817807963083807,0.09462915601023018,0.5481670929241262,2
2026-07-16 13:46:00+09:00,-0.00011702700447201055,0.03644501278772379,0.5701193520886616,2
2026-07-16 13:47:00+09:00,-0.0003883856207310383,0.09462915601023018,0.6067774936061381,2
2026-07-16 13:48:00+09:00,5.662032365225593e-05,0.08770247229326514,0.6797740835464621,2
2026-07-16 13:49:00+09:00,0.00032910039892488854,0.08034953111679455,0.6868073316283034,2
2026-07-16 13:50:00+09:00,-0.00017232700855908018,0.13853367433930094,0.62116368286445,2
2026-07-16 13:51:00+09:00,-0.0002866268268608282,0.10230179028132992,0.5482736572890026,2
2026-07-16 13:52:00+09:00,2.5795092558014563e-05,0.043584825234441606,0.5191815856777493,2
2026-07-16 13:53:00+09:00,2.957251529135704e-05,0.08056265984654731,0.540920716112532,2
2026-07-16 13:54:00+09:00,0.00011171356185510409,0.10219522591645354,0.6139173060528559,2
2026-07-16 13:55:00+09:00,0.00016511430694079516,0.11668797953964194,0.6138107416879794,2
2026-07-16 13:56:00+09:00,0.0001989714503920601,0.07320971867007672,0.5992114236999148,2
2026-07-16 13:57:00+09:00,9.184808178631072e-06,0.05829070758738278,0.5699062233589088,2
2026-07-16 13:58:00+09:00,-7.376578173574218e-05,0.05093776641091219,0.5918584825234441,2
2026-07-16 13:59:00+09:00,4.22909903176053e-05,0.10198209718670077,0.5921781756180733,2
2026-07-16 14:00:00+09:00,-0.00016489449532960333,0.10219522591645354,0.6212702472293266,2
2026-07-16 14:01:00+09:00,-0.0002211578604187332,0.08024296675191817,0.5702259164535379,2
2026-07-16 14:02:00+09:00,6.465402857768894e-05,0.08034953111679455,0.5482736572890026,2
2026-07-16 14:03:00+09:00,0.00020939647134134493,0.05850383631713555,0.5628729752770674,2
2026-07-16 14:04:00+09:00,-3.0603078900383295e-05,0.07310315430520034,0.592071611253197,2
2026-07-16 14:05:00+09:00,0.0033169837074089603,0.079923273657289,0.5850383631713555,2
2026-07-16 14:06:00+09:00,-0.005025526301694035,0.10954816709292413,0.6067774936061381,2
2026-07-16 14:07:00+09:00,-0.0002490409687652414,0.09494884910485933,0.5996376811594203,2
2026-07-16 14:08:00+09:00,0.0002491325825386571,0.05850383631713555,0.5848252344416027,2
2026-07-16 14:09:00+09:00,-0.00025570133451661644,0.08770247229326514,0.6141304347826086,2
2026-07-16 14:10:00+09:00,-0.00019813223536410346,0.09505541346973571,0.6064578005115089,2
2026-07-16 14:11:00+09:00,-0.00017271888522628326,0.07278346121057118,0.6355498721227621,2
2026-07-16 14:12:00+09:00,-0.00013361165066963436,0.0872762148337596,0.6213768115942029,2
2026-07-16 14:13:00+09:00,-0.0002688474501748468,0.11668797953964194,0.6649616368286445,2
2026-07-16 14:14:00+09:00,-0.00017308529799859755,0.04369138959931799,0.6504688832054561,2
2026-07-16 14:15:00+09:00,0.0004893532796681994,0.10208866155157716,0.6506820119352088,2
2026-07-16 14:16:00+09:00,-0.00029254185360394063,0.05093776641091219,0.6432225063938619,2
2026-07-16 14:17:00+09:00,0.00027242164049715646,0.10219522591645354,0.6431159420289855,2
2026-07-16 14:18:00+09:00,-0.005643879616911511,0.08013640238704177,0.6505754475703325,2
2026-07-16 14:19:00+09:00,7.959640949544678e-05,0.06575021312872975,0.6142369991474851,2
2026-07-16 14:20:00+09:00,0.0001822527098178993,0.1025149190110827,0.5556265984654731,2
2026-07-16 14:21:00+09:00,-0.00020144020340158686,0.0726768968456948,0.540920716112532,2
2026-07-16 14:22:00+09:00,-0.000352551986408462,0.07299658994032396,0.5412404092071611,2
2026-07-16 14:23:00+09:00,0.0003104393840057234,0.1025149190110827,0.6145566922421142,2
2026-07-16 14:24:00+09:00,-0.0004926099627051278,0.1388533674339301,0.5338874680306905,2
2026-07-16 14:25:00+09:00,-4.5166700836141416e-06,0.11626172208013641,0.6066709292412618,2
2026-07-16 14:26:00+09:00,-0.00026909401172607285,0.05829070758738278,0.5775788576300085,2
2026-07-16 14:27:00+09:00,1.568133657924563e-05,0.13160699062233588,0.6360826939471441,2
2026-07-16 14:28:00+09:00,-0.00011449583945386546,0.08738277919863598,0.6942668371696505,2
2026-07-16 14:29:00+09:00,0.00018619775080611767,0.10944160272804775,0.701619778346121,2
2026-07-16 14:30:00+09:00,0.0007724403950622779,0.05829070758738278,0.7164322250639386,2
2026-07-16 14:31:00+09:00,0.00029502271303290223,0.04379795396419437,0.7020460358056266,2
2026-07-16 14:32:00+09:00,0.0008232756204478279,0.05115089514066496,0.7384910485933504,2
2026-07-16 14:33:00+09:00,9.015920576406417e-05,0.08002983802216539,0.7311381074168798,2
2026-07-16 14:34:00+09:00,0.00040935491524331295,0.04369138959931799,0.7164322250639386,2
2026-07-16 14:35:00+09:00,-0.0006466208410472818,0.05829070758738278,0.7163256606990622,2
2026-07-16 14:36:00+09:00,-0.00043745898194402,0.1309676044330776,0.7017263427109974,2
2026-07-16 14:37:00+09:00,0.0002443425698655379,0.036231884057971016,0.679987212276215,2
2026-07-16 14:38:00+09:00,0.00033282731335468134,0.08024296675191817,0.6875532821824382,2
2026-07-16 14:39:00+09:00,-0.0002953648600431187,0.14578005115089515,0.6873401534526855,2
2026-07-16 14:40:00+09:00,-0.00010304173716050971,0.10208866155157716,0.6289428815004262,2
2026-07-16 14:41:00+09:00,0.00014290788052045213,0.07278346121057118,0.6578218243819267,2
2026-07-16 14:42:00+09:00,-0.0001583674310644012,0.058184143222506396,0.6870204603580563,2
2026-07-16 14:43:00+09:00,0.00013508124090049254,0.10933503836317135,0.6797740835464621,2
2026-07-16 14:44:00+09:00,0.00040490839194568044,0.043584825234441606,0.6796675191815856,2
2026-07-16 14:45:00+09:00,-3.5007169843915386e-05,0.08013640238704177,0.6873401534526854,2
2026-07-16 14:46:00+09:00,-1.978755243619359e-05,0.11658141517476556,0.657928388746803,2
2026-07-16 14:47:00+09:00,-5.921987450227955e-05,0.05850383631713555,0.6284100596760442,2
2026-07-16 14:48:00+09:00,0.00030164199983052074,0.04369138959931799,0.6429028132992327,2
2026-07-16 14:49:00+09:00,-7.6258143966574e-05,0.07289002557544758,0.6576086956521738,2
2026-07-16 14:50:00+09:00,0.00015219905510274772,0.0872762148337596,0.6724211423699915,2
2026-07-16 14:51:00+09:00,0.0028158862910145884,0.0944160272804774,0.6796675191815856,2
2026-07-16 14:52:00+09:00,-0.0049789022983122095,0.10230179028132992,0.7380647911338449,2
2026-07-16 14:53:00+09:00,-0.0003012062085952259,0.12393435635123615,0.7304987212276215,2
2026-07-16 14:54:00+09:00,-4.872080908316494e-05,0.10198209718670077,0.68691389599318,2
2026-07-16 14:55:00+09:00,5.0336040109742825e-05,0.03644501278772379,0.6796675191815857,2
2026-07-16 14:56:00+09:00,4.99361229845408e-05,0.10208866155157716,0.6502557544757033,2
2026-07-16 14:57:00+09:00,0.00026343088762739627,0.06553708439897699,0.6868073316283034,2
2026-07-16 14:58:00+09:00,-8.764639735657635e-05,0.02919863597612958,0.7015132139812447,2
2026-07-16 14:59:00+09:00,-0.0008114656731131025,0.1534526854219949,0.7091858482523445,2
2026-07-16 15:00:00+09:00,0.0002960276494727723,0.07289002557544758,0.7528772378516624,2
2026-07-16 15:01:00+09:00,2.527378572537482e-05,0.06553708439897699,0.745311167945439,2
2026-07-16 15:02:00+09:00,0.00023322606885169372,0.10944160272804775,0.7234654731457801,2
2026-07-16 15:03:00+09:00,8.650481973951938e-05,0.021845694799658994,0.7161125319693094,2
2026-07-16 15:04:00+09:00,0.00045494558657493945,0.08770247229326514,0.7599104859335037,2
2026-07-16 15:05:00+09:00,-1.4028499389681053e-06,0.1460997442455243,0.7306052855924978,2
2026-07-16 15:06:00+09:00,0.0003772920492323727,0.029092071611253198,0.7449914748508097,2
2026-07-16 15:07:00+09:00,-0.0007337185768067364,0.04369138959931799,0.7741901108269394,2
2026-07-16 15:08:00+09:00,-0.0014439365998860565,0.11690110826939472,0.8473998294970162,2
2026-07-16 15:09:00+09:00,0.00024926475812560387,0.09494884910485933,0.7818627450980391,2
2026-07-16 15:10:00+09:00,0.002713054664846589,0.08024296675191817,0.7453111679454391,2
2026-07-16 15:11:00+09:00,-0.005264268698715551,0.05104433077578858,0.72346547314578,2
2026-07-16 15:12:00+09:00,6.283770963126556e-05,0.05829070758738278,0.7525575447570332,2
2026-07-16 15:13:00+09:00,-0.00037944254012440794,0.08748934356351236,0.8255541346973572,2
2026-07-16 15:14:00+09:00,-0.00018724030816879468,1.5222261181237338,0.871863799283154,2
2026-07-16 15:15:00+09:00,3.784132457782509e-05,0.047619047619047616,0.8242447516641065,2
2026-07-16 15:16:00+09:00,0.00010736976564278341,0.04800307219662058,0.8084997439836149,2
2026-07-16 15:17:00+09:00,6.9763145809829855e-06,0.11856341414546183,0.8789320777399319,2
2026-07-16 15:18:00+09:00,0.00011823461624650454,0.0636200716845878,0.9105501012934392,2
2026-07-16 15:19:00+09:00,7.591659160191397e-05,0.07673256305794875,0.9265511253589795,2
2026-07-16 15:20:00+09:00,6.307135955302321e-05,0.016001024065540194,0.9266791335515038,2
2026-07-16 15:21:00+09:00,-0.0001743824825555131,0.04580467062935506,0.9273692646764176,2
2026-07-16 15:22:00+09:00,0.0002473185600814833,0.046494801754268796,0.959371312807498,2
2026-07-16 15:23:00+09:00,-0.0001918742625614996,0.9593713128074979,0.0,2
2026-07-16 15:24:00+09:00,0.0,0.0,0.0,2
2026-07-16 15:30:00+09:00,0.0,0.0,0.0,2
2026-07-17 09:00:00+09:00,0.0,0.0,0.0,2
2026-07-17 09:01:00+09:00,0.0,0.0,0.0,2
2026-07-17 09:02:00+09:00,0.0,0.0,0.0,2
2026-07-17 09:03:00+09:00,0.0,0.0,0.0,2
2026-07-17 09:04:00+09:00,0.0,0.0,0.0,2
2026-07-17 09:05:00+09:00,0.0,0.0,0.0,2
2026-07-17 09:06:00+09:00,0.0,0.0,0.0,2
2026-07-17 09:07:00+09:00,0.0,0.0,0.0,2
2026-07-17 09:08:00+09:00,0.0,0.0,0.0,2
2026-07-17 09:09:00+09:00,0.0,0.0,0.0,2
2026-07-17 09:10:00+09:00,0.0,0.0,0.0,2
2026-07-17 09:11:00+09:00,0.0,0.0,0.0,2
2026-07-17 09:12:00+09:00,0.0,0.0,0.0,2
2026-07-17 09:13:00+09:00,0.0,0.0,0.0,2
2026-07-17 09:14:00+09:00,0.0,0.0,0.0,2
2026-07-17 09:15:00+09:00,-0.0009531899905621672,0.8416666666666667,0.8416666666666667,2
2026-07-17 09:16:00+09:00,-0.00016460455320263848,0.04614035087719298,0.7955263157894737,2
2026-07-17 09:17:00+09:00,0.0024277574404913344,0.052719298245614034,0.8085964912280701,2
2026-07-17 09:18:00+09:00,0.0010702784201584508,0.03973684210526316,0.8085087719298246,2
2026-07-17 09:19:00+09:00,-0.0003030274168218125,0.09228070175438596,0.8216666666666667,2
2026-07-17 09:20:00+09:00,4.915663849332255e-06,0.05280701754385965,0.8086842105263159,2
2026-07-17 09:21:00+09:00,-0.0012296544972112435,0.0462280701754386,0.8021052631578947,2
2026-07-17 09:22:00+09:00,0.0019386668114234576,0.0925438596491228,0.7628947368421053,2
2026-07-17 09:23:00+09:00,0.001712369076872586,0.09894736842105263,0.7825438596491228,2
2026-07-17 09:24:00+09:00,0.0006220396372295582,0.11210526315789474,0.7099122807017544,2
2026-07-17 09:25:00+09:00,0.0007593613560086017,0.06596491228070175,0.7097368421052632,2
2026-07-17 09:26:00+09:00,0.0006793645361191715,0.08596491228070176,0.6899122807017544,2
2026-07-17 09:27:00+09:00,-0.000110734133344625,0.0924561403508772,0.7293859649122807,2
2026-07-17 09:28:00+09:00,0.000518200251071473,0.039473684210526314,0.7425438596491228,2
2026-07-17 09:29:00+09:00,0.0008305206432389433,0.0725438596491228,0.7756140350877193,2
2026-07-17 09:30:00+09:00,-0.0004447143368774301,0.10578947368421053,0.802280701754386,2
2026-07-17 09:31:00+09:00,0.0003210482853843864,0.0992982456140351,0.7424561403508773,2
2026-07-17 09:32:00+09:00,-5.938391528052607e-05,0.12526315789473683,0.6961403508771931,2
2026-07-17 09:33:00+09:00,0.00012445901164024635,0.06578947368421052,0.6961403508771931,2
2026-07-17 09:34:00+09:00,-0.0006525177435910734,0.07929824561403509,0.6963157894736842,2
2026-07-17 09:35:00+09:00,0.0002539978061291772,0.11912280701754385,0.749122807017544,2
2026-07-17 09:36:00+09:00,0.000542136932927892,0.07236842105263158,0.7425438596491228,2
2026-07-17 09:37:00+09:00,-0.0006652738945207462,0.0924561403508772,0.7028947368421052,2
2026-07-17 09:38:00+09:00,0.00015848221369461863,0.03973684210526316,0.7163157894736842,2
2026-07-17 09:39:00+09:00,0.0015966398991499767,0.07236842105263158,0.7228947368421053,2
2026-07-17 09:40:00+09:00,0.0006339829693134755,0.11219298245614034,0.7033333333333334,2
2026-07-17 09:41:00+09:00,0.0004813332592237977,0.05964912280701754,0.6703508771929825,2
2026-07-17 09:42:00+09:00,0.0007065691472335411,0.0462280701754386,0.6637719298245613,2
2026-07-17 09:43:00+09:00,-0.00043496994366726136,0.0725438596491228,0.7098245614035088,2
2026-07-17 09:44:00+09:00,-0.0019311200688738757,0.07271929824561403,0.7692105263157895,2
2026-07-17 09:45:00+09:00,-0.0004766036406155107,0.07271929824561403,0.7359649122807017,2
2026-07-17 09:46:00+09:00,-0.0005541406420617282,0.05280701754385965,0.7359649122807017,2
2026-07-17 09:47:00+09:00,-0.0007953673323381832,0.046052631578947366,0.7162280701754385,2
2026-07-17 09:48:00+09:00,-0.0012868814575483969,0.09280701754385964,0.7562280701754387,2
2026-07-17 09:49:00+09:00,-0.001914802228360433,0.1256140350877193,0.7758771929824562,2
2026-07-17 09:50:00+09:00,-0.001133175014470344,0.07921052631578947,0.7624561403508773,2
2026-07-17 09:51:00+09:00,-0.00012093300672112427,0.07263157894736842,0.7819298245614035,2
2026-07-17 09:52:00+09:00,0.00037617247865454344,0.11210526315789474,0.7756140350877193,2
2026-07-17 09:53:00+09:00,-0.00048070941521247455,0.07921052631578947,0.7492105263157895,2
2026-07-17 09:54:00+09:00,-0.0011163178644167991,0.07929824561403509,0.7493859649122807,2
2026-07-17 09:55:00+09:00,0.0010282178943576048,0.10552631578947368,0.6833333333333333,2
2026-07-17 09:56:00+09:00,-0.0005040303055322266,0.10570175438596491,0.6699122807017543,2
2026-07-17 09:57:00+09:00,0.0001886625815550928,0.046052631578947366,0.6764912280701754,2
2026-07-17 09:58:00+09:00,0.0011050930053092749,0.09912280701754386,0.7096491228070175,2
2026-07-17 09:59:00+09:00,-0.0017325916464638659,0.13236842105263158,0.6964035087719298,2
2026-07-17 10:00:00+09:00,-0.00025737076833248096,0.06587719298245613,0.6568421052631579,2
2026-07-17 10:01:00+09:00,0.0015245616292431563,0.08578947368421053,0.6105263157894738,2
2026-07-17 10:02:00+09:00,3.348075551266238e-05,0.06605263157894736,0.6371052631578948,2
2026-07-17 10:03:00+09:00,0.0012438470373356632,0.05280701754385965,0.6369298245614035,2
2026-07-17 10:04:00+09:00,0.00016905396470583373,0.0793859649122807,0.69,2
2026-07-17 10:05:00+09:00,0.0012457438749143136,0.10543859649122807,0.69,2
2026-07-17 10:06:00+09:00,-0.00027044316433120656,0.0662280701754386,0.7428947368421053,2
2026-07-17 10:07:00+09:00,-0.0019481055960126614,0.13236842105263158,0.6501754385964913,2
2026-07-17 10:08:00+09:00,-0.0001469775677917859,0.07921052631578947,0.6367543859649123,2
2026-07-17 10:09:00+09:00,-0.0008095483324582158,0.059298245614035086,0.5906140350877194,2
2026-07-17 10:10:00+09:00,-0.0006278551222897123,0.09912280701754386,0.6634210526315789,2
2026-07-17 10:11:00+09:00,-0.0007628787501444135,0.0662280701754386,0.6501754385964913,2
2026-07-17 10:12:00+09:00,-0.0002645731628173784,0.09210526315789473,0.6896491228070175,2
2026-07-17 10:13:00+09:00,0.0005034687663635857,0.10543859649122807,0.6503508771929825,2
2026-07-17 10:14:00+09:00,-0.000798880916714299,0.0992982456140351,0.6571929824561404,2
2026-07-17 10:15:00+09:00,0.0007892163861888127,0.019912280701754388,0.6506140350877193,2
2026-07-17 10:16:00+09:00,0.0008114092074774136,0.0462280701754386,0.643859649122807,2
2026-07-17 10:17:00+09:00,0.00021495186992696337,0.11228070175438597,0.5973684210526317,2
2026-07-17 10:18:00+09:00,0.0005940915348684163,0.07894736842105263,0.65,2
2026-07-17 10:19:00+09:00,0.0008881609850927412,0.13219298245614036,0.6634210526315789,2
2026-07-17 10:20:00+09:00,-0.00045539508010669,0.15842105263157893,0.7032456140350878,2
2026-07-17 10:21:00+09:00,0.0004809768757564313,0.059561403508771926,0.6568421052631579,2
2026-07-17 10:22:00+09:00,-0.00016714333409169983,0.11210526315789474,0.6503508771929825,2
2026-07-17 10:23:00+09:00,0.0006533347425816328,0.08596491228070176,0.590701754385965,2
2026-07-17 10:24:00+09:00,0.00027840041428917435,0.11219298245614034,0.5706140350877194,2
2026-07-17 10:25:00+09:00,-0.000374583269343898,0.06596491228070175,0.5971052631578948,2
2026-07-17 10:26:00+09:00,0.001093198795808523,0.0662280701754386,0.6105263157894737,2
2026-07-17 10:27:00+09:00,5.479102663259533e-05,0.07929824561403509,0.6236842105263158,2
2026-07-17 10:28:00+09:00,0.00026272343055304523,0.02631578947368421,0.6236842105263158,2
2026-07-17 10:29:00+09:00,0.0010303838118368687,0.09903508771929824,0.6300877192982457,2
2026-07-17 10:30:00+09:00,-0.00021834794376875886,0.10570175438596491,0.6566666666666667,2
2026-07-17 10:31:00+09:00,0.0005018781722836214,0.07921052631578947,0.6300877192982457,2
2026-07-17 10:32:00+09:00,-0.00033218250462110904,0.07929824561403509,0.6699122807017543,2
2026-07-17 10:33:00+09:00,0.0010860718997218728,0.06596491228070175,0.6567543859649123,2
2026-07-17 10:34:00+09:00,-0.0002791881885555545,0.11903508771929824,0.6703508771929825,2
2026-07-17 10:35:00+09:00,0.00038140279002809446,0.05298245614035088,0.6833333333333333,2
2026-07-17 10:36:00+09:00,-0.000614521121564625,0.05964912280701754,0.6633333333333333,2
2026-07-17 10:37:00+09:00,-6.0851820162077905e-06,0.1056140350877193,0.6103508771929824,2
2026-07-17 10:38:00+09:00,-0.0002947431034397725,0.03298245614035088,0.6170175438596491,2
2026-07-17 10:39:00+09:00,0.00011330776495378492,0.11210526315789474,0.6105263157894738,2
2026-07-17 10:40:00+09:00,0.00036004202516108294,0.14552631578947367,0.6900877192982456,2
2026-07-17 10:41:00+09:00,-0.001141556161628478,0.0593859649122807,0.6966666666666667,2
2026-07-17 10:42:00+09:00,0.0010171116307323637,0.1386842105263158,0.6767543859649123,2
2026-07-17 10:43:00+09:00,-0.00022753303855802443,0.09271929824561403,0.6499999999999999,2
2026-07-17 10:44:00+09:00,0.00025660885897681987,0.06596491228070175,0.6366666666666667,2
2026-07-17 10:45:00+09:00,0.00016986367112643638,0.0593859649122807,0.6169298245614034,2
2026-07-17 10:46:00+09:00,-0.0003893193641596082,0.07271929824561403,0.6366666666666667,2
2026-07-17 10:47:00+09:00,4.58125250393685e-05,0.04631578947368421,0.6301754385964913,2
2026-07-17 10:48:00+09:00,0.0007205690081755272,0.0593859649122807,0.6367543859649123,2
2026-07-17 10:49:00+09:00,-0.00019522730419485577,0.10570175438596491,0.6105263157894737,2
2026-07-17 10:50:00+09:00,-0.0004480594359179055,0.04614035087719298,0.6040350877192983,2
2026-07-17 10:51:00+09:00,-0.00016218829579490272,0.0725438596491228,0.5709649122807018,2
2026-07-17 10:52:00+09:00,-3.741955910144837e-05,0.11228070175438597,0.5642982456140351,2
2026-07-17 10:53:00+09:00,0.00030581084722958293,0.07947368421052632,0.5374561403508773,2
2026-07-17 10:54:00+09:00,2.3840438649858765e-05,0.09921052631578947,0.5443859649122808,2
2026-07-17 10:55:00+09:00,0.0002205860560208532,0.059298245614035086,0.5903508771929825,2
2026-07-17 10:56:00+09:00,-0.0006031000707396848,0.11254385964912281,0.5841228070175439,2
2026-07-17 10:57:00+09:00,8.545326959868548e-05,0.09921052631578947,0.5775438596491228,2
2026-07-17 10:58:00+09:00,0.0002149836170891267,0.0462280701754386,0.597280701754386,2
2026-07-17 10:59:00+09:00,-0.00019736262057085309,0.05280701754385965,0.6237719298245614,2
2026-07-17 11:00:00+09:00,0.0007056051604110197,0.11912280701754385,0.610438596491228,2
2026-07-17 11:01:00+09:00,0.00013898002172423865,0.04631578947368421,0.5906140350877193,2
2026-07-17 11:02:00+09:00,5.6167430830647524e-05,0.06614035087719299,0.5772807017543861,2
2026-07-17 11:03:00+09:00,-0.0002770783958480011,0.14578947368421052,0.6300877192982457,2
2026-07-17 11:04:00+09:00,0.00012214080615487397,0.08596491228070176,0.6764035087719299,2
2026-07-17 11:05:00+09:00,0.0006572775906179327,0.11921052631578948,0.65,2
2026-07-17 11:06:00+09:00,0.0003282582830468262,0.07280701754385965,0.6435087719298245,2
2026-07-17 11:07:00+09:00,0.0005048510942009022,0.0925438596491228,0.6300877192982457,2
2026-07-17 11:08:00+09:00,0.0001447700156150025,0.07263157894736842,0.6235964912280703,2
2026-07-17 11:09:00+09:00,7.581131609090858e-05,0.0992982456140351,0.5774561403508771,2
2026-07-17 11:10:00+09:00,0.00039117540831258574,0.07956140350877193,0.590701754385965,2
2026-07-17 11:11:00+09:00,-0.00037281214044963264,0.059561403508771926,0.6102631578947368,2
2026-07-17 11:12:00+09:00,-0.0003055278641108918,0.09903508771929824,0.5905263157894737,2
2026-07-17 11:13:00+09:00,-0.00020971342440822993,0.09271929824561403,0.6171052631578948,2
2026-07-17 11:14:00+09:00,0.0002195561843347815,0.09271929824561403,0.5508771929824561,2
2026-07-17 11:15:00+09:00,-1.6566515366836031e-06,0.09263157894736843,0.5507017543859649,2
2026-07-17 11:16:00+09:00,8.955831581867857e-05,0.026403508771929825,0.5376315789473683,2
2026-07-17 11:17:00+09:00,-0.00010520861578900665,0.039824561403508776,0.5378070175438596,2
2026-07-17 11:18:00+09:00,0.00043492085951325147,0.07289473684210526,0.5843859649122807,2
2026-07-17 11:19:00+09:00,2.7934771241528243e-05,0.13236842105263158,0.5839473684210525,2
2026-07-17 11:20:00+09:00,2.7092685054176185e-05,0.12578947368421053,0.5374561403508773,2
2026-07-17 11:21:00+09:00,-0.00019268772634021007,0.06605263157894736,0.5503508771929825,2
2026-07-17 11:22:00+09:00,4.3247981337238075e-05,0.10614035087719298,0.5768421052631579,2
2026-07-17 11:23:00+09:00,0.00033568005933684423,0.07271929824561403,0.5704385964912282,2
2026-07-17 11:24:00+09:00,-4.071296146878509e-05,0.07921052631578947,0.517719298245614,2
2026-07-17 11:25:00+09:00,-4.784811857176929e-05,0.0793859649122807,0.5574561403508773,2
2026-07-17 11:26:00+09:00,-5.332476169366651e-05,0.09947368421052631,0.5906140350877194,2
2026-07-17 11:27:00+09:00,-0.0007905914886643115,0.10578947368421053,0.6567543859649123,2
2026-07-17 11:28:00+09:00,0.00034239660843546794,0.05947368421052632,0.6765789473684212,2
2026-07-17 11:29:00+09:00,-0.0001353157894736842,0.6765789473684211,0.0,2
2026-07-17 11:30:00+09:00,0.0,0.0,0.0,2
2026-07-17 12:30:00+09:00,0.0007450647460346575,0.8749122807017544,0.8749122807017544,2
2026-07-17 12:31:00+09:00,0.0006253525538449705,0.019824561403508772,0.8550877192982456,2
2026-07-17 12:32:00+09:00,0.0008917230707653884,0.07912280701754386,0.7891228070175439,2
2026-07-17 12:33:00+09:00,0.00034934674865156245,0.03289473684210526,0.795701754385965,2
2026-07-17 12:34:00+09:00,-0.001154777097534973,0.09912280701754386,0.7362280701754386,2
2026-07-17 12:35:00+09:00,0.0007101299545466947,0.019736842105263157,0.7559649122807017,2
2026-07-17 12:36:00+09:00,0.0004789045687122001,0.07903508771929824,0.7558771929824561,2
2026-07-17 12:37:00+09:00,-0.0005021982160685306,0.13842105263157894,0.788859649122807,2
2026-07-17 12:38:00+09:00,8.224941293067918e-05,0.09236842105263157,0.7228070175438597,2
2026-07-17 12:39:00+09:00,0.00018590125437837344,0.06596491228070175,0.6964912280701755,2
2026-07-17 12:40:00+09:00,0.00034626498183309935,0.08578947368421053,0.6633333333333333,2
2026-07-17 12:41:00+09:00,-0.0005907872060671356,0.06596491228070175,0.65,2
2026-07-17 12:42:00+09:00,-0.0002497211110633678,0.07912280701754386,0.65,2
2026-07-17 12:43:00+09:00,-0.00020577569848404372,0.09236842105263157,0.7028947368421052,2
2026-07-17 12:44:00+09:00,0.0006140517235543293,0.1056140350877193,0.7293859649122807,2
2026-07-17 12:45:00+09:00,0.0003356690740760097,0.12552631578947368,0.6566666666666667,2
2026-07-17 12:46:00+09:00,0.0001491775852540823,0.052719298245614034,0.6565789473684212,2
2026-07-17 12:47:00+09:00,0.00033118666749013735,0.0924561403508772,0.643421052631579,2
2026-07-17 12:48:00+09:00,0.00027219795693290966,0.13894736842105262,0.6897368421052632,2
2026-07-17 12:49:00+09:00,0.000306947492632709,0.1056140350877193,0.7028947368421053,2
2026-07-17 12:50:00+09:00,-0.00012274324654748208,0.1386842105263158,0.6566666666666666,2
2026-07-17 12:51:00+09:00,0.000372362356416835,0.06614035087719299,0.6301754385964913,2
2026-07-17 12:52:00+09:00,0.0001009477655543634,0.11903508771929824,0.603421052631579,2
2026-07-17 12:53:00+09:00,5.618316713130687e-06,0.06605263157894736,0.5638596491228071,2
2026-07-17 12:54:00+09:00,8.79207842830797e-05,0.06614035087719299,0.5905263157894738,2
2026-07-17 12:55:00+09:00,1.9109894179271052e-05,0.09271929824561403,0.630438596491228,2
2026-07-17 12:56:00+09:00,0.00029114377676823784,0.05973684210526316,0.6238596491228071,2
2026-07-17 12:57:00+09:00,0.00016182843703236655,0.07903508771929824,0.6502631578947369,2
2026-07-17 12:58:00+09:00,0.0003107282507362673,0.11219298245614034,0.6831578947368421,2
2026-07-17 12:59:00+09:00,5.378442844882403e-05,0.0793859649122807,0.7230701754385966,2
2026-07-17 13:00:00+09:00,0.00014038745397119962,0.0925438596491228,0.7094736842105264,2
2026-07-17 13:01:00+09:00,-0.0001773744284489069,0.06614035087719299,0.7361403508771931,2
2026-07-17 13:02:00+09:00,4.3073278670634676e-05,0.0924561403508772,0.7621052631578947,2
2026-07-17 13:03:00+09:00,0.00020014921727212108,0.1318421052631579,0.7093859649122807,2
2026-07-17 13:04:00+09:00,-0.00044914811832139724,0.07263157894736842,0.7028947368421053,2
2026-07-17 13:05:00+09:00,0.00036194193700316924,0.08605263157894737,0.7098245614035088,2
2026-07-17 13:06:00+09:00,-0.0004726419474530035,0.13228070175438597,0.6701754385964913,2
2026-07-17 13:07:00+09:00,0.00039728554911678583,0.0924561403508772,0.6435087719298246,2
2026-07-17 13:08:00+09:00,0.00026974726145105544,0.026403508771929825,0.6302631578947369,2
2026-07-17 13:09:00+09:00,-0.00016472779982552708,0.17833333333333334,0.7161403508771931,2
2026-07-17 13:10:00+09:00,-0.0001203603328706622,0.09885964912280701,0.7358771929824562,2
2026-07-17 13:11:00+09:00,-2.4910341122986704e-05,0.08578947368421053,0.6765789473684212,2
2026-07-17 13:12:00+09:00,0.0004927786662703098,0.052719298245614034,0.6898245614035088,2
2026-07-17 13:13:00+09:00,5.487281393360324e-05,0.11912280701754385,0.6764912280701754,2
2026-07-17 13:14:00+09:00,-6.94198737339846e-05,0.09921052631578947,0.6699122807017543,2
2026-07-17 13:15:00+09:00,0.00033527892532277413,0.046052631578947366,0.6633333333333333,2
2026-07-17 13:16:00+09:00,0.0002829532623693166,0.09263157894736843,0.6503508771929825,2
2026-07-17 13:17:00+09:00,0.00043331989433386113,0.0462280701754386,0.6437719298245614,2
2026-07-17 13:18:00+09:00,-3.936949126584775e-06,0.06605263157894736,0.6701754385964912,2
2026-07-17 13:19:00+09:00,-0.00014514806207593733,0.07921052631578947,0.7097368421052632,2
2026-07-17 13:20:00+09:00,0.0005970916748736563,0.0856140350877193,0.7293859649122807,2
2026-07-17 13:21:00+09:00,0.00014845318442159605,0.11219298245614034,0.7100000000000001,2
2026-07-17 13:22:00+09:00,-6.744468577150523e-05,0.07271929824561403,0.6769298245614035,2
2026-07-17 13:23:00+09:00,0.0003058111168312866,0.09271929824561403,0.6766666666666667,2
2026-07-17 13:24:00+09:00,-0.0003943179347023147,0.13833333333333334,0.7225438596491229,2
2026-07-17 13:25:00+09:00,0.00019040277720869226,0.0925438596491228,0.749122807017544,2
2026-07-17 13:26:00+09:00,0.0004903952800322304,0.15210526315789474,0.703157894736842,2
2026-07-17 13:27:00+09:00,-7.302658390526788e-05,0.10570175438596491,0.6899122807017544,2
2026-07-17 13:28:00+09:00,0.00011790563146530614,0.02649122807017544,0.6767543859649123,2
2026-07-17 13:29:00+09:00,0.00026573474557000396,0.11263157894736842,0.6830701754385966,2
2026-07-17 13:30:00+09:00,-0.000185791985463086,0.11885964912280701,0.7092982456140351,2
2026-07-17 13:31:00+09:00,0.0001912359238442844,0.13201754385964912,0.6960526315789475,2
2026-07-17 13:32:00+09:00,4.01438834068112e-05,0.0993859649122807,0.6629824561403509,2
2026-07-17 13:33:00+09:00,8.725174511001942e-05,0.06605263157894736,0.6499122807017543,2
2026-07-17 13:34:00+09:00,0.00017737966433535357,0.09903508771929824,0.6963157894736842,2
2026-07-17 13:35:00+09:00,-2.8742681946073514e-05,0.0925438596491228,0.6834210526315789,2
2026-07-17 13:36:00+09:00,-0.00012333797727970443,0.09903508771929824,0.7031578947368422,2
2026-07-17 13:37:00+09:00,0.00015428398573485248,0.04614035087719298,0.7096491228070176,2
2026-07-17 13:38:00+09:00,-0.00014442207637246711,0.11201754385964911,0.755701754385965,2
2026-07-17 13:39:00+09:00,0.0002802706129366703,0.12543859649122807,0.709561403508772,2
2026-07-17 13:40:00+09:00,0.0001814704034449718,0.05280701754385965,0.7492105263157894,2
2026-07-17 13:41:00+09:00,-0.0019272258258649958,0.09912280701754386,0.7032456140350878,2
2026-07-17 13:42:00+09:00,-0.0008253985356128136,0.08578947368421053,0.762719298245614,2
2026-07-17 13:43:00+09:00,-0.0009044474408161278,0.07912280701754386,0.7230701754385965,2
2026-07-17 13:44:00+09:00,0.00035618296151633793,0.09236842105263157,0.7494736842105263,2
2026-07-17 13:45:00+09:00,-0.0016294923108219675,0.09236842105263157,0.7360526315789475,2
2026-07-17 13:46:00+09:00,-0.0006769076969542952,0.052719298245614034,0.7756140350877194,2
2026-07-17 13:47:00+09:00,-0.0003695842182974825,0.10570175438596491,0.7358771929824561,2
2026-07-17 13:48:00+09:00,0.00044405298110618095,0.06587719298245613,0.7228070175438597,2
2026-07-17 13:49:00+09:00,-0.0005642168925464127,0.07921052631578947,0.696578947368421,2
2026-07-17 13:50:00+09:00,0.0005716419514872286,0.08578947368421053,0.6902631578947369,2
2026-07-17 13:51:00+09:00,-0.0009610024788293891,0.0863157894736842,0.6039473684210526,2
2026-07-17 13:52:00+09:00,0.00025835614401683796,0.06605263157894736,0.6303508771929824,2
2026-07-17 13:53:00+09:00,-0.0009339305958280881,0.07236842105263158,0.6764035087719298,2
2026-07-17 13:54:00+09:00,0.0001241189636447749,0.1124561403508772,0.6830701754385966,2
2026-07-17 13:55:00+09:00,0.0002739832914278946,0.07245614035087719,0.663421052631579,2
2026-07-17 13:56:00+09:00,0.0006186927579972674,0.05947368421052632,0.6437719298245614,2
2026-07-17 13:57:00+09:00,-0.00047601727370873007,0.06605263157894736,0.6835087719298246,2
2026-07-17 13:58:00+09:00,8.346830449480054e-05,0.09912280701754386,0.6633333333333333,2
2026-07-17 13:59:00+09:00,3.065444184094657e-05,0.11219298245614034,0.7093859649122807,2
2026-07-17 14:00:00+09:00,0.0005239310914317792,0.0593859649122807,0.6763157894736842,2
2026-07-17 14:01:00+09:00,-0.0004249966906297847,0.07956140350877193,0.7028947368421052,2
2026-07-17 14:02:00+09:00,-6.359302554992661e-06,0.11868421052631578,0.7159649122807018,2
2026-07-17 14:03:00+09:00,5.632284727452884e-05,0.0925438596491228,0.7160526315789473,2
2026-07-17 14:04:00+09:00,0.000710298391780276,0.10570175438596491,0.7029824561403508,2
2026-07-17 14:05:00+09:00,-0.00038988951976954845,0.07912280701754386,0.6898245614035088,2
2026-07-17 14:06:00+09:00,-0.00015547197263809457,0.1386842105263158,0.6039473684210527,2
2026-07-17 14:07:00+09:00,-0.00032533209843730053,0.06614035087719299,0.6041228070175438,2
2026-07-17 14:08:00+09:00,0.00019754594052462545,0.0462280701754386,0.5975438596491228,2
2026-07-17 14:09:00+09:00,-0.00034955727811663634,0.1256140350877193,0.6171929824561404,2
2026-07-17 14:10:00+09:00,9.52117885505168e-05,0.07903508771929824,0.6435964912280703,2
2026-07-17 14:11:00+09:00,-0.0004257806981205456,0.04631578947368421,0.6104385964912281,2
2026-07-17 14:12:00+09:00,-0.000691518970104181,0.07929824561403509,0.6634210526315789,2
2026-07-17 14:13:00+09:00,-0.0005860115529568513,0.06605263157894736,0.6501754385964913,2
2026-07-17 14:14:00+09:00,0.0006111959733542459,0.11903508771929824,0.6635964912280702,2
2026-07-17 14:15:00+09:00,-0.00011038423805434598,0.039649122807017545,0.6239473684210527,2
2026-07-17 14:16:00+09:00,-0.0007460762825435285,0.052894736842105265,0.6371929824561404,2
2026-07-17 14:17:00+09:00,0.0004248910512342743,0.09921052631578947,0.6565789473684212,2
2026-07-17 14:18:00+09:00,3.509365962101813e-05,0.09263157894736843,0.6432456140350877,2
2026-07-17 14:19:00+09:00,0.0004847117625603793,0.08578947368421053,0.6367543859649123,2
2026-07-17 14:20:00+09:00,0.00012111873027034478,0.059561403508771926,0.6171929824561404,2
2026-07-17 14:21:00+09:00,-6.793588686924945e-05,0.0793859649122807,0.5907894736842105,2
2026-07-17 14:22:00+09:00,-0.00014551082197700136,0.07912280701754386,0.617280701754386,2
2026-07-17 14:23:00+09:00,-5.628116568883297e-05,0.09236842105263157,0.6436842105263159,2
2026-07-17 14:24:00+09:00,0.00010926767824765157,0.06605263157894736,0.6042982456140351,2
2026-07-17 14:25:00+09:00,0.0007134431526363318,0.12587719298245614,0.5838596491228071,2
2026-07-17 14:26:00+09:00,0.0001368209751056278,0.07903508771929824,0.5969298245614035,2
2026-07-17 14:27:00+09:00,-0.00043885838544857755,0.052719298245614034,0.6101754385964913,2
2026-07-17 14:28:00+09:00,-0.000435285264613453,0.12570175438596493,0.6569298245614036,2
2026-07-17 14:29:00+09:00,-0.00033562888388652504,0.10552631578947368,0.7096491228070176,2
2026-07-17 14:30:00+09:00,8.5851472814084e-05,0.14578947368421052,0.6698245614035088,2
2026-07-17 14:31:00+09:00,-0.00018121349695828754,0.10578947368421053,0.6035087719298246,2
2026-07-17 14:32:00+09:00,8.168468967264948e-06,0.07912280701754386,0.6164912280701754,2
2026-07-17 14:33:00+09:00,-0.00045432381066217364,0.13921052631578948,0.6102631578947368,2
2026-07-17 14:34:00+09:00,0.00020392005266535486,0.07263157894736842,0.6697368421052632,2
2026-07-17 14:35:00+09:00,0.000708717054417378,0.10570175438596491,0.6433333333333333,2
2026-07-17 14:36:00+09:00,0.00010578901794820053,0.14570175438596492,0.6964035087719298,2
2026-07-17 14:37:00+09:00,0.0002507179834917304,0.1456140350877193,0.6299122807017544,2
2026-07-17 14:38:00+09:00,-1.1221757049903536e-05,0.09903508771929824,0.6628070175438596,2
2026-07-17 14:39:00+09:00,2.602734329784502e-05,0.059561403508771926,0.6693859649122808,2
2026-07-17 14:40:00+09:00,-0.00022855169026984564,0.13885964912280702,0.7157894736842105,2
2026-07-17 14:41:00+09:00,-0.0007399769423959992,0.07263157894736842,0.7092982456140351,2
2026-07-17 14:42:00+09:00,0.00023148329736262638,0.11228070175438597,0.7029824561403508,2
2026-07-17 14:43:00+09:00,-0.0008195183230853683,0.039649122807017545,0.6898245614035088,2
2026-07-17 14:44:00+09:00,0.00016597723759716497,0.08614035087719299,0.6698245614035088,2
2026-07-17 14:45:00+09:00,-0.00032779337109372394,0.1187719298245614,0.6696491228070175,2
2026-07-17 14:46:00+09:00,7.016727444707522e-05,0.09228070175438596,0.6829824561403509,2
2026-07-17 14:47:00+09:00,-0.0011523071216323483,0.13228070175438597,0.6835087719298245,2
2026-07-17 14:48:00+09:00,-0.0006608402796693748,0.08587719298245614,0.6639473684210526,2
2026-07-17 14:49:00+09:00,-0.0009793470063021816,0.06596491228070175,0.6771052631578949,2
2026-07-17 14:50:00+09:00,0.00010639105278738246,0.07271929824561403,0.6701754385964913,2
2026-07-17 14:51:00+09:00,-0.000781617681899268,0.11236842105263158,0.6897368421052632,2
2026-07-17 14:52:00+09:00,0.00010008915962017996,0.07929824561403509,0.7027192982456141,2
2026-07-17 14:53:00+09:00,-0.00043811593845163594,0.07280701754385965,0.7490350877192982,2
2026-07-17 14:54:00+09:00,-0.00024095562429212093,0.0924561403508772,0.7225438596491229,2
2026-07-17 14:55:00+09:00,0.0003607735902350366,0.09263157894736843,0.7095614035087721,2
2026-07-17 14:56:00+09:00,-3.5402538231316996e-05,0.1187719298245614,0.6567543859649123,2
2026-07-17 14:57:00+09:00,-0.0003313379904922558,0.10578947368421053,0.6828947368421052,2
2026-07-17 14:58:00+09:00,-0.0003356609737527927,0.11885964912280701,0.6963157894736842,2
2026-07-17 14:59:00+09:00,-0.0003391615793635844,0.15157894736842104,0.7161403508771931,2
2026-07-17 15:00:00+09:00,-5.199433043719641e-05,0.11903508771929824,0.7162280701754387,2
2026-07-17 15:01:00+09:00,-0.0002151832745730872,0.0462280701754386,0.6963157894736842,2
2026-07-17 15:02:00+09:00,-0.0003212563557100317,0.08578947368421053,0.6896491228070176,2
2026-07-17 15:03:00+09:00,7.015168865144233e-05,0.06605263157894736,0.7028947368421053,2
2026-07-17 15:04:00+09:00,-0.000387025766069425,0.059561403508771926,0.7228070175438597,2
2026-07-17 15:05:00+09:00,0.0002087674883639458,0.09894736842105263,0.6898245614035088,2
2026-07-17 15:06:00+09:00,0.0003496542429295015,0.06596491228070175,0.6900000000000001,2
2026-07-17 15:07:00+09:00,-0.0004980424407911015,0.0856140350877193,0.6835087719298246,2
2026-07-17 15:08:00+09:00,-0.00025657364189012586,0.09912280701754386,0.7559649122807018,2
2026-07-17 15:09:00+09:00,-0.00040955989720182557,0.08587719298245614,0.7886842105263158,2
2026-07-17 15:10:00+09:00,-0.00013005302735566093,0.12535087719298246,0.755438596491228,2
2026-07-17 15:11:00+09:00,9.274248887693851e-05,0.05947368421052632,0.7357894736842105,2
2026-07-17 15:12:00+09:00,-0.00017212929021314012,0.06631578947368422,0.7357894736842105,2
2026-07-17 15:13:00+09:00,-0.00011385503501462377,0.07271929824561403,0.7821929824561402,2
2026-07-17 15:14:00+09:00,-0.0006674175911569701,1.1985632183908046,0.9481246218995766,2
2026-07-17 15:15:00+09:00,-0.00023644193481327455,0.07028735632183908,0.9836267392619481,2
2026-07-17 15:16:00+09:00,-1.2871910774034101e-05,0.0648820326678766,0.9359860859044162,2
2026-07-17 15:17:00+09:00,0.0002484810686364003,0.05445856019358741,0.9600453720508166,2
2026-07-17 15:18:00+09:00,-0.00030157894489381813,0.0324410163339383,0.992486388384755,2
2026-07-17 15:19:00+09:00,-0.00011715171643390137,0.08494555353901996,1.077431941923775,2
2026-07-17 15:20:00+09:00,0.00040002314906206754,0.05013611615245009,1.0667695099818513,2
2026-07-17 15:21:00+09:00,-0.0005208851661932815,0.006578947368421052,1.06019056261343,2
2026-07-17 15:22:00+09:00,-0.0008542226764287679,0.006578947368421052,1.0667695099818513,2
2026-07-17 15:23:00+09:00,-0.00021335390199637026,1.066769509981851,0.0,2
2026-07-17 15:24:00+09:00,0.0,0.0,0.0,2
2026-07-17 15:30:00+09:00,0.0,0.0,0.0,2
