timestamp,net_return,turnover,gross_exposure,fold
2026-06-29 09:00:00+09:00,0.0,0.0,0.0,0
2026-06-29 09:01:00+09:00,0.0,0.0,0.0,0
2026-06-29 09:02:00+09:00,0.0,0.0,0.0,0
2026-06-29 09:03:00+09:00,0.0,0.0,0.0,0
2026-06-29 09:04:00+09:00,0.0,0.0,0.0,0
2026-06-29 09:05:00+09:00,0.0,0.0,0.0,0
2026-06-29 09:06:00+09:00,0.0,0.0,0.0,0
2026-06-29 09:07:00+09:00,0.0,0.0,0.0,0
2026-06-29 09:08:00+09:00,0.0,0.0,0.0,0
2026-06-29 09:09:00+09:00,0.0,0.0,0.0,0
2026-06-29 09:10:00+09:00,0.0,0.0,0.0,0
2026-06-29 09:11:00+09:00,0.0,0.0,0.0,0
2026-06-29 09:12:00+09:00,0.0,0.0,0.0,0
2026-06-29 09:13:00+09:00,0.0,0.0,0.0,0
2026-06-29 09:14:00+09:00,0.0,0.0,0.0,0
2026-06-29 09:15:00+09:00,-0.0013930159121525144,1.0,1.0,0
2026-06-29 09:16:00+09:00,0.00017119961973295655,0.0,1.0,0
2026-06-29 09:17:00+09:00,0.0002780297188092954,0.0,1.0,0
2026-06-29 09:18:00+09:00,-0.0008314203221266138,0.0,1.0,0
2026-06-29 09:19:00+09:00,-0.001113350304809804,0.0,0.9886363636363636,0
2026-06-29 09:20:00+09:00,-0.001201778415926215,0.0,0.9888888888888889,0
2026-06-29 09:21:00+09:00,-0.0001239557980174744,0.0,0.9775252525252525,0
2026-06-29 09:22:00+09:00,2.6872636913237513e-05,0.0,0.9886363636363636,0
2026-06-29 09:23:00+09:00,-0.00019497854760404647,0.0,0.955050505050505,0
2026-06-29 09:24:00+09:00,-0.000544853085244528,0.0,0.9888888888888889,0
2026-06-29 09:25:00+09:00,0.0006240367637198895,0.0,1.0,0
2026-06-29 09:26:00+09:00,-0.0007186378664238483,0.0,0.9886363636363635,0
2026-06-29 09:27:00+09:00,-0.0006011246110862729,0.0,1.0,0
2026-06-29 09:28:00+09:00,-0.0007128263455177331,0.0,0.9772727272727273,0
2026-06-29 09:29:00+09:00,-0.00020655595500127555,0.0,0.9661616161616162,0
2026-06-29 09:30:00+09:00,-0.0008378592724670648,0.0,1.0,0
2026-06-29 09:31:00+09:00,-0.00027702140207757107,0.0,0.9553030303030303,0
2026-06-29 09:32:00+09:00,-0.0007405036391277272,0.0,0.9777777777777776,0
2026-06-29 09:33:00+09:00,-0.0006415166429719209,0.0,0.9888888888888889,0
2026-06-29 09:34:00+09:00,2.2128794147950324e-05,0.0,0.9888888888888889,0
2026-06-29 09:35:00+09:00,-0.000616237331850167,0.0,0.9886363636363638,0
2026-06-29 09:36:00+09:00,-0.00013778178223209088,0.0,0.9775252525252525,0
2026-06-29 09:37:00+09:00,-0.0002842236719272512,0.0,0.9888888888888887,0
2026-06-29 09:38:00+09:00,4.1493736822217685e-05,0.0,0.9886363636363636,0
2026-06-29 09:39:00+09:00,0.0014624459289269078,0.0,1.0,0
2026-06-29 09:40:00+09:00,0.0003995753295018045,0.0,1.0,0
2026-06-29 09:41:00+09:00,0.0003732989412005017,0.0,1.0,0
2026-06-29 09:42:00+09:00,2.5644508536477252e-05,0.0,1.0,0
2026-06-29 09:43:00+09:00,0.0005039574871667936,0.0,0.9664141414141414,0
2026-06-29 09:44:00+09:00,7.381797176957967e-05,0.0,0.9886363636363636,0
2026-06-29 09:45:00+09:00,-8.176469016156287e-05,0.0,0.9775252525252525,0
2026-06-29 09:46:00+09:00,-0.00031867711340100876,0.0,0.9888888888888889,0
2026-06-29 09:47:00+09:00,0.0012401876689856494,0.0,0.9888888888888889,0
2026-06-29 09:48:00+09:00,0.0004128444131266672,0.0,0.9775252525252527,0
2026-06-29 09:49:00+09:00,-0.00019663253962414615,0.0,0.9550505050505049,0
2026-06-29 09:50:00+09:00,0.0005705316113545563,0.0,0.9886363636363636,0
2026-06-29 09:51:00+09:00,0.0006328895822665398,0.0,0.9772727272727273,0
2026-06-29 09:52:00+09:00,0.0006421023237474106,0.0,0.9886363636363636,0
2026-06-29 09:53:00+09:00,0.0003569075169047862,0.0,0.9666666666666667,0
2026-06-29 09:54:00+09:00,0.00018862084070201326,0.0,0.9325757575757574,0
2026-06-29 09:55:00+09:00,0.00014614589345983891,0.0,0.9553030303030302,0
2026-06-29 09:56:00+09:00,0.0004298691266676381,0.0,0.9775252525252525,0
2026-06-29 09:57:00+09:00,0.0007451773197810015,0.0,0.9775252525252526,0
2026-06-29 09:58:00+09:00,0.0006068768949140028,0.0,0.9434343434343434,0
2026-06-29 09:59:00+09:00,-0.0003767897178258967,0.0,0.9886363636363636,0
2026-06-29 10:00:00+09:00,0.0002488666088305898,0.0,0.9888888888888888,0
2026-06-29 10:01:00+09:00,8.414225108870271e-05,0.0,0.9772727272727273,0
2026-06-29 10:02:00+09:00,3.247495824457837e-05,0.0,0.9888888888888889,0
2026-06-29 10:03:00+09:00,-0.0006779493557779994,0.0,0.943939393939394,0
2026-06-29 10:04:00+09:00,0.0003354821364498775,0.0,0.9547979797979799,0
2026-06-29 10:05:00+09:00,0.0004370383469310641,0.0,0.9666666666666666,0
2026-06-29 10:06:00+09:00,-0.0004530360228916662,0.0,0.9775252525252525,0
2026-06-29 10:07:00+09:00,-0.0001659047208478623,0.0,0.9888888888888888,0
2026-06-29 10:08:00+09:00,-4.7211668209784975e-05,0.0,0.9212121212121211,0
2026-06-29 10:09:00+09:00,0.0003412025491911545,0.0,0.9777777777777777,0
2026-06-29 10:10:00+09:00,-3.0375398522170874e-05,0.0,0.9661616161616162,0
2026-06-29 10:11:00+09:00,-0.0002483930681002255,0.0,0.9553030303030303,0
2026-06-29 10:12:00+09:00,-0.00038334116411466835,0.0,0.9666666666666667,0
2026-06-29 10:13:00+09:00,0.0004986789680535643,0.0,1.0,0
2026-06-29 10:14:00+09:00,-0.00010298001195930165,0.0,0.955050505050505,0
2026-06-29 10:15:00+09:00,-0.0006520494811882286,0.0,0.9550505050505049,0
2026-06-29 10:16:00+09:00,-0.00013723045493279203,0.0,0.9661616161616162,0
2026-06-29 10:17:00+09:00,-0.0002846127824544313,0.0,0.9775252525252525,0
2026-06-29 10:18:00+09:00,0.00013150290219957625,0.0,0.9328282828282828,0
2026-06-29 10:19:00+09:00,4.3622512117655496e-05,0.0,0.9777777777777777,0
2026-06-29 10:20:00+09:00,-0.0005484069958642051,0.0,0.9888888888888887,0
2026-06-29 10:21:00+09:00,-0.00027189394600262736,0.0,0.9550505050505049,0
2026-06-29 10:22:00+09:00,-0.0004820529771791603,0.0,0.9664141414141414,0
2026-06-29 10:23:00+09:00,3.277408841585015e-05,0.0,0.9101010101010101,0
2026-06-29 10:24:00+09:00,-0.0002927925673456486,0.0,0.9328282828282828,0
2026-06-29 10:25:00+09:00,0.00030093184255272897,0.0,0.9888888888888889,0
2026-06-29 10:26:00+09:00,-0.00022442705327289851,0.0,0.9214646464646464,0
2026-06-29 10:27:00+09:00,-0.00023010733968264137,0.0,0.9436868686868687,0
2026-06-29 10:28:00+09:00,-0.0004526439419192373,0.0,0.9330808080808081,0
2026-06-29 10:29:00+09:00,-8.934583851911995e-05,0.0,0.9888888888888889,0
2026-06-29 10:30:00+09:00,0.0004385302606667985,0.0,1.0,0
2026-06-29 10:31:00+09:00,0.0017441644825033822,0.0,0.943939393939394,0
2026-06-29 10:32:00+09:00,-4.872434835050476e-05,0.0,0.9772727272727273,0
2026-06-29 10:33:00+09:00,0.0006173425984297229,0.0,0.955050505050505,0
2026-06-29 10:34:00+09:00,0.0011320428546068239,0.0,0.9555555555555555,0
2026-06-29 10:35:00+09:00,0.0008072560224473474,0.0,0.9775252525252526,0
2026-06-29 10:36:00+09:00,-0.00017310527193658428,0.0,0.9888888888888889,0
2026-06-29 10:37:00+09:00,0.000257593204350241,0.0,0.955050505050505,0
2026-06-29 10:38:00+09:00,0.00048467958712696,0.0,0.9661616161616161,0
2026-06-29 10:39:00+09:00,0.00022364034730713503,0.0,0.9661616161616161,0
2026-06-29 10:40:00+09:00,0.00016414380942486234,0.0,0.9553030303030303,0
2026-06-29 10:41:00+09:00,0.0001245131953434948,0.0,0.9777777777777776,0
2026-06-29 10:42:00+09:00,0.0002198446592369696,0.0,0.943939393939394,0
2026-06-29 10:43:00+09:00,-0.00020095306090824858,0.0,0.9439393939393939,0
2026-06-29 10:44:00+09:00,-0.00020701984389448111,0.0,0.9553030303030303,0
2026-06-29 10:45:00+09:00,-0.0003781115398262757,0.0,0.9775252525252525,0
2026-06-29 10:46:00+09:00,-0.00044374233234736974,0.0,0.9888888888888889,0
2026-06-29 10:47:00+09:00,-0.00025927631743491057,0.0,0.9775252525252525,0
2026-06-29 10:48:00+09:00,0.0004266849827970475,0.0,0.9325757575757576,0
2026-06-29 10:49:00+09:00,8.911730926349556e-05,0.0,0.9886363636363638,0
2026-06-29 10:50:00+09:00,-0.00029901527092836527,0.0,0.9439393939393939,0
2026-06-29 10:51:00+09:00,-0.00013090336346794593,0.0,0.9553030303030303,0
2026-06-29 10:52:00+09:00,8.452050498735717e-05,0.0,0.955050505050505,0
2026-06-29 10:53:00+09:00,-0.00031733640900392614,0.0,0.9555555555555555,0
2026-06-29 10:54:00+09:00,6.184333032964989e-05,0.0,0.9666666666666667,0
2026-06-29 10:55:00+09:00,0.00049496014713045,0.0,0.9441919191919191,0
2026-06-29 10:56:00+09:00,-0.0007024211027337528,0.0,0.9661616161616161,0
2026-06-29 10:57:00+09:00,0.0002443338337041613,0.0,0.9550505050505051,0
2026-06-29 10:58:00+09:00,-0.0006061890551026207,0.0,0.9444444444444444,0
2026-06-29 10:59:00+09:00,-0.0003008102050889251,0.0,0.9436868686868687,0
2026-06-29 11:00:00+09:00,-0.0002746343993505551,0.0,0.9886363636363638,0
2026-06-29 11:01:00+09:00,4.194069027936888e-06,0.0,0.9775252525252526,0
2026-06-29 11:02:00+09:00,-0.00033185168496207553,0.0,0.9664141414141414,0
2026-06-29 11:03:00+09:00,3.300054753248679e-05,0.0,0.9328282828282828,0
2026-06-29 11:04:00+09:00,-0.0004484289774712868,0.0,0.9323232323232322,0
2026-06-29 11:05:00+09:00,-0.0002130875927003605,0.0,0.955050505050505,0
2026-06-29 11:06:00+09:00,0.00021549096177659005,0.0,0.9441919191919192,0
2026-06-29 11:07:00+09:00,0.00013703303491389307,0.0,0.9777777777777777,0
2026-06-29 11:08:00+09:00,4.268033024634228e-05,0.0,0.9555555555555555,0
2026-06-29 11:09:00+09:00,-0.0002875110837041124,0.0,0.9441919191919192,0
2026-06-29 11:10:00+09:00,-0.00042683126589806905,0.0,0.9101010101010101,0
2026-06-29 11:11:00+09:00,-0.0003973478827095345,0.0,0.9553030303030303,0
2026-06-29 11:12:00+09:00,-0.0004820801175594046,0.0,0.9436868686868687,0
2026-06-29 11:13:00+09:00,-0.00014644667112846576,0.0,0.9664141414141414,0
2026-06-29 11:14:00+09:00,0.0003250968210337022,0.0,0.9434343434343434,0
2026-06-29 11:15:00+09:00,0.0007681429249402751,0.0,0.8984848484848484,0
2026-06-29 11:16:00+09:00,3.47278103523783e-05,0.0,0.9888888888888889,0
2026-06-29 11:17:00+09:00,0.00013005920674474415,0.0,0.9219696969696969,0
2026-06-29 11:18:00+09:00,-0.0003167615539980779,0.0,0.9661616161616161,0
2026-06-29 11:19:00+09:00,0.0005418312794488387,0.0,0.9553030303030303,0
2026-06-29 11:20:00+09:00,0.0003850731382426017,0.0,0.9888888888888889,0
2026-06-29 11:21:00+09:00,8.26312492940406e-05,0.0,0.9777777777777777,0
2026-06-29 11:22:00+09:00,-0.00032927016094642133,0.0,0.9328282828282829,0
2026-06-29 11:23:00+09:00,6.793072062045935e-05,0.0,0.9214646464646465,0
2026-06-29 11:24:00+09:00,-0.00017945724642928144,0.0,0.9098484848484849,0
2026-06-29 11:25:00+09:00,0.00019673009537508762,0.011111111111111112,0.9661616161616162,0
2026-06-29 11:26:00+09:00,4.099597065778373e-05,0.011111111111111112,0.9439393939393939,0
2026-06-29 11:27:00+09:00,1.0604227859951207e-05,0.0,0.9664141414141414,0
2026-06-29 11:28:00+09:00,-0.00023577684529226697,0.0452020202020202,0.9325757575757576,0
2026-06-29 11:29:00+09:00,-0.00018651515151515153,0.9325757575757576,0.0,0
2026-06-29 11:30:00+09:00,0.0,0.0,0.0,0
2026-06-29 12:30:00+09:00,-0.0004846393142704478,1.0,1.0,0
2026-06-29 12:31:00+09:00,-0.0009842014654071823,0.0,1.0,0
2026-06-29 12:32:00+09:00,0.00020744932284638825,0.0,0.9886363636363638,0
2026-06-29 12:33:00+09:00,-0.0005212693856346012,0.0,0.9777777777777777,0
2026-06-29 12:34:00+09:00,0.00020569363998377413,0.0,0.9666666666666667,0
2026-06-29 12:35:00+09:00,-0.0003261412301274549,0.0,0.9666666666666667,0
2026-06-29 12:36:00+09:00,-5.1286974019694046e-05,0.0,0.9436868686868687,0
2026-06-29 12:37:00+09:00,-3.323815587043304e-05,0.0,0.9553030303030303,0
2026-06-29 12:38:00+09:00,0.0005229768137039312,0.0,0.9441919191919192,0
2026-06-29 12:39:00+09:00,1.227520085940798e-05,0.0,0.9547979797979799,0
2026-06-29 12:40:00+09:00,0.0005478512913136527,0.0,0.9777777777777777,0
2026-06-29 12:41:00+09:00,-0.0004959145560247985,0.0,0.9666666666666667,0
2026-06-29 12:42:00+09:00,-0.000358659634879512,0.0,0.9550505050505049,0
2026-06-29 12:43:00+09:00,9.222271927344999e-05,0.0,0.9775252525252525,0
2026-06-29 12:44:00+09:00,0.0003363055818166011,0.0,0.9441919191919192,0
2026-06-29 12:45:00+09:00,0.0002987331415908478,0.0,0.9886363636363638,0
2026-06-29 12:46:00+09:00,0.00021361151619705895,0.0,0.9659090909090909,0
2026-06-29 12:47:00+09:00,7.241967019124652e-06,0.0,0.8992424242424243,0
2026-06-29 12:48:00+09:00,0.00014551924116228406,0.0,0.9325757575757576,0
2026-06-29 12:49:00+09:00,0.0002595895707114578,0.0,0.9325757575757576,0
2026-06-29 12:50:00+09:00,0.0002565463440874002,0.0,0.9434343434343434,0
2026-06-29 12:51:00+09:00,-3.985810856970043e-06,0.0,0.9888888888888889,0
2026-06-29 12:52:00+09:00,1.872519655125432e-05,0.0,0.9664141414141414,0
2026-06-29 12:53:00+09:00,-5.643032600010159e-05,0.0,0.9325757575757574,0
2026-06-29 12:54:00+09:00,4.4950129428143585e-06,0.0,0.9661616161616162,0
2026-06-29 12:55:00+09:00,2.4089100869852367e-05,0.0,0.9555555555555555,0
2026-06-29 12:56:00+09:00,0.0001909817668781943,0.0,0.8873737373737374,0
2026-06-29 12:57:00+09:00,0.000299107765042594,0.0,0.8881313131313131,0
2026-06-29 12:58:00+09:00,0.0001263557580377921,0.0,0.9666666666666668,0
2026-06-29 12:59:00+09:00,-0.00020955856026782374,0.0,0.9436868686868687,0
2026-06-29 13:00:00+09:00,-0.00011251319314425028,0.0,0.9775252525252525,0
2026-06-29 13:01:00+09:00,0.00016431443117544592,0.0,0.9436868686868687,0
2026-06-29 13:02:00+09:00,-8.966858159864385e-05,0.0,0.943939393939394,0
2026-06-29 13:03:00+09:00,-0.00020719342736681993,0.0,0.9328282828282828,0
2026-06-29 13:04:00+09:00,-0.0004386652749832493,0.0,0.9103535353535354,0
2026-06-29 13:05:00+09:00,5.7888357870053604e-05,0.0,0.9436868686868687,0
2026-06-29 13:06:00+09:00,2.6781528851833067e-05,0.0,0.9325757575757576,0
2026-06-29 13:07:00+09:00,-7.63119745538632e-07,0.0,0.9888888888888888,0
2026-06-29 13:08:00+09:00,9.03785369129163e-05,0.0,0.9214646464646464,0
2026-06-29 13:09:00+09:00,-0.00021776030026825465,0.0,0.8431818181818181,0
2026-06-29 13:10:00+09:00,-0.0004528643305554573,0.0,0.955050505050505,0
2026-06-29 13:11:00+09:00,-6.45929308225593e-05,0.0,0.9550505050505051,0
2026-06-29 13:12:00+09:00,5.359819175082728e-05,0.0,0.9439393939393939,0
2026-06-29 13:13:00+09:00,-0.000234874713902985,0.0,0.9214646464646464,0
2026-06-29 13:14:00+09:00,-0.00014566960243706214,0.0,0.8765151515151516,0
2026-06-29 13:15:00+09:00,0.0003008976465399017,0.0,0.9214646464646464,0
2026-06-29 13:16:00+09:00,-0.00024371661760825555,0.0,0.9212121212121211,0
2026-06-29 13:17:00+09:00,0.00020894055534956686,0.0,0.9106060606060606,0
2026-06-29 13:18:00+09:00,-0.00014650864596654683,0.0,0.9101010101010101,0
2026-06-29 13:19:00+09:00,-0.00032255488486291164,0.0,0.9214646464646465,0
2026-06-29 13:20:00+09:00,1.9643727384906222e-05,0.0,0.9441919191919192,0
2026-06-29 13:21:00+09:00,-0.00010797982173697778,0.0,0.9439393939393939,0
2026-06-29 13:22:00+09:00,2.372379997926148e-05,0.0,0.898989898989899,0
2026-06-29 13:23:00+09:00,0.0006840699084617066,0.0,0.920959595959596,0
2026-06-29 13:24:00+09:00,0.00017239906208266906,0.0,0.9212121212121211,0
2026-06-29 13:25:00+09:00,-0.00034036199184740354,0.0,0.9550505050505051,0
2026-06-29 13:26:00+09:00,-0.00027539014227733594,0.0,0.9775252525252525,0
2026-06-29 13:27:00+09:00,7.98833471398087e-05,0.0,0.9325757575757575,0
2026-06-29 13:28:00+09:00,0.00016547478436076198,0.0,0.9441919191919192,0
2026-06-29 13:29:00+09:00,-0.0003409807465933905,0.0,0.9214646464646465,0
2026-06-29 13:30:00+09:00,2.5348229486014266e-05,0.0,0.9436868686868687,0
2026-06-29 13:31:00+09:00,-6.438576783948126e-05,0.0,0.9217171717171718,0
2026-06-29 13:32:00+09:00,-5.609585781532355e-05,0.0,0.9106060606060605,0
2026-06-29 13:33:00+09:00,-0.00011604709277830923,0.0,0.8873737373737374,0
2026-06-29 13:34:00+09:00,1.229135347327043e-05,0.0,0.9207070707070708,0
2026-06-29 13:35:00+09:00,-7.680554673520674e-06,0.0,0.9436868686868687,0
2026-06-29 13:36:00+09:00,0.00021017942488981575,0.0,0.9217171717171717,0
2026-06-29 13:37:00+09:00,-4.10012304209329e-05,0.0,0.9439393939393939,0
2026-06-29 13:38:00+09:00,-0.00031984628839746264,0.0,0.8876262626262627,0
2026-06-29 13:39:00+09:00,-0.0002175275691584235,0.0,0.8871212121212121,0
2026-06-29 13:40:00+09:00,0.00025785199391451094,0.0,0.8765151515151515,0
2026-06-29 13:41:00+09:00,9.923866955694018e-05,0.0,0.8876262626262625,0
2026-06-29 13:42:00+09:00,0.00032171295779173263,0.0,0.8992424242424242,0
2026-06-29 13:43:00+09:00,-0.00041052595181323393,0.0,0.920959595959596,0
2026-06-29 13:44:00+09:00,-2.545986934344944e-05,0.0,0.9103535353535354,0
2026-06-29 13:45:00+09:00,0.00017444454371571758,0.0,0.9659090909090909,0
2026-06-29 13:46:00+09:00,-0.0002444554098837927,0.0,0.8994949494949495,0
2026-06-29 13:47:00+09:00,0.0003241154416918243,0.0,0.8992424242424242,0
2026-06-29 13:48:00+09:00,0.00017381691739818726,0.0,0.9436868686868687,0
2026-06-29 13:49:00+09:00,-0.00011643086235814916,0.0,0.9661616161616162,0
2026-06-29 13:50:00+09:00,2.334035316140198e-05,0.0,0.9325757575757576,0
2026-06-29 13:51:00+09:00,-2.6972454917442318e-05,0.0,0.8992424242424243,0
2026-06-29 13:52:00+09:00,3.9354850189420794e-05,0.0,0.8767676767676766,0
2026-06-29 13:53:00+09:00,-0.00023110990433762913,0.0,0.9439393939393939,0
2026-06-29 13:54:00+09:00,-0.0003562333298774597,0.0,0.9095959595959596,0
2026-06-29 13:55:00+09:00,1.4275506884626311e-06,0.0,0.9664141414141414,0
2026-06-29 13:56:00+09:00,3.3667059170902114e-05,0.0,0.9219696969696969,0
2026-06-29 13:57:00+09:00,-9.478561034732812e-05,0.0,0.9214646464646464,0
2026-06-29 13:58:00+09:00,1.2895004117906407e-05,0.0,0.920959595959596,0
2026-06-29 13:59:00+09:00,-0.00011803043245075773,0.0,0.9330808080808081,0
2026-06-29 14:00:00+09:00,-6.0811324778528335e-05,0.0,0.9775252525252526,0
2026-06-29 14:01:00+09:00,-0.0001467909340219731,0.0,0.9886363636363636,0
2026-06-29 14:02:00+09:00,-3.274041058939424e-05,0.0,0.9777777777777777,0
2026-06-29 14:03:00+09:00,-8.681291765827471e-05,0.0,0.9439393939393939,0
2026-06-29 14:04:00+09:00,8.133772157793276e-05,0.0,0.8643939393939395,0
2026-06-29 14:05:00+09:00,0.00044486022383797853,0.0,0.9328282828282828,0
2026-06-29 14:06:00+09:00,5.7806168129536906e-05,0.0,0.9553030303030303,0
2026-06-29 14:07:00+09:00,-0.00014052266059270572,0.0,0.8762626262626263,0
2026-06-29 14:08:00+09:00,-0.0001617897905151936,0.0,0.8656565656565657,0
2026-06-29 14:09:00+09:00,0.00027873150180704676,0.0,0.9217171717171717,0
2026-06-29 14:10:00+09:00,-9.690280743708825e-05,0.0,0.9439393939393939,0
2026-06-29 14:11:00+09:00,-0.00031838339633978157,0.0,0.877020202020202,0
2026-06-29 14:12:00+09:00,0.00023186595978389745,0.0,0.8992424242424242,0
2026-06-29 14:13:00+09:00,0.00021464240431126553,0.0,0.9777777777777777,0
2026-06-29 14:14:00+09:00,-4.2395555226329604e-05,0.0,0.9217171717171717,0
2026-06-29 14:15:00+09:00,-4.5554232621762223e-05,0.0,0.9434343434343434,0
2026-06-29 14:16:00+09:00,1.9296967303790445e-05,0.0,0.9214646464646465,0
2026-06-29 14:17:00+09:00,-0.0002434293584528579,0.0,0.8873737373737374,0
2026-06-29 14:18:00+09:00,-7.2300790856672585e-06,0.0,0.8997474747474747,0
2026-06-29 14:19:00+09:00,0.00029246410405630734,0.0,0.955050505050505,0
2026-06-29 14:20:00+09:00,-0.00024257571983357092,0.0,0.955050505050505,0
2026-06-29 14:21:00+09:00,0.0003644498068558526,0.0,0.9212121212121213,0
2026-06-29 14:22:00+09:00,-0.0004004288935126553,0.0,0.8873737373737374,0
2026-06-29 14:23:00+09:00,0.0001421896551156491,0.0,0.944191919191919,0
2026-06-29 14:24:00+09:00,-5.4666616647695886e-05,0.0,0.9325757575757576,0
2026-06-29 14:25:00+09:00,4.969278951053377e-06,0.0,0.9547979797979799,0
2026-06-29 14:26:00+09:00,-0.00019189741847960718,0.0,0.9214646464646464,0
2026-06-29 14:27:00+09:00,-0.0002013375522823566,0.0,0.9441919191919191,0
2026-06-29 14:28:00+09:00,0.0002728379987292452,0.0,0.9550505050505049,0
2026-06-29 14:29:00+09:00,-0.00013468186614282963,0.0,0.9325757575757576,0
2026-06-29 14:30:00+09:00,0.00010394128451129767,0.0,0.9666666666666666,0
2026-06-29 14:31:00+09:00,0.0003152109672834003,0.0,0.8881313131313131,0
2026-06-29 14:32:00+09:00,0.000256695639478209,0.0,0.9101010101010101,0
2026-06-29 14:33:00+09:00,0.0004299225430897133,0.0,0.9436868686868687,0
2026-06-29 14:34:00+09:00,7.923916324791016e-05,0.0,0.9436868686868687,0
2026-06-29 14:35:00+09:00,-0.00011252675804261779,0.0,0.9217171717171717,0
2026-06-29 14:36:00+09:00,-5.556415429277828e-05,0.0,0.9661616161616161,0
2026-06-29 14:37:00+09:00,9.779876124098289e-05,0.0,0.9323232323232324,0
2026-06-29 14:38:00+09:00,-0.0001817108267427321,0.0,0.9214646464646465,0
2026-06-29 14:39:00+09:00,0.0001327555975243253,0.0,0.9441919191919191,0
2026-06-29 14:40:00+09:00,-0.00013294284101572396,0.0,0.933080808080808,0
2026-06-29 14:41:00+09:00,0.00046329861574979144,0.0,0.9101010101010101,0
2026-06-29 14:42:00+09:00,0.00034355196142882034,0.0,0.9666666666666666,0
2026-06-29 14:43:00+09:00,0.0001402214520008215,0.0,0.9661616161616162,0
2026-06-29 14:44:00+09:00,2.535119683995324e-05,0.0,0.9207070707070708,0
2026-06-29 14:45:00+09:00,0.00025936762519117404,0.0,0.9666666666666667,0
2026-06-29 14:46:00+09:00,0.00024643652195960775,0.0,0.9323232323232322,0
2026-06-29 14:47:00+09:00,0.00013418629404557262,0.0,0.9101010101010101,0
2026-06-29 14:48:00+09:00,0.00018552138623252514,0.0,0.8987373737373737,0
2026-06-29 14:49:00+09:00,-3.068621773104119e-05,0.0,0.9325757575757576,0
2026-06-29 14:50:00+09:00,0.0003082510080904804,0.0,0.9664141414141414,0
2026-06-29 14:51:00+09:00,0.0001046557968428539,0.0,0.9547979797979798,0
2026-06-29 14:52:00+09:00,0.00017304535176678758,0.0,0.9328282828282828,0
2026-06-29 14:53:00+09:00,0.000637536189502747,0.0,0.9325757575757576,0
2026-06-29 14:54:00+09:00,2.8459108114097366e-05,0.0,0.9553030303030303,0
2026-06-29 14:55:00+09:00,0.00021042752883857193,0.0,0.943939393939394,0
2026-06-29 14:56:00+09:00,0.00019129065155217007,0.0,0.9664141414141416,0
2026-06-29 14:57:00+09:00,0.0003050367796589887,0.0,0.9886363636363635,0
2026-06-29 14:58:00+09:00,-2.2135628340474646e-05,0.0,0.9664141414141414,0
2026-06-29 14:59:00+09:00,0.00026784557925504265,0.0,0.9436868686868687,0
2026-06-29 15:00:00+09:00,0.00010866065163600067,0.0,0.9441919191919192,0
2026-06-29 15:01:00+09:00,-0.0001011447105084702,0.0,0.9888888888888888,0
2026-06-29 15:02:00+09:00,-0.00048271141284023425,0.0,0.9775252525252525,0
2026-06-29 15:03:00+09:00,0.00016451553756495667,0.0,0.9888888888888889,0
2026-06-29 15:04:00+09:00,-0.0002892848620204858,0.0,0.9664141414141414,0
2026-06-29 15:05:00+09:00,-1.4338755705925728e-05,0.0,0.9775252525252525,0
2026-06-29 15:06:00+09:00,-2.4824436331215833e-05,0.0,0.9777777777777777,0
2026-06-29 15:07:00+09:00,-8.992999121388097e-05,0.0,0.9439393939393939,0
2026-06-29 15:08:00+09:00,0.00016793547014908966,0.0,0.9661616161616161,0
2026-06-29 15:09:00+09:00,-4.0134024991022095e-05,0.0,0.9553030303030302,0
2026-06-29 15:10:00+09:00,0.00022785468487708787,0.0,0.9886363636363635,0
2026-06-29 15:11:00+09:00,8.434053957845627e-05,0.0,0.9553030303030302,0
2026-06-29 15:12:00+09:00,-0.00012146176413990838,0.0,0.9328282828282828,0
2026-06-29 15:13:00+09:00,0.00011846690673072174,0.0,0.921969696969697,0
2026-06-29 15:14:00+09:00,-0.0006419775520424686,1.809729325927148,1.0,0
2026-06-29 15:15:00+09:00,0.00040319191751751944,0.0,0.9641666208363122,0
2026-06-29 15:16:00+09:00,-3.347270939894988e-05,0.0,0.9116862820583329,0
2026-06-29 15:17:00+09:00,-7.260977706047744e-05,0.0,0.9182702707657335,0
2026-06-29 15:18:00+09:00,-0.00035636294552543577,0.0,0.938002071532017,0
2026-06-29 15:19:00+09:00,-0.00011032058201612921,0.0,1.0074213092815634,0
2026-06-29 15:20:00+09:00,0.00017428921917648474,0.0,0.9814080001466572,0
2026-06-29 15:21:00+09:00,-0.00043858066657617186,0.0,0.9986493794570019,0
2026-06-29 15:22:00+09:00,-0.0005014122610294107,0.0,0.9989518597957799,0
2026-06-29 15:23:00+09:00,0.0010131934014130767,0.0,1.0248139287612972,0
2026-06-29 15:24:00+09:00,-0.00020671717171717174,1.0335858585858586,0.0,0
2026-06-29 15:30:00+09:00,0.0,0.0,0.0,0
2026-06-30 09:00:00+09:00,0.0,0.0,0.0,0
2026-06-30 09:01:00+09:00,0.0,0.0,0.0,0
2026-06-30 09:02:00+09:00,0.0,0.0,0.0,0
2026-06-30 09:03:00+09:00,0.0,0.0,0.0,0
2026-06-30 09:04:00+09:00,0.0,0.0,0.0,0
2026-06-30 09:05:00+09:00,0.0,0.0,0.0,0
2026-06-30 09:06:00+09:00,0.0,0.0,0.0,0
2026-06-30 09:07:00+09:00,0.0,0.0,0.0,0
2026-06-30 09:08:00+09:00,0.0,0.0,0.0,0
2026-06-30 09:09:00+09:00,0.0,0.0,0.0,0
2026-06-30 09:10:00+09:00,0.0,0.0,0.0,0
2026-06-30 09:11:00+09:00,0.0,0.0,0.0,0
2026-06-30 09:12:00+09:00,0.0,0.0,0.0,0
2026-06-30 09:13:00+09:00,0.0,0.0,0.0,0
2026-06-30 09:14:00+09:00,0.0,0.0,0.0,0
2026-06-30 09:15:00+09:00,-0.0002724165481844096,1.0,1.0,0
2026-06-30 09:16:00+09:00,-0.0004186937159695379,0.0,0.9891304347826086,0
2026-06-30 09:17:00+09:00,0.00024605133379401235,0.0,0.9784921369102682,0
2026-06-30 09:18:00+09:00,0.000395195045384395,0.0,0.9893617021276596,0
2026-06-30 09:19:00+09:00,-0.00037799084342754566,0.0,0.946577243293247,0
2026-06-30 09:20:00+09:00,0.00038930736712861855,0.0,0.9893617021276595,0
2026-06-30 09:21:00+09:00,-0.00011846441069699488,0.0,0.9678538390379279,0
2026-06-30 09:22:00+09:00,3.333458919096303e-05,0.0,1.0,0
2026-06-30 09:23:00+09:00,0.00017470680558508597,0.0,0.9893617021276595,0
2026-06-30 09:24:00+09:00,4.3348231413064146e-05,0.0,0.9572155411655875,0
2026-06-30 09:25:00+09:00,-0.00034727933155983214,0.0,0.9680851063829788,0
2026-06-30 09:26:00+09:00,0.0005067924432713456,0.0,0.9787234042553191,0
2026-06-30 09:27:00+09:00,0.0002904270141601036,0.0,0.967622571692877,0
2026-06-30 09:28:00+09:00,-0.00020969850858408467,0.0,0.9787234042553192,0
2026-06-30 09:29:00+09:00,-3.7022735942973266e-06,0.0,0.9680851063829787,0
2026-06-30 09:30:00+09:00,0.0005800799420001376,0.0,0.9891304347826086,0
2026-06-30 09:31:00+09:00,-0.00013122954355602995,0.0,0.9784921369102683,0
2026-06-30 09:32:00+09:00,-3.2730354931101016e-05,0.0,1.0,0
2026-06-30 09:33:00+09:00,-0.00017270510075818055,0.0,0.9784921369102683,0
2026-06-30 09:34:00+09:00,5.023691679764943e-06,0.0,0.9357076780758558,0
2026-06-30 09:35:00+09:00,0.0009389115470679831,0.0,0.9787234042553191,0
2026-06-30 09:36:00+09:00,0.00038923678239074025,0.0,0.9680851063829787,0
2026-06-30 09:37:00+09:00,0.0002913893432830151,0.0,0.9893617021276596,0
2026-06-30 09:38:00+09:00,5.357786529185381e-05,0.0,0.9680851063829787,0
2026-06-30 09:39:00+09:00,2.3690836589735507e-05,0.0,0.9572155411655874,0
2026-06-30 09:40:00+09:00,0.00021313979590125725,0.0,0.9572155411655874,0
2026-06-30 09:41:00+09:00,0.00018342886012627448,0.0,0.9680851063829787,0
2026-06-30 09:42:00+09:00,0.00033189244016415683,0.0,0.9787234042553191,0
2026-06-30 09:43:00+09:00,-0.0001653453948870588,0.0,0.9787234042553191,0
2026-06-30 09:44:00+09:00,0.0001136669806539671,0.0,1.0,0
2026-06-30 09:45:00+09:00,-0.00014559156056541674,0.0,0.9468085106382977,0
2026-06-30 09:46:00+09:00,0.00011313795964913212,0.0,0.9359389454209066,0
2026-06-30 09:47:00+09:00,-6.621757897439504e-05,0.0,0.9680851063829787,0
2026-06-30 09:48:00+09:00,2.2760852968407872e-05,0.0,0.9787234042553192,0
2026-06-30 09:49:00+09:00,0.00013701617541143343,0.0,0.9468085106382979,0
2026-06-30 09:50:00+09:00,2.018960104473342e-05,0.0,0.9891304347826088,0
2026-06-30 09:51:00+09:00,-0.0003285813625539774,0.0,0.9035615171137834,0
2026-06-30 09:52:00+09:00,-0.00025557659770456654,0.0,0.9574468085106382,0
2026-06-30 09:53:00+09:00,-0.000137948624799078,0.0,0.925531914893617,0
2026-06-30 09:54:00+09:00,-9.695736446991679e-05,0.0,0.9572155411655875,0
2026-06-30 09:55:00+09:00,0.00042151543942152696,0.0,0.9680851063829787,0
2026-06-30 09:56:00+09:00,0.0003441933303640277,0.0,0.9468085106382979,0
2026-06-30 09:57:00+09:00,-3.208775950774797e-05,0.0,0.9359389454209065,0
2026-06-30 09:58:00+09:00,-0.00020019782327713144,0.0,1.0,0
2026-06-30 09:59:00+09:00,0.0004076322989273597,0.0,0.9361702127659575,0
2026-06-30 10:00:00+09:00,3.700512199103262e-05,0.0,0.946577243293247,0
2026-06-30 10:01:00+09:00,0.0002462269304714498,0.0,0.9255319148936171,0
2026-06-30 10:02:00+09:00,-3.391893926363068e-05,0.0,0.9678538390379279,0
2026-06-30 10:03:00+09:00,-0.00019957114855970903,0.0,0.9146623496762258,0
2026-06-30 10:04:00+09:00,0.00054237477955595,0.0,0.9357076780758558,0
2026-06-30 10:05:00+09:00,-9.942528575752557e-05,0.0,0.9787234042553191,0
2026-06-30 10:06:00+09:00,0.00028064165962771306,0.0,0.9463459759481961,0
2026-06-30 10:07:00+09:00,-0.00028613715649162977,0.0,0.9572155411655875,0
2026-06-30 10:08:00+09:00,0.00034980423012672237,0.0,0.9678538390379279,0
2026-06-30 10:09:00+09:00,5.144392167981934e-05,0.0,0.8929232192414431,0
2026-06-30 10:10:00+09:00,0.00012797383138653593,0.0,0.9248381128584644,0
2026-06-30 10:11:00+09:00,-0.00024775652278245694,0.0,0.978723404255319,0
2026-06-30 10:12:00+09:00,-0.00022685209383131245,0.0,0.9354764107308049,0
2026-06-30 10:13:00+09:00,-0.00010975020395057371,0.0,0.9250693802035153,0
2026-06-30 10:14:00+09:00,-0.00010800586488447478,0.0,0.9146623496762256,0
2026-06-30 10:15:00+09:00,-7.350747442062134e-06,0.0,0.914199814986124,0
2026-06-30 10:16:00+09:00,-0.00014598762455422093,0.0,0.9465772432932471,0
2026-06-30 10:17:00+09:00,-0.00032270086926959737,0.0,0.9148936170212766,0
2026-06-30 10:18:00+09:00,-0.0005488646577141291,0.0,0.9253006475485662,0
2026-06-30 10:19:00+09:00,-0.00015406176643720503,0.0,0.9468085106382979,0
2026-06-30 10:20:00+09:00,7.277447523806557e-05,0.0,0.9146623496762256,0
2026-06-30 10:21:00+09:00,-0.00023144253727193422,0.0,0.9040240518038852,0
2026-06-30 10:22:00+09:00,-0.0005904081959527243,0.0,0.9035615171137835,0
2026-06-30 10:23:00+09:00,3.846248791477972e-06,0.0,0.9253006475485661,0
2026-06-30 10:24:00+09:00,6.229642562186589e-05,0.0,0.946577243293247,0
2026-06-30 10:25:00+09:00,-9.037009700912552e-05,0.0,0.9248381128584644,0
2026-06-30 10:26:00+09:00,0.00010626451758862708,0.0,0.8827474560592043,0
2026-06-30 10:27:00+09:00,-3.35532741719788e-05,0.0,0.9352451433857539,0
2026-06-30 10:28:00+09:00,-0.0003024835915692931,0.0,0.9465772432932469,0
2026-06-30 10:29:00+09:00,6.456284059140861e-06,0.0,0.946345975948196,0
2026-06-30 10:30:00+09:00,-0.0002475553725451297,0.0,0.9248381128584645,0
2026-06-30 10:31:00+09:00,0.0001908585325170211,0.0,0.9253006475485661,0
2026-06-30 10:32:00+09:00,-1.9193956249124374e-06,0.0,0.9253006475485661,0
2026-06-30 10:33:00+09:00,9.64777242311702e-05,0.0,0.9893617021276595,0
2026-06-30 10:34:00+09:00,0.00013951814289755885,0.0,0.9893617021276595,0
2026-06-30 10:35:00+09:00,5.8258408227104285e-05,0.0,0.9787234042553191,0
2026-06-30 10:36:00+09:00,0.00022672737707454804,0.0,0.9357076780758556,0
2026-06-30 10:37:00+09:00,-0.0002708096440776359,0.0,0.9361702127659575,0
2026-06-30 10:38:00+09:00,-4.614892443658487e-05,0.0,0.9893617021276596,0
2026-06-30 10:39:00+09:00,-0.00014127600979940382,0.0,0.9357076780758556,0
2026-06-30 10:40:00+09:00,-0.00020435681664995008,0.0,0.946577243293247,0
2026-06-30 10:41:00+09:00,4.928495753784029e-05,0.0,0.9787234042553191,0
2026-06-30 10:42:00+09:00,0.0004313763879392446,0.0,0.8714153561517113,0
2026-06-30 10:43:00+09:00,-2.256307494679119e-06,0.0,0.9141998149861239,0
2026-06-30 10:44:00+09:00,0.0002890905683146279,0.0,0.9037927844588344,0
2026-06-30 10:45:00+09:00,0.00020643137856392058,0.0,0.946808510638298,0
2026-06-30 10:46:00+09:00,0.00017496385927129085,0.0,0.9253006475485662,0
2026-06-30 10:47:00+09:00,8.884256263017894e-05,0.0,0.9574468085106382,0
2026-06-30 10:48:00+09:00,-0.00028276998623294925,0.0,0.9574468085106382,0
2026-06-30 10:49:00+09:00,7.002504467022155e-05,0.0,0.9572155411655874,0
2026-06-30 10:50:00+09:00,-0.00016042404788605796,0.0,0.925531914893617,0
2026-06-30 10:51:00+09:00,-0.0006166570912888037,0.0,0.9040240518038853,0
2026-06-30 10:52:00+09:00,-0.00026646355861664376,0.0,0.9359389454209066,0
2026-06-30 10:53:00+09:00,-3.764493289252024e-05,0.0,0.8929232192414431,0
2026-06-30 10:54:00+09:00,3.311712887105725e-05,0.0,0.8404255319148937,0
2026-06-30 10:55:00+09:00,-1.9904915336283777e-05,0.0,0.9037927844588344,0
2026-06-30 10:56:00+09:00,-5.1067880770582936e-05,0.0,0.946577243293247,0
2026-06-30 10:57:00+09:00,-4.61149089518668e-05,0.0,0.8503700277520814,0
2026-06-30 10:58:00+09:00,0.00017302452729958478,0.0,0.9146623496762258,0
2026-06-30 10:59:00+09:00,0.00015820125753876816,0.0,0.8926919518963922,0
2026-06-30 11:00:00+09:00,3.1870300346595107e-05,0.0,0.9250693802035153,0
2026-06-30 11:01:00+09:00,-0.00027984734636857256,0.0,0.9037927844588345,0
2026-06-30 11:02:00+09:00,-0.00021180610802396373,0.0,0.8718778908418131,0
2026-06-30 11:03:00+09:00,-3.569789207272104e-05,0.0,0.9146623496762257,0
2026-06-30 11:04:00+09:00,0.0001816672067256746,0.0,0.8610083256244219,0
2026-06-30 11:05:00+09:00,-0.00032854467280451073,0.0,0.8822849213691026,0
2026-06-30 11:06:00+09:00,0.00019423224511789486,0.0,0.9569842738205365,0
2026-06-30 11:07:00+09:00,-6.237708065964542e-05,0.0,0.9572155411655874,0
2026-06-30 11:08:00+09:00,0.00018981184191177222,0.0,0.8286308973172989,0
2026-06-30 11:09:00+09:00,0.00010946089917106147,0.0,0.9572155411655874,0
2026-06-30 11:10:00+09:00,4.6631589710462104e-05,0.0,0.8716466234967623,0
2026-06-30 11:11:00+09:00,-0.0002443783704170207,0.0,0.9037927844588344,0
2026-06-30 11:12:00+09:00,0.00027656614550758776,0.0,0.8929232192414431,0
2026-06-30 11:13:00+09:00,-3.244960880991938e-05,0.0,0.9461147086031452,0
2026-06-30 11:14:00+09:00,0.00019657504759742106,0.0,0.9037927844588344,0
2026-06-30 11:15:00+09:00,-2.3187824938124664e-05,0.0,0.9037927844588345,0
2026-06-30 11:16:00+09:00,-0.00016117888563801772,0.0,0.9250693802035153,0
2026-06-30 11:17:00+09:00,-8.730942858005648e-05,0.0,0.9146623496762257,0
2026-06-30 11:18:00+09:00,-0.00010249523966499278,0.0,0.9040240518038852,0
2026-06-30 11:19:00+09:00,-5.881238779565833e-05,0.0,0.7853839037927844,0
2026-06-30 11:20:00+09:00,-0.00024680947526544626,0.0,0.9035615171137835,0
2026-06-30 11:21:00+09:00,1.737270884257102e-05,0.0,0.9255319148936171,0
2026-06-30 11:22:00+09:00,-8.295293517727922e-06,0.0,0.946808510638298,0
2026-06-30 11:23:00+09:00,-2.8738197328506445e-05,0.0,0.9035615171137835,0
2026-06-30 11:24:00+09:00,-0.00031562864612374206,0.0,0.8503700277520815,0
2026-06-30 11:25:00+09:00,0.00012300423700235455,0.010869565217391304,0.9248381128584644,0
2026-06-30 11:26:00+09:00,-0.00016010662725746624,0.0,0.9461147086031453,0
2026-06-30 11:27:00+09:00,2.061576655177994e-06,0.010638297872340425,0.8926919518963922,0
2026-06-30 11:28:00+09:00,-0.00012718710984346198,0.03214616096207215,0.893154486586494,0
2026-06-30 11:29:00+09:00,-0.00018926919518963924,0.9463459759481961,0.0,0
2026-06-30 11:30:00+09:00,0.0,0.0,0.0,0
2026-06-30 12:30:00+09:00,-0.00013397456805496014,1.0,1.0,0
2026-06-30 12:31:00+09:00,-0.0006700844550648297,0.0,0.9893617021276595,0
2026-06-30 12:32:00+09:00,-4.9510126274950964e-05,0.0,0.9787234042553191,0
2026-06-30 12:33:00+09:00,5.426592496079935e-05,0.0,0.9893617021276596,0
2026-06-30 12:34:00+09:00,0.00024680700607278966,0.0,0.9680851063829787,0
2026-06-30 12:35:00+09:00,-0.00012016500187258493,0.0,0.9787234042553191,0
2026-06-30 12:36:00+09:00,-0.00023427024016591094,0.0,0.9680851063829787,0
2026-06-30 12:37:00+09:00,-4.4731019939897196e-05,0.0,0.9463459759481961,0
2026-06-30 12:38:00+09:00,9.510255383400199e-05,0.0,0.9463459759481961,0
2026-06-30 12:39:00+09:00,-0.00040544721783698274,0.0,0.946577243293247,0
2026-06-30 12:40:00+09:00,-0.00015564625388355796,0.0,0.946345975948196,0
2026-06-30 12:41:00+09:00,-0.0004247416816824938,0.0,0.9468085106382979,0
2026-06-30 12:42:00+09:00,0.0005258681354242026,0.0,0.9893617021276596,0
2026-06-30 12:43:00+09:00,0.00017641648921323233,0.0,0.9680851063829787,0
2026-06-30 12:44:00+09:00,-0.00047049245398521285,0.0,0.9354764107308047,0
2026-06-30 12:45:00+09:00,-1.730744337686178e-05,0.0,0.9893617021276595,0
2026-06-30 12:46:00+09:00,0.00014190714525319877,0.0,0.9782608695652174,0
2026-06-30 12:47:00+09:00,-0.00030402824285882135,0.0,0.9468085106382977,0
2026-06-30 12:48:00+09:00,-1.7879123288289628e-05,0.0,0.9253006475485661,0
2026-06-30 12:49:00+09:00,-4.0356237101129525e-06,0.0,0.9680851063829787,0
2026-06-30 12:50:00+09:00,2.084471191880177e-05,0.0,0.935013876040703,0
2026-06-30 12:51:00+09:00,-0.00017606922783851137,0.0,0.9359389454209065,0
2026-06-30 12:52:00+09:00,9.19263537242344e-05,0.0,0.9146623496762258,0
2026-06-30 12:53:00+09:00,0.00018212426256444955,0.0,0.9357076780758556,0
2026-06-30 12:54:00+09:00,-0.0001241115986413756,0.0,0.8503700277520814,0
2026-06-30 12:55:00+09:00,-3.441594659476686e-06,0.0,0.893154486586494,0
2026-06-30 12:56:00+09:00,-1.765746243699974e-05,0.0,0.9040240518038853,0
2026-06-30 12:57:00+09:00,0.0001278002510711828,0.0,0.9461147086031452,0
2026-06-30 12:58:00+09:00,-2.892509633336581e-06,0.0,0.9357076780758558,0
2026-06-30 12:59:00+09:00,-6.108982684552137e-05,0.0,0.9359389454209066,0
2026-06-30 13:00:00+09:00,3.826979223733625e-05,0.0,0.9361702127659575,0
2026-06-30 13:01:00+09:00,-5.4089350883461274e-05,0.0,0.9250693802035153,0
2026-06-30 13:02:00+09:00,9.256855921083339e-05,0.0,0.9250693802035154,0
2026-06-30 13:03:00+09:00,-0.00012778622915155546,0.0,0.9250693802035153,0
2026-06-30 13:04:00+09:00,-7.985263386586047e-05,0.0,0.9359389454209066,0
2026-06-30 13:05:00+09:00,3.423500348928978e-05,0.0,0.9146623496762258,0
2026-06-30 13:06:00+09:00,0.00011564916005274152,0.0,0.860777058279371,0
2026-06-30 13:07:00+09:00,-0.00010372715159328125,0.0,0.9458834412580943,0
2026-06-30 13:08:00+09:00,5.8695158245297616e-05,0.0,0.9146623496762258,0
2026-06-30 13:09:00+09:00,0.00010277221573996597,0.0,0.9357076780758558,0
2026-06-30 13:10:00+09:00,-7.37962258868474e-05,0.0,0.9040240518038853,0
2026-06-30 13:11:00+09:00,-0.00023384857812028362,0.0,0.8612395929694727,0
2026-06-30 13:12:00+09:00,0.00012267890435952832,0.0,0.9359389454209066,0
2026-06-30 13:13:00+09:00,-2.275329830034633e-05,0.0,0.913968547641073,0
2026-06-30 13:14:00+09:00,-0.000288652502453678,0.0,0.8397317298797409,0
2026-06-30 13:15:00+09:00,2.3469998113595083e-06,0.0,0.9248381128584644,0
2026-06-30 13:16:00+09:00,-1.0739408848143114e-05,0.0,0.8503700277520814,0
2026-06-30 13:17:00+09:00,2.1557414470172064e-05,0.0,1.0,0
2026-06-30 13:18:00+09:00,0.000107716732898305,0.0,0.9572155411655874,0
2026-06-30 13:19:00+09:00,-0.0002974848083137185,0.0,0.8716466234967623,0
2026-06-30 13:20:00+09:00,-0.00029838368875577414,0.0,0.9144310823311749,0
2026-06-30 13:21:00+09:00,3.667448594607272e-05,0.0,0.9037927844588345,0
2026-06-30 13:22:00+09:00,-2.0071023015009862e-05,0.0,0.9891304347826086,0
2026-06-30 13:23:00+09:00,0.00024396218637496084,0.0,0.9253006475485661,0
2026-06-30 13:24:00+09:00,-0.0003274058282637355,0.0,0.9357076780758558,0
2026-06-30 13:25:00+09:00,-9.632851613905693e-05,0.0,0.9357076780758556,0
2026-06-30 13:26:00+09:00,-0.00016810441651857064,0.0,0.8926919518963923,0
2026-06-30 13:27:00+09:00,-3.931867247769148e-06,0.0,0.8933857539315448,0
2026-06-30 13:28:00+09:00,-0.00029470337042986387,0.0,0.8499074930619797,0
2026-06-30 13:29:00+09:00,-3.979721933038951e-05,0.0,0.9468085106382979,0
2026-06-30 13:30:00+09:00,0.00013241306691456385,0.0,0.9572155411655874,0
2026-06-30 13:31:00+09:00,8.97515342935543e-06,0.0,0.9572155411655874,0
2026-06-30 13:32:00+09:00,0.00016718927840939486,0.0,0.9359389454209066,0
2026-06-30 13:33:00+09:00,-0.00016708442157149715,0.0,0.9569842738205365,0
2026-06-30 13:34:00+09:00,0.00021085096252966988,0.0,0.9680851063829787,0
2026-06-30 13:35:00+09:00,2.147884220914715e-05,0.0,0.9574468085106383,0
2026-06-30 13:36:00+09:00,2.520357384487588e-05,0.0,0.9040240518038852,0
2026-06-30 13:37:00+09:00,-0.0002358557574904497,0.0,0.893154486586494,0
2026-06-30 13:38:00+09:00,-2.0786668027710504e-05,0.0,0.9357076780758558,0
2026-06-30 13:39:00+09:00,8.156190383779047e-05,0.0,0.8603145235892691,0
2026-06-30 13:40:00+09:00,-8.348562897040281e-06,0.0,0.9359389454209064,0
2026-06-30 13:41:00+09:00,-6.536323688611695e-05,0.0,0.8931544865864939,0
2026-06-30 13:42:00+09:00,0.00027872834016391034,0.0,0.8825161887141535,0
2026-06-30 13:43:00+09:00,1.1316708540858938e-05,0.0,0.9144310823311749,0
2026-06-30 13:44:00+09:00,0.0001078052936627319,0.0,0.8390379278445883,0
2026-06-30 13:45:00+09:00,6.412785947708268e-05,0.0,0.8718778908418131,0
2026-06-30 13:46:00+09:00,0.0001920424228849542,0.0,0.9033302497687327,0
2026-06-30 13:47:00+09:00,-9.78531619664797e-05,0.0,0.9148936170212766,0
2026-06-30 13:48:00+09:00,-8.76868282904072e-06,0.0,0.8822849213691026,0
2026-06-30 13:49:00+09:00,-0.0001178717507680905,0.0,0.9250693802035153,0
2026-06-30 13:50:00+09:00,-5.940893484308691e-06,0.0,0.9572155411655875,0
2026-06-30 13:51:00+09:00,-0.0001531640250847166,0.0,0.8820536540240518,0
2026-06-30 13:52:00+09:00,1.0499367290378447e-05,0.0,0.9035615171137836,0
2026-06-30 13:53:00+09:00,0.0001107010096361477,0.0,0.8603145235892693,0
2026-06-30 13:54:00+09:00,-3.3807592213199165e-05,0.0,0.8822849213691026,0
2026-06-30 13:55:00+09:00,-9.550927864892443e-05,0.0,0.892923219241443,0
2026-06-30 13:56:00+09:00,-2.4939449701401442e-05,0.0,0.8721091581868641,0
2026-06-30 13:57:00+09:00,-7.17578424016193e-05,0.0,0.9782608695652174,0
2026-06-30 13:58:00+09:00,7.392682747812256e-05,0.0,0.9040240518038853,0
2026-06-30 13:59:00+09:00,-0.00011142923693598889,0.0,0.9033302497687327,0
2026-06-30 14:00:00+09:00,-0.00014750603843976374,0.0,0.9678538390379279,0
2026-06-30 14:01:00+09:00,0.00011692988769724072,0.0,0.8933857539315447,0
2026-06-30 14:02:00+09:00,3.634524630533312e-05,0.0,0.893154486586494,0
2026-06-30 14:03:00+09:00,4.905248296564272e-07,0.0,0.9574468085106382,0
2026-06-30 14:04:00+09:00,-0.00013286964595078256,0.0,0.9035615171137835,0
2026-06-30 14:05:00+09:00,9.924033560886912e-05,0.0,0.9248381128584644,0
2026-06-30 14:06:00+09:00,0.0001252510852792558,0.0,0.8936170212765957,0
2026-06-30 14:07:00+09:00,0.00014586853544149524,0.0,0.8929232192414431,0
2026-06-30 14:08:00+09:00,0.00020227889602154905,0.0,0.9250693802035153,0
2026-06-30 14:09:00+09:00,0.00013487684856524327,0.0,0.9255319148936171,0
2026-06-30 14:10:00+09:00,-2.0239814375692675e-05,0.0,0.9678538390379279,0
2026-06-30 14:11:00+09:00,-9.98762991284008e-06,0.0,0.8933857539315448,0
2026-06-30 14:12:00+09:00,2.467596835113329e-08,0.0,0.893154486586494,0
2026-06-30 14:13:00+09:00,0.00011609289706908785,0.0,0.8926919518963923,0
2026-06-30 14:14:00+09:00,8.36036050889209e-05,0.0,0.8926919518963922,0
2026-06-30 14:15:00+09:00,9.364991097349359e-05,0.0,0.914199814986124,0
2026-06-30 14:16:00+09:00,-9.185296409574872e-05,0.0,0.8929232192414431,0
2026-06-30 14:17:00+09:00,7.020985917516614e-05,0.0,0.8718778908418132,0
2026-06-30 14:18:00+09:00,-0.00011201350653373374,0.0,0.9354764107308048,0
2026-06-30 14:19:00+09:00,-0.00020834718064122014,0.0,0.9250693802035151,0
2026-06-30 14:20:00+09:00,0.0002401474208712232,0.0,0.9146623496762257,0
2026-06-30 14:21:00+09:00,-0.00022088378395128952,0.0,0.8829787234042553,0
2026-06-30 14:22:00+09:00,-0.00010395248870964858,0.0,0.9037927844588344,0
2026-06-30 14:23:00+09:00,0.00018802624478870408,0.0,0.8718778908418131,0
2026-06-30 14:24:00+09:00,0.00019687664543791244,0.0,0.9569842738205365,0
2026-06-30 14:25:00+09:00,0.00023371734295696503,0.0,0.9253006475485661,0
2026-06-30 14:26:00+09:00,-3.8523389276884914e-05,0.0,0.9787234042553192,0
2026-06-30 14:27:00+09:00,-3.59734450054036e-05,0.0,0.9357076780758556,0
2026-06-30 14:28:00+09:00,0.0001831014501916278,0.0,0.9035615171137834,0
2026-06-30 14:29:00+09:00,-0.0002059065137219258,0.0,0.9361702127659575,0
2026-06-30 14:30:00+09:00,-0.00025972511508313593,0.0,0.9680851063829787,0
2026-06-30 14:31:00+09:00,0.0003845579285547873,0.0,0.9144310823311749,0
2026-06-30 14:32:00+09:00,9.436490975473951e-05,0.0,0.9144310823311749,0
2026-06-30 14:33:00+09:00,-0.00012372189337276826,0.0,0.9253006475485662,0
2026-06-30 14:34:00+09:00,0.00023593728126104782,0.0,0.9250693802035153,0
2026-06-30 14:35:00+09:00,0.00011176145589283572,0.0,0.9574468085106382,0
2026-06-30 14:36:00+09:00,-0.00025743262295817293,0.0,1.0,0
2026-06-30 14:37:00+09:00,-2.4651945637955644e-05,0.0,0.946808510638298,0
2026-06-30 14:38:00+09:00,-0.00020357402422426491,0.0,0.9359389454209066,0
2026-06-30 14:39:00+09:00,-4.9282943725274265e-05,0.0,0.9572155411655874,0
2026-06-30 14:40:00+09:00,-5.673021662067642e-05,0.0,0.8929232192414431,0
2026-06-30 14:41:00+09:00,-0.00025563970954889154,0.0,0.8718778908418132,0
2026-06-30 14:42:00+09:00,0.00013836520683543568,0.0,0.946577243293247,0
2026-06-30 14:43:00+09:00,0.00018258397532428075,0.0,0.967622571692877,0
2026-06-30 14:44:00+09:00,-0.00018700030690165754,0.0,0.9680851063829788,0
2026-06-30 14:45:00+09:00,0.00012197223432978553,0.0,0.9255319148936171,0
2026-06-30 14:46:00+09:00,6.0957480358650866e-05,0.0,0.9354764107308049,0
2026-06-30 14:47:00+09:00,-0.00021360775074329868,0.0,0.9250693802035153,0
2026-06-30 14:48:00+09:00,4.6746486090058385e-05,0.0,0.9037927844588344,0
2026-06-30 14:49:00+09:00,2.3069584113477685e-05,0.0,0.9141998149861239,0
2026-06-30 14:50:00+09:00,-1.1607454416990198e-05,0.0,0.9893617021276595,0
2026-06-30 14:51:00+09:00,-4.952732183952858e-05,0.0,0.9359389454209066,0
2026-06-30 14:52:00+09:00,8.685690795944017e-05,0.0,0.9040240518038852,0
2026-06-30 14:53:00+09:00,-8.876560968462163e-05,0.0,0.9465772432932471,0
2026-06-30 14:54:00+09:00,-2.2277416091617653e-05,0.0,0.9680851063829787,0
2026-06-30 14:55:00+09:00,0.00015630552921338855,0.0,0.9465772432932469,0
2026-06-30 14:56:00+09:00,7.763273071592638e-05,0.0,1.0,0
2026-06-30 14:57:00+09:00,0.00018397274609436445,0.0,0.9678538390379278,0
2026-06-30 14:58:00+09:00,0.000320601944086599,0.0,0.9574468085106382,0
2026-06-30 14:59:00+09:00,2.6121071924126868e-05,0.0,0.9893617021276595,0
2026-06-30 15:00:00+09:00,-0.00012722664384891123,0.0,0.9361702127659575,0
2026-06-30 15:01:00+09:00,0.00010560086102010163,0.0,0.9144310823311749,0
2026-06-30 15:02:00+09:00,-0.00014783427230874652,0.0,0.9678538390379278,0
2026-06-30 15:03:00+09:00,0.00011278091572924258,0.0,0.9468085106382977,0
2026-06-30 15:04:00+09:00,0.00043005298924835597,0.0,0.9141998149861239,0
2026-06-30 15:05:00+09:00,-6.328974104075675e-05,0.0,0.9572155411655875,0
2026-06-30 15:06:00+09:00,-0.00018243033482702909,0.0,0.9680851063829787,0
2026-06-30 15:07:00+09:00,0.00011940128256827645,0.0,0.9463459759481962,0
2026-06-30 15:08:00+09:00,0.0001486983858954505,0.0,0.9574468085106382,0
2026-06-30 15:09:00+09:00,7.811807923346598e-05,0.0,0.9144310823311748,0
2026-06-30 15:10:00+09:00,-0.0002634399490707089,0.0,0.9680851063829787,0
2026-06-30 15:11:00+09:00,0.00027789417042536554,0.0,0.9572155411655875,0
2026-06-30 15:12:00+09:00,0.00012982054409018442,0.0,0.9574468085106383,0
2026-06-30 15:13:00+09:00,5.83757396077246e-05,0.0,0.9574468085106382,0
2026-06-30 15:14:00+09:00,-0.0008070897535719949,1.8592636155777142,1.0,0
2026-06-30 15:15:00+09:00,-0.00041324359578090523,0.0,0.987463444621,0
2026-06-30 15:16:00+09:00,0.00014484890498703946,0.0,0.9446522231131099,0
2026-06-30 15:17:00+09:00,-0.00011706569523327985,0.0,0.9343061520087413,0
2026-06-30 15:18:00+09:00,0.00015816125411437815,0.0,0.9255393489695829,0
2026-06-30 15:19:00+09:00,0.0003114968842480095,0.0,0.9427807282799279,0
2026-06-30 15:20:00+09:00,0.0001288579542216841,0.0,0.9791349817337995,0
2026-06-30 15:21:00+09:00,0.00014565482957082731,0.0,0.987609558004986,0
2026-06-30 15:22:00+09:00,-1.9028947172523557e-05,0.0,0.987463444621,0
2026-06-30 15:23:00+09:00,-2.891142039686094e-06,0.00847457627118644,1.0044125971633728,0
2026-06-30 15:24:00+09:00,-0.00020260665736370907,1.0130332868185452,0.0,0
2026-06-30 15:30:00+09:00,0.0,0.0,0.0,0
2026-07-01 09:00:00+09:00,0.0,0.0,0.0,0
2026-07-01 09:01:00+09:00,0.0,0.0,0.0,0
2026-07-01 09:02:00+09:00,0.0,0.0,0.0,0
2026-07-01 09:03:00+09:00,0.0,0.0,0.0,0
2026-07-01 09:04:00+09:00,0.0,0.0,0.0,0
2026-07-01 09:05:00+09:00,0.0,0.0,0.0,0
2026-07-01 09:06:00+09:00,0.0,0.0,0.0,0
2026-07-01 09:07:00+09:00,0.0,0.0,0.0,0
2026-07-01 09:08:00+09:00,0.0,0.0,0.0,0
2026-07-01 09:09:00+09:00,0.0,0.0,0.0,0
2026-07-01 09:10:00+09:00,0.0,0.0,0.0,0
2026-07-01 09:11:00+09:00,0.0,0.0,0.0,0
2026-07-01 09:12:00+09:00,0.0,0.0,0.0,0
2026-07-01 09:13:00+09:00,0.0,0.0,0.0,0
2026-07-01 09:14:00+09:00,0.0,0.0,0.0,0
2026-07-01 09:15:00+09:00,-0.0005172532440284435,1.0,1.0,0
2026-07-01 09:16:00+09:00,0.00024860853903183744,0.0,0.986842105263158,0
2026-07-01 09:17:00+09:00,-0.0002859623222816414,0.0,0.986842105263158,0
2026-07-01 09:18:00+09:00,-0.0001589493734197619,0.0,0.9868421052631579,0
2026-07-01 09:19:00+09:00,-0.00046219968487212293,0.0,1.0,0
2026-07-01 09:20:00+09:00,0.00025286001317646577,0.0,0.9736842105263157,0
2026-07-01 09:21:00+09:00,0.00034413700807033764,0.0,1.0,0
2026-07-01 09:22:00+09:00,-0.000165409312018971,0.0,0.9733285917496444,0
2026-07-01 09:23:00+09:00,0.00019716172031205426,0.0,0.9864864864864865,0
2026-07-01 09:24:00+09:00,0.00016882325788097696,0.0,0.9736842105263157,0
2026-07-01 09:25:00+09:00,0.00020155122912866755,0.0,0.986842105263158,0
2026-07-01 09:26:00+09:00,-2.5304047444508077e-06,0.0,0.9605263157894737,0
2026-07-01 09:27:00+09:00,-0.00018321483613916448,0.0,0.972972972972973,0
2026-07-01 09:28:00+09:00,0.00013284873903532333,0.0,0.9733285917496444,0
2026-07-01 09:29:00+09:00,0.0005860565262207216,0.0,0.9601706970128023,0
2026-07-01 09:30:00+09:00,-0.0003345263055863921,0.0,0.9864864864864865,0
2026-07-01 09:31:00+09:00,0.00044769689234843037,0.0,0.9736842105263157,0
2026-07-01 09:32:00+09:00,-0.00019852678683100452,0.0,0.9868421052631579,0
2026-07-01 09:33:00+09:00,0.0003846556086073744,0.0,0.9598150782361308,0
2026-07-01 09:34:00+09:00,0.00010470074742065408,0.0,0.9736842105263157,0
2026-07-01 09:35:00+09:00,-0.0005197554633099079,0.0,1.0,0
2026-07-01 09:36:00+09:00,5.125018500553167e-05,0.0,0.9334992887624467,0
2026-07-01 09:37:00+09:00,0.00041666613665264336,0.0,0.9598150782361309,0
2026-07-01 09:38:00+09:00,-0.0003072758316946137,0.0,0.9338549075391182,0
2026-07-01 09:39:00+09:00,5.168214928580956e-05,0.0,0.9598150782361308,0
2026-07-01 09:40:00+09:00,-2.814604739252781e-05,0.0,0.9733285917496444,0
2026-07-01 09:41:00+09:00,0.0003743768135839564,0.0,0.9733285917496444,0
2026-07-01 09:42:00+09:00,0.00010732572185654748,0.0,0.9601706970128023,0
2026-07-01 09:43:00+09:00,0.00021112737031183003,0.0,0.986842105263158,0
2026-07-01 09:44:00+09:00,-0.00021508042695037515,0.0,0.9864864864864865,0
2026-07-01 09:45:00+09:00,-0.00023872486264666455,0.0,0.9736842105263157,0
2026-07-01 09:46:00+09:00,-4.1568271424035766e-05,0.0,0.9733285917496444,0
2026-07-01 09:47:00+09:00,0.00012133779961687946,0.0,0.9601706970128022,0
2026-07-01 09:48:00+09:00,0.00017643821872322002,0.0,1.0,0
2026-07-01 09:49:00+09:00,-0.00030407014771650573,0.0,0.9601706970128023,0
2026-07-01 09:50:00+09:00,3.53549300386091e-05,0.0,1.0,0
2026-07-01 09:51:00+09:00,-7.147791555727548e-05,0.0,1.0,0
2026-07-01 09:52:00+09:00,5.314674307408922e-05,0.0,0.9466571834992887,0
2026-07-01 09:53:00+09:00,0.0001441545233895712,0.0,0.9601706970128022,0
2026-07-01 09:54:00+09:00,-5.678424097236568e-05,0.0,0.9868421052631579,0
2026-07-01 09:55:00+09:00,0.00010149661371456272,0.0,0.972972972972973,0
2026-07-01 09:56:00+09:00,0.00028575367769216093,0.0,0.9331436699857752,0
2026-07-01 09:57:00+09:00,-0.00018051916642455464,0.0,0.9601706970128023,0
2026-07-01 09:58:00+09:00,-0.0003500192399196626,0.0,0.9331436699857751,0
2026-07-01 09:59:00+09:00,-0.0001902657348406439,0.0,1.0,0
2026-07-01 10:00:00+09:00,-3.10564575126188e-05,0.0,0.9334992887624467,0
2026-07-01 10:01:00+09:00,0.0003854462800901502,0.0,0.9868421052631579,0
2026-07-01 10:02:00+09:00,-2.861116510206745e-05,0.0,0.9601706970128023,0
2026-07-01 10:03:00+09:00,-0.00012053220692805873,0.0,0.9466571834992887,0
2026-07-01 10:04:00+09:00,0.0006152517713772064,0.0,0.9868421052631579,0
2026-07-01 10:05:00+09:00,-0.00014600592629047954,0.0,0.986842105263158,0
2026-07-01 10:06:00+09:00,-0.00033673168676327683,0.0,1.0,0
2026-07-01 10:07:00+09:00,0.00022947325270580458,0.0,0.9733285917496444,0
2026-07-01 10:08:00+09:00,-0.0001625896851625767,0.0,0.9736842105263158,0
2026-07-01 10:09:00+09:00,-0.00012952990065635839,0.0,0.9864864864864864,0
2026-07-01 10:10:00+09:00,-1.8151503656791088e-05,0.0,0.9733285917496444,0
2026-07-01 10:11:00+09:00,0.00013086978137291438,0.0,0.9601706970128022,0
2026-07-01 10:12:00+09:00,0.00012278453569613718,0.0,0.9071834992887624,0
2026-07-01 10:13:00+09:00,0.0002857355587499564,0.0,1.0,0
2026-07-01 10:14:00+09:00,0.00047110904454855516,0.0,0.9864864864864864,0
2026-07-01 10:15:00+09:00,-0.000303623965241372,0.0,0.9864864864864864,0
2026-07-01 10:16:00+09:00,7.62995549359297e-07,0.0,0.9868421052631579,0
2026-07-01 10:17:00+09:00,0.00037091331177729626,0.0,0.9473684210526315,0
2026-07-01 10:18:00+09:00,0.00012174037959090384,0.0,0.9601706970128022,0
2026-07-01 10:19:00+09:00,-0.0001416444797344866,0.0,0.9733285917496444,0
2026-07-01 10:20:00+09:00,-6.175815933339922e-05,0.0,0.9729729729729728,0
2026-07-01 10:21:00+09:00,-6.673571963992224e-05,0.0,0.9601706970128023,0
2026-07-01 10:22:00+09:00,0.0001728517758895539,0.0,0.9605263157894737,0
2026-07-01 10:23:00+09:00,0.00023224460102362428,0.0,0.959815078236131,0
2026-07-01 10:24:00+09:00,-0.0004958617330899761,0.0,0.9736842105263157,0
2026-07-01 10:25:00+09:00,0.0001511047670656496,0.0,0.9199857752489331,0
2026-07-01 10:26:00+09:00,0.000242839175671481,0.0,0.972972972972973,0
2026-07-01 10:27:00+09:00,0.00015519799513925934,0.0,0.9470128022759601,0
2026-07-01 10:28:00+09:00,-0.0004308767627443228,0.0,0.9733285917496445,0
2026-07-01 10:29:00+09:00,0.0001480054365199786,0.0,0.9199857752489331,0
2026-07-01 10:30:00+09:00,-0.0002040419404452425,0.0,1.0,0
2026-07-01 10:31:00+09:00,0.00013033639855072828,0.0,0.9598150782361308,0
2026-07-01 10:32:00+09:00,-0.00038423807436013536,0.0,0.9598150782361309,0
2026-07-01 10:33:00+09:00,-0.0005325119433720592,0.0,0.9598150782361309,0
2026-07-01 10:34:00+09:00,-0.00035172143222036273,0.0,0.986842105263158,0
2026-07-01 10:35:00+09:00,0.0003104302327569872,0.0,0.9733285917496445,0
2026-07-01 10:36:00+09:00,-0.0002782801487768855,0.0,0.9601706970128022,0
2026-07-01 10:37:00+09:00,0.0006678216362985529,0.0,0.9203413940256044,0
2026-07-01 10:38:00+09:00,0.00047419685457451713,0.0,0.9601706970128023,0
2026-07-01 10:39:00+09:00,0.0006423395824564764,0.0,0.9334992887624466,0
2026-07-01 10:40:00+09:00,0.00031259265894718674,0.0,0.959815078236131,0
2026-07-01 10:41:00+09:00,-0.0003711549002252381,0.0,0.9598150782361308,0
2026-07-01 10:42:00+09:00,5.1591784898125906e-05,0.0,0.9463015647226174,0
2026-07-01 10:43:00+09:00,-0.00014276817804191163,0.0,0.9470128022759602,0
2026-07-01 10:44:00+09:00,-0.00015547481855725454,0.0,0.986842105263158,0
2026-07-01 10:45:00+09:00,-0.00047746047017276696,0.0,0.9733285917496444,0
2026-07-01 10:46:00+09:00,9.046614639788825e-05,0.0,0.9459459459459458,0
2026-07-01 10:47:00+09:00,0.00012266728105918195,0.0,1.0,0
2026-07-01 10:48:00+09:00,-0.00015225955616259,0.0,0.9594594594594595,0
2026-07-01 10:49:00+09:00,-0.0001643254387962155,0.0,0.9733285917496444,0
2026-07-01 10:50:00+09:00,0.0005031266070392534,0.0,0.9466571834992887,0
2026-07-01 10:51:00+09:00,0.00015290851407238947,0.0,0.9327880512091039,0
2026-07-01 10:52:00+09:00,-0.00012370784909398422,0.0,0.9605263157894737,0
2026-07-01 10:53:00+09:00,4.564925521095736e-05,0.0,0.9470128022759601,0
2026-07-01 10:54:00+09:00,0.0003124333117843349,0.0,0.9203413940256046,0
2026-07-01 10:55:00+09:00,0.00026783349660543373,0.0,0.9868421052631579,0
2026-07-01 10:56:00+09:00,-0.00031759547263643167,0.0,0.9729729729729729,0
2026-07-01 10:57:00+09:00,-0.0003512751150743051,0.0,0.9598150782361309,0
2026-07-01 10:58:00+09:00,9.169750973147506e-05,0.0,0.9470128022759601,0
2026-07-01 10:59:00+09:00,0.00027867544458803206,0.0,0.9601706970128022,0
2026-07-01 11:00:00+09:00,-0.0002220386644814944,0.0,0.972972972972973,0
2026-07-01 11:01:00+09:00,-0.00030151503815744544,0.0,0.9327880512091038,0
2026-07-01 11:02:00+09:00,0.00045468139450362835,0.0,0.9473684210526315,0
2026-07-01 11:03:00+09:00,-0.00037764573925502896,0.0,0.9064722617354196,0
2026-07-01 11:04:00+09:00,0.0002793386873386733,0.0,0.9463015647226173,0
2026-07-01 11:05:00+09:00,0.00016182110502156147,0.0,0.986842105263158,0
2026-07-01 11:06:00+09:00,-0.00042563042433948627,0.0,0.9733285917496444,0
2026-07-01 11:07:00+09:00,7.726934071645954e-05,0.0,0.9473684210526316,0
2026-07-01 11:08:00+09:00,-0.00029074759442507795,0.0,0.9733285917496445,0
2026-07-01 11:09:00+09:00,-0.00012552736771311604,0.0,0.9733285917496444,0
2026-07-01 11:10:00+09:00,9.887554420662115e-05,0.0,0.9338549075391179,0
2026-07-01 11:11:00+09:00,0.0004218250687369965,0.0,0.9601706970128023,0
2026-07-01 11:12:00+09:00,5.578079231953399e-05,0.0,0.9334992887624467,0
2026-07-01 11:13:00+09:00,0.00010253437603933261,0.0,0.9594594594594594,0
2026-07-01 11:14:00+09:00,-0.00013658609460811982,0.0,0.9068278805120911,0
2026-07-01 11:15:00+09:00,8.080053591424951e-05,0.0,0.9601706970128023,0
2026-07-01 11:16:00+09:00,0.00010137720610050773,0.0,0.8929587482219061,0
2026-07-01 11:17:00+09:00,0.00029788525298686346,0.0,0.9203413940256047,0
2026-07-01 11:18:00+09:00,-0.0003657080371180376,0.0,0.9470128022759603,0
2026-07-01 11:19:00+09:00,6.5014346276591785e-06,0.0,0.9463015647226173,0
2026-07-01 11:20:00+09:00,0.00010915312055511643,0.0,0.9733285917496445,0
2026-07-01 11:21:00+09:00,-7.30844637462398e-05,0.0,0.9601706970128023,0
2026-07-01 11:22:00+09:00,6.216818209955198e-05,0.0,0.9459459459459459,0
2026-07-01 11:23:00+09:00,-3.8403925632558176e-05,0.0,0.9733285917496444,0
2026-07-01 11:24:00+09:00,9.473581027256812e-05,0.0,0.9199857752489331,0
2026-07-01 11:25:00+09:00,0.0002525694469484977,0.0,0.9864864864864865,0
2026-07-01 11:26:00+09:00,9.49086053198572e-05,0.0,0.9598150782361309,0
2026-07-01 11:27:00+09:00,-3.808478642296722e-05,0.0,0.9601706970128023,0
2026-07-01 11:28:00+09:00,9.678422953609495e-05,0.02667140825035562,0.9071834992887624,0
2026-07-01 11:29:00+09:00,-0.0001946657183499289,0.9733285917496444,0.0,0
2026-07-01 11:30:00+09:00,0.0,0.0,0.0,0
2026-07-01 12:30:00+09:00,0.0001305860477749296,1.0,1.0,0
2026-07-01 12:31:00+09:00,-0.00012211960813636138,0.0,0.9864864864864864,0
2026-07-01 12:32:00+09:00,0.00018825146440028614,0.0,0.9729729729729729,0
2026-07-01 12:33:00+09:00,3.3295520850674433e-06,0.0,0.9736842105263157,0
2026-07-01 12:34:00+09:00,0.0002572446098001008,0.0,0.9864864864864864,0
2026-07-01 12:35:00+09:00,8.055690109705198e-05,0.0,0.9601706970128023,0
2026-07-01 12:36:00+09:00,-9.486416203256687e-05,0.0,0.986842105263158,0
2026-07-01 12:37:00+09:00,0.00034305973987799475,0.0,0.9864864864864865,0
2026-07-01 12:38:00+09:00,0.00012230536232059853,0.0,0.9470128022759603,0
2026-07-01 12:39:00+09:00,-0.0003757147362973939,0.0,0.986842105263158,0
2026-07-01 12:40:00+09:00,-0.00016020213016896233,0.0,0.9470128022759602,0
2026-07-01 12:41:00+09:00,-1.785500444478387e-05,0.0,0.9864864864864865,0
2026-07-01 12:42:00+09:00,1.6616666581659314e-05,0.0,0.9466571834992887,0
2026-07-01 12:43:00+09:00,0.00012431358110022805,0.0,0.9601706970128022,0
2026-07-01 12:44:00+09:00,9.137210078852697e-05,0.0,0.9601706970128022,0
2026-07-01 12:45:00+09:00,9.342087911564688e-05,0.0,0.9594594594594594,0
2026-07-01 12:46:00+09:00,-5.5920447480992026e-05,0.0,0.9470128022759602,0
2026-07-01 12:47:00+09:00,-0.00010092392100030026,0.0,0.9331436699857752,0
2026-07-01 12:48:00+09:00,4.2931343908273725e-05,0.0,0.8929587482219061,0
2026-07-01 12:49:00+09:00,0.00011497156776903876,0.0,0.9327880512091038,0
2026-07-01 12:50:00+09:00,1.3817332964024218e-05,0.0,0.9729729729729729,0
2026-07-01 12:51:00+09:00,3.693766374707448e-05,0.0,0.9196301564722617,0
2026-07-01 12:52:00+09:00,0.0003311049121010173,0.0,0.8673541963015647,0
2026-07-01 12:53:00+09:00,0.00046048287391890844,0.0,0.9466571834992887,0
2026-07-01 12:54:00+09:00,-0.0005292726561244127,0.0,0.9601706970128023,0
2026-07-01 12:55:00+09:00,0.00013913097788049235,0.0,0.8936699857752488,0
2026-07-01 12:56:00+09:00,7.72622055790638e-05,0.0,0.9868421052631577,0
2026-07-01 12:57:00+09:00,0.00021794320966312384,0.0,0.9331436699857751,0
2026-07-01 12:58:00+09:00,-0.0004048809608121253,0.0,0.8929587482219061,0
2026-07-01 12:59:00+09:00,0.0002558544768106089,0.0,0.9203413940256044,0
2026-07-01 13:00:00+09:00,-0.0002643473556455777,0.0,0.9470128022759602,0
2026-07-01 13:01:00+09:00,0.0001309714615472808,0.0,0.9868421052631577,0
2026-07-01 13:02:00+09:00,0.0002903008130459261,0.0,0.9605263157894737,0
2026-07-01 13:03:00+09:00,0.00014722221686216478,0.0,0.9466571834992887,0
2026-07-01 13:04:00+09:00,-0.0001362350401220578,0.0,0.9068278805120911,0
2026-07-01 13:05:00+09:00,0.0004475456211331987,0.0,0.9598150782361309,0
2026-07-01 13:06:00+09:00,0.00010404445240563824,0.0,0.8805120910384068,0
2026-07-01 13:07:00+09:00,-0.0004064018475348485,0.0,0.9598150782361309,0
2026-07-01 13:08:00+09:00,2.3805270292900326e-06,0.0,0.9334992887624467,0
2026-07-01 13:09:00+09:00,6.91295284113626e-05,0.0,0.9334992887624467,0
2026-07-01 13:10:00+09:00,-0.00017054416670064722,0.0,0.9075391180654337,0
2026-07-01 13:11:00+09:00,-0.00017494059249311146,0.0,0.8929587482219061,0
2026-07-01 13:12:00+09:00,-6.0625432750209477e-05,0.0,0.8929587482219061,0
2026-07-01 13:13:00+09:00,3.9642981835774214e-05,0.0,0.9470128022759601,0
2026-07-01 13:14:00+09:00,-9.665043415348846e-05,0.0,0.8929587482219061,0
2026-07-01 13:15:00+09:00,-8.881969163726058e-05,0.0,0.9868421052631579,0
2026-07-01 13:16:00+09:00,-0.00019756702681957437,0.0,0.9334992887624466,0
2026-07-01 13:17:00+09:00,-3.2882927941267555e-05,0.0,0.9199857752489332,0
2026-07-01 13:18:00+09:00,-9.844738886370463e-05,0.0,0.9203413940256047,0
2026-07-01 13:19:00+09:00,7.486690367147509e-05,0.0,0.9736842105263157,0
2026-07-01 13:20:00+09:00,-1.0410725740515656e-05,0.0,0.9864864864864864,0
2026-07-01 13:21:00+09:00,0.0002612969762433687,0.0,0.8929587482219061,0
2026-07-01 13:22:00+09:00,-0.00030270176878282245,0.0,0.9868421052631577,0
2026-07-01 13:23:00+09:00,0.0003173215522561098,0.0,0.8794452347083925,0
2026-07-01 13:24:00+09:00,-0.00044102833586767367,0.0,0.9733285917496444,0
2026-07-01 13:25:00+09:00,6.517808813424883e-05,0.0,0.933854907539118,0
2026-07-01 13:26:00+09:00,-0.00042934071733946713,0.0,0.9331436699857752,0
2026-07-01 13:27:00+09:00,0.00020977926248942345,0.0,0.9470128022759603,0
2026-07-01 13:28:00+09:00,-0.0003380535302113015,0.0,0.9463015647226174,0
2026-07-01 13:29:00+09:00,-0.00010140484029404366,0.0,0.9327880512091038,0
2026-07-01 13:30:00+09:00,7.065349250442436e-05,0.0,0.9327880512091038,0
2026-07-01 13:31:00+09:00,-0.00012834007270972383,0.0,0.9064722617354197,0
2026-07-01 13:32:00+09:00,0.00029132165762622484,0.0,0.8805120910384068,0
2026-07-01 13:33:00+09:00,-0.0002985613748393697,0.0,0.9466571834992887,0
2026-07-01 13:34:00+09:00,0.00037286482772593596,0.0,0.9601706970128023,0
2026-07-01 13:35:00+09:00,-0.00018898566781160448,0.0,0.8403271692745378,0
2026-07-01 13:36:00+09:00,4.394328955189906e-05,0.0,0.9334992887624467,0
2026-07-01 13:37:00+09:00,0.0002832730158748995,0.0,0.9196301564722618,0
2026-07-01 13:38:00+09:00,6.477072873090695e-05,0.0,0.8271692745376956,0
2026-07-01 13:39:00+09:00,-5.101332347266709e-05,0.0,0.9594594594594595,0
2026-07-01 13:40:00+09:00,0.00021806153439394885,0.0,0.933854907539118,0
2026-07-01 13:41:00+09:00,-0.00025298183718590393,0.0,0.9466571834992887,0
2026-07-01 13:42:00+09:00,-7.70971699596741e-05,0.0,0.9334992887624467,0
2026-07-01 13:43:00+09:00,-5.8969029008816546e-05,0.0,0.8926031294452348,0
2026-07-01 13:44:00+09:00,5.986151012347066e-05,0.0,0.986842105263158,0
2026-07-01 13:45:00+09:00,-4.9823805391311626e-05,0.0,0.8662873399715505,0
2026-07-01 13:46:00+09:00,-0.00015218125141248408,0.0,0.9470128022759602,0
2026-07-01 13:47:00+09:00,-0.0001235227619885922,0.0,0.9199857752489332,0
2026-07-01 13:48:00+09:00,-0.00013890674446371225,0.0,0.9071834992887625,0
2026-07-01 13:49:00+09:00,1.5849108989151366e-05,0.0,0.8801564722617354,0
2026-07-01 13:50:00+09:00,3.208882477707271e-05,0.0,0.9327880512091039,0
2026-07-01 13:51:00+09:00,0.0001556084767319647,0.0,0.9459459459459459,0
2026-07-01 13:52:00+09:00,7.606708081722345e-05,0.0,0.879800853485064,0
2026-07-01 13:53:00+09:00,0.00016483491318289398,0.0,0.9601706970128023,0
2026-07-01 13:54:00+09:00,-0.00024274793684753325,0.0,0.9199857752489332,0
2026-07-01 13:55:00+09:00,-2.5094882385390013e-05,0.0,0.9466571834992888,0
2026-07-01 13:56:00+09:00,0.00013099738737774758,0.0,0.8933143669985775,0
2026-07-01 13:57:00+09:00,-0.0003178558457322798,0.0,0.9605263157894737,0
2026-07-01 13:58:00+09:00,6.547158236303762e-05,0.0,0.8933143669985776,0
2026-07-01 13:59:00+09:00,3.120311090715723e-05,0.0,0.893669985775249,0
2026-07-01 14:00:00+09:00,0.00018249807317997945,0.0,0.9729729729729729,0
2026-07-01 14:01:00+09:00,-0.00022994369661705614,0.0,0.9733285917496444,0
2026-07-01 14:02:00+09:00,8.466646489053906e-05,0.0,0.9463015647226174,0
2026-07-01 14:03:00+09:00,0.00012923421882138562,0.0,0.8926031294452347,0
2026-07-01 14:04:00+09:00,1.1874710424675297e-05,0.0,0.9071834992887624,0
2026-07-01 14:05:00+09:00,-7.165231348537869e-05,0.0,0.8538406827880511,0
2026-07-01 14:06:00+09:00,0.0002792985494099168,0.0,0.9203413940256047,0
2026-07-01 14:07:00+09:00,7.525685296420713e-05,0.0,0.9068278805120911,0
2026-07-01 14:08:00+09:00,-0.0001614161127529136,0.0,0.9064722617354195,0
2026-07-01 14:09:00+09:00,-0.0001935483207610619,0.0,0.9331436699857754,0
2026-07-01 14:10:00+09:00,-0.00020114178076515568,0.0,0.9605263157894737,0
2026-07-01 14:11:00+09:00,0.0002854860574700244,0.0,0.9199857752489331,0
2026-07-01 14:12:00+09:00,-0.0002572075889927295,0.0,0.933854907539118,0
2026-07-01 14:13:00+09:00,0.00014719756397122636,0.0,0.9331436699857752,0
2026-07-01 14:14:00+09:00,-0.00011516402523729554,0.0,0.8933143669985775,0
2026-07-01 14:15:00+09:00,-0.00022383698326766555,0.0,0.9733285917496444,0
2026-07-01 14:16:00+09:00,0.00021738504986810322,0.0,0.9199857752489332,0
2026-07-01 14:17:00+09:00,-0.0003682923147188533,0.0,0.9331436699857752,0
2026-07-01 14:18:00+09:00,5.297324600699934e-05,0.0,0.8926031294452347,0
2026-07-01 14:19:00+09:00,6.340457086414982e-06,0.0,0.9334992887624467,0
2026-07-01 14:20:00+09:00,0.00024488133431885126,0.0,0.9199857752489331,0
2026-07-01 14:21:00+09:00,-0.00024163537057081123,0.0,0.9331436699857752,0
2026-07-01 14:22:00+09:00,4.276282931782037e-05,0.0,0.9075391180654339,0
2026-07-01 14:23:00+09:00,2.9234717920784844e-05,0.0,0.9868421052631577,0
2026-07-01 14:24:00+09:00,-5.2237881147161286e-05,0.0,0.8662873399715505,0
2026-07-01 14:25:00+09:00,-0.0001324785330933143,0.0,0.9203413940256047,0
2026-07-01 14:26:00+09:00,8.106898525917263e-05,0.0,0.8798008534850639,0
2026-07-01 14:27:00+09:00,3.568077958441769e-05,0.0,0.9598150782361308,0
2026-07-01 14:28:00+09:00,-9.923516475728063e-05,0.0,0.9199857752489331,0
2026-07-01 14:29:00+09:00,-0.0001810100042147574,0.0,0.9594594594594594,0
2026-07-01 14:30:00+09:00,9.694376944841134e-05,0.0,0.9733285917496445,0
2026-07-01 14:31:00+09:00,9.065839600790843e-05,0.0,0.9729729729729728,0
2026-07-01 14:32:00+09:00,-8.859001531909264e-05,0.0,0.9864864864864865,0
2026-07-01 14:33:00+09:00,-0.00011655352436601828,0.0,0.8936699857752489,0
2026-07-01 14:34:00+09:00,-1.3996111219634303e-05,0.0,0.9470128022759603,0
2026-07-01 14:35:00+09:00,0.0001521832907270207,0.0,0.9601706970128023,0
2026-07-01 14:36:00+09:00,-7.606303646425229e-05,0.0,0.9736842105263157,0
2026-07-01 14:37:00+09:00,8.630254761105302e-05,0.0,1.0,0
2026-07-01 14:38:00+09:00,-3.025546874653128e-06,0.0,0.9331436699857752,0
2026-07-01 14:39:00+09:00,3.3262915048647654e-05,0.0,0.9334992887624467,0
2026-07-01 14:40:00+09:00,1.0124067504456567e-05,0.0,0.9601706970128023,0
2026-07-01 14:41:00+09:00,-1.683938730689282e-05,0.0,0.9470128022759601,0
2026-07-01 14:42:00+09:00,-5.129969651239199e-05,0.0,0.9466571834992887,0
2026-07-01 14:43:00+09:00,0.00011731264294939973,0.0,0.972972972972973,0
2026-07-01 14:44:00+09:00,0.0003606507290836669,0.0,0.9470128022759602,0
2026-07-01 14:45:00+09:00,-0.0002780116722205214,0.0,1.0,0
2026-07-01 14:46:00+09:00,1.0234886274507912e-05,0.0,0.9868421052631579,0
2026-07-01 14:47:00+09:00,-3.576004903942432e-05,0.0,0.9601706970128023,0
2026-07-01 14:48:00+09:00,-0.00013755624415334568,0.0,0.9601706970128023,0
2026-07-01 14:49:00+09:00,-0.00011696447460184483,0.0,0.9064722617354197,0
2026-07-01 14:50:00+09:00,-2.2052103158285135e-05,0.0,0.9868421052631577,0
2026-07-01 14:51:00+09:00,-0.00011874627314802695,0.0,0.9868421052631579,0
2026-07-01 14:52:00+09:00,0.00010608282672675215,0.0,0.9334992887624467,0
2026-07-01 14:53:00+09:00,-4.059966511222417e-05,0.0,0.9864864864864864,0
2026-07-01 14:54:00+09:00,3.8838885552353315e-07,0.0,0.9463015647226173,0
2026-07-01 14:55:00+09:00,2.495411007245739e-05,0.0,0.9331436699857751,0
2026-07-01 14:56:00+09:00,-3.0472911283897266e-05,0.0,1.0,0
2026-07-01 14:57:00+09:00,-0.00012547612539474118,0.0,0.9601706970128023,0
2026-07-01 14:58:00+09:00,0.00018196227338258591,0.0,0.9868421052631577,0
2026-07-01 14:59:00+09:00,-4.830687502577092e-05,0.0,0.9864864864864865,0
2026-07-01 15:00:00+09:00,0.00038123570036417996,0.0,1.0,0
2026-07-01 15:01:00+09:00,6.084365988859783e-05,0.0,0.986842105263158,0
2026-07-01 15:02:00+09:00,4.1313510213903396e-05,0.0,0.9868421052631577,0
2026-07-01 15:03:00+09:00,-0.00018284475566241674,0.0,0.9733285917496444,0
2026-07-01 15:04:00+09:00,1.0941458330917214e-05,0.0,0.9601706970128023,0
2026-07-01 15:05:00+09:00,-0.0001901176364326985,0.0,0.9733285917496444,0
2026-07-01 15:06:00+09:00,0.00024254009829232065,0.0,0.9463015647226173,0
2026-07-01 15:07:00+09:00,-0.00011543946977208057,0.0,0.9733285917496444,0
2026-07-01 15:08:00+09:00,-0.0002859548094723746,0.0,0.9601706970128022,0
2026-07-01 15:09:00+09:00,0.00015937404500274694,0.0,0.9864864864864864,0
2026-07-01 15:10:00+09:00,4.2315870663805454e-05,0.0,0.9864864864864864,0
2026-07-01 15:11:00+09:00,2.8785252307611174e-06,0.0,0.9733285917496444,0
2026-07-01 15:12:00+09:00,-3.275839890413935e-05,0.0,0.9736842105263157,0
2026-07-01 15:13:00+09:00,0.00010282061603464846,0.0,0.9601706970128023,0
2026-07-01 15:14:00+09:00,-0.00041804623187561196,1.8416025260613145,0.9999999999999999,0
2026-07-01 15:15:00+09:00,0.0001382037698266451,0.0,1.017412148991096,0
2026-07-01 15:16:00+09:00,-5.1850080393107976e-05,0.0,0.961681890430649,0
2026-07-01 15:17:00+09:00,-0.00022421503996692665,0.0,0.9802004089491675,0
2026-07-01 15:18:00+09:00,-0.00010307162570395137,0.0,0.9988936304725777,0
2026-07-01 15:19:00+09:00,4.221923831260127e-05,0.0,0.9988936304725777,0
2026-07-01 15:20:00+09:00,5.3444798248452756e-05,0.0,1.017412148991096,0
2026-07-01 15:21:00+09:00,4.1689648028499677e-05,0.0,1.008152889731837,0
2026-07-01 15:22:00+09:00,6.084989115506095e-05,0.0,1.017412148991096,0
2026-07-01 15:23:00+09:00,0.00014200929250141384,0.0,1.008152889731837,0
2026-07-01 15:24:00+09:00,-0.00020533428165007113,1.0266714082503556,0.0,0
2026-07-01 15:30:00+09:00,0.0,0.0,0.0,0
2026-07-02 09:00:00+09:00,0.0,0.0,0.0,0
2026-07-02 09:01:00+09:00,0.0,0.0,0.0,0
2026-07-02 09:02:00+09:00,0.0,0.0,0.0,0
2026-07-02 09:03:00+09:00,0.0,0.0,0.0,0
2026-07-02 09:04:00+09:00,0.0,0.0,0.0,0
2026-07-02 09:05:00+09:00,0.0,0.0,0.0,0
2026-07-02 09:06:00+09:00,0.0,0.0,0.0,0
2026-07-02 09:07:00+09:00,0.0,0.0,0.0,0
2026-07-02 09:08:00+09:00,0.0,0.0,0.0,0
2026-07-02 09:09:00+09:00,0.0,0.0,0.0,0
2026-07-02 09:10:00+09:00,0.0,0.0,0.0,0
2026-07-02 09:11:00+09:00,0.0,0.0,0.0,0
2026-07-02 09:12:00+09:00,0.0,0.0,0.0,0
2026-07-02 09:13:00+09:00,0.0,0.0,0.0,0
2026-07-02 09:14:00+09:00,0.0,0.0,0.0,0
2026-07-02 09:15:00+09:00,-0.0008784968407304989,1.0,1.0,0
2026-07-02 09:16:00+09:00,-0.00037399951969564315,0.0,1.0,0
2026-07-02 09:17:00+09:00,-0.00039532303106429274,0.0,0.9999999999999999,0
2026-07-02 09:18:00+09:00,-0.00046397327532001154,0.0,1.0,0
2026-07-02 09:19:00+09:00,-0.0004763734142429777,0.0,1.0,0
2026-07-02 09:20:00+09:00,0.00033355488670140085,0.0,0.9736842105263158,0
2026-07-02 09:21:00+09:00,-0.0007034025583556383,0.0,1.0,0
2026-07-02 09:22:00+09:00,2.006385412393674e-05,0.0,0.9999999999999999,0
2026-07-02 09:23:00+09:00,-0.0004004767935581638,0.0,0.9868421052631579,0
2026-07-02 09:24:00+09:00,-1.2516964844540147e-05,0.0,0.9736842105263157,0
2026-07-02 09:25:00+09:00,-3.50717624849105e-05,0.0,1.0,0
2026-07-02 09:26:00+09:00,-0.00016150321249616068,0.0,0.9868421052631579,0
2026-07-02 09:27:00+09:00,0.0002614833011958135,0.0,0.9864864864864864,0
2026-07-02 09:28:00+09:00,-0.00010990331969095721,0.0,1.0,0
2026-07-02 09:29:00+09:00,-3.616521579143228e-05,0.0,1.0,0
2026-07-02 09:30:00+09:00,0.00038808588663385654,0.0,0.9733285917496444,0
2026-07-02 09:31:00+09:00,-0.0001846656615061838,0.0,1.0,0
2026-07-02 09:32:00+09:00,9.376561594485818e-05,0.0,1.0,0
2026-07-02 09:33:00+09:00,0.00022910499593991528,0.0,0.9868421052631577,0
2026-07-02 09:34:00+09:00,0.00022160181975287895,0.0,1.0,0
2026-07-02 09:35:00+09:00,6.418158169098809e-05,0.0,0.9605263157894737,0
2026-07-02 09:36:00+09:00,-0.0003488087795901486,0.0,0.9864864864864864,0
2026-07-02 09:37:00+09:00,-0.0005814558637957145,0.0,0.9868421052631579,0
2026-07-02 09:38:00+09:00,-0.0003484403647674781,0.0,1.0,0
2026-07-02 09:39:00+09:00,-1.6976099799902827e-07,0.0,1.0,0
2026-07-02 09:40:00+09:00,0.00016427055398351395,0.0,0.9868421052631577,0
2026-07-02 09:41:00+09:00,0.00011861761136680354,0.0,1.0,0
2026-07-02 09:42:00+09:00,-0.00022557384592031003,0.0,0.9868421052631579,0
2026-07-02 09:43:00+09:00,0.0003817152681362208,0.0,0.9868421052631579,0
2026-07-02 09:44:00+09:00,-1.9299310972101076e-05,0.0,0.9605263157894737,0
2026-07-02 09:45:00+09:00,-2.0560444767727913e-05,0.0,1.0,0
2026-07-02 09:46:00+09:00,0.0003141345667076965,0.0,1.0,0
2026-07-02 09:47:00+09:00,0.0005603299963709607,0.0,1.0,0
2026-07-02 09:48:00+09:00,-0.00015535303323601198,0.0,1.0,0
2026-07-02 09:49:00+09:00,-0.0005073070878666913,0.0,0.9601706970128023,0
2026-07-02 09:50:00+09:00,1.9313660431221802e-05,0.0,0.9868421052631579,0
2026-07-02 09:51:00+09:00,0.00036387368757632554,0.0,0.9473684210526316,0
2026-07-02 09:52:00+09:00,0.00045012097419450293,0.0,0.9733285917496444,0
2026-07-02 09:53:00+09:00,0.00013669366195393333,0.0,0.9605263157894737,0
2026-07-02 09:54:00+09:00,0.00045557177255672225,0.0,1.0,0
2026-07-02 09:55:00+09:00,0.00028175903765558543,0.0,0.9733285917496444,0
2026-07-02 09:56:00+09:00,-3.7263722736588037e-06,0.0,0.9868421052631579,0
2026-07-02 09:57:00+09:00,-2.4301815905836305e-05,0.0,0.9868421052631579,0
2026-07-02 09:58:00+09:00,0.00012550213593434664,0.0,0.9736842105263157,0
2026-07-02 09:59:00+09:00,-0.00018432171341951646,0.0,0.9605263157894737,0
2026-07-02 10:00:00+09:00,0.00012564032481893455,0.0,0.986842105263158,0
2026-07-02 10:01:00+09:00,0.00029171697986756716,0.0,0.9736842105263157,0
2026-07-02 10:02:00+09:00,-0.00022070238563137858,0.0,0.9601706970128023,0
2026-07-02 10:03:00+09:00,-0.00017721767171510966,0.0,0.920697012802276,0
2026-07-02 10:04:00+09:00,-0.0004503095862109961,0.0,1.0,0
2026-07-02 10:05:00+09:00,9.939057198213265e-06,0.0,0.9733285917496444,0
2026-07-02 10:06:00+09:00,0.0007791781773655929,0.0,1.0,0
2026-07-02 10:07:00+09:00,-7.508090345599275e-05,0.0,0.9470128022759602,0
2026-07-02 10:08:00+09:00,3.4756747489802223e-05,0.0,0.9199857752489331,0
2026-07-02 10:09:00+09:00,0.0002653839658748161,0.0,0.9733285917496444,0
2026-07-02 10:10:00+09:00,0.00045060582849976405,0.0,1.0,0
2026-07-02 10:11:00+09:00,-0.00019126105846116633,0.0,0.9868421052631579,0
2026-07-02 10:12:00+09:00,-0.00026387352158611336,0.0,1.0,0
2026-07-02 10:13:00+09:00,0.00014595212362003134,0.0,0.9601706970128023,0
2026-07-02 10:14:00+09:00,3.093211495365854e-05,0.0,0.9868421052631579,0
2026-07-02 10:15:00+09:00,7.819267990186816e-05,0.0,1.0,0
2026-07-02 10:16:00+09:00,0.00020372901447221248,0.0,0.9598150782361308,0
2026-07-02 10:17:00+09:00,-0.00017184957149256005,0.0,0.959815078236131,0
2026-07-02 10:18:00+09:00,-0.00016806069894753861,0.0,0.9736842105263158,0
2026-07-02 10:19:00+09:00,-0.0003759734262429116,0.0,0.9601706970128023,0
2026-07-02 10:20:00+09:00,-6.139038333687355e-05,0.0,0.933854907539118,0
2026-07-02 10:21:00+09:00,4.302180541782184e-05,0.0,0.9868421052631579,0
2026-07-02 10:22:00+09:00,0.00018388676461743119,0.0,0.9733285917496444,0
2026-07-02 10:23:00+09:00,4.460355919871807e-05,0.0,0.9601706970128022,0
2026-07-02 10:24:00+09:00,-4.053566220618566e-05,0.0,0.9470128022759602,0
2026-07-02 10:25:00+09:00,-0.00016459834087773827,0.0,0.9736842105263157,0
2026-07-02 10:26:00+09:00,0.00018719672823707076,0.0,0.9605263157894737,0
2026-07-02 10:27:00+09:00,0.0001709157987094288,0.0,0.9598150782361309,0
2026-07-02 10:28:00+09:00,-9.464154229841447e-05,0.0,0.9733285917496444,0
2026-07-02 10:29:00+09:00,0.00042447236606354483,0.0,0.9868421052631579,0
2026-07-02 10:30:00+09:00,-0.00041054163954328774,0.0,1.0,0
2026-07-02 10:31:00+09:00,0.00015251203139055936,0.0,0.9736842105263158,0
2026-07-02 10:32:00+09:00,-0.0002855761707806571,0.0,0.9736842105263158,0
2026-07-02 10:33:00+09:00,-0.0003313628413529789,0.0,0.9733285917496444,0
2026-07-02 10:34:00+09:00,0.00018046095261645557,0.0,0.9868421052631579,0
2026-07-02 10:35:00+09:00,0.00025499813743179315,0.0,0.9864864864864864,0
2026-07-02 10:36:00+09:00,4.8659126419148556e-05,0.0,0.9864864864864864,0
2026-07-02 10:37:00+09:00,-2.4151161494817105e-05,0.0,0.9605263157894737,0
2026-07-02 10:38:00+09:00,5.785793148863477e-05,0.0,0.9733285917496445,0
2026-07-02 10:39:00+09:00,7.233550907757151e-05,0.0,0.9733285917496444,0
2026-07-02 10:40:00+09:00,0.00013731697753948885,0.0,0.9601706970128023,0
2026-07-02 10:41:00+09:00,0.0003660446122218423,0.0,0.9598150782361308,0
2026-07-02 10:42:00+09:00,-0.00028051796935315746,0.0,0.9601706970128023,0
2026-07-02 10:43:00+09:00,0.0003198366392983511,0.0,0.9864864864864865,0
2026-07-02 10:44:00+09:00,0.0005438411959156293,0.0,0.986842105263158,0
2026-07-02 10:45:00+09:00,-0.0003150253830295337,0.0,0.9605263157894737,0
2026-07-02 10:46:00+09:00,0.00023006690757035574,0.0,1.0,0
2026-07-02 10:47:00+09:00,0.0002117424376360238,0.0,0.9470128022759602,0
2026-07-02 10:48:00+09:00,-0.00015444897820194591,0.0,0.9868421052631579,0
2026-07-02 10:49:00+09:00,4.151027739689879e-05,0.0,0.9868421052631579,0
2026-07-02 10:50:00+09:00,0.00023033282484097043,0.0,0.9733285917496444,0
2026-07-02 10:51:00+09:00,3.388550415119146e-05,0.0,0.9466571834992887,0
2026-07-02 10:52:00+09:00,-0.00010428098973807229,0.0,0.920697012802276,0
2026-07-02 10:53:00+09:00,-0.000276653354135739,0.0,0.9331436699857752,0
2026-07-02 10:54:00+09:00,-0.00022049817883199748,0.0,1.0,0
2026-07-02 10:55:00+09:00,-9.098971276115101e-05,0.0,0.9470128022759602,0
2026-07-02 10:56:00+09:00,0.00021035659299831154,0.0,0.9733285917496444,0
2026-07-02 10:57:00+09:00,0.00015041221717464477,0.0,0.9864864864864865,0
2026-07-02 10:58:00+09:00,-0.00011919786012162233,0.0,0.9601706970128023,0
2026-07-02 10:59:00+09:00,0.00033569623118561874,0.0,0.9078947368421052,0
2026-07-02 11:00:00+09:00,6.518283102740522e-05,0.0,0.9733285917496445,0
2026-07-02 11:01:00+09:00,0.00020268439093377517,0.0,0.9864864864864865,0
2026-07-02 11:02:00+09:00,-0.00013465197611160323,0.0,0.9605263157894738,0
2026-07-02 11:03:00+09:00,-0.00016819703628715932,0.0,0.9999999999999999,0
2026-07-02 11:04:00+09:00,1.8253695156885925e-05,0.0,0.9601706970128023,0
2026-07-02 11:05:00+09:00,-0.00013925821379989143,0.0,0.9470128022759601,0
2026-07-02 11:06:00+09:00,-0.00010986150908813119,0.0,0.9868421052631579,0
2026-07-02 11:07:00+09:00,4.487837399291191e-05,0.0,1.0,0
2026-07-02 11:08:00+09:00,9.026531389452289e-05,0.0,0.9733285917496444,0
2026-07-02 11:09:00+09:00,0.00023597702506237113,0.0,0.9203413940256047,0
2026-07-02 11:10:00+09:00,0.00027713939080992894,0.0,0.9605263157894736,0
2026-07-02 11:11:00+09:00,0.00022284551552556356,0.0,0.9733285917496444,0
2026-07-02 11:12:00+09:00,-5.8312943261166475e-05,0.0,0.9868421052631579,0
2026-07-02 11:13:00+09:00,-1.4772516116500824e-05,0.0,0.9736842105263157,0
2026-07-02 11:14:00+09:00,-0.00018337409780502155,0.0,0.9601706970128022,0
2026-07-02 11:15:00+09:00,-0.000190962033193974,0.0,0.9868421052631579,0
2026-07-02 11:16:00+09:00,0.00022270760258053817,0.0,0.9733285917496444,0
2026-07-02 11:17:00+09:00,2.9484783689843815e-05,0.0,0.9206970128022759,0
2026-07-02 11:18:00+09:00,3.999018894633933e-06,0.0,0.9470128022759603,0
2026-07-02 11:19:00+09:00,0.00023870648670025113,0.0,0.9334992887624467,0
2026-07-02 11:20:00+09:00,0.00011261602448197475,0.0,0.9203413940256047,0
2026-07-02 11:21:00+09:00,-0.00020091938354847212,0.0,0.9470128022759601,0
2026-07-02 11:22:00+09:00,-0.00016534214844458704,0.0,0.9334992887624467,0
2026-07-02 11:23:00+09:00,0.00012532611889066455,0.0,0.9338549075391182,0
2026-07-02 11:24:00+09:00,-0.0002483910130433789,0.0,0.9466571834992887,0
2026-07-02 11:25:00+09:00,0.0001937682019595192,0.0,0.986842105263158,0
2026-07-02 11:26:00+09:00,3.775366759004093e-05,0.0,0.9864864864864865,0
2026-07-02 11:27:00+09:00,0.0002653869198552241,0.02631578947368421,0.9342105263157895,0
2026-07-02 11:28:00+09:00,3.38628826939701e-05,0.02667140825035562,0.9334992887624467,0
2026-07-02 11:29:00+09:00,-0.00018940256045519205,0.9470128022759602,0.0,0
2026-07-02 11:30:00+09:00,0.0,0.0,0.0,0
2026-07-02 12:30:00+09:00,-0.0002477546676765345,1.0,1.0,0
2026-07-02 12:31:00+09:00,-3.508374857482187e-05,0.0,0.986842105263158,0
2026-07-02 12:32:00+09:00,5.010105816912383e-05,0.0,0.9736842105263157,0
2026-07-02 12:33:00+09:00,7.941736488370416e-05,0.0,1.0,0
2026-07-02 12:34:00+09:00,0.0001336594299480152,0.0,1.0,0
2026-07-02 12:35:00+09:00,-0.0004794410989591521,0.0,0.9736842105263159,0
2026-07-02 12:36:00+09:00,0.00018409413874944907,0.0,1.0,0
2026-07-02 12:37:00+09:00,-8.231650778762025e-05,0.0,0.9736842105263157,0
2026-07-02 12:38:00+09:00,0.00013564000061997146,0.0,0.9736842105263159,0
2026-07-02 12:39:00+09:00,-0.00023869238182504842,0.0,1.0,0
2026-07-02 12:40:00+09:00,9.732914102824342e-05,0.0,0.9594594594594595,0
2026-07-02 12:41:00+09:00,-0.00015669852542006646,0.0,0.9601706970128023,0
2026-07-02 12:42:00+09:00,-3.0134073371800707e-05,0.0,0.933854907539118,0
2026-07-02 12:43:00+09:00,-2.2336701902117955e-06,0.0,0.9733285917496444,0
2026-07-02 12:44:00+09:00,-0.0001357416957368182,0.0,0.9470128022759602,0
2026-07-02 12:45:00+09:00,-1.3699927335267258e-05,0.0,0.9736842105263158,0
2026-07-02 12:46:00+09:00,-0.00021346182334138825,0.0,0.9470128022759601,0
2026-07-02 12:47:00+09:00,-0.00017713515547644186,0.0,0.9736842105263157,0
2026-07-02 12:48:00+09:00,2.15373720891765e-05,0.0,0.9466571834992886,0
2026-07-02 12:49:00+09:00,0.00010080721892620492,0.0,0.9601706970128022,0
2026-07-02 12:50:00+09:00,0.00010712859741426433,0.0,0.9342105263157894,0
2026-07-02 12:51:00+09:00,2.0617407481648913e-05,0.0,0.9598150782361309,0
2026-07-02 12:52:00+09:00,5.3375232779459136e-05,0.0,0.9338549075391182,0
2026-07-02 12:53:00+09:00,0.00042174728351906964,0.0,0.9196301564722617,0
2026-07-02 12:54:00+09:00,-0.000168139991626436,0.0,0.9470128022759602,0
2026-07-02 12:55:00+09:00,0.0002285617940361939,0.0,1.0,0
2026-07-02 12:56:00+09:00,-0.0002642008179292736,0.0,0.9605263157894737,0
2026-07-02 12:57:00+09:00,-0.0001286712816398788,0.0,0.9334992887624467,0
2026-07-02 12:58:00+09:00,9.483367963889593e-05,0.0,0.9470128022759602,0
2026-07-02 12:59:00+09:00,-0.00029705458113176656,0.0,0.9601706970128023,0
2026-07-02 13:00:00+09:00,5.470494397576338e-05,0.0,0.9598150782361309,0
2026-07-02 13:01:00+09:00,-4.117038372899796e-05,0.0,0.9473684210526315,0
2026-07-02 13:02:00+09:00,-0.00012873718906213641,0.0,0.933854907539118,0
2026-07-02 13:03:00+09:00,0.0001537347342433898,0.0,1.0,0
2026-07-02 13:04:00+09:00,-0.00032425673449338254,0.0,0.9068278805120911,0
2026-07-02 13:05:00+09:00,0.00015651421352458274,0.0,0.9601706970128023,0
2026-07-02 13:06:00+09:00,-0.0002560560431854688,0.0,0.9334992887624467,0
2026-07-02 13:07:00+09:00,0.0002730612374203057,0.0,0.9605263157894737,0
2026-07-02 13:08:00+09:00,-0.0002751258455218397,0.0,0.9598150782361308,0
2026-07-02 13:09:00+09:00,-4.491189081910887e-05,0.0,0.972972972972973,0
2026-07-02 13:10:00+09:00,0.00011821052703718968,0.0,0.9203413940256046,0
2026-07-02 13:11:00+09:00,-6.494209284341856e-05,0.0,0.9470128022759602,0
2026-07-02 13:12:00+09:00,-5.7814016291239244e-05,0.0,0.959815078236131,0
2026-07-02 13:13:00+09:00,0.00025257808371750384,0.0,0.9736842105263159,0
2026-07-02 13:14:00+09:00,-0.0003962262508986527,0.0,0.9206970128022759,0
2026-07-02 13:15:00+09:00,-0.00010274493868868144,0.0,0.9736842105263157,0
2026-07-02 13:16:00+09:00,7.198442718556536e-05,0.0,0.8940256045519204,0
2026-07-02 13:17:00+09:00,0.00025074238069551134,0.0,0.9473684210526315,0
2026-07-02 13:18:00+09:00,-0.00016461213522160707,0.0,0.9601706970128023,0
2026-07-02 13:19:00+09:00,0.0001532158655376727,0.0,0.9334992887624467,0
2026-07-02 13:20:00+09:00,-0.00023295207875696623,0.0,0.9736842105263157,0
2026-07-02 13:21:00+09:00,-7.428849723643842e-05,0.0,0.9601706970128022,0
2026-07-02 13:22:00+09:00,-1.3503622823912308e-05,0.0,0.9736842105263157,0
2026-07-02 13:23:00+09:00,0.0001535961819730655,0.0,0.920697012802276,0
2026-07-02 13:24:00+09:00,0.00019219779317369406,0.0,0.9473684210526315,0
2026-07-02 13:25:00+09:00,0.00010815094588329052,0.0,0.9342105263157894,0
2026-07-02 13:26:00+09:00,3.0534428747703e-05,0.0,0.9206970128022759,0
2026-07-02 13:27:00+09:00,-8.700455042357886e-05,0.0,0.9470128022759602,0
2026-07-02 13:28:00+09:00,-0.00010262021623937556,0.0,0.9601706970128023,0
2026-07-02 13:29:00+09:00,-9.683078659941499e-05,0.0,0.9203413940256046,0
2026-07-02 13:30:00+09:00,-7.45417169579487e-07,0.0,1.0,0
2026-07-02 13:31:00+09:00,-4.620208107364672e-05,0.0,0.8940256045519204,0
2026-07-02 13:32:00+09:00,8.76972730704595e-05,0.0,0.9601706970128022,0
2026-07-02 13:33:00+09:00,-4.394429552841751e-06,0.0,0.893669985775249,0
2026-07-02 13:34:00+09:00,-0.0004281876766917425,0.0,0.9470128022759602,0
2026-07-02 13:35:00+09:00,0.0001056781061585955,0.0,0.9601706970128023,0
2026-07-02 13:36:00+09:00,-0.00010684296125297813,0.0,0.9598150782361309,0
2026-07-02 13:37:00+09:00,0.0002434363688002445,0.0,0.933854907539118,0
2026-07-02 13:38:00+09:00,-0.000213046328168253,0.0,0.9203413940256046,0
2026-07-02 13:39:00+09:00,0.00024990073272359247,0.0,0.8805120910384068,0
2026-07-02 13:40:00+09:00,-0.00010939229611514851,0.0,0.9598150782361309,0
2026-07-02 13:41:00+09:00,-0.00012697511877824983,0.0,0.933854907539118,0
2026-07-02 13:42:00+09:00,6.558923215286472e-05,0.0,0.9334992887624467,0
2026-07-02 13:43:00+09:00,2.866319132406136e-05,0.0,0.8812233285917497,0
2026-07-02 13:44:00+09:00,1.5884626924999264e-06,0.0,0.9868421052631579,0
2026-07-02 13:45:00+09:00,0.0002925714656719545,0.0,0.9210526315789473,0
2026-07-02 13:46:00+09:00,-0.0002134503230999685,0.0,0.9868421052631577,0
2026-07-02 13:47:00+09:00,2.905569157733732e-05,0.0,0.9473684210526316,0
2026-07-02 13:48:00+09:00,3.246622222288029e-05,0.0,0.8669985775248934,0
2026-07-02 13:49:00+09:00,-6.743172783515534e-05,0.0,0.9466571834992888,0
2026-07-02 13:50:00+09:00,-9.37105693489547e-05,0.0,0.9601706970128023,0
2026-07-02 13:51:00+09:00,0.00010589606995954398,0.0,0.9733285917496444,0
2026-07-02 13:52:00+09:00,7.936459302090245e-05,0.0,0.9605263157894737,0
2026-07-02 13:53:00+09:00,-2.243036673063924e-05,0.0,0.9334992887624467,0
2026-07-02 13:54:00+09:00,-3.753304480199954e-05,0.0,0.9733285917496444,0
2026-07-02 13:55:00+09:00,3.901583030626701e-05,0.0,0.9605263157894737,0
2026-07-02 13:56:00+09:00,-0.0002588483404636409,0.0,0.9601706970128022,0
2026-07-02 13:57:00+09:00,-6.546609241909385e-05,0.0,0.9203413940256044,0
2026-07-02 13:58:00+09:00,1.0389584199932125e-05,0.0,0.9470128022759602,0
2026-07-02 13:59:00+09:00,0.0003567172001564569,0.0,0.9601706970128023,0
2026-07-02 14:00:00+09:00,-0.00011067439702814294,0.0,0.933854907539118,0
2026-07-02 14:01:00+09:00,-0.0003244939355539761,0.0,0.920697012802276,0
2026-07-02 14:02:00+09:00,3.8131912776018484e-05,0.0,0.9463015647226174,0
2026-07-02 14:03:00+09:00,6.817015512059125e-05,0.0,0.9733285917496444,0
2026-07-02 14:04:00+09:00,0.00038566770905493257,0.0,0.9210526315789473,0
2026-07-02 14:05:00+09:00,7.56839753272276e-05,0.0,0.9598150782361309,0
2026-07-02 14:06:00+09:00,0.00022091172327075442,0.0,0.9729729729729729,0
2026-07-02 14:07:00+09:00,0.00012971934810774734,0.0,0.9470128022759603,0
2026-07-02 14:08:00+09:00,9.048520854140681e-05,0.0,0.9075391180654337,0
2026-07-02 14:09:00+09:00,-0.0003050837718687887,0.0,0.9473684210526316,0
2026-07-02 14:10:00+09:00,7.052301484728629e-05,0.0,0.9466571834992887,0
2026-07-02 14:11:00+09:00,0.0002781921031169528,0.0,0.9473684210526316,0
2026-07-02 14:12:00+09:00,-0.00021643603593235258,0.0,0.9327880512091039,0
2026-07-02 14:13:00+09:00,-8.62748741264022e-05,0.0,0.9203413940256046,0
2026-07-02 14:14:00+09:00,-1.4436084321143506e-05,0.0,0.9078947368421052,0
2026-07-02 14:15:00+09:00,0.00013141572421145235,0.0,0.9733285917496444,0
2026-07-02 14:16:00+09:00,-5.205298508331126e-05,0.0,0.9605263157894737,0
2026-07-02 14:17:00+09:00,-0.00017362106945318859,0.0,0.9071834992887624,0
2026-07-02 14:18:00+09:00,-0.00015629223620393392,0.0,0.9736842105263157,0
2026-07-02 14:19:00+09:00,-0.0001836937432009124,0.0,0.9601706970128022,0
2026-07-02 14:20:00+09:00,0.00022128553583246606,0.0,0.9206970128022759,0
2026-07-02 14:21:00+09:00,-0.0001694982315073803,0.0,0.9733285917496444,0
2026-07-02 14:22:00+09:00,-0.0002516511078173557,0.0,0.9470128022759603,0
2026-07-02 14:23:00+09:00,-0.00010576072968472519,0.0,0.9075391180654339,0
2026-07-02 14:24:00+09:00,-1.1619443865641413e-05,0.0,0.9338549075391182,0
2026-07-02 14:25:00+09:00,0.0002387156646529824,0.0,0.9868421052631579,0
2026-07-02 14:26:00+09:00,-0.00036858993519603325,0.0,0.9733285917496444,0
2026-07-02 14:27:00+09:00,0.00022872113099063523,0.0,0.9733285917496444,0
2026-07-02 14:28:00+09:00,-9.81473246358973e-05,0.0,0.9601706970128023,0
2026-07-02 14:29:00+09:00,-0.00046200232821503744,0.0,0.9473684210526314,0
2026-07-02 14:30:00+09:00,-0.00013770450067916628,0.0,1.0,0
2026-07-02 14:31:00+09:00,0.00016239996057429494,0.0,0.986842105263158,0
2026-07-02 14:32:00+09:00,8.041322210517693e-05,0.0,0.9598150782361308,0
2026-07-02 14:33:00+09:00,0.00012849540419427116,0.0,0.933854907539118,0
2026-07-02 14:34:00+09:00,-1.3075565377822805e-05,0.0,0.9342105263157894,0
2026-07-02 14:35:00+09:00,2.1453361000563663e-05,0.0,0.9868421052631579,0
2026-07-02 14:36:00+09:00,0.0001929099555110796,0.0,0.9334992887624467,0
2026-07-02 14:37:00+09:00,-0.00022485053489784495,0.0,0.8926031294452347,0
2026-07-02 14:38:00+09:00,0.00010451970934650854,0.0,0.9601706970128023,0
2026-07-02 14:39:00+09:00,0.00015714546973318085,0.0,0.9733285917496444,0
2026-07-02 14:40:00+09:00,-0.00022816235328340602,0.0,0.9466571834992887,0
2026-07-02 14:41:00+09:00,0.00019037826880148877,0.0,0.9605263157894737,0
2026-07-02 14:42:00+09:00,0.00011132187917328531,0.0,0.9466571834992887,0
2026-07-02 14:43:00+09:00,-8.032738823403231e-06,0.0,0.9868421052631579,0
2026-07-02 14:44:00+09:00,0.0001927351825887842,0.0,0.9206970128022759,0
2026-07-02 14:45:00+09:00,2.4050094341201682e-05,0.0,0.9868421052631579,0
2026-07-02 14:46:00+09:00,-0.0002733929476602401,0.0,0.9338549075391182,0
2026-07-02 14:47:00+09:00,-4.858184924507835e-05,0.0,0.9338549075391182,0
2026-07-02 14:48:00+09:00,2.0317078040878083e-05,0.0,0.9203413940256047,0
2026-07-02 14:49:00+09:00,-5.66038002817681e-05,0.0,0.9210526315789475,0
2026-07-02 14:50:00+09:00,-1.381299985219337e-05,0.0,0.9605263157894737,0
2026-07-02 14:51:00+09:00,-0.0002944791295872765,0.0,0.9864864864864864,0
2026-07-02 14:52:00+09:00,0.00020280823653095494,0.0,0.9605263157894737,0
2026-07-02 14:53:00+09:00,2.0393265258982347e-05,0.0,0.9466571834992887,0
2026-07-02 14:54:00+09:00,-0.0002900458832609374,0.0,0.9733285917496444,0
2026-07-02 14:55:00+09:00,0.0003274514672499511,0.0,0.9736842105263158,0
2026-07-02 14:56:00+09:00,-0.000293792114838827,0.0,0.9736842105263157,0
2026-07-02 14:57:00+09:00,0.00014975206279379375,0.0,0.9868421052631579,0
2026-07-02 14:58:00+09:00,-0.00047315759513452595,0.0,0.9605263157894737,0
2026-07-02 14:59:00+09:00,-0.0004993802867686994,0.0,0.9733285917496444,0
2026-07-02 15:00:00+09:00,-2.2428314782825514e-05,0.0,0.9868421052631579,0
2026-07-02 15:01:00+09:00,0.0003914341050896045,0.0,0.9868421052631579,0
2026-07-02 15:02:00+09:00,-0.0001764191008195502,0.0,1.0,0
2026-07-02 15:03:00+09:00,6.566036349403659e-05,0.0,1.0,0
2026-07-02 15:04:00+09:00,-0.00028631752566413686,0.0,0.9470128022759601,0
2026-07-02 15:05:00+09:00,0.00039742018965936444,0.0,1.0,0
2026-07-02 15:06:00+09:00,1.5072702346009931e-05,0.0,0.9868421052631579,0
2026-07-02 15:07:00+09:00,9.638373871534668e-05,0.0,1.0,0
2026-07-02 15:08:00+09:00,8.443730051239926e-05,0.0,1.0,0
2026-07-02 15:09:00+09:00,-0.00013877710579713774,0.0,1.0,0
2026-07-02 15:10:00+09:00,-1.4379951770219223e-06,0.0,0.9736842105263157,0
2026-07-02 15:11:00+09:00,-0.000425620337781349,0.0,1.0,0
2026-07-02 15:12:00+09:00,0.0003176813283331859,0.0,0.9736842105263158,0
2026-07-02 15:13:00+09:00,-3.6720007296419673e-06,0.0,0.9736842105263158,0
2026-07-02 15:14:00+09:00,-0.00022928001089466337,1.7901825270246323,0.9999999999999998,0
2026-07-02 15:15:00+09:00,3.047294298860906e-05,0.0,0.9899521531100478,0
2026-07-02 15:16:00+09:00,6.500071715801916e-05,0.0,0.9988747120326069,0
2026-07-02 15:17:00+09:00,-0.00010462073836602929,0.0,0.9805245436824385,0
2026-07-02 15:18:00+09:00,0.00012406912045907485,0.0,0.9714336345915293,0
2026-07-02 15:19:00+09:00,-0.00012227161943775033,0.0,0.9625110756689703,0
2026-07-02 15:20:00+09:00,-0.00027749252579243884,0.0,0.9899521531100478,0
2026-07-02 15:21:00+09:00,-0.0001244328784470368,0.0,0.9897838029416977,0
2026-07-02 15:22:00+09:00,-0.00011803939186972557,0.0,1.0079656211235157,0
2026-07-02 15:23:00+09:00,0.0007201818360681141,0.0,1.0172248803827748,0
2026-07-02 15:24:00+09:00,-0.00020526315789473683,1.026315789473684,0.0,0
2026-07-02 15:30:00+09:00,0.0,0.0,0.0,0
2026-07-03 09:00:00+09:00,0.0,0.0,0.0,0
2026-07-03 09:01:00+09:00,0.0,0.0,0.0,0
2026-07-03 09:02:00+09:00,0.0,0.0,0.0,0
2026-07-03 09:03:00+09:00,0.0,0.0,0.0,0
2026-07-03 09:04:00+09:00,0.0,0.0,0.0,0
2026-07-03 09:05:00+09:00,0.0,0.0,0.0,0
2026-07-03 09:06:00+09:00,0.0,0.0,0.0,0
2026-07-03 09:07:00+09:00,0.0,0.0,0.0,0
2026-07-03 09:08:00+09:00,0.0,0.0,0.0,0
2026-07-03 09:09:00+09:00,0.0,0.0,0.0,0
2026-07-03 09:10:00+09:00,0.0,0.0,0.0,0
2026-07-03 09:11:00+09:00,0.0,0.0,0.0,0
2026-07-03 09:12:00+09:00,0.0,0.0,0.0,0
2026-07-03 09:13:00+09:00,0.0,0.0,0.0,0
2026-07-03 09:14:00+09:00,0.0,0.0,0.0,0
2026-07-03 09:15:00+09:00,0.0003031409923117601,1.0,1.0,0
2026-07-03 09:16:00+09:00,-3.7205071850287114e-06,0.0,1.0,0
2026-07-03 09:17:00+09:00,-0.00028388095305654587,0.0,0.9710084033613445,0
2026-07-03 09:18:00+09:00,9.15244465736262e-05,0.0,0.9852941176470589,0
2026-07-03 09:19:00+09:00,0.00018783451919802122,0.0,0.9852941176470588,0
2026-07-03 09:20:00+09:00,0.00017573599591235592,0.0,0.9857142857142858,0
2026-07-03 09:21:00+09:00,7.606777755061239e-05,0.0,0.9852941176470587,0
2026-07-03 09:22:00+09:00,0.00013576803085584943,0.0,1.0,0
2026-07-03 09:23:00+09:00,-8.987998830013274e-05,0.0,0.9999999999999999,0
2026-07-03 09:24:00+09:00,0.0005011902995669159,0.0,0.9710084033613444,0
2026-07-03 09:25:00+09:00,-0.00013665145163276266,0.0,1.0,0
2026-07-03 09:26:00+09:00,-6.838659559809154e-05,0.0,0.9567226890756302,0
2026-07-03 09:27:00+09:00,0.00034116511785181266,0.0,1.0,0
2026-07-03 09:28:00+09:00,-0.00012001535989425992,0.0,0.9852941176470588,0
2026-07-03 09:29:00+09:00,-0.00048323959389484427,0.0,0.9857142857142857,0
2026-07-03 09:30:00+09:00,0.00014507495681153793,0.0,1.0,0
2026-07-03 09:31:00+09:00,-0.00032918731127758296,0.0,0.9857142857142858,0
2026-07-03 09:32:00+09:00,0.00012469262666281878,0.0,0.9857142857142858,0
2026-07-03 09:33:00+09:00,0.0002651835695745115,0.0,0.9714285714285713,0
2026-07-03 09:34:00+09:00,0.00016312640294323714,0.0,0.9857142857142857,0
2026-07-03 09:35:00+09:00,0.00034528921492172477,0.0,0.9852941176470589,0
2026-07-03 09:36:00+09:00,-0.0002393437555261183,0.0,0.9857142857142858,0
2026-07-03 09:37:00+09:00,-0.00019822373672629944,0.0,0.9857142857142857,0
2026-07-03 09:38:00+09:00,-0.00042392967723254996,0.0,0.9857142857142855,0
2026-07-03 09:39:00+09:00,3.863675579679387e-05,0.0,0.9571428571428571,0
2026-07-03 09:40:00+09:00,0.00020367231367722995,0.0,0.9563025210084033,0
2026-07-03 09:41:00+09:00,5.12959064638958e-06,0.0,0.9277310924369747,0
2026-07-03 09:42:00+09:00,0.00012416429329028243,0.0,1.0,0
2026-07-03 09:43:00+09:00,0.00019496940159398135,0.0,0.9563025210084033,0
2026-07-03 09:44:00+09:00,-0.00010752172856952438,0.0,0.9420168067226891,0
2026-07-03 09:45:00+09:00,-4.082950796902905e-05,0.0,0.9714285714285713,0
2026-07-03 09:46:00+09:00,0.00025033976902879987,0.0,0.9857142857142857,0
2026-07-03 09:47:00+09:00,-9.827068586403564e-05,0.0,0.942016806722689,0
2026-07-03 09:48:00+09:00,-0.00012181945969751605,0.0,0.9567226890756303,0
2026-07-03 09:49:00+09:00,7.037054310257304e-05,0.0,0.9563025210084033,0
2026-07-03 09:50:00+09:00,-0.0003569991734953918,0.0,0.9567226890756302,0
2026-07-03 09:51:00+09:00,0.0003251187262900284,0.0,0.9710084033613444,0
2026-07-03 09:52:00+09:00,-0.00011313254638867255,0.0,0.8983193277310924,0
2026-07-03 09:53:00+09:00,-0.0004344809055298447,0.0,0.9852941176470588,0
2026-07-03 09:54:00+09:00,0.00018105596242943902,0.0,0.9567226890756302,0
2026-07-03 09:55:00+09:00,-5.943933386257007e-05,0.0,0.9567226890756302,0
2026-07-03 09:56:00+09:00,-3.417414277551188e-05,0.0,0.9714285714285714,0
2026-07-03 09:57:00+09:00,-4.663959158042114e-05,0.0,1.0,0
2026-07-03 09:58:00+09:00,-0.00029894051346883644,0.0,0.942436974789916,0
2026-07-03 09:59:00+09:00,0.00028366684384690123,0.0,0.9420168067226891,0
2026-07-03 10:00:00+09:00,-0.0001743702881351882,0.0,0.9852941176470589,0
2026-07-03 10:01:00+09:00,0.00039587075435447433,0.0,0.9277310924369747,0
2026-07-03 10:02:00+09:00,7.628984129627994e-05,0.0,0.9857142857142857,0
2026-07-03 10:03:00+09:00,-6.121672590388822e-05,0.0,0.9857142857142857,0
2026-07-03 10:04:00+09:00,-7.721432662842913e-05,0.0,0.9857142857142857,0
2026-07-03 10:05:00+09:00,0.0004067474256091488,0.0,0.9857142857142857,0
2026-07-03 10:06:00+09:00,-0.00026683708456757513,0.0,0.9857142857142858,0
2026-07-03 10:07:00+09:00,-0.00011772322660435355,0.0,0.9857142857142857,0
2026-07-03 10:08:00+09:00,0.00018857664201951143,0.0,0.9714285714285713,0
2026-07-03 10:09:00+09:00,-0.0002306208037267881,0.0,1.0,0
2026-07-03 10:10:00+09:00,-5.814349240236916e-05,0.0,0.9710084033613445,0
2026-07-03 10:11:00+09:00,5.975981496060116e-06,0.0,0.9857142857142857,0
2026-07-03 10:12:00+09:00,0.0001027093182903115,0.0,0.9714285714285713,0
2026-07-03 10:13:00+09:00,-0.0004964369773724105,0.0,1.0,0
2026-07-03 10:14:00+09:00,0.00015074269164312175,0.0,0.9705882352941175,0
2026-07-03 10:15:00+09:00,-0.00015377100549109667,0.0,0.9567226890756302,0
2026-07-03 10:16:00+09:00,0.0001412400664696627,0.0,0.9563025210084034,0
2026-07-03 10:17:00+09:00,0.00016581702616461162,0.0,0.9563025210084033,0
2026-07-03 10:18:00+09:00,-1.8307679677379326e-05,0.0,0.9710084033613444,0
2026-07-03 10:19:00+09:00,-0.00014445427771871862,0.0,0.9281512605042016,0
2026-07-03 10:20:00+09:00,-0.00011337048176770077,0.0,0.9714285714285714,0
2026-07-03 10:21:00+09:00,0.00020965151975042633,0.0,0.9705882352941176,0
2026-07-03 10:22:00+09:00,-0.00025991979447810614,0.0,0.942436974789916,0
2026-07-03 10:23:00+09:00,5.223636930179638e-05,0.0,0.9710084033613444,0
2026-07-03 10:24:00+09:00,-0.00041013311363344323,0.0,0.8983193277310924,0
2026-07-03 10:25:00+09:00,0.0005099174132819512,0.0,0.9130252100840335,0
2026-07-03 10:26:00+09:00,0.00031527834392724004,0.0,0.9705882352941176,0
2026-07-03 10:27:00+09:00,2.2579082863318673e-06,0.0,0.9710084033613444,0
2026-07-03 10:28:00+09:00,-0.0003399900320451174,0.0,0.9130252100840336,0
2026-07-03 10:29:00+09:00,-0.000254874925071316,0.0,0.9563025210084033,0
2026-07-03 10:30:00+09:00,0.00011726977354995859,0.0,0.9852941176470587,0
2026-07-03 10:31:00+09:00,-6.258408060351908e-05,0.0,0.9710084033613445,0
2026-07-03 10:32:00+09:00,4.6536453164633425e-05,0.0,0.9277310924369747,0
2026-07-03 10:33:00+09:00,0.0002034041347592592,0.0,0.9567226890756302,0
2026-07-03 10:34:00+09:00,-0.00031102430673223946,0.0,0.9420168067226891,0
2026-07-03 10:35:00+09:00,0.00023790508287987617,0.0,0.9563025210084033,0
2026-07-03 10:36:00+09:00,-0.00038225277428708917,0.0,0.9710084033613445,0
2026-07-03 10:37:00+09:00,0.00012771221759671914,0.0,0.9563025210084033,0
2026-07-03 10:38:00+09:00,0.00016488767583522994,0.0,0.9563025210084033,0
2026-07-03 10:39:00+09:00,-9.148936600016293e-05,0.0,0.9999999999999999,0
2026-07-03 10:40:00+09:00,1.4276735491512968e-05,0.0,0.9710084033613445,0
2026-07-03 10:41:00+09:00,-0.0003430664751130755,0.0,1.0,0
2026-07-03 10:42:00+09:00,0.00032086462539049733,0.0,0.9567226890756303,0
2026-07-03 10:43:00+09:00,-0.00024548686416885263,0.0,0.9134453781512604,0
2026-07-03 10:44:00+09:00,0.0002844299853362594,0.0,0.9277310924369748,0
2026-07-03 10:45:00+09:00,0.00022605680792677624,0.0,0.942436974789916,0
2026-07-03 10:46:00+09:00,-0.00018874927974375438,0.0,0.9563025210084033,0
2026-07-03 10:47:00+09:00,0.0001249939325130262,0.0,0.9710084033613444,0
2026-07-03 10:48:00+09:00,-0.0001425483642353777,0.0,0.9857142857142857,0
2026-07-03 10:49:00+09:00,0.00025098078423020414,0.0,0.9714285714285713,0
2026-07-03 10:50:00+09:00,8.888852825871343e-05,0.0,0.9277310924369747,0
2026-07-03 10:51:00+09:00,-0.00017169247963370483,0.0,0.9563025210084033,0
2026-07-03 10:52:00+09:00,0.00040125697727505185,0.0,0.9420168067226891,0
2026-07-03 10:53:00+09:00,4.7201313390482406e-05,0.0,0.9134453781512606,0
2026-07-03 10:54:00+09:00,-0.00021624797407368245,0.0,0.9558823529411764,0
2026-07-03 10:55:00+09:00,0.00018266922114118668,0.0,0.9571428571428571,0
2026-07-03 10:56:00+09:00,-1.4032491283413853e-05,0.0,0.9268907563025209,0
2026-07-03 10:57:00+09:00,-1.661542462690567e-05,0.0,0.9567226890756302,0
2026-07-03 10:58:00+09:00,-0.00017552166848105056,0.0,0.9563025210084033,0
2026-07-03 10:59:00+09:00,0.00027294000616888295,0.0,1.0,0
2026-07-03 11:00:00+09:00,-0.0001269427698818668,0.0,0.9563025210084034,0
2026-07-03 11:01:00+09:00,-7.717466071838021e-05,0.0,0.9277310924369746,0
2026-07-03 11:02:00+09:00,4.875590312658183e-05,0.0,0.9705882352941178,0
2026-07-03 11:03:00+09:00,-0.00014093239720845585,0.0,0.9710084033613444,0
2026-07-03 11:04:00+09:00,-2.690149809141088e-05,0.0,0.9277310924369746,0
2026-07-03 11:05:00+09:00,0.00030412923098548615,0.0,0.9121848739495797,0
2026-07-03 11:06:00+09:00,-8.668459315457494e-05,0.0,0.9277310924369747,0
2026-07-03 11:07:00+09:00,8.140561980153593e-05,0.0,0.9117647058823528,0
2026-07-03 11:08:00+09:00,-0.00010756518592724676,0.0,0.9567226890756302,0
2026-07-03 11:09:00+09:00,-0.00011194222351585309,0.0,0.9705882352941176,0
2026-07-03 11:10:00+09:00,-0.00043519439060040805,0.0,0.9420168067226891,0
2026-07-03 11:11:00+09:00,-4.257228853441427e-05,0.0,0.9857142857142855,0
2026-07-03 11:12:00+09:00,-0.00012699755085154223,0.0,0.9273109243697478,0
2026-07-03 11:13:00+09:00,6.012478356880612e-05,0.0,0.8840336134453781,0
2026-07-03 11:14:00+09:00,-3.2067630891881255e-05,0.0,0.8983193277310924,0
2026-07-03 11:15:00+09:00,0.00015159764476859396,0.0,0.9420168067226891,0
2026-07-03 11:16:00+09:00,0.00018985462269882424,0.0,0.9714285714285713,0
2026-07-03 11:17:00+09:00,0.0002529456524049723,0.0,0.9563025210084034,0
2026-07-03 11:18:00+09:00,-1.2068679074980084e-05,0.0,0.9277310924369747,0
2026-07-03 11:19:00+09:00,-5.8012331520214404e-05,0.0,0.9424369747899158,0
2026-07-03 11:20:00+09:00,-0.0001228305820357026,0.0,0.9710084033613445,0
2026-07-03 11:21:00+09:00,-0.0004010211095653327,0.0,0.8831932773109243,0
2026-07-03 11:22:00+09:00,6.406580935268093e-05,0.0,0.9273109243697478,0
2026-07-03 11:23:00+09:00,0.00033018000037200274,0.0,0.8987394957983192,0
2026-07-03 11:24:00+09:00,-7.448819524384188e-05,0.0,0.942436974789916,0
2026-07-03 11:25:00+09:00,-5.461556831840249e-05,0.0,0.9852941176470588,0
2026-07-03 11:26:00+09:00,-0.0003186202730481427,0.0,0.9857142857142858,0
2026-07-03 11:27:00+09:00,-0.00020035978147916848,0.014285714285714285,0.9420168067226891,0
2026-07-03 11:28:00+09:00,9.724919604274634e-05,0.029411764705882353,0.9126050420168068,0
2026-07-03 11:29:00+09:00,-0.0001912605042016807,0.9563025210084033,0.0,0
2026-07-03 11:30:00+09:00,0.0,0.0,0.0,0
2026-07-03 12:30:00+09:00,3.8702814845216234e-05,1.0,1.0,0
2026-07-03 12:31:00+09:00,-0.00013654623060156817,0.0,1.0,0
2026-07-03 12:32:00+09:00,-0.00035858660114045923,0.0,0.9714285714285713,0
2026-07-03 12:33:00+09:00,4.0664795104629864e-05,0.0,0.9710084033613445,0
2026-07-03 12:34:00+09:00,0.00021704998052066886,0.0,0.9714285714285713,0
2026-07-03 12:35:00+09:00,0.00010762103006665368,0.0,0.9567226890756302,0
2026-07-03 12:36:00+09:00,-0.00010979839288764482,0.0,0.9710084033613445,0
2026-07-03 12:37:00+09:00,0.00042906005276924323,0.0,0.9852941176470588,0
2026-07-03 12:38:00+09:00,-0.00026208216892290227,0.0,0.9273109243697479,0
2026-07-03 12:39:00+09:00,0.0003066703121121635,0.0,0.9710084033613444,0
2026-07-03 12:40:00+09:00,-0.0003180265475555973,0.0,0.9424369747899158,0
2026-07-03 12:41:00+09:00,0.00015579870293106117,0.0,0.9710084033613445,0
2026-07-03 12:42:00+09:00,-0.0003151597477787256,0.0,0.942016806722689,0
2026-07-03 12:43:00+09:00,-1.676847124989052e-05,0.0,0.9567226890756302,0
2026-07-03 12:44:00+09:00,0.00021797021948970617,0.0,0.9571428571428571,0
2026-07-03 12:45:00+09:00,-0.00011897576714368543,0.0,1.0,0
2026-07-03 12:46:00+09:00,-3.6054022289099085e-05,0.0,0.9857142857142858,0
2026-07-03 12:47:00+09:00,-8.499002239770766e-05,0.0,0.9277310924369747,0
2026-07-03 12:48:00+09:00,-5.975972556333483e-05,0.0,0.9428571428571428,0
2026-07-03 12:49:00+09:00,0.000137315221084634,0.0,0.942436974789916,0
2026-07-03 12:50:00+09:00,0.0003236601216019304,0.0,0.9567226890756302,0
2026-07-03 12:51:00+09:00,-0.00013021691399754662,0.0,0.942436974789916,0
2026-07-03 12:52:00+09:00,-6.181162597806185e-05,0.0,0.9281512605042015,0
2026-07-03 12:53:00+09:00,0.00010382076418178692,0.0,0.9710084033613446,0
2026-07-03 12:54:00+09:00,-0.0001116835218110006,0.0,0.9857142857142858,0
2026-07-03 12:55:00+09:00,0.00019709577089801146,0.0,0.9420168067226891,0
2026-07-03 12:56:00+09:00,-0.0001955651624103571,0.0,0.942436974789916,0
2026-07-03 12:57:00+09:00,4.744836617919491e-05,0.0,0.926890756302521,0
2026-07-03 12:58:00+09:00,0.0003837607516070509,0.0,0.9420168067226891,0
2026-07-03 12:59:00+09:00,-3.1484888374212544e-05,0.0,0.9714285714285714,0
2026-07-03 13:00:00+09:00,-0.00035383477476666665,0.0,0.9714285714285713,0
2026-07-03 13:01:00+09:00,0.00010442565567627872,0.0,0.9420168067226891,0
2026-07-03 13:02:00+09:00,-0.00029528108604901665,0.0,0.9134453781512604,0
2026-07-03 13:03:00+09:00,-0.0001124056729780571,0.0,0.9277310924369747,0
2026-07-03 13:04:00+09:00,0.00032374379225429546,0.0,0.9852941176470587,0
2026-07-03 13:05:00+09:00,-0.00021774763318732607,0.0,0.9567226890756302,0
2026-07-03 13:06:00+09:00,0.0002086094245837217,0.0,0.9277310924369747,0
2026-07-03 13:07:00+09:00,8.078684113315086e-05,0.0,0.9420168067226891,0
2026-07-03 13:08:00+09:00,-2.068678041009254e-05,0.0,0.9424369747899161,0
2026-07-03 13:09:00+09:00,-0.00013151433884889415,0.0,0.9126050420168066,0
2026-07-03 13:10:00+09:00,0.0002515423357135168,0.0,0.942436974789916,0
2026-07-03 13:11:00+09:00,1.0419681038226352e-05,0.0,0.942016806722689,0
2026-07-03 13:12:00+09:00,-8.231168529762185e-05,0.0,0.8836134453781512,0
2026-07-03 13:13:00+09:00,-6.270773333336284e-06,0.0,0.9273109243697478,0
2026-07-03 13:14:00+09:00,-0.00032295596098427196,0.0,0.9563025210084033,0
2026-07-03 13:15:00+09:00,0.00012285347775112663,0.0,0.9852941176470589,0
2026-07-03 13:16:00+09:00,-0.000250154882162785,0.0,0.9126050420168066,0
2026-07-03 13:17:00+09:00,5.836682294177525e-06,0.0,0.9273109243697478,0
2026-07-03 13:18:00+09:00,-7.212746038155214e-05,0.0,0.8831932773109243,0
2026-07-03 13:19:00+09:00,-0.0001737668549237748,0.0,0.8983193277310924,0
2026-07-03 13:20:00+09:00,-7.140102493346937e-05,0.0,0.9420168067226891,0
2026-07-03 13:21:00+09:00,4.9798154620064995e-05,0.0,0.9420168067226891,0
2026-07-03 13:22:00+09:00,6.540943362646087e-05,0.0,0.9424369747899158,0
2026-07-03 13:23:00+09:00,0.0002864869661622205,0.0,0.899579831932773,0
2026-07-03 13:24:00+09:00,-0.0002756360388325365,0.0,0.9273109243697478,0
2026-07-03 13:25:00+09:00,0.00025111824681842875,0.0,0.9567226890756302,0
2026-07-03 13:26:00+09:00,8.587926709452466e-06,0.0,0.9273109243697479,0
2026-07-03 13:27:00+09:00,-2.7098954065276775e-06,0.0,0.9138655462184874,0
2026-07-03 13:28:00+09:00,-0.00018884912406975078,0.0,0.8546218487394958,0
2026-07-03 13:29:00+09:00,0.00026308683117425236,0.0,0.9277310924369748,0
2026-07-03 13:30:00+09:00,-0.0002455546704552136,0.0,0.9563025210084033,0
2026-07-03 13:31:00+09:00,3.838361586463421e-05,0.0,1.0,0
2026-07-03 13:32:00+09:00,0.00039599359473158123,0.0,0.9705882352941175,0
2026-07-03 13:33:00+09:00,-0.000315278847858742,0.0,1.0,0
2026-07-03 13:34:00+09:00,0.00023542233625762398,0.0,0.9420168067226892,0
2026-07-03 13:35:00+09:00,8.50207102117007e-05,0.0,0.8840336134453781,0
2026-07-03 13:36:00+09:00,-0.00011686243253550846,0.0,0.9428571428571428,0
2026-07-03 13:37:00+09:00,1.878105078503294e-05,0.0,0.9121848739495798,0
2026-07-03 13:38:00+09:00,2.2634957990981164e-05,0.0,0.9567226890756302,0
2026-07-03 13:39:00+09:00,-0.00012190747412420501,0.0,0.9567226890756302,0
2026-07-03 13:40:00+09:00,-0.000212820413439516,0.0,0.8554621848739495,0
2026-07-03 13:41:00+09:00,-3.203833596212016e-05,0.0,0.884033613445378,0
2026-07-03 13:42:00+09:00,2.66885387567759e-05,0.0,0.942436974789916,0
2026-07-03 13:43:00+09:00,0.00031328707524844304,0.0,0.8399159663865546,0
2026-07-03 13:44:00+09:00,-0.0002372740589524816,0.0,0.9415966386554621,0
2026-07-03 13:45:00+09:00,1.8233342202895774e-05,0.0,0.8689075630252101,0
2026-07-03 13:46:00+09:00,2.7382849737273363e-06,0.0,0.926890756302521,0
2026-07-03 13:47:00+09:00,-1.3281905733906235e-05,0.0,0.9714285714285714,0
2026-07-03 13:48:00+09:00,0.0004033548337538502,0.0,0.9281512605042017,0
2026-07-03 13:49:00+09:00,-0.0003651313949773554,0.0,0.9852941176470589,0
2026-07-03 13:50:00+09:00,5.044925307355184e-05,0.0,0.9126050420168067,0
2026-07-03 13:51:00+09:00,0.00016512007193338822,0.0,0.9710084033613444,0
2026-07-03 13:52:00+09:00,3.2774761219016052e-06,0.0,0.9277310924369747,0
2026-07-03 13:53:00+09:00,-4.782042248983425e-05,0.0,0.8697478991596638,0
2026-07-03 13:54:00+09:00,-0.0002498590048238954,0.0,0.8840336134453781,0
2026-07-03 13:55:00+09:00,0.0001735018563087994,0.0,0.884033613445378,0
2026-07-03 13:56:00+09:00,-0.00012438539696030016,0.0,0.9126050420168067,0
2026-07-03 13:57:00+09:00,-0.0004203919051452933,0.0,0.9420168067226891,0
2026-07-03 13:58:00+09:00,-9.043932331960189e-05,0.0,0.9134453781512605,0
2026-07-03 13:59:00+09:00,6.28019852583894e-05,0.0,0.9277310924369746,0
2026-07-03 14:00:00+09:00,-4.303795485711268e-05,0.0,0.9710084033613444,0
2026-07-03 14:01:00+09:00,-0.000261822412810517,0.0,0.942436974789916,0
2026-07-03 14:02:00+09:00,0.000152200121031847,0.0,0.9567226890756302,0
2026-07-03 14:03:00+09:00,-0.00012138040935888469,0.0,0.8991596638655462,0
2026-07-03 14:04:00+09:00,0.00013801684971066742,0.0,0.9710084033613446,0
2026-07-03 14:05:00+09:00,3.2163376404927176e-05,0.0,0.869327731092437,0
2026-07-03 14:06:00+09:00,0.00039320552598412197,0.0,0.884033613445378,0
2026-07-03 14:07:00+09:00,-0.00010832996876357901,0.0,0.9126050420168066,0
2026-07-03 14:08:00+09:00,6.751567853834832e-05,0.0,0.9273109243697478,0
2026-07-03 14:09:00+09:00,-9.716024519080386e-05,0.0,0.9710084033613444,0
2026-07-03 14:10:00+09:00,0.00023185369986188233,0.0,0.9857142857142857,0
2026-07-03 14:11:00+09:00,-0.00013758533576009807,0.0,0.9852941176470589,0
2026-07-03 14:12:00+09:00,6.629225151794526e-05,0.0,0.9710084033613446,0
2026-07-03 14:13:00+09:00,7.168062640654415e-05,0.0,0.9563025210084033,0
2026-07-03 14:14:00+09:00,-0.00010248674797386565,0.0,0.9126050420168066,0
2026-07-03 14:15:00+09:00,-0.000301330658281322,0.0,0.9415966386554623,0
2026-07-03 14:16:00+09:00,0.00026998307477213294,0.0,0.942436974789916,0
2026-07-03 14:17:00+09:00,-1.1195425648841456e-05,0.0,0.9567226890756302,0
2026-07-03 14:18:00+09:00,-1.0223004060073357e-05,0.0,1.0,0
2026-07-03 14:19:00+09:00,-2.6819444981934826e-05,0.0,0.9420168067226891,0
2026-07-03 14:20:00+09:00,1.3201540052342045e-05,0.0,0.9567226890756302,0
2026-07-03 14:21:00+09:00,3.264691049050168e-05,0.0,0.8697478991596638,0
2026-07-03 14:22:00+09:00,-0.0003191582544783148,0.0,0.9134453781512604,0
2026-07-03 14:23:00+09:00,0.00013093543874881814,0.0,0.9710084033613444,0
2026-07-03 14:24:00+09:00,0.0002024055215465328,0.0,0.9710084033613444,0
2026-07-03 14:25:00+09:00,-5.6922445330126956e-05,0.0,0.9714285714285714,0
2026-07-03 14:26:00+09:00,-0.0004081288768398669,0.0,0.9420168067226891,0
2026-07-03 14:27:00+09:00,0.0003279346518863787,0.0,0.9567226890756302,0
2026-07-03 14:28:00+09:00,-0.0001790781598935241,0.0,0.942436974789916,0
2026-07-03 14:29:00+09:00,-0.0002603759666673476,0.0,0.9277310924369747,0
2026-07-03 14:30:00+09:00,-0.00020739394841683202,0.0,0.9857142857142857,0
2026-07-03 14:31:00+09:00,0.0003202250757574801,0.0,0.9420168067226891,0
2026-07-03 14:32:00+09:00,-0.00018877916038113053,0.0,0.9130252100840336,0
2026-07-03 14:33:00+09:00,0.00033723947268835935,0.0,0.9268907563025209,0
2026-07-03 14:34:00+09:00,-0.00014960107719492018,0.0,0.8831932773109243,0
2026-07-03 14:35:00+09:00,-2.2565111513720395e-06,0.0,0.9420168067226891,0
2026-07-03 14:36:00+09:00,-0.00021305917464277125,0.0,0.9705882352941175,0
2026-07-03 14:37:00+09:00,0.0003171348376030728,0.0,0.9857142857142857,0
2026-07-03 14:38:00+09:00,8.002167741054839e-05,0.0,0.9563025210084033,0
2026-07-03 14:39:00+09:00,-5.948815362389057e-05,0.0,0.942016806722689,0
2026-07-03 14:40:00+09:00,9.354738906030697e-05,0.0,0.942436974789916,0
2026-07-03 14:41:00+09:00,-0.0002365331180187668,0.0,0.9852941176470589,0
2026-07-03 14:42:00+09:00,9.982658268669188e-05,0.0,0.9852941176470589,0
2026-07-03 14:43:00+09:00,-0.00018103850589081322,0.0,0.9852941176470588,0
2026-07-03 14:44:00+09:00,0.00029507538860399024,0.0,0.9277310924369748,0
2026-07-03 14:45:00+09:00,7.468376503792654e-05,0.0,0.9857142857142857,0
2026-07-03 14:46:00+09:00,3.631840481049875e-05,0.0,0.8983193277310925,0
2026-07-03 14:47:00+09:00,-0.0002329019010405196,0.0,0.9415966386554621,0
2026-07-03 14:48:00+09:00,-0.0004840125674961574,0.0,0.9710084033613445,0
2026-07-03 14:49:00+09:00,2.6412754737001876e-05,0.0,0.9130252100840335,0
2026-07-03 14:50:00+09:00,0.00023631017485023305,0.0,0.9852941176470588,0
2026-07-03 14:51:00+09:00,-8.719128590054392e-05,0.0,0.9857142857142855,0
2026-07-03 14:52:00+09:00,-0.00011985826697856656,0.0,0.9420168067226891,0
2026-07-03 14:53:00+09:00,3.4025843890572074e-05,0.0,0.942436974789916,0
2026-07-03 14:54:00+09:00,2.0887439777772685e-05,0.0,0.9852941176470589,0
2026-07-03 14:55:00+09:00,3.598015979565144e-05,0.0,0.8840336134453781,0
2026-07-03 14:56:00+09:00,3.65474676236952e-05,0.0,0.9567226890756302,0
2026-07-03 14:57:00+09:00,-0.00015582800105479612,0.0,0.9563025210084033,0
2026-07-03 14:58:00+09:00,-0.00040341257538475576,0.0,0.9857142857142858,0
2026-07-03 14:59:00+09:00,0.0002471698822464532,0.0,0.9705882352941176,0
2026-07-03 15:00:00+09:00,-7.999110755278585e-05,0.0,0.9852941176470588,0
2026-07-03 15:01:00+09:00,-3.1679240825011205e-05,0.0,0.9710084033613445,0
2026-07-03 15:02:00+09:00,-0.0003104405811140373,0.0,0.9130252100840335,0
2026-07-03 15:03:00+09:00,0.00030795950372407125,0.0,0.9714285714285713,0
2026-07-03 15:04:00+09:00,-0.00014306365020799836,0.0,0.9714285714285715,0
2026-07-03 15:05:00+09:00,-0.00028277753360831574,0.0,0.9857142857142858,0
2026-07-03 15:06:00+09:00,0.0003921811055446656,0.0,0.9857142857142855,0
2026-07-03 15:07:00+09:00,-0.0001042077086444777,0.0,0.9857142857142857,0
2026-07-03 15:08:00+09:00,0.00013892967772748151,0.0,0.9710084033613445,0
2026-07-03 15:09:00+09:00,0.0001728678674914609,0.0,0.9705882352941175,0
2026-07-03 15:10:00+09:00,-0.00015689902454536184,0.0,0.9852941176470589,0
2026-07-03 15:11:00+09:00,-6.917332250171988e-05,0.0,0.9710084033613445,0
2026-07-03 15:12:00+09:00,0.0002611729728554913,0.0,0.9563025210084033,0
2026-07-03 15:13:00+09:00,4.065648410541246e-05,0.0,0.9705882352941176,0
2026-07-03 15:14:00+09:00,-0.0005601018950814163,1.8966349697773845,0.9999999999999999,0
2026-07-03 15:15:00+09:00,-0.0001926694669027534,0.0,0.9794615214506854,0
2026-07-03 15:16:00+09:00,0.0002974756430614336,0.0,0.8945802005012531,0
2026-07-03 15:17:00+09:00,4.94996785289494e-05,0.0,0.8911156567890313,0
2026-07-03 15:18:00+09:00,-4.0818223512162366e-05,0.0,0.9177447294707357,0
2026-07-03 15:19:00+09:00,1.4643920796097155e-05,0.0,0.9172748046587056,0
2026-07-03 15:20:00+09:00,-0.00026207580547007097,0.0,0.9354452307238683,0
2026-07-03 15:21:00+09:00,0.00016714279392439615,0.0,1.0059339525283797,0
2026-07-03 15:22:00+09:00,0.00015328515378223095,0.0,0.970532950022114,0
2026-07-03 15:23:00+09:00,-7.881456103198828e-05,0.0,0.9883900928792568,0
2026-07-03 15:24:00+09:00,-0.00020294117647058824,1.0147058823529411,0.0,0
2026-07-03 15:30:00+09:00,0.0,0.0,0.0,0
2026-07-06 09:00:00+09:00,0.0,0.0,0.0,1
2026-07-06 09:01:00+09:00,0.0,0.0,0.0,1
2026-07-06 09:02:00+09:00,0.0,0.0,0.0,1
2026-07-06 09:03:00+09:00,0.0,0.0,0.0,1
2026-07-06 09:04:00+09:00,0.0,0.0,0.0,1
2026-07-06 09:05:00+09:00,0.0,0.0,0.0,1
2026-07-06 09:06:00+09:00,0.0,0.0,0.0,1
2026-07-06 09:07:00+09:00,0.0,0.0,0.0,1
2026-07-06 09:08:00+09:00,0.0,0.0,0.0,1
2026-07-06 09:09:00+09:00,0.0,0.0,0.0,1
2026-07-06 09:10:00+09:00,0.0,0.0,0.0,1
2026-07-06 09:11:00+09:00,0.0,0.0,0.0,1
2026-07-06 09:12:00+09:00,0.0,0.0,0.0,1
2026-07-06 09:13:00+09:00,0.0,0.0,0.0,1
2026-07-06 09:14:00+09:00,0.0,0.0,0.0,1
2026-07-06 09:15:00+09:00,-0.001991620709200741,1.0,1.0,1
2026-07-06 09:16:00+09:00,-0.0002365419370791629,0.0,1.0,1
2026-07-06 09:17:00+09:00,-0.00022483137420896182,0.0,0.9880952380952381,1
2026-07-06 09:18:00+09:00,-0.00037759155362076147,0.0,1.0,1
2026-07-06 09:19:00+09:00,-0.0008348500615177033,0.0,1.0,1
2026-07-06 09:20:00+09:00,0.00015203325526989597,0.0,1.0,1
2026-07-06 09:21:00+09:00,-0.0011243019909567375,0.0,0.9883720930232558,1
2026-07-06 09:22:00+09:00,-0.00021066118615960697,0.0,1.0,1
2026-07-06 09:23:00+09:00,0.0003276909525084559,0.0,0.964562569213732,1
2026-07-06 09:24:00+09:00,-0.0002291647895042345,0.0,0.9883720930232558,1
2026-07-06 09:25:00+09:00,-0.0010640252831601723,0.0,1.0,1
2026-07-06 09:26:00+09:00,-0.0004911009941373592,0.0,0.9764673311184938,1
2026-07-06 09:27:00+09:00,-0.0001432680746436677,0.0,1.0,1
2026-07-06 09:28:00+09:00,-5.0999102315997835e-05,0.0,1.0,1
2026-07-06 09:29:00+09:00,0.0007117110016600041,0.0,1.0,1
2026-07-06 09:30:00+09:00,-1.9130301031718007e-05,0.0,0.9880952380952381,1
2026-07-06 09:31:00+09:00,-0.0003074921735338212,0.0,0.9883720930232558,1
2026-07-06 09:32:00+09:00,-0.000979161231538459,0.0,1.0,1
2026-07-06 09:33:00+09:00,-0.0006953728775331223,0.0,0.9880952380952381,1
2026-07-06 09:34:00+09:00,-0.0010840465268799576,0.0,0.9764673311184939,1
2026-07-06 09:35:00+09:00,0.00041496844828480125,0.0,1.0,1
2026-07-06 09:36:00+09:00,0.00021509835708040078,0.0,1.0,1
2026-07-06 09:37:00+09:00,0.0002274718120864308,0.0,0.9767441860465117,1
2026-07-06 09:38:00+09:00,-0.00047856386738834566,0.0,0.9883720930232558,1
2026-07-06 09:39:00+09:00,0.0005749643829097837,0.0,0.9880952380952381,1
2026-07-06 09:40:00+09:00,0.00037084198934113534,0.0,0.9880952380952381,1
2026-07-06 09:41:00+09:00,0.0006575220736888722,0.0,1.0,1
2026-07-06 09:42:00+09:00,-0.00022367591528038607,0.0,0.9651162790697674,1
2026-07-06 09:43:00+09:00,-0.0007255573193957656,0.0,0.9883720930232558,1
2026-07-06 09:44:00+09:00,0.001012773587310131,0.0,0.9410299003322259,1
2026-07-06 09:45:00+09:00,0.00030548068914143945,0.0,1.0,1
2026-07-06 09:46:00+09:00,0.000500984742843968,0.0,0.9767441860465116,1
2026-07-06 09:47:00+09:00,0.0007775246862045101,0.0,0.9767441860465116,1
2026-07-06 09:48:00+09:00,-0.0009108418379652328,0.0,0.988095238095238,1
2026-07-06 09:49:00+09:00,-0.0005997528552366984,0.0,0.9883720930232558,1
2026-07-06 09:50:00+09:00,-0.0005633579651057228,0.0,1.0,1
2026-07-06 09:51:00+09:00,-0.0003355680932863339,0.0,0.9880952380952381,1
2026-07-06 09:52:00+09:00,0.0007151299441725528,0.0,0.9761904761904762,1
2026-07-06 09:53:00+09:00,0.00042630920713773664,0.0,0.9529346622369879,1
2026-07-06 09:54:00+09:00,0.00027907619490750307,0.0,0.988095238095238,1
2026-07-06 09:55:00+09:00,0.0003419488649305452,0.0,0.9529346622369879,1
2026-07-06 09:56:00+09:00,-0.0009234713309436073,0.0,0.9764673311184939,1
2026-07-06 09:57:00+09:00,-7.717307391386594e-05,0.0,0.9880952380952381,1
2026-07-06 09:58:00+09:00,0.0004486416356875073,0.0,0.9883720930232558,1
2026-07-06 09:59:00+09:00,0.0003896247691165443,0.0,1.0,1
2026-07-06 10:00:00+09:00,-0.0006869693236358171,0.0,0.9883720930232558,1
2026-07-06 10:01:00+09:00,-0.000835893311610809,0.0,0.964562569213732,1
2026-07-06 10:02:00+09:00,-0.0004895782134881631,0.0,0.9761904761904762,1
2026-07-06 10:03:00+09:00,-0.0006219803157417142,0.0,1.0,1
2026-07-06 10:04:00+09:00,5.812670395223639e-05,0.0,0.9883720930232557,1
2026-07-06 10:05:00+09:00,0.00017156135953595784,0.0,0.9532115171650055,1
2026-07-06 10:06:00+09:00,-4.540368567542464e-05,0.0,0.9761904761904763,1
2026-07-06 10:07:00+09:00,0.0006853858920517898,0.0,0.9883720930232558,1
2026-07-06 10:08:00+09:00,-0.00011290534461275817,0.0,0.9642857142857143,1
2026-07-06 10:09:00+09:00,-0.00041681230091006354,0.0,0.9880952380952381,1
2026-07-06 10:10:00+09:00,-0.0009640571633733101,0.0,0.9529346622369879,1
2026-07-06 10:11:00+09:00,9.56152523627427e-05,0.0,0.9880952380952381,1
2026-07-06 10:12:00+09:00,0.00019878334080266228,0.0,0.9415836101882613,1
2026-07-06 10:13:00+09:00,-6.325298208171234e-05,0.0,0.9532115171650055,1
2026-07-06 10:14:00+09:00,0.0002835239854744147,0.0,0.9651162790697674,1
2026-07-06 10:15:00+09:00,-0.0004497722942414036,0.0,0.9413067552602437,1
2026-07-06 10:16:00+09:00,-0.00022684933001571993,0.0,0.9651162790697674,1
2026-07-06 10:17:00+09:00,0.000926287300033191,0.0,0.9532115171650055,1
2026-07-06 10:18:00+09:00,0.0002854610565086214,0.0,0.9764673311184939,1
2026-07-06 10:19:00+09:00,-6.94153271405094e-05,0.0,0.9645625692137321,1
2026-07-06 10:20:00+09:00,-0.00012320591436883657,0.0,0.9883720930232558,1
2026-07-06 10:21:00+09:00,-0.0005263220898130758,0.0,0.95265780730897,1
2026-07-06 10:22:00+09:00,-0.0005263446841863495,0.0,0.9413067552602435,1
2026-07-06 10:23:00+09:00,-0.00015151237251091553,0.0,0.964562569213732,1
2026-07-06 10:24:00+09:00,0.00016859100905146563,0.0,0.9413067552602437,1
2026-07-06 10:25:00+09:00,-0.00034648537861973344,0.0,0.9880952380952381,1
2026-07-06 10:26:00+09:00,0.000455369977888985,0.0,0.9529346622369878,1
2026-07-06 10:27:00+09:00,0.00021782069765316538,0.0,0.9764673311184939,1
2026-07-06 10:28:00+09:00,8.586133459082314e-05,0.0,0.964562569213732,1
2026-07-06 10:29:00+09:00,0.0005162566802290806,0.0,0.9767441860465116,1
2026-07-06 10:30:00+09:00,0.00024307784279065437,0.0,0.9288482834994463,1
2026-07-06 10:31:00+09:00,-8.949863559672757e-05,0.0,0.964562569213732,1
2026-07-06 10:32:00+09:00,5.82507759673993e-05,0.0,0.9410299003322259,1
2026-07-06 10:33:00+09:00,-0.00035208478079510605,0.0,0.9294019933554818,1
2026-07-06 10:34:00+09:00,-0.0003920213538992293,0.0,0.9761904761904762,1
2026-07-06 10:35:00+09:00,-0.0004972231668830707,0.0,0.988095238095238,1
2026-07-06 10:36:00+09:00,-0.0005446441315007335,0.0,0.95265780730897,1
2026-07-06 10:37:00+09:00,0.00022043551835997338,0.0,0.9648394241417496,1
2026-07-06 10:38:00+09:00,-0.0002785578560958161,0.0,0.9415836101882613,1
2026-07-06 10:39:00+09:00,-4.2754920504060526e-05,0.0,0.9648394241417497,1
2026-07-06 10:40:00+09:00,0.0001418921904654796,0.0,0.9526578073089701,1
2026-07-06 10:41:00+09:00,-0.00014943488639012115,0.0,0.9883720930232558,1
2026-07-06 10:42:00+09:00,7.114373709430833e-05,0.0,0.976190476190476,1
2026-07-06 10:43:00+09:00,-0.0007975826765019743,0.0,1.0,1
2026-07-06 10:44:00+09:00,-0.0002742313029516106,0.0,1.0,1
2026-07-06 10:45:00+09:00,-0.0007123567673627522,0.0,0.988095238095238,1
2026-07-06 10:46:00+09:00,-4.91997670743478e-05,0.0,0.9880952380952381,1
2026-07-06 10:47:00+09:00,-0.0003999628806925991,0.0,0.9764673311184939,1
2026-07-06 10:48:00+09:00,-0.0001244581547272894,0.0,0.9648394241417497,1
2026-07-06 10:49:00+09:00,-0.0002633265045092392,0.0,1.0,1
2026-07-06 10:50:00+09:00,0.00016140966786032686,0.0,0.9526578073089701,1
2026-07-06 10:51:00+09:00,-0.00021138978153096113,0.0,0.9648394241417497,1
2026-07-06 10:52:00+09:00,-8.247096162480131e-05,0.0,0.9296788482834994,1
2026-07-06 10:53:00+09:00,9.619648423329311e-05,0.0,0.8820598006644518,1
2026-07-06 10:54:00+09:00,-0.00015942119560006425,0.0,0.9061461794019934,1
2026-07-06 10:55:00+09:00,0.0001762314524497718,0.0,0.9761904761904763,1
2026-07-06 10:56:00+09:00,-0.0007486704670244319,0.0,0.9761904761904762,1
2026-07-06 10:57:00+09:00,6.458594401040047e-05,0.0,0.9880952380952381,1
2026-07-06 10:58:00+09:00,0.0007285329111935344,0.0,0.9418604651162792,1
2026-07-06 10:59:00+09:00,0.0004066915093964803,0.0,0.9645625692137321,1
2026-07-06 11:00:00+09:00,0.0004165775704352372,0.0,0.988095238095238,1
2026-07-06 11:01:00+09:00,-0.0003746381592414687,0.0,0.9413067552602435,1
2026-07-06 11:02:00+09:00,7.157416628485914e-05,0.0,0.9642857142857143,1
2026-07-06 11:03:00+09:00,-8.417165481791584e-05,0.0,0.9410299003322258,1
2026-07-06 11:04:00+09:00,-0.0008813415003436784,0.0,0.9648394241417497,1
2026-07-06 11:05:00+09:00,-0.0003389121198522786,0.0,0.9642857142857142,1
2026-07-06 11:06:00+09:00,-0.0005625209946770762,0.0,0.9410299003322259,1
2026-07-06 11:07:00+09:00,5.790364496773457e-05,0.0,0.9642857142857142,1
2026-07-06 11:08:00+09:00,0.0003098826430628677,0.0,0.9529346622369878,1
2026-07-06 11:09:00+09:00,-0.00010024246108822211,0.0,0.9299557032115172,1
2026-07-06 11:10:00+09:00,-0.00013160632465311292,0.0,0.9764673311184938,1
2026-07-06 11:11:00+09:00,-0.0007045001480353462,0.0,1.0,1
2026-07-06 11:12:00+09:00,-1.1525071902978652e-05,0.0,1.0,1
2026-07-06 11:13:00+09:00,-0.000503254883581514,0.0,0.9761904761904762,1
2026-07-06 11:14:00+09:00,0.0005223560115741885,0.0,0.9532115171650055,1
2026-07-06 11:15:00+09:00,8.721613575999792e-05,0.0,0.9407530454042081,1
2026-07-06 11:16:00+09:00,-0.0010713675005749905,0.0,0.988095238095238,1
2026-07-06 11:17:00+09:00,-0.0006959882880404082,0.0,1.0,1
2026-07-06 11:18:00+09:00,4.0421722773159104e-07,0.0,0.9648394241417497,1
2026-07-06 11:19:00+09:00,0.0005817826130290582,0.0,1.0,1
2026-07-06 11:20:00+09:00,-0.00038114553825372506,0.0,0.9880952380952381,1
2026-07-06 11:21:00+09:00,0.000512736398752973,0.0,0.917220376522702,1
2026-07-06 11:22:00+09:00,-0.00011663448155267029,0.0,0.9061461794019934,1
2026-07-06 11:23:00+09:00,-5.4701740693070426e-05,0.0,0.9764673311184939,1
2026-07-06 11:24:00+09:00,-0.00046266506724795315,0.0,0.988095238095238,1
2026-07-06 11:25:00+09:00,-0.00021555866734065582,0.0,0.964562569213732,1
2026-07-06 11:26:00+09:00,-0.0005258708917546105,0.0,0.9526578073089701,1
2026-07-06 11:27:00+09:00,-0.00014597577410802888,0.0,0.9532115171650055,1
2026-07-06 11:28:00+09:00,-0.00019023070463588867,0.035437430786267994,0.9174972314507197,1
2026-07-06 11:29:00+09:00,-0.0001929125138427464,0.964562569213732,0.0,1
2026-07-06 11:30:00+09:00,0.0,0.0,0.0,1
2026-07-06 12:30:00+09:00,-0.0006064657833208405,1.0,1.0,1
2026-07-06 12:31:00+09:00,0.0005979096069317636,0.0,1.0,1
2026-07-06 12:32:00+09:00,-0.0004452258866053142,0.0,0.988095238095238,1
2026-07-06 12:33:00+09:00,-0.0005406023794001323,0.0,0.988095238095238,1
2026-07-06 12:34:00+09:00,-0.00010790678330369024,0.0,1.0,1
2026-07-06 12:35:00+09:00,0.00041578244273543383,0.0,1.0,1
2026-07-06 12:36:00+09:00,0.00029533547815686233,0.0,0.9883720930232558,1
2026-07-06 12:37:00+09:00,0.0009803988409216942,0.0,0.9761904761904763,1
2026-07-06 12:38:00+09:00,0.0007161823303811267,0.0,1.0,1
2026-07-06 12:39:00+09:00,-0.000488168386065825,0.0,0.9764673311184939,1
2026-07-06 12:40:00+09:00,-0.0006573183635992602,0.0,0.9767441860465116,1
2026-07-06 12:41:00+09:00,9.142776695753928e-05,0.0,0.9529346622369879,1
2026-07-06 12:42:00+09:00,-0.0005896485864815921,0.0,0.9883720930232558,1
2026-07-06 12:43:00+09:00,-0.0001731382060652465,0.0,0.9880952380952381,1
2026-07-06 12:44:00+09:00,4.720474402601762e-05,0.0,1.0,1
2026-07-06 12:45:00+09:00,6.190151938640238e-06,0.0,0.9645625692137321,1
2026-07-06 12:46:00+09:00,-3.5444718159190626e-06,0.0,0.9529346622369879,1
2026-07-06 12:47:00+09:00,4.136159626357842e-05,0.0,0.988095238095238,1
2026-07-06 12:48:00+09:00,-0.000340760405228444,0.0,0.9761904761904762,1
2026-07-06 12:49:00+09:00,0.0002336821437548455,0.0,0.9529346622369878,1
2026-07-06 12:50:00+09:00,0.0001284377657233155,0.0,0.964562569213732,1
2026-07-06 12:51:00+09:00,7.436770629587632e-05,0.0,0.9642857142857142,1
2026-07-06 12:52:00+09:00,0.0004842284278200544,0.0,0.9410299003322259,1
2026-07-06 12:53:00+09:00,-0.0006746873187159392,0.0,0.964562569213732,1
2026-07-06 12:54:00+09:00,-0.00029698713147127703,0.0,0.9532115171650055,1
2026-07-06 12:55:00+09:00,-6.128751370594588e-05,0.0,0.9764673311184939,1
2026-07-06 12:56:00+09:00,0.0003760089062281494,0.0,0.8823366555924694,1
2026-07-06 12:57:00+09:00,0.0002250451753164912,0.0,0.9415836101882613,1
2026-07-06 12:58:00+09:00,0.00023910728174497453,0.0,0.9764673311184939,1
2026-07-06 12:59:00+09:00,7.628579267530047e-05,0.0,0.976190476190476,1
2026-07-06 13:00:00+09:00,-0.00041469899621631584,0.0,0.964562569213732,1
2026-07-06 13:01:00+09:00,0.00010642159843830224,0.0,0.9413067552602437,1
2026-07-06 13:02:00+09:00,0.00024578223493012125,0.0,0.9880952380952381,1
2026-07-06 13:03:00+09:00,-0.0001588705902529264,0.0,0.9523809523809523,1
2026-07-06 13:04:00+09:00,-0.000547021792186494,0.0,0.9883720930232558,1
2026-07-06 13:05:00+09:00,-0.0004056041326246282,0.0,0.8826135105204872,1
2026-07-06 13:06:00+09:00,0.00020306277269483629,0.0,0.9761904761904762,1
2026-07-06 13:07:00+09:00,-0.00025426045825503995,0.0,0.9645625692137321,1
2026-07-06 13:08:00+09:00,-0.00011808306297903463,0.0,0.941029900332226,1
2026-07-06 13:09:00+09:00,4.4814587958624524e-05,0.0,0.9529346622369879,1
2026-07-06 13:10:00+09:00,0.00021298832003261245,0.0,0.9413067552602435,1
2026-07-06 13:11:00+09:00,-0.0001454910086278599,0.0,0.9410299003322259,1
2026-07-06 13:12:00+09:00,0.0003373099743516265,0.0,0.9529346622369878,1
2026-07-06 13:13:00+09:00,0.00014675364742088658,0.0,0.941029900332226,1
2026-07-06 13:14:00+09:00,1.18211790310942e-05,0.0,0.9407530454042081,1
2026-07-06 13:15:00+09:00,0.0003030010657240408,0.0,0.9764673311184939,1
2026-07-06 13:16:00+09:00,-1.8914873336816116e-05,0.0,0.9291251384274639,1
2026-07-06 13:17:00+09:00,0.0008180914440006999,0.0,0.9174972314507197,1
2026-07-06 13:18:00+09:00,0.0002445682891667392,0.0,0.9174972314507197,1
2026-07-06 13:19:00+09:00,8.148907720369109e-05,0.0,0.9180509413067552,1
2026-07-06 13:20:00+09:00,-0.0001647110448443641,0.0,0.9761904761904762,1
2026-07-06 13:21:00+09:00,-0.0005229524279539886,0.0,0.9294019933554817,1
2026-07-06 13:22:00+09:00,0.00043374419279281536,0.0,0.9407530454042081,1
2026-07-06 13:23:00+09:00,4.807074233453229e-05,0.0,0.9645625692137321,1
2026-07-06 13:24:00+09:00,-4.226971708599061e-05,0.0,0.9529346622369879,1
2026-07-06 13:25:00+09:00,0.0005093689249095378,0.0,0.9523809523809523,1
2026-07-06 13:26:00+09:00,0.0003234113423786052,0.0,0.9410299003322258,1
2026-07-06 13:27:00+09:00,0.00010236803546688386,0.0,0.964562569213732,1
2026-07-06 13:28:00+09:00,0.00040367567285577775,0.0,0.941029900332226,1
2026-07-06 13:29:00+09:00,0.0003322249234240172,0.0,0.9294019933554817,1
2026-07-06 13:30:00+09:00,9.498843028379902e-06,0.0,0.9648394241417497,1
2026-07-06 13:31:00+09:00,0.00016727065841497577,0.0,0.95265780730897,1
2026-07-06 13:32:00+09:00,0.00040481896223252737,0.0,0.9413067552602437,1
2026-07-06 13:33:00+09:00,-0.0005276480579402407,0.0,0.9645625692137321,1
2026-07-06 13:34:00+09:00,0.0004238480021621395,0.0,0.9642857142857142,1
2026-07-06 13:35:00+09:00,0.00016335291879580625,0.0,0.9532115171650055,1
2026-07-06 13:36:00+09:00,0.0001765491299347678,0.0,0.9767441860465116,1
2026-07-06 13:37:00+09:00,-0.0002547904740501896,0.0,0.9061461794019934,1
2026-07-06 13:38:00+09:00,-4.258114728331299e-05,0.0,0.929125138427464,1
2026-07-06 13:39:00+09:00,-0.00030206121728973217,0.0,0.9529346622369878,1
2026-07-06 13:40:00+09:00,0.00032839882845577884,0.0,0.9529346622369878,1
2026-07-06 13:41:00+09:00,0.00010895486504074035,0.0,0.9294019933554817,1
2026-07-06 13:42:00+09:00,-0.00024046167574094568,0.0,0.9055924695459578,1
2026-07-06 13:43:00+09:00,-0.00017140505533130593,0.0,0.9288482834994463,1
2026-07-06 13:44:00+09:00,-7.585308204981691e-05,0.0,1.0,1
2026-07-06 13:45:00+09:00,-0.00018696851047705343,0.0,0.9413067552602437,1
2026-07-06 13:46:00+09:00,-0.0006126299171409747,0.0,0.8707087486157253,1
2026-07-06 13:47:00+09:00,0.0001537857970247239,0.0,0.9296788482834994,1
2026-07-06 13:48:00+09:00,-0.0002327498757163113,0.0,0.9410299003322259,1
2026-07-06 13:49:00+09:00,0.00023962027373415474,0.0,0.9645625692137318,1
2026-07-06 13:50:00+09:00,-1.988564032977918e-05,0.0,0.9055924695459578,1
2026-07-06 13:51:00+09:00,7.071120357977715e-05,0.0,0.9053156146179402,1
2026-07-06 13:52:00+09:00,0.0002699082099190207,0.0,0.9186046511627907,1
2026-07-06 13:53:00+09:00,0.00030246750845974095,0.0,0.95265780730897,1
2026-07-06 13:54:00+09:00,-6.39178518660795e-05,0.0,0.9764673311184939,1
2026-07-06 13:55:00+09:00,-0.00013897631311652546,0.0,0.9061461794019934,1
2026-07-06 13:56:00+09:00,2.0784029395504547e-05,0.0,0.9291251384274639,1
2026-07-06 13:57:00+09:00,-0.0002547522567415348,0.0,0.9291251384274639,1
2026-07-06 13:58:00+09:00,-0.00022585237889957376,0.0,0.9177740863787376,1
2026-07-06 13:59:00+09:00,-0.0004100540931834244,0.0,0.9058693244739756,1
2026-07-06 14:00:00+09:00,-0.00019137813211452608,0.0,0.9413067552602437,1
2026-07-06 14:01:00+09:00,-0.00016818813218830433,0.0,0.9177740863787375,1
2026-07-06 14:02:00+09:00,-6.413332958461258e-05,0.0,0.9532115171650055,1
2026-07-06 14:03:00+09:00,9.883692568501582e-05,0.0,0.929125138427464,1
2026-07-06 14:04:00+09:00,0.00018589212071504042,0.0,0.9532115171650055,1
2026-07-06 14:05:00+09:00,6.28231704803472e-05,0.0,0.9410299003322259,1
2026-07-06 14:06:00+09:00,0.0003531406852385648,0.0,0.9415836101882613,1
2026-07-06 14:07:00+09:00,-0.0002880993001092962,0.0,0.964562569213732,1
2026-07-06 14:08:00+09:00,-2.088132936907215e-05,0.0,0.964562569213732,1
2026-07-06 14:09:00+09:00,0.00026129967411902866,0.0,0.964562569213732,1
2026-07-06 14:10:00+09:00,-0.00017974848636120614,0.0,0.9761904761904762,1
2026-07-06 14:11:00+09:00,-0.00019734740249462173,0.0,0.9180509413067552,1
2026-07-06 14:12:00+09:00,2.280225050026995e-06,0.0,0.9526578073089701,1
2026-07-06 14:13:00+09:00,0.00029449359453278965,0.0,0.9415836101882613,1
2026-07-06 14:14:00+09:00,0.00028514638811003566,0.0,0.8942414174972314,1
2026-07-06 14:15:00+09:00,-0.00022361299157751263,0.0,0.9526578073089701,1
2026-07-06 14:16:00+09:00,-0.0001920279782223132,0.0,0.9529346622369879,1
2026-07-06 14:17:00+09:00,8.185477304067823e-05,0.0,0.9645625692137321,1
2026-07-06 14:18:00+09:00,0.0002452328785214597,0.0,0.9294019933554817,1
2026-07-06 14:19:00+09:00,2.451100670589986e-05,0.0,0.9174972314507197,1
2026-07-06 14:20:00+09:00,-0.00034040031566870367,0.0,0.9294019933554818,1
2026-07-06 14:21:00+09:00,-0.00032586290147736504,0.0,0.9764673311184939,1
2026-07-06 14:22:00+09:00,-0.00026097311392799075,0.0,0.9761904761904763,1
2026-07-06 14:23:00+09:00,-0.00017379204371301496,0.0,0.9180509413067552,1
2026-07-06 14:24:00+09:00,-6.239289283972125e-05,0.0,1.0,1
2026-07-06 14:25:00+09:00,0.0003409922323327497,0.0,0.9880952380952381,1
2026-07-06 14:26:00+09:00,-6.635475348429183e-05,0.0,0.9880952380952381,1
2026-07-06 14:27:00+09:00,-0.0002027318451020095,0.0,0.9526578073089701,1
2026-07-06 14:28:00+09:00,-0.0007531128988729905,0.0,0.9180509413067552,1
2026-07-06 14:29:00+09:00,-8.651132195674664e-06,0.0,0.9764673311184939,1
2026-07-06 14:30:00+09:00,8.414607230627905e-05,0.0,0.9764673311184939,1
2026-07-06 14:31:00+09:00,9.636391469665335e-05,0.0,0.9880952380952381,1
2026-07-06 14:32:00+09:00,0.00010374357402836907,0.0,0.9407530454042081,1
2026-07-06 14:33:00+09:00,-4.007264471662539e-06,0.0,0.9534883720930232,1
2026-07-06 14:34:00+09:00,-0.00012462710958729704,0.0,0.9410299003322259,1
2026-07-06 14:35:00+09:00,0.00027881375720869146,0.0,0.9645625692137321,1
2026-07-06 14:36:00+09:00,7.73702538169666e-05,0.0,0.9532115171650055,1
2026-07-06 14:37:00+09:00,-7.504149160657157e-05,0.0,0.9534883720930232,1
2026-07-06 14:38:00+09:00,9.536984732042513e-05,0.0,0.9529346622369878,1
2026-07-06 14:39:00+09:00,5.624424592179311e-05,0.0,0.8823366555924694,1
2026-07-06 14:40:00+09:00,0.00014718321720817165,0.0,0.9645625692137321,1
2026-07-06 14:41:00+09:00,-1.573538172131709e-05,0.0,0.929125138427464,1
2026-07-06 14:42:00+09:00,2.3864927890969058e-05,0.0,0.9648394241417497,1
2026-07-06 14:43:00+09:00,-9.825234277861607e-05,0.0,0.9523809523809523,1
2026-07-06 14:44:00+09:00,-0.000291812295002839,0.0,0.9883720930232558,1
2026-07-06 14:45:00+09:00,-0.0001433438006119885,0.0,0.9645625692137321,1
2026-07-06 14:46:00+09:00,-6.876077968966401e-05,0.0,0.964562569213732,1
2026-07-06 14:47:00+09:00,-0.00015801367959837799,0.0,0.9880952380952381,1
2026-07-06 14:48:00+09:00,6.7788619178752e-05,0.0,0.9648394241417497,1
2026-07-06 14:49:00+09:00,0.0001088900992059597,0.0,0.964562569213732,1
2026-07-06 14:50:00+09:00,2.3706860348933988e-05,0.0,0.9764673311184939,1
2026-07-06 14:51:00+09:00,0.00013228080923520695,0.0,0.9413067552602437,1
2026-07-06 14:52:00+09:00,0.00032187278162841185,0.0,0.9296788482834993,1
2026-07-06 14:53:00+09:00,-0.00022492758108911377,0.0,0.9880952380952381,1
2026-07-06 14:54:00+09:00,-0.00027485901982364123,0.0,0.9294019933554817,1
2026-07-06 14:55:00+09:00,0.00016583975984991957,0.0,0.929125138427464,1
2026-07-06 14:56:00+09:00,0.00014131400520077774,0.0,0.9294019933554817,1
2026-07-06 14:57:00+09:00,1.4134152265890759e-05,0.0,0.9415836101882614,1
2026-07-06 14:58:00+09:00,-2.3599247884522552e-05,0.0,0.9296788482834994,1
2026-07-06 14:59:00+09:00,-0.00011727183114896154,0.0,0.9764673311184939,1
2026-07-06 15:00:00+09:00,0.00015478209228775752,0.0,0.9883720930232558,1
2026-07-06 15:01:00+09:00,-0.00015955873143732755,0.0,0.9529346622369879,1
2026-07-06 15:02:00+09:00,-8.518447715369384e-05,0.0,0.9294019933554817,1
2026-07-06 15:03:00+09:00,-0.00017252173263530808,0.0,0.9648394241417497,1
2026-07-06 15:04:00+09:00,0.00015031337907523435,0.0,0.9407530454042081,1
2026-07-06 15:05:00+09:00,-6.41848219132701e-05,0.0,0.9532115171650055,1
2026-07-06 15:06:00+09:00,4.856167195034353e-05,0.0,0.9651162790697674,1
2026-07-06 15:07:00+09:00,0.000157198431518424,0.0,0.9764673311184939,1
2026-07-06 15:08:00+09:00,6.775363810970392e-05,0.0,0.9291251384274639,1
2026-07-06 15:09:00+09:00,-1.0627970087255536e-05,0.0,1.0,1
2026-07-06 15:10:00+09:00,-0.0002745733300858809,0.0,0.9532115171650055,1
2026-07-06 15:11:00+09:00,0.00021658333673389558,0.0,0.9880952380952381,1
2026-07-06 15:12:00+09:00,-0.0001931097753603892,0.0,0.9761904761904763,1
2026-07-06 15:13:00+09:00,0.00014201575357553883,0.0,0.9764673311184939,1
2026-07-06 15:14:00+09:00,-0.000474082690470363,1.8039425999057415,1.0,1
2026-07-06 15:15:00+09:00,1.4346844581885289e-05,0.0,0.9601108348365917,1
2026-07-06 15:16:00+09:00,5.5086555680050463e-05,0.0,0.9697195001056342,1
2026-07-06 15:17:00+09:00,-0.00010162787537685926,0.0,0.9791534623697853,1
2026-07-06 15:18:00+09:00,-3.3815231272736084e-05,0.0,0.9691953910909592,1
2026-07-06 15:19:00+09:00,2.8217639555274857e-05,0.0,0.9720881478231191,1
2026-07-06 15:20:00+09:00,3.435170291121218e-05,0.0,0.9954780361757105,1
2026-07-06 15:21:00+09:00,0.00024663199461659723,0.009259259259259259,1.0000406286057886,1
2026-07-06 15:22:00+09:00,-3.818091687206875e-05,0.0,0.9791534623697852,1
2026-07-06 15:23:00+09:00,-0.0002857801013088247,0.0,1.0185591471243072,1
2026-07-06 15:24:00+09:00,-0.0002074504737295435,1.0372523686477175,0.0,1
2026-07-06 15:30:00+09:00,0.0,0.0,0.0,1
2026-07-07 09:00:00+09:00,0.0,0.0,0.0,1
2026-07-07 09:01:00+09:00,0.0,0.0,0.0,1
2026-07-07 09:02:00+09:00,0.0,0.0,0.0,1
2026-07-07 09:03:00+09:00,0.0,0.0,0.0,1
2026-07-07 09:04:00+09:00,0.0,0.0,0.0,1
2026-07-07 09:05:00+09:00,0.0,0.0,0.0,1
2026-07-07 09:06:00+09:00,0.0,0.0,0.0,1
2026-07-07 09:07:00+09:00,0.0,0.0,0.0,1
2026-07-07 09:08:00+09:00,0.0,0.0,0.0,1
2026-07-07 09:09:00+09:00,0.0,0.0,0.0,1
2026-07-07 09:10:00+09:00,0.0,0.0,0.0,1
2026-07-07 09:11:00+09:00,0.0,0.0,0.0,1
2026-07-07 09:12:00+09:00,0.0,0.0,0.0,1
2026-07-07 09:13:00+09:00,0.0,0.0,0.0,1
2026-07-07 09:14:00+09:00,0.0,0.0,0.0,1
2026-07-07 09:15:00+09:00,-0.00039489905506866316,1.0,1.0,1
2026-07-07 09:16:00+09:00,0.0004557630695252855,0.0,0.9999999999999999,1
2026-07-07 09:17:00+09:00,2.240217448646229e-05,0.0,1.0,1
2026-07-07 09:18:00+09:00,0.0003473273079920693,0.0,0.976190476190476,1
2026-07-07 09:19:00+09:00,-0.00012296809266199103,0.0,0.9761904761904762,1
2026-07-07 09:20:00+09:00,-0.00022057441036216587,0.0,0.9999999999999999,1
2026-07-07 09:21:00+09:00,0.000276526649130715,0.0,0.95265780730897,1
2026-07-07 09:22:00+09:00,0.0009249539065638145,0.0,0.9767441860465116,1
2026-07-07 09:23:00+09:00,0.000290189056447279,0.0,1.0,1
2026-07-07 09:24:00+09:00,0.000549161331722893,0.0,0.9767441860465116,1
2026-07-07 09:25:00+09:00,-0.0006260054528427587,0.0,1.0,1
2026-07-07 09:26:00+09:00,0.00021441647508691787,0.0,1.0,1
2026-07-07 09:27:00+09:00,-0.00028195457140180635,0.0,1.0,1
2026-07-07 09:28:00+09:00,0.00026790445300614043,0.0,0.9532115171650055,1
2026-07-07 09:29:00+09:00,0.000166513510441663,0.0,0.9764673311184938,1
2026-07-07 09:30:00+09:00,-5.566050286910521e-05,0.0,1.0,1
2026-07-07 09:31:00+09:00,-2.4111793305322278e-05,0.0,1.0,1
2026-07-07 09:32:00+09:00,-0.00046893075946223144,0.0,0.9883720930232558,1
2026-07-07 09:33:00+09:00,-0.00029873469121567247,0.0,0.9767441860465117,1
2026-07-07 09:34:00+09:00,0.00017411231345204807,0.0,0.9767441860465116,1
2026-07-07 09:35:00+09:00,-0.0005033821239198885,0.0,1.0,1
2026-07-07 09:36:00+09:00,-0.00029082781430748723,0.0,0.9880952380952381,1
2026-07-07 09:37:00+09:00,0.000399137624811288,0.0,0.9648394241417497,1
2026-07-07 09:38:00+09:00,0.0002159738741913549,0.0,0.9883720930232558,1
2026-07-07 09:39:00+09:00,-0.0006459314279493764,0.0,0.976190476190476,1
2026-07-07 09:40:00+09:00,2.537609401701076e-05,0.0,0.9883720930232558,1
2026-07-07 09:41:00+09:00,2.109061002106871e-05,0.0,0.9764673311184939,1
2026-07-07 09:42:00+09:00,4.736720974099201e-06,0.0,0.9642857142857142,1
2026-07-07 09:43:00+09:00,-0.00042828119748466526,0.0,0.9529346622369879,1
2026-07-07 09:44:00+09:00,0.00012194018724961306,0.0,0.9764673311184939,1
2026-07-07 09:45:00+09:00,-0.00031067961287102846,0.0,0.9880952380952381,1
2026-07-07 09:46:00+09:00,2.9404743840983236e-05,0.0,0.9880952380952379,1
2026-07-07 09:47:00+09:00,0.0004077050155292751,0.0,0.9764673311184939,1
2026-07-07 09:48:00+09:00,-6.0020500146968516e-05,0.0,0.9764673311184939,1
2026-07-07 09:49:00+09:00,3.687339960109445e-05,0.0,0.9883720930232558,1
2026-07-07 09:50:00+09:00,-2.481251349347244e-05,0.0,0.9764673311184939,1
2026-07-07 09:51:00+09:00,0.0001725100915821914,0.0,0.9529346622369878,1
2026-07-07 09:52:00+09:00,-0.00038907568138334315,0.0,0.9413067552602435,1
2026-07-07 09:53:00+09:00,0.0003536770242500734,0.0,1.0,1
2026-07-07 09:54:00+09:00,-0.0002797212145290853,0.0,0.9177740863787375,1
2026-07-07 09:55:00+09:00,-0.0005764073843122016,0.0,0.9648394241417496,1
2026-07-07 09:56:00+09:00,-0.0002725793668400118,0.0,0.95265780730897,1
2026-07-07 09:57:00+09:00,-0.00038824459194365267,0.0,0.9767441860465116,1
2026-07-07 09:58:00+09:00,-4.086486835872331e-05,0.0,0.9645625692137318,1
2026-07-07 09:59:00+09:00,6.920333324585144e-06,0.0,0.9764673311184938,1
2026-07-07 10:00:00+09:00,7.478131632879971e-06,0.0,0.9880952380952381,1
2026-07-07 10:01:00+09:00,6.053000463966408e-06,0.0,0.9294019933554817,1
2026-07-07 10:02:00+09:00,-0.00033872636825910276,0.0,0.9651162790697674,1
2026-07-07 10:03:00+09:00,-0.00012868209875586872,0.0,0.9645625692137318,1
2026-07-07 10:04:00+09:00,-0.00011544821262819674,0.0,1.0,1
2026-07-07 10:05:00+09:00,-0.00015769743832733904,0.0,0.9529346622369878,1
2026-07-07 10:06:00+09:00,-1.791683923182848e-05,0.0,0.9648394241417496,1
2026-07-07 10:07:00+09:00,-0.0006231445514196264,0.0,0.9642857142857143,1
2026-07-07 10:08:00+09:00,0.00013803641815481464,0.0,1.0,1
2026-07-07 10:09:00+09:00,-0.00036347631160644453,0.0,0.9764673311184938,1
2026-07-07 10:10:00+09:00,0.00026745405392544286,0.0,0.9648394241417497,1
2026-07-07 10:11:00+09:00,0.0004015630072878889,0.0,1.0,1
2026-07-07 10:12:00+09:00,-0.00019996000870819367,0.0,0.9767441860465116,1
2026-07-07 10:13:00+09:00,-0.00012643187693018123,0.0,0.964562569213732,1
2026-07-07 10:14:00+09:00,0.00010967233298816733,0.0,0.9764673311184939,1
2026-07-07 10:15:00+09:00,-0.0006201862372643372,0.0,0.9645625692137318,1
2026-07-07 10:16:00+09:00,-0.0006497463402491242,0.0,0.9883720930232558,1
2026-07-07 10:17:00+09:00,5.945787770170292e-05,0.0,0.9761904761904762,1
2026-07-07 10:18:00+09:00,-0.00044467366833573666,0.0,0.9529346622369878,1
2026-07-07 10:19:00+09:00,-8.948002300213231e-05,0.0,0.964562569213732,1
2026-07-07 10:20:00+09:00,-0.00033381405703353614,0.0,0.9648394241417496,1
2026-07-07 10:21:00+09:00,-0.00010151798589562966,0.0,0.9642857142857143,1
2026-07-07 10:22:00+09:00,0.00013950816356377818,0.0,0.9880952380952381,1
2026-07-07 10:23:00+09:00,-0.0005250848743815271,0.0,0.9296788482834993,1
2026-07-07 10:24:00+09:00,0.00022944483233606054,0.0,0.9410299003322259,1
2026-07-07 10:25:00+09:00,0.00018684610935449161,0.0,0.9764673311184938,1
2026-07-07 10:26:00+09:00,-5.5880050306502155e-05,0.0,0.9413067552602435,1
2026-07-07 10:27:00+09:00,-7.603173751589195e-05,0.0,0.9999999999999999,1
2026-07-07 10:28:00+09:00,-0.0003209353037200016,0.0,0.9296788482834993,1
2026-07-07 10:29:00+09:00,-9.336638149889057e-06,0.0,0.9645625692137321,1
2026-07-07 10:30:00+09:00,0.00013181955751780447,0.0,0.9764673311184939,1
2026-07-07 10:31:00+09:00,0.0005548730811351577,0.0,0.9880952380952379,1
2026-07-07 10:32:00+09:00,0.0005157476682544865,0.0,0.9767441860465116,1
2026-07-07 10:33:00+09:00,-0.00041525663077151843,0.0,0.9642857142857143,1
2026-07-07 10:34:00+09:00,0.0004865068527061862,0.0,0.9648394241417497,1
2026-07-07 10:35:00+09:00,-0.00029689630984046535,0.0,0.976190476190476,1
2026-07-07 10:36:00+09:00,-0.00020210031310284593,0.0,0.9764673311184938,1
2026-07-07 10:37:00+09:00,0.00048756806496755897,0.0,0.9883720930232558,1
2026-07-07 10:38:00+09:00,9.057001322380106e-05,0.0,0.9764673311184938,1
2026-07-07 10:39:00+09:00,-0.00010923556954964835,0.0,0.9410299003322259,1
2026-07-07 10:40:00+09:00,-0.00018137820866217684,0.0,0.95265780730897,1
2026-07-07 10:41:00+09:00,-0.000137639440189796,0.0,0.9529346622369878,1
2026-07-07 10:42:00+09:00,0.000534105797496132,0.0,0.9413067552602437,1
2026-07-07 10:43:00+09:00,0.0004227718367943587,0.0,0.9410299003322259,1
2026-07-07 10:44:00+09:00,0.00014249763208131177,0.0,0.9651162790697674,1
2026-07-07 10:45:00+09:00,0.00020029643244625736,0.0,0.9526578073089701,1
2026-07-07 10:46:00+09:00,-0.00019845579878276473,0.0,0.9410299003322258,1
2026-07-07 10:47:00+09:00,-0.0003494313292068783,0.0,0.9413067552602435,1
2026-07-07 10:48:00+09:00,3.4701854687621023e-06,0.0,0.9648394241417497,1
2026-07-07 10:49:00+09:00,-0.00014949609259793712,0.0,0.9648394241417497,1
2026-07-07 10:50:00+09:00,-0.0004041929288304808,0.0,0.9296788482834994,1
2026-07-07 10:51:00+09:00,-0.00029228110114048317,0.0,0.9883720930232558,1
2026-07-07 10:52:00+09:00,-0.00029036203712741075,0.0,0.941029900332226,1
2026-07-07 10:53:00+09:00,-6.151120437760147e-05,0.0,0.9529346622369878,1
2026-07-07 10:54:00+09:00,-0.0006062476356900284,0.0,0.9410299003322259,1
2026-07-07 10:55:00+09:00,8.282756144157885e-06,0.0,0.976190476190476,1
2026-07-07 10:56:00+09:00,0.0003008396363811744,0.0,0.9294019933554817,1
2026-07-07 10:57:00+09:00,-0.0004926253610884234,0.0,0.9413067552602435,1
2026-07-07 10:58:00+09:00,-3.7452102543407366e-05,0.0,0.9880952380952379,1
2026-07-07 10:59:00+09:00,8.395253735775489e-05,0.0,0.95265780730897,1
2026-07-07 11:00:00+09:00,0.0002525720244367571,0.0,0.9880952380952381,1
2026-07-07 11:01:00+09:00,-0.00010383568228059515,0.0,0.9764673311184938,1
2026-07-07 11:02:00+09:00,0.0002105716468249461,0.0,0.9648394241417497,1
2026-07-07 11:03:00+09:00,8.90100167648812e-07,0.0,0.9534883720930233,1
2026-07-07 11:04:00+09:00,-7.548397170332517e-05,0.0,0.9177740863787376,1
2026-07-07 11:05:00+09:00,-7.607491303126434e-05,0.0,0.9294019933554818,1
2026-07-07 11:06:00+09:00,0.0004907216616545773,0.0,0.8828903654485049,1
2026-07-07 11:07:00+09:00,-5.5819296968113934e-05,0.0,0.964562569213732,1
2026-07-07 11:08:00+09:00,-0.00028278272770035785,0.0,0.9767441860465116,1
2026-07-07 11:09:00+09:00,1.9136584645210687e-05,0.0,0.9526578073089702,1
2026-07-07 11:10:00+09:00,-0.00029119034739275425,0.0,0.9407530454042081,1
2026-07-07 11:11:00+09:00,0.0003058014944245399,0.0,0.9296788482834993,1
2026-07-07 11:12:00+09:00,8.70130970414051e-05,0.0,0.9177740863787376,1
2026-07-07 11:13:00+09:00,-0.00015326883602907244,0.0,0.9415836101882613,1
2026-07-07 11:14:00+09:00,-0.00014129254548440667,0.0,0.9415836101882612,1
2026-07-07 11:15:00+09:00,-8.034194007327105e-05,0.0,0.9413067552602437,1
2026-07-07 11:16:00+09:00,-8.992470687021822e-05,0.0,0.9645625692137321,1
2026-07-07 11:17:00+09:00,-0.0002245033578767605,0.0,0.9413067552602435,1
2026-07-07 11:18:00+09:00,5.8450443015782395e-05,0.0,0.9883720930232558,1
2026-07-07 11:19:00+09:00,-3.836111936228517e-06,0.0,0.9294019933554817,1
2026-07-07 11:20:00+09:00,-0.00017953735482466651,0.0,0.9764673311184938,1
2026-07-07 11:21:00+09:00,9.441740675326491e-05,0.0,0.8942414174972315,1
2026-07-07 11:22:00+09:00,0.0001019835136956657,0.0,0.9532115171650055,1
2026-07-07 11:23:00+09:00,-0.0002934589356530286,0.0,0.964562569213732,1
2026-07-07 11:24:00+09:00,5.729869349318126e-05,0.0,0.9529346622369879,1
2026-07-07 11:25:00+09:00,0.0001990574294032809,0.0,0.9407530454042081,1
2026-07-07 11:26:00+09:00,-0.0004290926352468029,0.0,0.9764673311184938,1
2026-07-07 11:27:00+09:00,-9.739245812065843e-05,0.0,0.9642857142857143,1
2026-07-07 11:28:00+09:00,-6.979552431112799e-06,0.035437430786267994,0.9410299003322259,1
2026-07-07 11:29:00+09:00,-0.0001929125138427464,0.964562569213732,0.0,1
2026-07-07 11:30:00+09:00,0.0,0.0,0.0,1
2026-07-07 12:30:00+09:00,-0.0006124883286551949,1.0,0.9999999999999999,1
2026-07-07 12:31:00+09:00,0.0002731420391612822,0.0,1.0,1
2026-07-07 12:32:00+09:00,0.00015690580637108944,0.0,0.9764673311184939,1
2026-07-07 12:33:00+09:00,0.00015373864290342686,0.0,0.9883720930232558,1
2026-07-07 12:34:00+09:00,0.00011375527765315254,0.0,0.9764673311184939,1
2026-07-07 12:35:00+09:00,0.0003525593309841425,0.0,0.9883720930232558,1
2026-07-07 12:36:00+09:00,-0.0003726076335584441,0.0,0.9413067552602435,1
2026-07-07 12:37:00+09:00,-0.00012453805925116666,0.0,0.9529346622369878,1
2026-07-07 12:38:00+09:00,0.00015197061981168795,0.0,0.9648394241417496,1
2026-07-07 12:39:00+09:00,-0.0001147667247062067,0.0,0.988095238095238,1
2026-07-07 12:40:00+09:00,3.290259596621558e-05,0.0,1.0,1
2026-07-07 12:41:00+09:00,5.008631272972042e-05,0.0,0.9180509413067552,1
2026-07-07 12:42:00+09:00,-0.00010405527498717017,0.0,0.9648394241417497,1
2026-07-07 12:43:00+09:00,4.8692144826096835e-05,0.0,0.9413067552602437,1
2026-07-07 12:44:00+09:00,-0.0003004347004471932,0.0,0.9648394241417496,1
2026-07-07 12:45:00+09:00,-0.0001360507975929814,0.0,0.988095238095238,1
2026-07-07 12:46:00+09:00,2.6046164200173767e-05,0.0,1.0,1
2026-07-07 12:47:00+09:00,-0.0003514051552442383,0.0,0.9645625692137318,1
2026-07-07 12:48:00+09:00,0.00013689425894924611,0.0,1.0,1
2026-07-07 12:49:00+09:00,3.1880784666996175e-06,0.0,0.9761904761904762,1
2026-07-07 12:50:00+09:00,0.00012837303799859248,0.0,0.9880952380952381,1
2026-07-07 12:51:00+09:00,4.25496815474756e-05,0.0,0.9764673311184939,1
2026-07-07 12:52:00+09:00,-0.00032571264140925104,0.0,0.964562569213732,1
2026-07-07 12:53:00+09:00,-0.00013419596517965371,0.0,0.9883720930232558,1
2026-07-07 12:54:00+09:00,-0.0003820010107485196,0.0,0.9523809523809523,1
2026-07-07 12:55:00+09:00,3.137353481161844e-05,0.0,0.988095238095238,1
2026-07-07 12:56:00+09:00,0.0003609803816866569,0.0,0.9413067552602435,1
2026-07-07 12:57:00+09:00,7.368108139980632e-05,0.0,0.9883720930232558,1
2026-07-07 12:58:00+09:00,1.5457886726846302e-05,0.0,0.9651162790697674,1
2026-07-07 12:59:00+09:00,3.773400638050328e-05,0.0,0.9648394241417497,1
2026-07-07 13:00:00+09:00,-5.645400801208705e-05,0.0,0.9883720930232558,1
2026-07-07 13:01:00+09:00,-1.040533651794302e-05,0.0,0.9529346622369878,1
2026-07-07 13:02:00+09:00,8.025889556949247e-05,0.0,0.9764673311184938,1
2026-07-07 13:03:00+09:00,1.4306318913790566e-05,0.0,0.9529346622369878,1
2026-07-07 13:04:00+09:00,0.0001373174197652413,0.0,0.9883720930232558,1
2026-07-07 13:05:00+09:00,-8.796109837142486e-05,0.0,0.9645625692137318,1
2026-07-07 13:06:00+09:00,-4.531839543152101e-05,0.0,0.9526578073089702,1
2026-07-07 13:07:00+09:00,-0.0001397486349398322,0.0,0.9645625692137321,1
2026-07-07 13:08:00+09:00,-0.00031506873304678126,0.0,0.9648394241417496,1
2026-07-07 13:09:00+09:00,-1.5861124956055268e-05,0.0,1.0,1
2026-07-07 13:10:00+09:00,-1.8963346905073933e-05,0.0,0.9642857142857143,1
2026-07-07 13:11:00+09:00,-0.00016908402040637202,0.0,0.9883720930232558,1
2026-07-07 13:12:00+09:00,-1.012555302755191e-05,0.0,0.9410299003322259,1
2026-07-07 13:13:00+09:00,-0.00015019536832858272,0.0,0.95265780730897,1
2026-07-07 13:14:00+09:00,-0.00029859518786819075,0.0,0.9294019933554817,1
2026-07-07 13:15:00+09:00,-0.00013545368096763553,0.0,0.9767441860465116,1
2026-07-07 13:16:00+09:00,-0.00019738854943131306,0.0,0.964562569213732,1
2026-07-07 13:17:00+09:00,-0.00017549147888706193,0.0,0.9764673311184939,1
2026-07-07 13:18:00+09:00,0.0002953472333342029,0.0,0.9645625692137321,1
2026-07-07 13:19:00+09:00,1.574494994059558e-05,0.0,0.9407530454042081,1
2026-07-07 13:20:00+09:00,0.0001746493790538088,0.0,0.9413067552602435,1
2026-07-07 13:21:00+09:00,-0.000252033513490324,0.0,0.9529346622369878,1
2026-07-07 13:22:00+09:00,-9.384446967368199e-05,0.0,0.9410299003322258,1
2026-07-07 13:23:00+09:00,4.293947366393575e-05,0.0,0.9648394241417497,1
2026-07-07 13:24:00+09:00,-0.00011212194952015215,0.0,0.9883720930232558,1
2026-07-07 13:25:00+09:00,6.689075533645197e-05,0.0,0.9526578073089701,1
2026-07-07 13:26:00+09:00,4.575798046502776e-05,0.0,0.9761904761904762,1
2026-07-07 13:27:00+09:00,4.796182363846973e-05,0.0,0.9058693244739757,1
2026-07-07 13:28:00+09:00,-0.00019278244920243982,0.0,0.9883720930232558,1
2026-07-07 13:29:00+09:00,-0.00015100602155754305,0.0,0.9764673311184939,1
2026-07-07 13:30:00+09:00,0.00038115279068382256,0.0,0.9651162790697674,1
2026-07-07 13:31:00+09:00,-7.076383527978092e-05,0.0,0.9880952380952381,1
2026-07-07 13:32:00+09:00,8.16915450431454e-06,0.0,0.964562569213732,1
2026-07-07 13:33:00+09:00,2.0714826105339563e-05,0.0,0.8831672203765226,1
2026-07-07 13:34:00+09:00,6.758811774208793e-05,0.0,0.9413067552602435,1
2026-07-07 13:35:00+09:00,-8.626125536197356e-05,0.0,0.9648394241417497,1
2026-07-07 13:36:00+09:00,1.3605858467073398e-05,0.0,0.9645625692137321,1
2026-07-07 13:37:00+09:00,-5.267789673311501e-05,0.0,0.9413067552602435,1
2026-07-07 13:38:00+09:00,-2.677984432903607e-05,0.0,0.9529346622369879,1
2026-07-07 13:39:00+09:00,-7.126603633896893e-05,0.0,0.917220376522702,1
2026-07-07 13:40:00+09:00,0.00016808282801177553,0.0,0.95265780730897,1
2026-07-07 13:41:00+09:00,-2.2011246296749715e-05,0.0,0.9296788482834994,1
2026-07-07 13:42:00+09:00,3.2092642193101706e-05,0.0,0.9764673311184938,1
2026-07-07 13:43:00+09:00,-0.00015108195104576266,0.0,0.9410299003322259,1
2026-07-07 13:44:00+09:00,-0.00014825153319959568,0.0,0.9410299003322259,1
2026-07-07 13:45:00+09:00,-0.0002562581454459824,0.0,0.964562569213732,1
2026-07-07 13:46:00+09:00,2.728508811287303e-05,0.0,0.9523809523809523,1
2026-07-07 13:47:00+09:00,4.989286237443585e-05,0.0,0.9288482834994463,1
2026-07-07 13:48:00+09:00,-7.829639879568317e-05,0.0,0.9410299003322259,1
2026-07-07 13:49:00+09:00,-0.00018811519088463013,0.0,0.9532115171650055,1
2026-07-07 13:50:00+09:00,0.000135146120747306,0.0,0.964562569213732,1
2026-07-07 13:51:00+09:00,-4.3782274742098946e-05,0.0,0.9526578073089701,1
2026-07-07 13:52:00+09:00,-7.908525606023892e-05,0.0,0.9413067552602437,1
2026-07-07 13:53:00+09:00,-0.000200467356932149,0.0,0.9299557032115172,1
2026-07-07 13:54:00+09:00,0.00015910635759615704,0.0,0.9645625692137321,1
2026-07-07 13:55:00+09:00,2.6929253727022363e-05,0.0,0.9294019933554817,1
2026-07-07 13:56:00+09:00,-2.6293406417891885e-05,0.0,0.9413067552602435,1
2026-07-07 13:57:00+09:00,9.191785307394739e-05,0.0,0.9296788482834994,1
2026-07-07 13:58:00+09:00,-5.9269014244745857e-05,0.0,0.9651162790697674,1
2026-07-07 13:59:00+09:00,-0.00029479679842791043,0.0,0.9645625692137321,1
2026-07-07 14:00:00+09:00,-0.00019093180833222348,0.0,0.9764673311184938,1
2026-07-07 14:01:00+09:00,0.00011486108412650826,0.0,0.9767441860465116,1
2026-07-07 14:02:00+09:00,-5.982929604933263e-05,0.0,0.9645625692137318,1
2026-07-07 14:03:00+09:00,-0.000323390119602791,0.0,0.9058693244739755,1
2026-07-07 14:04:00+09:00,-0.0002363909134136099,0.0,0.9648394241417497,1
2026-07-07 14:05:00+09:00,-0.00018855315192516233,0.0,0.9642857142857143,1
2026-07-07 14:06:00+09:00,9.109127202533623e-05,0.0,0.9764673311184938,1
2026-07-07 14:07:00+09:00,-2.332379730243438e-05,0.0,0.9767441860465116,1
2026-07-07 14:08:00+09:00,3.9232299741804287e-07,0.0,0.9532115171650054,1
2026-07-07 14:09:00+09:00,3.810044597274868e-05,0.0,0.9648394241417496,1
2026-07-07 14:10:00+09:00,0.00015087665061791017,0.0,0.9296788482834993,1
2026-07-07 14:11:00+09:00,8.954619411263433e-06,0.0,0.9291251384274639,1
2026-07-07 14:12:00+09:00,6.50334658751545e-07,0.0,0.964562569213732,1
2026-07-07 14:13:00+09:00,-0.0001405901542711578,0.0,0.9532115171650055,1
2026-07-07 14:14:00+09:00,-0.0002797229157950997,0.0,0.9645625692137321,1
2026-07-07 14:15:00+09:00,6.077517280216263e-05,0.0,0.9880952380952381,1
2026-07-07 14:16:00+09:00,0.00015636855574603027,0.0,0.976190476190476,1
2026-07-07 14:17:00+09:00,0.00035209475127669196,0.0,0.9645625692137321,1
2026-07-07 14:18:00+09:00,0.000194748446174704,0.0,0.9761904761904763,1
2026-07-07 14:19:00+09:00,-0.00012774888996753395,0.0,0.9764673311184939,1
2026-07-07 14:20:00+09:00,9.5066614275518e-05,0.0,0.9645625692137321,1
2026-07-07 14:21:00+09:00,0.00048618537409281774,0.0,0.964562569213732,1
2026-07-07 14:22:00+09:00,-0.00019115813104789836,0.0,0.988095238095238,1
2026-07-07 14:23:00+09:00,-0.00041285232791589166,0.0,0.9761904761904762,1
2026-07-07 14:24:00+09:00,-0.0004578692288247256,0.0,0.9883720930232558,1
2026-07-07 14:25:00+09:00,3.0625909115138194e-06,0.0,0.9883720930232558,1
2026-07-07 14:26:00+09:00,-0.0001465926911710214,0.0,0.9883720930232558,1
2026-07-07 14:27:00+09:00,6.400717950375814e-05,0.0,0.9413067552602435,1
2026-07-07 14:28:00+09:00,0.0004372734105906228,0.0,0.9413067552602435,1
2026-07-07 14:29:00+09:00,0.0002841130896457966,0.0,0.988095238095238,1
2026-07-07 14:30:00+09:00,1.1719142957689376e-05,0.0,0.9767441860465116,1
2026-07-07 14:31:00+09:00,-0.00013716492182516774,0.0,0.9645625692137318,1
2026-07-07 14:32:00+09:00,-0.000162793142404917,0.0,0.9413067552602437,1
2026-07-07 14:33:00+09:00,-1.7975246817260823e-05,0.0,0.9529346622369878,1
2026-07-07 14:34:00+09:00,0.0003132812592539021,0.0,0.9296788482834993,1
2026-07-07 14:35:00+09:00,4.272686245431407e-05,0.0,0.9764673311184939,1
2026-07-07 14:36:00+09:00,-1.3731769126952022e-05,0.0,0.9291251384274639,1
2026-07-07 14:37:00+09:00,5.3258326792624784e-05,0.0,0.9883720930232558,1
2026-07-07 14:38:00+09:00,0.00013217015295108718,0.0,0.9764673311184938,1
2026-07-07 14:39:00+09:00,-0.00015043826238456167,0.0,0.9410299003322258,1
2026-07-07 14:40:00+09:00,0.0001454605961710407,0.0,0.9413067552602437,1
2026-07-07 14:41:00+09:00,9.094105830410897e-05,0.0,0.9764673311184938,1
2026-07-07 14:42:00+09:00,0.0001116844371911954,0.0,0.9883720930232558,1
2026-07-07 14:43:00+09:00,-0.00013865298092842387,0.0,0.9526578073089701,1
2026-07-07 14:44:00+09:00,0.00022374490338009805,0.0,0.9764673311184939,1
2026-07-07 14:45:00+09:00,-6.751608850124427e-05,0.0,0.9529346622369878,1
2026-07-07 14:46:00+09:00,-8.987933220865022e-05,0.0,0.9648394241417496,1
2026-07-07 14:47:00+09:00,-0.00023756104654496267,0.0,0.964562569213732,1
2026-07-07 14:48:00+09:00,-0.00011157172106897277,0.0,0.9648394241417497,1
2026-07-07 14:49:00+09:00,0.0001424529907922347,0.0,0.9294019933554818,1
2026-07-07 14:50:00+09:00,0.0002929085629662782,0.0,0.988095238095238,1
2026-07-07 14:51:00+09:00,-8.566096749639684e-05,0.0,0.9410299003322259,1
2026-07-07 14:52:00+09:00,1.6476597621436041e-06,0.0,0.9529346622369876,1
2026-07-07 14:53:00+09:00,7.217924674555085e-05,0.0,0.9177740863787376,1
2026-07-07 14:54:00+09:00,0.00040712264112140114,0.0,0.9642857142857142,1
2026-07-07 14:55:00+09:00,0.0003288065389780136,0.0,0.9645625692137321,1
2026-07-07 14:56:00+09:00,-0.0003857794254042012,0.0,0.988095238095238,1
2026-07-07 14:57:00+09:00,-0.0002411844913547963,0.0,0.9767441860465116,1
2026-07-07 14:58:00+09:00,4.9264200315960455e-05,0.0,0.9648394241417497,1
2026-07-07 14:59:00+09:00,0.0002552535532293886,0.0,0.9648394241417496,1
2026-07-07 15:00:00+09:00,0.0002025980206607707,0.0,0.9767441860465116,1
2026-07-07 15:01:00+09:00,-0.00025672693661953164,0.0,0.9648394241417497,1
2026-07-07 15:02:00+09:00,-0.00046543417951287335,0.0,0.9764673311184938,1
2026-07-07 15:03:00+09:00,-0.0002037789155139811,0.0,0.9296788482834993,1
2026-07-07 15:04:00+09:00,-5.4646811147949954e-05,0.0,0.9642857142857143,1
2026-07-07 15:05:00+09:00,2.88960464389748e-06,0.0,0.9645625692137321,1
2026-07-07 15:06:00+09:00,-0.00015177079539924245,0.0,0.9648394241417496,1
2026-07-07 15:07:00+09:00,0.00011874928020934533,0.0,0.9764673311184939,1
2026-07-07 15:08:00+09:00,-0.0002241864281185848,0.0,0.9883720930232558,1
2026-07-07 15:09:00+09:00,-0.00012243795010496766,0.0,0.9761904761904762,1
2026-07-07 15:10:00+09:00,-0.00026627419930752864,0.0,0.9883720930232557,1
2026-07-07 15:11:00+09:00,0.00015637410550240415,0.0,0.9648394241417497,1
2026-07-07 15:12:00+09:00,9.473642006926958e-05,0.0,0.988095238095238,1
2026-07-07 15:13:00+09:00,0.00018357144925420637,0.0,0.9883720930232558,1
2026-07-07 15:14:00+09:00,-0.0003827522127303293,1.9066568457102566,1.0,1
2026-07-07 15:15:00+09:00,4.7473115560734475e-05,0.0,0.93086298506711,1
2026-07-07 15:16:00+09:00,6.0737150329413493e-05,0.0,0.9390597063785854,1
2026-07-07 15:17:00+09:00,3.518284776988336e-05,0.0,0.8986049205509808,1
2026-07-07 15:18:00+09:00,-8.687451289840598e-05,0.0,0.8704389212057113,1
2026-07-07 15:19:00+09:00,-0.00020627607071610664,0.0,0.9311273954319963,1
2026-07-07 15:20:00+09:00,-1.1576283150001983e-06,0.0,0.9227984689380776,1
2026-07-07 15:21:00+09:00,-0.0001952568061473084,0.0,0.987579008335222,1
2026-07-07 15:22:00+09:00,0.00020886397582516185,0.0,0.9148661579914886,1
2026-07-07 15:23:00+09:00,0.0001391938986972535,0.016129032258064516,0.9551887386366499,1
2026-07-07 15:24:00+09:00,-0.00019915514592933948,0.9957757296466974,0.0,1
2026-07-07 15:30:00+09:00,0.0,0.0,0.0,1
2026-07-08 09:00:00+09:00,0.0,0.0,0.0,1
2026-07-08 09:01:00+09:00,0.0,0.0,0.0,1
2026-07-08 09:02:00+09:00,0.0,0.0,0.0,1
2026-07-08 09:03:00+09:00,0.0,0.0,0.0,1
2026-07-08 09:04:00+09:00,0.0,0.0,0.0,1
2026-07-08 09:05:00+09:00,0.0,0.0,0.0,1
2026-07-08 09:06:00+09:00,0.0,0.0,0.0,1
2026-07-08 09:07:00+09:00,0.0,0.0,0.0,1
2026-07-08 09:08:00+09:00,0.0,0.0,0.0,1
2026-07-08 09:09:00+09:00,0.0,0.0,0.0,1
2026-07-08 09:10:00+09:00,0.0,0.0,0.0,1
2026-07-08 09:11:00+09:00,0.0,0.0,0.0,1
2026-07-08 09:12:00+09:00,0.0,0.0,0.0,1
2026-07-08 09:13:00+09:00,0.0,0.0,0.0,1
2026-07-08 09:14:00+09:00,0.0,0.0,0.0,1
2026-07-08 09:15:00+09:00,-0.0002485207676283092,1.0,1.0,1
2026-07-08 09:16:00+09:00,-6.222205370215985e-05,0.0,1.0,1
2026-07-08 09:17:00+09:00,-4.459562551579879e-05,0.0,0.9875,1
2026-07-08 09:18:00+09:00,-0.00047032989783258857,0.0,1.0,1
2026-07-08 09:19:00+09:00,-0.00032409685641245013,0.0,0.963109756097561,1
2026-07-08 09:20:00+09:00,1.5155017900710716e-05,0.0,0.9875,1
2026-07-08 09:21:00+09:00,0.00018553765168876537,0.0,0.9878048780487805,1
2026-07-08 09:22:00+09:00,-0.00010613160258087068,0.0,0.9878048780487806,1
2026-07-08 09:23:00+09:00,1.3130000493815427e-05,0.0,0.9753048780487806,1
2026-07-08 09:24:00+09:00,0.0001324453855153806,0.0,0.9756097560975611,1
2026-07-08 09:25:00+09:00,8.412128883701931e-05,0.0,0.9875,1
2026-07-08 09:26:00+09:00,0.00018070119354117014,0.0,0.9634146341463415,1
2026-07-08 09:27:00+09:00,-0.00011223107420396722,0.0,0.9753048780487805,1
2026-07-08 09:28:00+09:00,0.0004713723880642083,0.0,0.9753048780487805,1
2026-07-08 09:29:00+09:00,0.00017635104559155418,0.0,0.9509146341463415,1
2026-07-08 09:30:00+09:00,-0.0003181442712436018,0.0,0.9878048780487805,1
2026-07-08 09:31:00+09:00,-7.994868431978033e-05,0.0,0.9634146341463414,1
2026-07-08 09:32:00+09:00,-0.00037148571905954575,0.0,0.9878048780487806,1
2026-07-08 09:33:00+09:00,0.0002877135011609755,0.0,0.9753048780487806,1
2026-07-08 09:34:00+09:00,-0.00017601301019826404,0.0,0.9390243902439025,1
2026-07-08 09:35:00+09:00,0.0002481964006000723,0.0,1.0,1
2026-07-08 09:36:00+09:00,-0.00032425623821641386,0.0,0.9634146341463414,1
2026-07-08 09:37:00+09:00,0.00014285183189577464,0.0,0.9634146341463415,1
2026-07-08 09:38:00+09:00,0.00025136461836242535,0.0,0.950609756097561,1
2026-07-08 09:39:00+09:00,5.98213577920499e-07,0.0,0.963109756097561,1
2026-07-08 09:40:00+09:00,-0.0001160374170641236,0.0,0.9634146341463414,1
2026-07-08 09:41:00+09:00,0.00012451849278779983,0.0,0.9753048780487805,1
2026-07-08 09:42:00+09:00,0.0003948620568905285,0.0,0.9509146341463416,1
2026-07-08 09:43:00+09:00,2.291232695610673e-05,0.0,0.9750000000000001,1
2026-07-08 09:44:00+09:00,-2.236152251143736e-05,0.0,0.9146341463414634,1
2026-07-08 09:45:00+09:00,0.00025871272514048837,0.0,0.9878048780487806,1
2026-07-08 09:46:00+09:00,8.239992683827085e-05,0.0,0.951219512195122,1
2026-07-08 09:47:00+09:00,-7.363636287816271e-05,0.0,0.9875,1
2026-07-08 09:48:00+09:00,0.00021088760695711577,0.0,0.9634146341463415,1
2026-07-08 09:49:00+09:00,0.00020899827879639605,0.0,0.9384146341463415,1
2026-07-08 09:50:00+09:00,0.00011344182600518007,0.0,0.9625000000000001,1
2026-07-08 09:51:00+09:00,-6.625470200698728e-05,0.0,0.9381097560975611,1
2026-07-08 09:52:00+09:00,3.206369755678978e-05,0.0,0.9756097560975611,1
2026-07-08 09:53:00+09:00,-0.0003279178140595584,0.0,0.9634146341463415,1
2026-07-08 09:54:00+09:00,0.0003278526920263335,0.0,0.9631097560975611,1
2026-07-08 09:55:00+09:00,0.00028459446530085676,0.0,0.9634146341463415,1
2026-07-08 09:56:00+09:00,-0.0002521635868355947,0.0,0.9628048780487806,1
2026-07-08 09:57:00+09:00,-0.00015154916014283336,0.0,0.9265243902439025,1
2026-07-08 09:58:00+09:00,8.687572052532194e-05,0.0,0.938719512195122,1
2026-07-08 09:59:00+09:00,-0.00011243720692504549,0.0,0.9509146341463416,1
2026-07-08 10:00:00+09:00,3.978158405266728e-06,0.0,0.9753048780487805,1
2026-07-08 10:01:00+09:00,-0.0002853622353031258,0.0,0.9634146341463415,1
2026-07-08 10:02:00+09:00,-0.00013642513942195504,0.0,0.9628048780487806,1
2026-07-08 10:03:00+09:00,-7.318083487146675e-05,0.0,0.9509146341463415,1
2026-07-08 10:04:00+09:00,0.000143033196671308,0.0,0.926219512195122,1
2026-07-08 10:05:00+09:00,-0.00020819378277472334,0.0,0.9503048780487806,1
2026-07-08 10:06:00+09:00,6.041753852101674e-05,0.0,0.9631097560975611,1
2026-07-08 10:07:00+09:00,0.00012488578807228523,0.0,0.951219512195122,1
2026-07-08 10:08:00+09:00,0.0001325627304678394,0.0,0.9625000000000001,1
2026-07-08 10:09:00+09:00,4.26120104527227e-06,0.0,0.914329268292683,1
2026-07-08 10:10:00+09:00,-0.00010225673905212834,0.0,0.9753048780487805,1
2026-07-08 10:11:00+09:00,7.975292413975796e-05,0.0,0.926219512195122,1
2026-07-08 10:12:00+09:00,-3.840263033868014e-05,0.0,0.9140243902439025,1
2026-07-08 10:13:00+09:00,-0.00019989545283899675,0.0,0.926219512195122,1
2026-07-08 10:14:00+09:00,1.6265408436249714e-05,0.0,0.9265243902439025,1
2026-07-08 10:15:00+09:00,-7.491047648918941e-05,0.0,0.9390243902439025,1
2026-07-08 10:16:00+09:00,0.000195530068420572,0.0,0.950609756097561,1
2026-07-08 10:17:00+09:00,3.921492834108044e-06,0.0,0.9140243902439025,1
2026-07-08 10:18:00+09:00,-2.0072563663841832e-05,0.0,0.8890243902439026,1
2026-07-08 10:19:00+09:00,-1.7712671218453234e-05,0.0,0.9509146341463415,1
2026-07-08 10:20:00+09:00,2.543615678056107e-05,0.0,0.950609756097561,1
2026-07-08 10:21:00+09:00,-0.0001834340516873738,0.0,0.9134146341463415,1
2026-07-08 10:22:00+09:00,-0.0003593542738871978,0.0,0.8887195121951221,1
2026-07-08 10:23:00+09:00,-0.0001290117235227973,0.0,0.963109756097561,1
2026-07-08 10:24:00+09:00,0.0002900473595546474,0.0,0.9140243902439025,1
2026-07-08 10:25:00+09:00,0.0001096220399040086,0.0,0.8890243902439025,1
2026-07-08 10:26:00+09:00,-0.00021809783346252086,0.0,0.9509146341463415,1
2026-07-08 10:27:00+09:00,-0.0003198015076065548,0.0,0.975609756097561,1
2026-07-08 10:28:00+09:00,6.787104213751055e-05,0.0,0.9631097560975611,1
2026-07-08 10:29:00+09:00,-0.00015896287847653128,0.0,0.9634146341463415,1
2026-07-08 10:30:00+09:00,0.00012922550608531394,0.0,0.9265243902439025,1
2026-07-08 10:31:00+09:00,-6.188342041350471e-05,0.0,0.913719512195122,1
2026-07-08 10:32:00+09:00,-0.0004573810792626384,0.0,0.9015243902439025,1
2026-07-08 10:33:00+09:00,0.00021655288369607962,0.0,0.9878048780487806,1
2026-07-08 10:34:00+09:00,4.541489637723362e-05,0.0,0.975609756097561,1
2026-07-08 10:35:00+09:00,-9.354050983509164e-05,0.0,0.9753048780487805,1
2026-07-08 10:36:00+09:00,-0.00044981015386778346,0.0,0.9134146341463416,1
2026-07-08 10:37:00+09:00,-0.000377448600505649,0.0,0.938719512195122,1
2026-07-08 10:38:00+09:00,0.0001330143125992342,0.0,0.926219512195122,1
2026-07-08 10:39:00+09:00,0.0001041990490095228,0.0,0.9631097560975611,1
2026-07-08 10:40:00+09:00,-0.00013700329362631523,0.0,0.9265243902439024,1
2026-07-08 10:41:00+09:00,0.00013306322666676128,0.0,0.9756097560975611,1
2026-07-08 10:42:00+09:00,-7.636953918121e-05,0.0,0.9265243902439024,1
2026-07-08 10:43:00+09:00,0.00016470080551967724,0.0,0.9259146341463416,1
2026-07-08 10:44:00+09:00,0.000448193295029702,0.0,0.9634146341463415,1
2026-07-08 10:45:00+09:00,3.183327200878482e-05,0.0,0.9503048780487806,1
2026-07-08 10:46:00+09:00,0.00015758445310775786,0.0,0.913719512195122,1
2026-07-08 10:47:00+09:00,-0.00024392276754808698,0.0,0.9753048780487805,1
2026-07-08 10:48:00+09:00,6.473670303360217e-05,0.0,0.9012195121951221,1
2026-07-08 10:49:00+09:00,-0.00018316294160534215,0.0,0.9634146341463414,1
2026-07-08 10:50:00+09:00,-0.0001679814462664447,0.0,0.9009146341463415,1
2026-07-08 10:51:00+09:00,-0.00010879885647569131,0.0,0.9387195121951221,1
2026-07-08 10:52:00+09:00,-0.000318437769405958,0.0,0.9265243902439024,1
2026-07-08 10:53:00+09:00,-0.0001331062554172539,0.0,0.951219512195122,1
2026-07-08 10:54:00+09:00,4.773350760662118e-05,0.0,0.938719512195122,1
2026-07-08 10:55:00+09:00,-0.0002193564935330362,0.0,0.8896341463414634,1
2026-07-08 10:56:00+09:00,8.85234394078524e-05,0.0,0.9753048780487805,1
2026-07-08 10:57:00+09:00,-6.840330451233783e-05,0.0,0.8777439024390244,1
2026-07-08 10:58:00+09:00,-4.401547091890785e-05,0.0,0.9756097560975611,1
2026-07-08 10:59:00+09:00,6.53127124135342e-05,0.0,0.9634146341463415,1
2026-07-08 11:00:00+09:00,-1.1068602917646714e-05,0.0,0.9378048780487807,1
2026-07-08 11:01:00+09:00,-0.0001697745933570186,0.0,0.9265243902439024,1
2026-07-08 11:02:00+09:00,-2.1042825362868775e-05,0.0,0.9265243902439024,1
2026-07-08 11:03:00+09:00,-5.883708273319738e-05,0.0,0.951219512195122,1
2026-07-08 11:04:00+09:00,5.22699359329583e-05,0.0,0.8771341463414635,1
2026-07-08 11:05:00+09:00,7.434194474411559e-05,0.0,0.9512195121951221,1
2026-07-08 11:06:00+09:00,0.00016049068900456537,0.0,0.901829268292683,1
2026-07-08 11:07:00+09:00,-0.0001508246123885837,0.0,0.963109756097561,1
2026-07-08 11:08:00+09:00,2.3619470176928185e-05,0.0,0.950609756097561,1
2026-07-08 11:09:00+09:00,2.274806348583157e-05,0.0,0.9753048780487805,1
2026-07-08 11:10:00+09:00,-4.5545071402965583e-05,0.0,0.9381097560975611,1
2026-07-08 11:11:00+09:00,-1.0473263660090684e-05,0.0,0.889329268292683,1
2026-07-08 11:12:00+09:00,-7.701704965353817e-05,0.0,0.9634146341463415,1
2026-07-08 11:13:00+09:00,-0.00024579751873767366,0.0,0.9384146341463415,1
2026-07-08 11:14:00+09:00,0.00025068141126180477,0.0,0.963109756097561,1
2026-07-08 11:15:00+09:00,-6.070760510025683e-05,0.0,0.9756097560975611,1
2026-07-08 11:16:00+09:00,0.00013063109104554098,0.0,0.9384146341463415,1
2026-07-08 11:17:00+09:00,8.405303991316232e-05,0.0,0.8896341463414634,1
2026-07-08 11:18:00+09:00,0.0001648216880714771,0.0,0.9384146341463415,1
2026-07-08 11:19:00+09:00,1.786614953466351e-05,0.0,0.9387195121951221,1
2026-07-08 11:20:00+09:00,5.6364483443211507e-05,0.0,0.9146341463414634,1
2026-07-08 11:21:00+09:00,0.00023253893827361347,0.0,0.9390243902439026,1
2026-07-08 11:22:00+09:00,8.232486306162775e-05,0.0,0.9140243902439025,1
2026-07-08 11:23:00+09:00,-2.831484363787248e-05,0.0,0.9384146341463415,1
2026-07-08 11:24:00+09:00,0.00017179289152466058,0.0,0.9628048780487806,1
2026-07-08 11:25:00+09:00,-0.00013401540045667763,0.0,0.9265243902439025,1
2026-07-08 11:26:00+09:00,0.00014497516953168823,0.0,0.938719512195122,1
2026-07-08 11:27:00+09:00,-8.998301648826797e-05,0.0,0.9143292682926829,1
2026-07-08 11:28:00+09:00,-9.176256283721086e-05,0.012195121951219513,0.9012195121951221,1
2026-07-08 11:29:00+09:00,-0.00019756097560975612,0.9878048780487805,0.0,1
2026-07-08 11:30:00+09:00,0.0,0.0,0.0,1
2026-07-08 12:30:00+09:00,-0.0004720910984906651,1.0,1.0,1
2026-07-08 12:31:00+09:00,-0.00019110221582541254,0.0,1.0,1
2026-07-08 12:32:00+09:00,-8.039650668510417e-05,0.0,0.9878048780487806,1
2026-07-08 12:33:00+09:00,-0.00027505851965401546,0.0,0.9509146341463415,1
2026-07-08 12:34:00+09:00,0.0001833090165958386,0.0,0.963109756097561,1
2026-07-08 12:35:00+09:00,8.669927147750853e-05,0.0,0.9509146341463415,1
2026-07-08 12:36:00+09:00,-0.00011174258952842123,0.0,0.938109756097561,1
2026-07-08 12:37:00+09:00,1.3761877934136039e-05,0.0,0.950609756097561,1
2026-07-08 12:38:00+09:00,-0.00019278564361214305,0.0,0.9878048780487806,1
2026-07-08 12:39:00+09:00,-0.0001793058435104893,0.0,0.9634146341463415,1
2026-07-08 12:40:00+09:00,0.00011530539282812201,0.0,0.9381097560975611,1
2026-07-08 12:41:00+09:00,-1.9014838055619517e-05,0.0,0.950609756097561,1
2026-07-08 12:42:00+09:00,5.158181687868715e-05,0.0,0.914329268292683,1
2026-07-08 12:43:00+09:00,7.363055384375504e-05,0.0,0.9509146341463415,1
2026-07-08 12:44:00+09:00,-4.163820926075272e-06,0.0,0.9146341463414636,1
2026-07-08 12:45:00+09:00,-0.00018371376326550699,0.0,0.9381097560975611,1
2026-07-08 12:46:00+09:00,-0.00012601296194559956,0.0,0.9509146341463415,1
2026-07-08 12:47:00+09:00,6.600522429600437e-05,0.0,0.9753048780487806,1
2026-07-08 12:48:00+09:00,4.4391556416402024e-05,0.0,0.8646341463414635,1
2026-07-08 12:49:00+09:00,-7.567104670677057e-05,0.0,0.926219512195122,1
2026-07-08 12:50:00+09:00,-8.664297654157196e-05,0.0,0.9509146341463415,1
2026-07-08 12:51:00+09:00,5.8390949223576465e-05,0.0,0.9387195121951221,1
2026-07-08 12:52:00+09:00,8.795445078583674e-05,0.0,0.877439024390244,1
2026-07-08 12:53:00+09:00,-3.609240981775605e-05,0.0,0.9265243902439025,1
2026-07-08 12:54:00+09:00,-0.00012095434248261983,0.0,0.9021341463414635,1
2026-07-08 12:55:00+09:00,0.000155576232591247,0.0,0.9509146341463415,1
2026-07-08 12:56:00+09:00,-1.0712489819504547e-05,0.0,0.901829268292683,1
2026-07-08 12:57:00+09:00,-0.0001795768357480548,0.0,0.864939024390244,1
2026-07-08 12:58:00+09:00,-7.075643916857185e-06,0.0,0.938719512195122,1
2026-07-08 12:59:00+09:00,0.00011662849719788744,0.0,0.9753048780487805,1
2026-07-08 13:00:00+09:00,-4.2783841300759804e-05,0.0,0.9750000000000001,1
2026-07-08 13:01:00+09:00,9.037506668102289e-05,0.0,0.938719512195122,1
2026-07-08 13:02:00+09:00,-5.363268739111049e-05,0.0,0.951219512195122,1
2026-07-08 13:03:00+09:00,0.00011324518661619467,0.0,0.9143292682926829,1
2026-07-08 13:04:00+09:00,-0.00013268243497939827,0.0,0.853048780487805,1
2026-07-08 13:05:00+09:00,-9.227820208036214e-05,0.0,0.9390243902439026,1
2026-07-08 13:06:00+09:00,9.015111698700649e-05,0.0,0.926219512195122,1
2026-07-08 13:07:00+09:00,-8.875666540397248e-05,0.0,0.913719512195122,1
2026-07-08 13:08:00+09:00,-5.712982392628674e-05,0.0,0.901829268292683,1
2026-07-08 13:09:00+09:00,7.315110030000365e-05,0.0,0.9384146341463415,1
2026-07-08 13:10:00+09:00,-0.00010481661131829368,0.0,0.9381097560975611,1
2026-07-08 13:11:00+09:00,0.0001723485739908883,0.0,0.9390243902439026,1
2026-07-08 13:12:00+09:00,0.00015419558025411059,0.0,0.9625000000000001,1
2026-07-08 13:13:00+09:00,-0.00012141056851495846,0.0,0.9012195121951221,1
2026-07-08 13:14:00+09:00,0.00017085716014186318,0.0,0.889329268292683,1
2026-07-08 13:15:00+09:00,-7.985437454306797e-05,0.0,0.9134146341463416,1
2026-07-08 13:16:00+09:00,-5.026695254539273e-05,0.0,0.8777439024390246,1
2026-07-08 13:17:00+09:00,9.75728434170294e-05,0.0,0.926219512195122,1
2026-07-08 13:18:00+09:00,1.1508093172311508e-05,0.0,0.9509146341463415,1
2026-07-08 13:19:00+09:00,5.262666584895904e-05,0.0,0.876829268292683,1
2026-07-08 13:20:00+09:00,0.000102049951984838,0.0,0.889329268292683,1
2026-07-08 13:21:00+09:00,5.1405299143354625e-05,0.0,0.926219512195122,1
2026-07-08 13:22:00+09:00,0.00014080646254622817,0.0,0.951219512195122,1
2026-07-08 13:23:00+09:00,3.220552014440289e-05,0.0,0.9146341463414636,1
2026-07-08 13:24:00+09:00,2.8145285646906867e-05,0.0,0.9387195121951221,1
2026-07-08 13:25:00+09:00,-4.321182656133611e-05,0.0,0.926829268292683,1
2026-07-08 13:26:00+09:00,-0.00010430671948213456,0.0,0.913719512195122,1
2026-07-08 13:27:00+09:00,0.00014814434085960197,0.0,0.9756097560975611,1
2026-07-08 13:28:00+09:00,4.710643146299714e-05,0.0,0.8890243902439026,1
2026-07-08 13:29:00+09:00,-0.00013125503155224396,0.0,0.901829268292683,1
2026-07-08 13:30:00+09:00,-0.0001125372706714295,0.0,0.9384146341463415,1
2026-07-08 13:31:00+09:00,-0.0001708810067515336,0.0,0.9384146341463415,1
2026-07-08 13:32:00+09:00,0.00013723708374153127,0.0,0.926219512195122,1
2026-07-08 13:33:00+09:00,-0.00024292302682184176,0.0,0.926219512195122,1
2026-07-08 13:34:00+09:00,2.585902781443455e-05,0.0,0.951219512195122,1
2026-07-08 13:35:00+09:00,-0.00011444493045848957,0.0,0.926829268292683,1
2026-07-08 13:36:00+09:00,5.7486684025508623e-05,0.0,0.925609756097561,1
2026-07-08 13:37:00+09:00,-6.476450976124738e-05,0.0,0.8771341463414635,1
2026-07-08 13:38:00+09:00,5.499028265058112e-05,0.0,0.8890243902439026,1
2026-07-08 13:39:00+09:00,-2.218642895737316e-05,0.0,0.926219512195122,1
2026-07-08 13:40:00+09:00,-8.251225357323425e-05,0.0,0.926829268292683,1
2026-07-08 13:41:00+09:00,-5.2698548237799745e-05,0.0,0.9015243902439025,1
2026-07-08 13:42:00+09:00,-4.3230586501986095e-05,0.0,0.9509146341463415,1
2026-07-08 13:43:00+09:00,-9.011733440424699e-05,0.0,0.901219512195122,1
2026-07-08 13:44:00+09:00,-4.275086931522714e-05,0.0,0.901829268292683,1
2026-07-08 13:45:00+09:00,0.00016933677642115994,0.0,0.889329268292683,1
2026-07-08 13:46:00+09:00,0.00012805698211647203,0.0,0.9381097560975611,1
2026-07-08 13:47:00+09:00,5.7711136190012606e-05,0.0,0.914329268292683,1
2026-07-08 13:48:00+09:00,-8.219640463670207e-05,0.0,0.9384146341463415,1
2026-07-08 13:49:00+09:00,-3.6644943267580876e-05,0.0,0.9140243902439025,1
2026-07-08 13:50:00+09:00,-8.110614430136336e-05,0.0,0.9384146341463415,1
2026-07-08 13:51:00+09:00,3.0094552519175913e-05,0.0,0.9259146341463416,1
2026-07-08 13:52:00+09:00,-0.00011698558259384641,0.0,0.8771341463414635,1
2026-07-08 13:53:00+09:00,4.348815471879732e-05,0.0,0.9015243902439025,1
2026-07-08 13:54:00+09:00,5.323322867818723e-05,0.0,0.9509146341463415,1
2026-07-08 13:55:00+09:00,0.00021541497381990702,0.0,0.9634146341463415,1
2026-07-08 13:56:00+09:00,3.19923617232587e-05,0.0,0.9384146341463415,1
2026-07-08 13:57:00+09:00,-2.7668348885898426e-05,0.0,0.901829268292683,1
2026-07-08 13:58:00+09:00,6.886055196846275e-05,0.0,0.9384146341463415,1
2026-07-08 13:59:00+09:00,0.00011948619005128748,0.0,0.9140243902439025,1
2026-07-08 14:00:00+09:00,-0.0001183777623626885,0.0,0.9756097560975611,1
2026-07-08 14:01:00+09:00,4.832573635173468e-05,0.0,0.9509146341463415,1
2026-07-08 14:02:00+09:00,8.461594111266726e-05,0.0,0.9390243902439026,1
2026-07-08 14:03:00+09:00,8.381679989981807e-05,0.0,0.9509146341463415,1
2026-07-08 14:04:00+09:00,-1.200401501098331e-05,0.0,0.9384146341463416,1
2026-07-08 14:05:00+09:00,0.00014002894043333168,0.0,0.901829268292683,1
2026-07-08 14:06:00+09:00,-0.00012115340401477202,0.0,0.9390243902439025,1
2026-07-08 14:07:00+09:00,-0.00011753566637889383,0.0,0.9509146341463415,1
2026-07-08 14:08:00+09:00,3.2736678220920254e-05,0.0,0.9381097560975611,1
2026-07-08 14:09:00+09:00,1.934366212395282e-06,0.0,0.9021341463414635,1
2026-07-08 14:10:00+09:00,7.692638162019314e-05,0.0,0.951219512195122,1
2026-07-08 14:11:00+09:00,-0.000145163185764755,0.0,0.8277439024390244,1
2026-07-08 14:12:00+09:00,2.9819725423406627e-05,0.0,0.8768292682926829,1
2026-07-08 14:13:00+09:00,-0.000113982903092747,0.0,0.9384146341463415,1
2026-07-08 14:14:00+09:00,0.00033634560705910854,0.0,0.9259146341463416,1
2026-07-08 14:15:00+09:00,-0.00014053058433065356,0.0,0.9628048780487806,1
2026-07-08 14:16:00+09:00,-0.00016958026582269956,0.0,0.9634146341463414,1
2026-07-08 14:17:00+09:00,0.00011791049990295023,0.0,0.8890243902439025,1
2026-07-08 14:18:00+09:00,-5.699229350567247e-05,0.0,0.913719512195122,1
2026-07-08 14:19:00+09:00,-0.0001302006901033502,0.0,0.951219512195122,1
2026-07-08 14:20:00+09:00,0.00017189240581225973,0.0,0.9265243902439024,1
2026-07-08 14:21:00+09:00,-0.00014850731255267328,0.0,0.9259146341463416,1
2026-07-08 14:22:00+09:00,5.272166023373615e-05,0.0,0.950609756097561,1
2026-07-08 14:23:00+09:00,0.00010286910874980228,0.0,0.876829268292683,1
2026-07-08 14:24:00+09:00,0.00011954973941025949,0.0,0.8646341463414635,1
2026-07-08 14:25:00+09:00,9.063562390957196e-05,0.0,0.9509146341463415,1
2026-07-08 14:26:00+09:00,-8.873932910513407e-05,0.0,0.926219512195122,1
2026-07-08 14:27:00+09:00,-0.00015467575276560195,0.0,0.9259146341463416,1
2026-07-08 14:28:00+09:00,4.870944683049194e-05,0.0,0.914329268292683,1
2026-07-08 14:29:00+09:00,3.964491832952318e-05,0.0,0.9509146341463415,1
2026-07-08 14:30:00+09:00,0.00014186902204929846,0.0,0.9634146341463415,1
2026-07-08 14:31:00+09:00,-0.00016995249602774298,0.0,0.8890243902439026,1
2026-07-08 14:32:00+09:00,-3.411823523369871e-05,0.0,0.9509146341463415,1
2026-07-08 14:33:00+09:00,7.057016211245055e-06,0.0,0.913719512195122,1
2026-07-08 14:34:00+09:00,-8.383270624345519e-05,0.0,0.9634146341463415,1
2026-07-08 14:35:00+09:00,-9.993504600068424e-05,0.0,0.9634146341463415,1
2026-07-08 14:36:00+09:00,-6.812736959229502e-05,0.0,0.9259146341463416,1
2026-07-08 14:37:00+09:00,3.773712900440388e-05,0.0,0.8890243902439026,1
2026-07-08 14:38:00+09:00,-1.0271555672018319e-05,0.0,0.926219512195122,1
2026-07-08 14:39:00+09:00,-5.391581879789043e-05,0.0,0.8896341463414634,1
2026-07-08 14:40:00+09:00,-3.532793155132841e-05,0.0,0.9012195121951221,1
2026-07-08 14:41:00+09:00,-3.23882990842307e-05,0.0,0.9753048780487805,1
2026-07-08 14:42:00+09:00,-4.7637903801421e-05,0.0,0.9509146341463415,1
2026-07-08 14:43:00+09:00,-0.00011530207653523829,0.0,0.9387195121951221,1
2026-07-08 14:44:00+09:00,4.6711147002640245e-05,0.0,0.901829268292683,1
2026-07-08 14:45:00+09:00,7.395923610274893e-05,0.0,0.9265243902439024,1
2026-07-08 14:46:00+09:00,-6.48246734306223e-05,0.0,0.9384146341463415,1
2026-07-08 14:47:00+09:00,-3.226705591983029e-05,0.0,0.9384146341463415,1
2026-07-08 14:48:00+09:00,-1.683153533037255e-06,0.0,0.913719512195122,1
2026-07-08 14:49:00+09:00,0.0002642251460222331,0.0,0.926829268292683,1
2026-07-08 14:50:00+09:00,-0.000145926991727253,0.0,0.9756097560975611,1
2026-07-08 14:51:00+09:00,5.3346497466687913e-05,0.0,0.9509146341463416,1
2026-07-08 14:52:00+09:00,-4.416829598684028e-05,0.0,0.9509146341463416,1
2026-07-08 14:53:00+09:00,2.857501570759531e-05,0.0,0.9756097560975611,1
2026-07-08 14:54:00+09:00,7.610720505435179e-05,0.0,0.9634146341463415,1
2026-07-08 14:55:00+09:00,8.23547827709447e-05,0.0,0.9753048780487805,1
2026-07-08 14:56:00+09:00,9.126265006459449e-05,0.0,0.938719512195122,1
2026-07-08 14:57:00+09:00,-7.186892347965548e-05,0.0,0.9265243902439024,1
2026-07-08 14:58:00+09:00,-0.00010553021723251171,0.0,0.926219512195122,1
2026-07-08 14:59:00+09:00,-7.973556124201575e-05,0.0,0.9384146341463415,1
2026-07-08 15:00:00+09:00,-1.5196089382676712e-05,0.0,0.9631097560975611,1
2026-07-08 15:01:00+09:00,6.1759540382551655e-06,0.0,0.9509146341463415,1
2026-07-08 15:02:00+09:00,6.78400028353955e-05,0.0,0.951219512195122,1
2026-07-08 15:03:00+09:00,0.00012897918805723343,0.0,0.9634146341463415,1
2026-07-08 15:04:00+09:00,-0.00016108072231325326,0.0,0.9628048780487806,1
2026-07-08 15:05:00+09:00,7.434576926772582e-05,0.0,0.9875,1
2026-07-08 15:06:00+09:00,0.00011225720733333456,0.0,0.914329268292683,1
2026-07-08 15:07:00+09:00,-2.3913020795191137e-05,0.0,0.9384146341463415,1
2026-07-08 15:08:00+09:00,0.00027302929505524135,0.0,0.9265243902439025,1
2026-07-08 15:09:00+09:00,-8.14670433549373e-05,0.0,0.9634146341463415,1
2026-07-08 15:10:00+09:00,-0.00011459647415210661,0.0,0.9875,1
2026-07-08 15:11:00+09:00,-2.1753810088111805e-05,0.0,0.9503048780487806,1
2026-07-08 15:12:00+09:00,-7.683891295567585e-05,0.0,0.951219512195122,1
2026-07-08 15:13:00+09:00,2.7215769686849794e-05,0.0,0.9756097560975611,1
2026-07-08 15:14:00+09:00,-0.00045945519252199704,1.8593321425638498,1.0,1
2026-07-08 15:15:00+09:00,1.0028321773814175e-05,0.0,0.9943715611398538,1
2026-07-08 15:16:00+09:00,1.6763981464392463e-06,0.0,0.9639946210068161,1
2026-07-08 15:17:00+09:00,5.920329573481644e-05,0.0,0.9631528701650652,1
2026-07-08 15:18:00+09:00,0.0001106909308638006,0.0,0.9810298102981029,1
2026-07-08 15:19:00+09:00,-0.0006546725965542931,0.0,0.9512944485505461,1
2026-07-08 15:20:00+09:00,0.00016719224229241148,0.0,0.9511579206701157,1
2026-07-08 15:21:00+09:00,-5.468504800239662e-05,0.0,1.0122166789849716,1
2026-07-08 15:22:00+09:00,0.0004933948617282722,0.0,1.0000215570337523,1
2026-07-08 15:23:00+09:00,0.00045021697475541666,0.0,1.0213075880758806,1
2026-07-08 15:24:00+09:00,-0.0002098170731707317,1.0490853658536585,0.0,1
2026-07-08 15:30:00+09:00,0.0,0.0,0.0,1
2026-07-09 09:00:00+09:00,0.0,0.0,0.0,1
2026-07-09 09:01:00+09:00,0.0,0.0,0.0,1
2026-07-09 09:02:00+09:00,0.0,0.0,0.0,1
2026-07-09 09:03:00+09:00,0.0,0.0,0.0,1
2026-07-09 09:04:00+09:00,0.0,0.0,0.0,1
2026-07-09 09:05:00+09:00,0.0,0.0,0.0,1
2026-07-09 09:06:00+09:00,0.0,0.0,0.0,1
2026-07-09 09:07:00+09:00,0.0,0.0,0.0,1
2026-07-09 09:08:00+09:00,0.0,0.0,0.0,1
2026-07-09 09:09:00+09:00,0.0,0.0,0.0,1
2026-07-09 09:10:00+09:00,0.0,0.0,0.0,1
2026-07-09 09:11:00+09:00,0.0,0.0,0.0,1
2026-07-09 09:12:00+09:00,0.0,0.0,0.0,1
2026-07-09 09:13:00+09:00,0.0,0.0,0.0,1
2026-07-09 09:14:00+09:00,0.0,0.0,0.0,1
2026-07-09 09:15:00+09:00,-9.005379174666954e-05,1.0,1.0,1
2026-07-09 09:16:00+09:00,0.0003102337655181577,0.0,0.9878048780487806,1
2026-07-09 09:17:00+09:00,0.00038099195428655734,0.0,0.9875,1
2026-07-09 09:18:00+09:00,0.0008918161830006864,0.0,1.0,1
2026-07-09 09:19:00+09:00,-0.0004595391419210471,0.0,0.9628048780487806,1
2026-07-09 09:20:00+09:00,-0.0012791641387773407,0.0,0.9875,1
2026-07-09 09:21:00+09:00,-0.00026736117853609013,0.0,0.963109756097561,1
2026-07-09 09:22:00+09:00,-9.924113870818572e-05,0.0,0.9878048780487806,1
2026-07-09 09:23:00+09:00,0.00019037547464559605,0.0,0.9875,1
2026-07-09 09:24:00+09:00,0.0007190870887690853,0.0,0.9625000000000001,1
2026-07-09 09:25:00+09:00,-0.0007267084054583187,0.0,1.0,1
2026-07-09 09:26:00+09:00,-0.00021064915577322834,0.0,0.9878048780487805,1
2026-07-09 09:27:00+09:00,-0.00046096109965726656,0.0,1.0,1
2026-07-09 09:28:00+09:00,-0.0004885168638119453,0.0,0.963109756097561,1
2026-07-09 09:29:00+09:00,0.0002899449943868774,0.0,0.9878048780487807,1
2026-07-09 09:30:00+09:00,0.0008301219303291403,0.0,0.9875,1
2026-07-09 09:31:00+09:00,0.00010659231952054042,0.0,1.0,1
2026-07-09 09:32:00+09:00,3.7738307012699074e-05,0.0,0.9875000000000002,1
2026-07-09 09:33:00+09:00,-0.00014345255184548315,0.0,0.9628048780487806,1
2026-07-09 09:34:00+09:00,0.00038496114448160893,0.0,0.9753048780487806,1
2026-07-09 09:35:00+09:00,-0.000993873184642552,0.0,0.950609756097561,1
2026-07-09 09:36:00+09:00,-9.770079763488973e-05,0.0,0.9875000000000002,1
2026-07-09 09:37:00+09:00,0.00011914073009308084,0.0,0.9875,1
2026-07-09 09:38:00+09:00,7.562512176144279e-05,0.0,0.9750000000000001,1
2026-07-09 09:39:00+09:00,-0.0004118723635615767,0.0,0.9753048780487805,1
2026-07-09 09:40:00+09:00,-0.0003158798572958047,0.0,0.9384146341463415,1
2026-07-09 09:41:00+09:00,-0.0007334513302543768,0.0,0.9875000000000002,1
2026-07-09 09:42:00+09:00,2.1062874183109682e-05,0.0,1.0,1
2026-07-09 09:43:00+09:00,-0.0002700558267612576,0.0,0.9753048780487805,1
2026-07-09 09:44:00+09:00,-0.0006121790106908201,0.0,0.9875,1
2026-07-09 09:45:00+09:00,-1.8650620394734377e-05,0.0,0.950609756097561,1
2026-07-09 09:46:00+09:00,0.00021904340409573778,0.0,0.9753048780487805,1
2026-07-09 09:47:00+09:00,0.0002516816606510585,0.0,0.9503048780487806,1
2026-07-09 09:48:00+09:00,0.0004041587405984942,0.0,0.9875,1
2026-07-09 09:49:00+09:00,0.0007764934645921823,0.0,0.9878048780487806,1
2026-07-09 09:50:00+09:00,0.0007221857229944508,0.0,0.9875,1
2026-07-09 09:51:00+09:00,-4.330382313382368e-05,0.0,0.9753048780487805,1
2026-07-09 09:52:00+09:00,0.0006485772223827322,0.0,0.9750000000000001,1
2026-07-09 09:53:00+09:00,0.0004585893930757777,0.0,0.926219512195122,1
2026-07-09 09:54:00+09:00,-0.0005596076091800666,0.0,0.9750000000000001,1
2026-07-09 09:55:00+09:00,-0.000300319209397082,0.0,0.9381097560975611,1
2026-07-09 09:56:00+09:00,9.433756685320614e-05,0.0,0.9756097560975611,1
2026-07-09 09:57:00+09:00,-0.00022456338105992504,0.0,0.9634146341463415,1
2026-07-09 09:58:00+09:00,-0.0004173614624764955,0.0,0.8762195121951221,1
2026-07-09 09:59:00+09:00,-0.0007958959154340775,0.0,0.9628048780487806,1
2026-07-09 10:00:00+09:00,-0.0001386283866858865,0.0,0.9878048780487806,1
2026-07-09 10:01:00+09:00,0.0004506113235481541,0.0,0.9381097560975611,1
2026-07-09 10:02:00+09:00,0.0001722785715463361,0.0,0.9628048780487806,1
2026-07-09 10:03:00+09:00,-0.00027452632164896786,0.0,0.9628048780487806,1
2026-07-09 10:04:00+09:00,-9.902055230418773e-05,0.0,0.9750000000000001,1
2026-07-09 10:05:00+09:00,-0.0005692739599991009,0.0,0.963109756097561,1
2026-07-09 10:06:00+09:00,-0.0001718116208758449,0.0,0.9131097560975612,1
2026-07-09 10:07:00+09:00,-0.00017902784492530426,0.0,0.9878048780487806,1
2026-07-09 10:08:00+09:00,-0.0008752716529569845,0.0,0.9628048780487806,1
2026-07-09 10:09:00+09:00,0.0006713005986995613,0.0,0.9875,1
2026-07-09 10:10:00+09:00,0.000640515540242196,0.0,0.9625000000000001,1
2026-07-09 10:11:00+09:00,6.780890885615163e-05,0.0,0.9378048780487805,1
2026-07-09 10:12:00+09:00,0.0002901689538223753,0.0,0.9750000000000001,1
2026-07-09 10:13:00+09:00,-0.0003466569965101127,0.0,0.9500000000000001,1
2026-07-09 10:14:00+09:00,-0.00032069777265675113,0.0,0.950609756097561,1
2026-07-09 10:15:00+09:00,-0.0005865853813971915,0.0,0.9750000000000001,1
2026-07-09 10:16:00+09:00,6.302682380120956e-05,0.0,0.9625000000000001,1
2026-07-09 10:17:00+09:00,-1.969977077843265e-05,0.0,0.9875,1
2026-07-09 10:18:00+09:00,0.00012667944953041532,0.0,0.9628048780487806,1
2026-07-09 10:19:00+09:00,0.0001769914867228785,0.0,1.0,1
2026-07-09 10:20:00+09:00,0.00014975778066657073,0.0,0.9878048780487806,1
2026-07-09 10:21:00+09:00,6.17960645301152e-05,0.0,0.9753048780487805,1
2026-07-09 10:22:00+09:00,0.00030008528799124366,0.0,0.975,1
2026-07-09 10:23:00+09:00,0.00023138119673789828,0.0,0.9628048780487806,1
2026-07-09 10:24:00+09:00,0.0005967191374512518,0.0,0.9387195121951221,1
2026-07-09 10:25:00+09:00,-0.00011541100099248306,0.0,0.9875,1
2026-07-09 10:26:00+09:00,-0.0008704610270230587,0.0,0.963109756097561,1
2026-07-09 10:27:00+09:00,1.6635755676599792e-05,0.0,0.950609756097561,1
2026-07-09 10:28:00+09:00,-0.00032275247477383287,0.0,0.9631097560975611,1
2026-07-09 10:29:00+09:00,2.1196345868691077e-05,0.0,0.9503048780487805,1
2026-07-09 10:30:00+09:00,-6.709583942514239e-05,0.0,0.9628048780487806,1
2026-07-09 10:31:00+09:00,0.00014583030610426152,0.0,0.9259146341463415,1
2026-07-09 10:32:00+09:00,-6.189956019153724e-05,0.0,0.9628048780487806,1
2026-07-09 10:33:00+09:00,7.255306222331143e-05,0.0,0.9753048780487805,1
2026-07-09 10:34:00+09:00,-1.6027891914726755e-05,0.0,0.9750000000000001,1
2026-07-09 10:35:00+09:00,-0.00015843501078895478,0.0,0.913719512195122,1
2026-07-09 10:36:00+09:00,-0.0005623400418413687,0.0,0.9625000000000001,1
2026-07-09 10:37:00+09:00,-0.00016961584834846485,0.0,0.9750000000000001,1
2026-07-09 10:38:00+09:00,0.000250554391793741,0.0,0.9253048780487806,1
2026-07-09 10:39:00+09:00,2.61218787758209e-05,0.0,0.926219512195122,1
2026-07-09 10:40:00+09:00,-0.0006402111430533207,0.0,0.913719512195122,1
2026-07-09 10:41:00+09:00,-0.00014624474163762633,0.0,0.9256097560975609,1
2026-07-09 10:42:00+09:00,-0.00028842405700535656,0.0,0.9878048780487806,1
2026-07-09 10:43:00+09:00,-0.00043118283252678634,0.0,0.9009146341463417,1
2026-07-09 10:44:00+09:00,0.0007445484020438637,0.0,0.9875,1
2026-07-09 10:45:00+09:00,-1.0755783580711311e-05,0.0,0.950609756097561,1
2026-07-09 10:46:00+09:00,0.0006380270854251922,0.0,0.9753048780487805,1
2026-07-09 10:47:00+09:00,0.00031277683603137755,0.0,0.963109756097561,1
2026-07-09 10:48:00+09:00,0.00024737634196935545,0.0,1.0,1
2026-07-09 10:49:00+09:00,8.234029318012417e-06,0.0,0.9128048780487805,1
2026-07-09 10:50:00+09:00,0.0004722866560169346,0.0,0.9503048780487806,1
2026-07-09 10:51:00+09:00,0.00035834918877973506,0.0,0.9253048780487805,1
2026-07-09 10:52:00+09:00,0.00036041050900581463,0.0,0.9878048780487806,1
2026-07-09 10:53:00+09:00,0.00043755593984165644,0.0,0.9878048780487807,1
2026-07-09 10:54:00+09:00,1.2004364822577667e-05,0.0,0.9381097560975611,1
2026-07-09 10:55:00+09:00,0.0001468768134959663,0.0,0.925609756097561,1
2026-07-09 10:56:00+09:00,-0.0004443107978919076,0.0,0.9503048780487805,1
2026-07-09 10:57:00+09:00,0.000646726599624917,0.0,0.9256097560975611,1
2026-07-09 10:58:00+09:00,-8.346778930497464e-05,0.0,0.9756097560975611,1
2026-07-09 10:59:00+09:00,0.0008245013671417019,0.0,0.938719512195122,1
2026-07-09 11:00:00+09:00,0.00033505093114627216,0.0,0.9628048780487806,1
2026-07-09 11:01:00+09:00,-0.0005368295012451376,0.0,0.9625000000000001,1
2026-07-09 11:02:00+09:00,-0.00031219775832842106,0.0,0.9753048780487806,1
2026-07-09 11:03:00+09:00,-0.00023220454362866662,0.0,0.9625000000000001,1
2026-07-09 11:04:00+09:00,0.0002076301538887213,0.0,0.9381097560975611,1
2026-07-09 11:05:00+09:00,0.0003525075510461839,0.0,0.9503048780487806,1
2026-07-09 11:06:00+09:00,-0.0009100011616107134,0.0,0.975,1
2026-07-09 11:07:00+09:00,-0.00041960790455450976,0.0,0.9750000000000001,1
2026-07-09 11:08:00+09:00,5.384779508585718e-05,0.0,0.9631097560975611,1
2026-07-09 11:09:00+09:00,4.902043882131434e-06,0.0,0.9503048780487805,1
2026-07-09 11:10:00+09:00,-0.00044583869202845347,0.0,0.9628048780487806,1
2026-07-09 11:11:00+09:00,0.000167604060731061,0.0,0.9628048780487806,1
2026-07-09 11:12:00+09:00,3.176508021064172e-05,0.0,0.9259146341463416,1
2026-07-09 11:13:00+09:00,-3.2133914625136294e-05,0.0,0.9625000000000001,1
2026-07-09 11:14:00+09:00,-0.0002745412572109681,0.0,0.9375000000000001,1
2026-07-09 11:15:00+09:00,0.000344897986680522,0.0,0.9875,1
2026-07-09 11:16:00+09:00,-2.7527194578558197e-05,0.0,0.9628048780487806,1
2026-07-09 11:17:00+09:00,-0.0002638315178509294,0.0,0.9134146341463416,1
2026-07-09 11:18:00+09:00,-0.0004491873591936398,0.0,0.913719512195122,1
2026-07-09 11:19:00+09:00,-9.029674297612055e-05,0.0,0.950609756097561,1
2026-07-09 11:20:00+09:00,0.0004740566799481776,0.0,0.913719512195122,1
2026-07-09 11:21:00+09:00,0.0004125861011592205,0.0,0.9259146341463416,1
2026-07-09 11:22:00+09:00,7.73630255594009e-05,0.0,0.9509146341463415,1
2026-07-09 11:23:00+09:00,-1.0256874333587591e-05,0.0,0.9750000000000001,1
2026-07-09 11:24:00+09:00,0.00016233188880669322,0.0,0.9503048780487806,1
2026-07-09 11:25:00+09:00,4.930927237555335e-06,0.0,0.9875,1
2026-07-09 11:26:00+09:00,-1.8852696397757964e-05,0.0,0.9753048780487805,1
2026-07-09 11:27:00+09:00,-0.00022536017786914047,0.0,0.9259146341463416,1
2026-07-09 11:28:00+09:00,1.7578491498807907e-05,0.012195121951219513,0.950609756097561,1
2026-07-09 11:29:00+09:00,-0.00019756097560975612,0.9878048780487805,0.0,1
2026-07-09 11:30:00+09:00,0.0,0.0,0.0,1
2026-07-09 12:30:00+09:00,-1.6658923916113306e-05,1.0,1.0,1
2026-07-09 12:31:00+09:00,-0.00033702917178590004,0.0,0.9878048780487806,1
2026-07-09 12:32:00+09:00,0.00010525744466675737,0.0,0.938109756097561,1
2026-07-09 12:33:00+09:00,7.073052576402781e-05,0.0,0.9634146341463415,1
2026-07-09 12:34:00+09:00,0.0002217324326387738,0.0,0.9384146341463415,1
2026-07-09 12:35:00+09:00,0.00017812059450391022,0.0,0.9628048780487806,1
2026-07-09 12:36:00+09:00,-9.740935655892338e-05,0.0,0.9634146341463414,1
2026-07-09 12:37:00+09:00,-0.00021637636914236785,0.0,0.950609756097561,1
2026-07-09 12:38:00+09:00,0.00029116302586829345,0.0,0.9750000000000001,1
2026-07-09 12:39:00+09:00,0.00045251380470243553,0.0,0.9878048780487807,1
2026-07-09 12:40:00+09:00,0.00027050033519212814,0.0,0.9753048780487805,1
2026-07-09 12:41:00+09:00,-0.00046471455138651546,0.0,1.0000000000000002,1
2026-07-09 12:42:00+09:00,-0.00019930074220604496,0.0,0.950609756097561,1
2026-07-09 12:43:00+09:00,-0.0003526570757498749,0.0,0.963109756097561,1
2026-07-09 12:44:00+09:00,-0.00042858793959509365,0.0,0.9509146341463415,1
2026-07-09 12:45:00+09:00,0.00014254918823200657,0.0,0.9878048780487806,1
2026-07-09 12:46:00+09:00,0.00013922251762954238,0.0,0.9756097560975611,1
2026-07-09 12:47:00+09:00,0.00020776024231177294,0.0,0.9753048780487806,1
2026-07-09 12:48:00+09:00,7.37619763625266e-05,0.0,0.9006097560975611,1
2026-07-09 12:49:00+09:00,2.627682953756239e-05,0.0,0.926219512195122,1
2026-07-09 12:50:00+09:00,0.00035521788306853,0.0,0.9878048780487806,1
2026-07-09 12:51:00+09:00,9.279359151894188e-05,0.0,0.9375000000000001,1
2026-07-09 12:52:00+09:00,-1.3890424734219754e-05,0.0,0.926219512195122,1
2026-07-09 12:53:00+09:00,-7.041680915667085e-05,0.0,0.963109756097561,1
2026-07-09 12:54:00+09:00,-7.266655422387807e-05,0.0,0.9509146341463415,1
2026-07-09 12:55:00+09:00,0.00019182149299852322,0.0,0.9875,1
2026-07-09 12:56:00+09:00,0.00035910508576502445,0.0,0.9256097560975611,1
2026-07-09 12:57:00+09:00,0.00013871365899233577,0.0,0.9009146341463415,1
2026-07-09 12:58:00+09:00,-0.0002512430005933832,0.0,0.9750000000000001,1
2026-07-09 12:59:00+09:00,-0.00035542427029293063,0.0,0.9509146341463416,1
2026-07-09 13:00:00+09:00,-0.0005752913045415626,0.0,0.9628048780487806,1
2026-07-09 13:01:00+09:00,0.00020254595739431,0.0,0.9634146341463415,1
2026-07-09 13:02:00+09:00,-0.00010628528352340255,0.0,0.9384146341463415,1
2026-07-09 13:03:00+09:00,-0.0002837809586734178,0.0,0.913719512195122,1
2026-07-09 13:04:00+09:00,-0.00011519351814389424,0.0,0.950609756097561,1
2026-07-09 13:05:00+09:00,0.0001929722968252969,0.0,0.9381097560975611,1
2026-07-09 13:06:00+09:00,-1.2268607864459926e-05,0.0,0.8887195121951219,1
2026-07-09 13:07:00+09:00,-0.0002047475685849736,0.0,0.9625000000000001,1
2026-07-09 13:08:00+09:00,4.591790359858902e-05,0.0,0.913719512195122,1
2026-07-09 13:09:00+09:00,0.00015612308208729343,0.0,0.9756097560975611,1
2026-07-09 13:10:00+09:00,-8.595555580923135e-05,0.0,0.876829268292683,1
2026-07-09 13:11:00+09:00,-0.00022130842433022713,0.0,0.9628048780487806,1
2026-07-09 13:12:00+09:00,-0.00012602156463015877,0.0,0.9259146341463416,1
2026-07-09 13:13:00+09:00,0.00014396709174836457,0.0,0.9009146341463415,1
2026-07-09 13:14:00+09:00,-0.00013166279595487306,0.0,0.876219512195122,1
2026-07-09 13:15:00+09:00,-2.757215265403336e-05,0.0,0.9131097560975611,1
2026-07-09 13:16:00+09:00,0.00037910490662976265,0.0,0.9381097560975611,1
2026-07-09 13:17:00+09:00,0.00034762902147677166,0.0,0.938719512195122,1
2026-07-09 13:18:00+09:00,0.00013719117149210797,0.0,0.926219512195122,1
2026-07-09 13:19:00+09:00,-2.4636475107328336e-05,0.0,0.9628048780487806,1
2026-07-09 13:20:00+09:00,0.0003246986721321505,0.0,0.950609756097561,1
2026-07-09 13:21:00+09:00,0.0004896456010108712,0.0,0.9253048780487806,1
2026-07-09 13:22:00+09:00,0.0002771640121585306,0.0,0.9381097560975611,1
2026-07-09 13:23:00+09:00,0.0002663645556406171,0.0,0.9134146341463416,1
2026-07-09 13:24:00+09:00,0.0001532135674183318,0.0,1.0,1
2026-07-09 13:25:00+09:00,8.084839778221104e-05,0.0,0.9500000000000001,1
2026-07-09 13:26:00+09:00,-0.00022631784733902828,0.0,0.9134146341463416,1
2026-07-09 13:27:00+09:00,-0.0002361071458028005,0.0,0.9259146341463416,1
2026-07-09 13:28:00+09:00,0.00031774050823315777,0.0,0.9634146341463415,1
2026-07-09 13:29:00+09:00,-0.00020608806376458416,0.0,0.9384146341463415,1
2026-07-09 13:30:00+09:00,-7.073133590438987e-05,0.0,0.9628048780487806,1
2026-07-09 13:31:00+09:00,0.00012057787475689018,0.0,0.9259146341463416,1
2026-07-09 13:32:00+09:00,0.0003864621048291414,0.0,0.9009146341463415,1
2026-07-09 13:33:00+09:00,-9.19008196556318e-05,0.0,0.9265243902439024,1
2026-07-09 13:34:00+09:00,0.000158132750631246,0.0,0.9378048780487807,1
2026-07-09 13:35:00+09:00,-0.00010271420539453196,0.0,0.8518292682926829,1
2026-07-09 13:36:00+09:00,-0.00019114941966705574,0.0,0.913719512195122,1
2026-07-09 13:37:00+09:00,-0.00023383495094855627,0.0,0.9384146341463415,1
2026-07-09 13:38:00+09:00,-8.372184564353467e-05,0.0,0.9381097560975611,1
2026-07-09 13:39:00+09:00,0.00038637989422297416,0.0,0.889329268292683,1
2026-07-09 13:40:00+09:00,-1.3328192135613678e-05,0.0,0.9753048780487805,1
2026-07-09 13:41:00+09:00,0.00028353946374336106,0.0,0.8756097560975611,1
2026-07-09 13:42:00+09:00,-8.354509980038529e-06,0.0,0.9634146341463415,1
2026-07-09 13:43:00+09:00,9.193410524984696e-05,0.0,0.9381097560975611,1
2026-07-09 13:44:00+09:00,0.00029529751604453195,0.0,0.913719512195122,1
2026-07-09 13:45:00+09:00,0.0002913494393954564,0.0,0.9131097560975612,1
2026-07-09 13:46:00+09:00,-0.0001669515105148583,0.0,0.888719512195122,1
2026-07-09 13:47:00+09:00,9.620524331923378e-05,0.0,0.9750000000000001,1
2026-07-09 13:48:00+09:00,0.000327814335066191,0.0,0.888719512195122,1
2026-07-09 13:49:00+09:00,-0.0002087501410529324,0.0,0.9259146341463416,1
2026-07-09 13:50:00+09:00,-0.00020012885372212592,0.0,0.9750000000000001,1
2026-07-09 13:51:00+09:00,-0.00032259435565210536,0.0,0.9018292682926831,1
2026-07-09 13:52:00+09:00,0.00016755341782576365,0.0,0.8896341463414634,1
2026-07-09 13:53:00+09:00,0.00010081650612509208,0.0,0.8643292682926831,1
2026-07-09 13:54:00+09:00,0.0003580625432147226,0.0,0.9128048780487805,1
2026-07-09 13:55:00+09:00,8.121575147477447e-05,0.0,0.9259146341463415,1
2026-07-09 13:56:00+09:00,-0.00022333999781105885,0.0,0.8515243902439025,1
2026-07-09 13:57:00+09:00,0.00021112690746847478,0.0,0.8515243902439026,1
2026-07-09 13:58:00+09:00,0.00015754867028861227,0.0,0.9140243902439025,1
2026-07-09 13:59:00+09:00,-0.0002233399046055638,0.0,0.8765243902439024,1
2026-07-09 14:00:00+09:00,-0.00016121927302629,0.0,0.9384146341463415,1
2026-07-09 14:01:00+09:00,0.00021604262443873624,0.0,0.913109756097561,1
2026-07-09 14:02:00+09:00,0.0003384082172196303,0.0,0.839329268292683,1
2026-07-09 14:03:00+09:00,8.472361557628925e-05,0.0,0.9384146341463415,1
2026-07-09 14:04:00+09:00,0.00021000515077292372,0.0,0.9256097560975611,1
2026-07-09 14:05:00+09:00,-0.00013091060237846463,0.0,0.9875,1
2026-07-09 14:06:00+09:00,-7.545057565950364e-05,0.0,0.950609756097561,1
2026-07-09 14:07:00+09:00,-0.0003038746347852309,0.0,0.8396341463414635,1
2026-07-09 14:08:00+09:00,-0.0003195381857001915,0.0,0.950609756097561,1
2026-07-09 14:09:00+09:00,-0.0002342091092387112,0.0,0.9634146341463415,1
2026-07-09 14:10:00+09:00,-0.0008252935362123116,0.0,0.950609756097561,1
2026-07-09 14:11:00+09:00,0.0001671317078189252,0.0,1.0,1
2026-07-09 14:12:00+09:00,0.00011936436184645978,0.0,0.9878048780487806,1
2026-07-09 14:13:00+09:00,2.9828916405731244e-05,0.0,0.9381097560975611,1
2026-07-09 14:14:00+09:00,0.00021930831829820632,0.0,0.938109756097561,1
2026-07-09 14:15:00+09:00,0.0005076450380645797,0.0,0.9628048780487806,1
2026-07-09 14:16:00+09:00,0.00010809151759075116,0.0,1.0,1
2026-07-09 14:17:00+09:00,7.365426840939246e-05,0.0,0.9753048780487805,1
2026-07-09 14:18:00+09:00,-0.0001435828393867724,0.0,0.9628048780487806,1
2026-07-09 14:19:00+09:00,-0.00018502306746166135,0.0,0.925,1
2026-07-09 14:20:00+09:00,6.0770898014402026e-05,0.0,0.9015243902439024,1
2026-07-09 14:21:00+09:00,-0.0004149601571185089,0.0,0.950609756097561,1
2026-07-09 14:22:00+09:00,-0.0003613082733617006,0.0,0.9378048780487807,1
2026-07-09 14:23:00+09:00,0.00039570578054077366,0.0,0.938719512195122,1
2026-07-09 14:24:00+09:00,0.00014757777329490345,0.0,0.9628048780487806,1
2026-07-09 14:25:00+09:00,-0.00011292106084340072,0.0,0.9628048780487806,1
2026-07-09 14:26:00+09:00,-7.079291888412174e-06,0.0,0.8887195121951219,1
2026-07-09 14:27:00+09:00,0.0001783410181014841,0.0,0.9381097560975611,1
2026-07-09 14:28:00+09:00,0.00018665967436894026,0.0,0.8515243902439025,1
2026-07-09 14:29:00+09:00,0.00028398219539226986,0.0,0.9625000000000001,1
2026-07-09 14:30:00+09:00,-8.259354240113213e-05,0.0,1.0,1
2026-07-09 14:31:00+09:00,8.75870601396379e-05,0.0,0.913109756097561,1
2026-07-09 14:32:00+09:00,-0.00016716652007208528,0.0,0.9256097560975611,1
2026-07-09 14:33:00+09:00,-0.0005816972032362662,0.0,0.9750000000000002,1
2026-07-09 14:34:00+09:00,-0.0001419625746135926,0.0,0.963109756097561,1
2026-07-09 14:35:00+09:00,0.00022193929040032745,0.0,1.0,1
2026-07-09 14:36:00+09:00,-0.00014582242338598265,0.0,0.9384146341463415,1
2026-07-09 14:37:00+09:00,0.00021468444540878354,0.0,0.9753048780487805,1
2026-07-09 14:38:00+09:00,1.4658346399101227e-05,0.0,0.9134146341463416,1
2026-07-09 14:39:00+09:00,-0.00026654679480421766,0.0,0.9375000000000001,1
2026-07-09 14:40:00+09:00,5.4714533076334246e-05,0.0,0.889329268292683,1
2026-07-09 14:41:00+09:00,0.00012580977159166957,0.0,0.9134146341463415,1
2026-07-09 14:42:00+09:00,-0.00017401045809090228,0.0,0.9509146341463415,1
2026-07-09 14:43:00+09:00,-0.0002828726825796496,0.0,0.926219512195122,1
2026-07-09 14:44:00+09:00,-0.00010074063763418702,0.0,0.9256097560975611,1
2026-07-09 14:45:00+09:00,2.628832832094979e-05,0.0,0.9381097560975611,1
2026-07-09 14:46:00+09:00,-0.00010172865159237401,0.0,0.9750000000000001,1
2026-07-09 14:47:00+09:00,2.27848183107577e-05,0.0,0.9384146341463415,1
2026-07-09 14:48:00+09:00,-0.0003259710642603843,0.0,0.9628048780487806,1
2026-07-09 14:49:00+09:00,-1.3870546373781299e-05,0.0,0.9753048780487805,1
2026-07-09 14:50:00+09:00,-0.00026799984514251396,0.0,0.9753048780487805,1
2026-07-09 14:51:00+09:00,0.00022989495220528182,0.0,0.9756097560975611,1
2026-07-09 14:52:00+09:00,-0.0005022890347024295,0.0,0.9628048780487806,1
2026-07-09 14:53:00+09:00,-3.697633658768144e-05,0.0,0.9628048780487806,1
2026-07-09 14:54:00+09:00,-0.00019724355589957843,0.0,0.9378048780487805,1
2026-07-09 14:55:00+09:00,4.083919566894344e-05,0.0,0.963109756097561,1
2026-07-09 14:56:00+09:00,0.00021732978213133197,0.0,0.9256097560975611,1
2026-07-09 14:57:00+09:00,-0.0001606617269769544,0.0,0.925,1
2026-07-09 14:58:00+09:00,-0.00022459398293327813,0.0,0.925609756097561,1
2026-07-09 14:59:00+09:00,-1.6830434539021153e-06,0.0,0.9628048780487806,1
2026-07-09 15:00:00+09:00,2.6735576190750474e-05,0.0,0.9625000000000001,1
2026-07-09 15:01:00+09:00,-2.5411252401963213e-05,0.0,0.9875,1
2026-07-09 15:02:00+09:00,-0.0004609802818167068,0.0,0.9625,1
2026-07-09 15:03:00+09:00,0.00016849471501141573,0.0,0.9750000000000001,1
2026-07-09 15:04:00+09:00,-0.0003520607127322724,0.0,0.9509146341463415,1
2026-07-09 15:05:00+09:00,-0.00023436411611175103,0.0,1.0,1
2026-07-09 15:06:00+09:00,0.00022111657616916334,0.0,0.9750000000000001,1
2026-07-09 15:07:00+09:00,1.2188220872688146e-05,0.0,0.9500000000000001,1
2026-07-09 15:08:00+09:00,-0.00026090840945300445,0.0,0.9503048780487805,1
2026-07-09 15:09:00+09:00,-0.0001373413000244688,0.0,0.9503048780487806,1
2026-07-09 15:10:00+09:00,0.0001345875113346205,0.0,0.9628048780487806,1
2026-07-09 15:11:00+09:00,-0.0002301261844592074,0.0,0.9631097560975611,1
2026-07-09 15:12:00+09:00,-0.0003371035830456003,0.0,0.9753048780487805,1
2026-07-09 15:13:00+09:00,0.00022692645891041804,0.0,0.9875,1
2026-07-09 15:14:00+09:00,-0.0002498939400161844,1.699373505499761,1.0,1
2026-07-09 15:15:00+09:00,-3.3451572387593244e-05,0.0,1.0029794356767097,1
2026-07-09 15:16:00+09:00,0.00012567250109634615,0.0,1.0004794356767097,1
2026-07-09 15:17:00+09:00,0.00030560460940541357,0.0,1.0002833572453373,1
2026-07-09 15:18:00+09:00,-0.00024578169984349174,0.0,1.0100872788139648,1
2026-07-09 15:19:00+09:00,0.00010879607146612457,0.0,1.0102833572453371,1
2026-07-09 15:20:00+09:00,0.0001460123117735442,0.0,1.0325872788139647,1
2026-07-09 15:21:00+09:00,-0.0002316096057052757,0.0,1.030392156862745,1
2026-07-09 15:22:00+09:00,-0.000302052764743948,0.0,1.0298912003825922,1
2026-07-09 15:23:00+09:00,0.0006290579597241493,0.0,1.0521951219512196,1
2026-07-09 15:24:00+09:00,-0.00021243902439024392,1.0621951219512196,0.0,1
2026-07-09 15:30:00+09:00,0.0,0.0,0.0,1
2026-07-10 09:00:00+09:00,0.0,0.0,0.0,1
2026-07-10 09:01:00+09:00,0.0,0.0,0.0,1
2026-07-10 09:02:00+09:00,0.0,0.0,0.0,1
2026-07-10 09:03:00+09:00,0.0,0.0,0.0,1
2026-07-10 09:04:00+09:00,0.0,0.0,0.0,1
2026-07-10 09:05:00+09:00,0.0,0.0,0.0,1
2026-07-10 09:06:00+09:00,0.0,0.0,0.0,1
2026-07-10 09:07:00+09:00,0.0,0.0,0.0,1
2026-07-10 09:08:00+09:00,0.0,0.0,0.0,1
2026-07-10 09:09:00+09:00,0.0,0.0,0.0,1
2026-07-10 09:10:00+09:00,0.0,0.0,0.0,1
2026-07-10 09:11:00+09:00,0.0,0.0,0.0,1
2026-07-10 09:12:00+09:00,0.0,0.0,0.0,1
2026-07-10 09:13:00+09:00,0.0,0.0,0.0,1
2026-07-10 09:14:00+09:00,0.0,0.0,0.0,1
2026-07-10 09:15:00+09:00,0.0006867764643715696,1.0,1.0,1
2026-07-10 09:16:00+09:00,-0.0009396825144740453,0.0,0.9861111111111112,1
2026-07-10 09:17:00+09:00,-0.00012706554566372784,0.0,1.0,1
2026-07-10 09:18:00+09:00,0.0007778706088491772,0.0,1.0,1
2026-07-10 09:19:00+09:00,0.001031631420477512,0.0,1.0,1
2026-07-10 09:20:00+09:00,-1.4935529854179824e-06,0.0,0.9864864864864865,1
2026-07-10 09:21:00+09:00,0.0003991827292653809,0.0,0.9864864864864865,1
2026-07-10 09:22:00+09:00,0.0008767835585737438,0.0,0.9587087087087087,1
2026-07-10 09:23:00+09:00,0.00018602703575724454,0.0,0.9725975975975976,1
2026-07-10 09:24:00+09:00,-0.00038502562884308166,0.0,1.0,1
2026-07-10 09:25:00+09:00,0.0003379085699235146,0.0,0.9864864864864865,1
2026-07-10 09:26:00+09:00,1.5180558309788335e-05,0.0,1.0,1
2026-07-10 09:27:00+09:00,-0.0005206336168903524,0.0,0.9725975975975976,1
2026-07-10 09:28:00+09:00,-0.0006986765150791539,0.0,0.9861111111111112,1
2026-07-10 09:29:00+09:00,-0.0001908773947806981,0.0,0.9587087087087087,1
2026-07-10 09:30:00+09:00,-0.0003486230851463441,0.0,1.0,1
2026-07-10 09:31:00+09:00,0.0005127338721143266,0.0,1.0,1
2026-07-10 09:32:00+09:00,0.00021889365768433628,0.0,0.9864864864864865,1
2026-07-10 09:33:00+09:00,0.00020118755262976391,0.0,0.972972972972973,1
2026-07-10 09:34:00+09:00,0.00021337270030844082,0.0,1.0,1
2026-07-10 09:35:00+09:00,-8.465725044672672e-05,0.0,1.0,1
2026-07-10 09:36:00+09:00,6.508365875644914e-05,0.0,0.9861111111111112,1
2026-07-10 09:37:00+09:00,0.00021860821358795976,0.0,0.9587087087087087,1
2026-07-10 09:38:00+09:00,-6.176327041744089e-05,0.0,0.9725975975975976,1
2026-07-10 09:39:00+09:00,-0.00012208053918239204,0.0,0.9451951951951952,1
2026-07-10 09:40:00+09:00,0.00021795159750621072,0.0,0.9451951951951952,1
2026-07-10 09:41:00+09:00,-1.0387352540205132e-05,0.0,0.9590840840840841,1
2026-07-10 09:42:00+09:00,6.986993984146792e-05,0.0,0.9587087087087087,1
2026-07-10 09:43:00+09:00,2.7502741131780958e-05,0.0,0.9725975975975976,1
2026-07-10 09:44:00+09:00,0.00027927900728278457,0.0,0.9587087087087087,1
2026-07-10 09:45:00+09:00,-0.00010431050577439496,0.0,0.972972972972973,1
2026-07-10 09:46:00+09:00,-3.539234987767937e-06,0.0,0.9725975975975976,1
2026-07-10 09:47:00+09:00,0.0005854195056041602,0.0,0.9594594594594594,1
2026-07-10 09:48:00+09:00,0.0003803081898081248,0.0,0.9725975975975976,1
2026-07-10 09:49:00+09:00,0.0001713654544333532,0.0,0.9864864864864865,1
2026-07-10 09:50:00+09:00,0.0004206321149958802,0.0,0.9725975975975976,1
2026-07-10 09:51:00+09:00,6.934727280748759e-05,0.0,0.9181681681681682,1
2026-07-10 09:52:00+09:00,-0.000365214948845449,0.0,0.9864864864864864,1
2026-07-10 09:53:00+09:00,-0.0003391035008774185,0.0,0.9455705705705706,1
2026-07-10 09:54:00+09:00,-8.148639438715843e-06,0.0,0.9864864864864865,1
2026-07-10 09:55:00+09:00,-0.00014808630266018225,0.0,0.9725975975975976,1
2026-07-10 09:56:00+09:00,-0.00010157445458222795,0.0,0.9320570570570571,1
2026-07-10 09:57:00+09:00,-7.701186495017076e-05,0.0,0.9861111111111112,1
2026-07-10 09:58:00+09:00,-0.0006264560279804159,0.0,1.0,1
2026-07-10 09:59:00+09:00,-0.0001141451175735456,0.0,0.9725975975975976,1
2026-07-10 10:00:00+09:00,0.00036312843161249,0.0,0.972972972972973,1
2026-07-10 10:01:00+09:00,0.0003602029882101152,0.0,1.0,1
2026-07-10 10:02:00+09:00,4.379763722787214e-06,0.0,1.0,1
2026-07-10 10:03:00+09:00,0.00014936485078373505,0.0,0.9861111111111112,1
2026-07-10 10:04:00+09:00,0.0002466712711304735,0.0,0.9316816816816816,1
2026-07-10 10:05:00+09:00,2.0694432596835292e-05,0.0,0.972972972972973,1
2026-07-10 10:06:00+09:00,-0.00020880651457277292,0.0,0.9864864864864866,1
2026-07-10 10:07:00+09:00,0.0004135469118945286,0.0,0.9864864864864865,1
2026-07-10 10:08:00+09:00,8.58671348930534e-05,0.0,0.9722222222222223,1
2026-07-10 10:09:00+09:00,0.00021024606365406128,0.0,1.0,1
2026-07-10 10:10:00+09:00,-0.00037192997435218835,0.0,0.9864864864864865,1
2026-07-10 10:11:00+09:00,0.0004746385661102658,0.0,1.0,1
2026-07-10 10:12:00+09:00,0.00036170885770455227,0.0,0.9861111111111112,1
2026-07-10 10:13:00+09:00,0.00014138775595439092,0.0,0.9864864864864865,1
2026-07-10 10:14:00+09:00,-4.536492952147019e-05,0.0,0.9864864864864865,1
2026-07-10 10:15:00+09:00,9.483186464536487e-05,0.0,0.9590840840840841,1
2026-07-10 10:16:00+09:00,0.00020662901942153155,0.0,0.9451951951951952,1
2026-07-10 10:17:00+09:00,-0.00012599066496410277,0.0,0.9725975975975976,1
2026-07-10 10:18:00+09:00,4.860164384444756e-05,0.0,1.0,1
2026-07-10 10:19:00+09:00,-0.0002976613134571984,0.0,0.972972972972973,1
2026-07-10 10:20:00+09:00,0.0002680581166272897,0.0,0.9174174174174174,1
2026-07-10 10:21:00+09:00,0.00010909919102755306,0.0,0.9590840840840841,1
2026-07-10 10:22:00+09:00,-0.00016419589728829722,0.0,0.9316816816816818,1
2026-07-10 10:23:00+09:00,-1.1678127917682203e-05,0.0,0.9316816816816816,1
2026-07-10 10:24:00+09:00,-0.00012803666884632272,0.0,0.9590840840840841,1
2026-07-10 10:25:00+09:00,7.1259204305767e-05,0.0,0.9725975975975976,1
2026-07-10 10:26:00+09:00,-0.0001233707855788907,0.0,1.0,1
2026-07-10 10:27:00+09:00,-8.76474730352839e-06,0.0,0.9177927927927928,1
2026-07-10 10:28:00+09:00,-9.112608997866972e-05,0.0,0.8768768768768769,1
2026-07-10 10:29:00+09:00,8.60844450127191e-05,0.0,0.9451951951951951,1
2026-07-10 10:30:00+09:00,-0.00014888787916075464,0.0,0.9861111111111112,1
2026-07-10 10:31:00+09:00,-0.00033702346486033907,0.0,0.9864864864864865,1
2026-07-10 10:32:00+09:00,-0.00016814679657116638,0.0,0.9587087087087087,1
2026-07-10 10:33:00+09:00,1.4961183752461007e-05,0.0,0.9174174174174174,1
2026-07-10 10:34:00+09:00,0.00034499173403834,0.0,0.9590840840840841,1
2026-07-10 10:35:00+09:00,-5.08408793994129e-05,0.0,0.9725975975975976,1
2026-07-10 10:36:00+09:00,1.0967553622172444e-06,0.0,0.9039039039039038,1
2026-07-10 10:37:00+09:00,-8.112844111260329e-05,0.0,0.9448198198198199,1
2026-07-10 10:38:00+09:00,-0.00017622472822378943,0.0,0.9316816816816818,1
2026-07-10 10:39:00+09:00,9.284010733319153e-05,0.0,0.9455705705705706,1
2026-07-10 10:40:00+09:00,-2.623727428514254e-05,0.0,0.9320570570570571,1
2026-07-10 10:41:00+09:00,-6.571162746878075e-05,0.0,0.9594594594594594,1
2026-07-10 10:42:00+09:00,-0.00011174178247259403,0.0,0.9725975975975976,1
2026-07-10 10:43:00+09:00,-6.079680415926317e-05,0.0,0.9590840840840841,1
2026-07-10 10:44:00+09:00,-0.0004806668451389987,0.0,0.890015015015015,1
2026-07-10 10:45:00+09:00,-0.0003672913971626417,0.0,0.9587087087087087,1
2026-07-10 10:46:00+09:00,-0.0003193210973645807,0.0,0.9177927927927928,1
2026-07-10 10:47:00+09:00,0.0005317508477049795,0.0,0.9590840840840842,1
2026-07-10 10:48:00+09:00,0.0002269583409439285,0.0,0.9455705705705706,1
2026-07-10 10:49:00+09:00,-0.00012904180244125807,0.0,0.9451951951951951,1
2026-07-10 10:50:00+09:00,-0.000541736661162977,0.0,0.9455705705705706,1
2026-07-10 10:51:00+09:00,-2.562757606757067e-06,0.0,0.9313063063063063,1
2026-07-10 10:52:00+09:00,-0.000224601577691209,0.0,0.9316816816816816,1
2026-07-10 10:53:00+09:00,0.00019561713517094497,0.0,0.890015015015015,1
2026-07-10 10:54:00+09:00,0.0001931896839881179,0.0,0.9864864864864864,1
2026-07-10 10:55:00+09:00,-5.0760750194846486e-05,0.0,0.9042792792792793,1
2026-07-10 10:56:00+09:00,6.4291760344843e-05,0.0,0.9725975975975976,1
2026-07-10 10:57:00+09:00,0.00022244457241888792,0.0,0.9174174174174174,1
2026-07-10 10:58:00+09:00,0.00015120095369504504,0.0,0.8907657657657657,1
2026-07-10 10:59:00+09:00,1.712475874131443e-05,0.0,0.9725975975975976,1
2026-07-10 11:00:00+09:00,3.8764816306623334e-05,0.0,0.9725975975975977,1
2026-07-10 11:01:00+09:00,0.00017791522404882404,0.0,0.9455705705705706,1
2026-07-10 11:02:00+09:00,-8.176947988598121e-06,0.0,0.9583333333333334,1
2026-07-10 11:03:00+09:00,0.00021317737686621447,0.0,0.9725975975975976,1
2026-07-10 11:04:00+09:00,3.4330258503010743e-05,0.0,0.9861111111111112,1
2026-07-10 11:05:00+09:00,9.450012188372178e-05,0.0,0.9725975975975976,1
2026-07-10 11:06:00+09:00,6.999409439717072e-05,0.0,0.9451951951951952,1
2026-07-10 11:07:00+09:00,2.04348333352623e-05,0.0,0.9316816816816818,1
2026-07-10 11:08:00+09:00,1.5432893836702757e-05,0.0,0.8907657657657657,1
2026-07-10 11:09:00+09:00,0.0003213817790850746,0.0,0.9587087087087087,1
2026-07-10 11:10:00+09:00,0.00032740503244448483,0.0,0.8907657657657658,1
2026-07-10 11:11:00+09:00,1.0623615889668583e-05,0.0,0.9444444444444444,1
2026-07-10 11:12:00+09:00,0.00018147474801120665,0.0,0.9177927927927928,1
2026-07-10 11:13:00+09:00,-8.910979694358169e-05,0.0,0.9861111111111112,1
2026-07-10 11:14:00+09:00,0.0002847997580545069,0.0,0.9455705705705706,1
2026-07-10 11:15:00+09:00,-4.168936867596955e-05,0.0,0.9177927927927928,1
2026-07-10 11:16:00+09:00,5.180921784036402e-05,0.0,0.972972972972973,1
2026-07-10 11:17:00+09:00,-0.0001819281882288406,0.0,0.8907657657657657,1
2026-07-10 11:18:00+09:00,-0.0001081289434309852,0.0,0.9448198198198199,1
2026-07-10 11:19:00+09:00,-7.48775016931617e-05,0.0,0.9864864864864865,1
2026-07-10 11:20:00+09:00,0.00020772515046032402,0.0,0.9305555555555556,1
2026-07-10 11:21:00+09:00,0.00037899967205142615,0.0,0.9455705705705706,1
2026-07-10 11:22:00+09:00,-0.00021827947570328575,0.0,0.9725975975975976,1
2026-07-10 11:23:00+09:00,-0.00014067245281667524,0.0,1.0,1
2026-07-10 11:24:00+09:00,5.014626335830561e-05,0.0,0.9316816816816818,1
2026-07-10 11:25:00+09:00,-0.00011164476039982575,0.0,0.9174174174174174,1
2026-07-10 11:26:00+09:00,0.00013632183295140098,0.0,0.9451951951951951,1
2026-07-10 11:27:00+09:00,1.3360458414020259e-05,0.0,0.9594594594594595,1
2026-07-10 11:28:00+09:00,0.00011207715773067872,0.04129129129129129,0.9177927927927928,1
2026-07-10 11:29:00+09:00,-0.00019174174174174175,0.9587087087087087,0.0,1
2026-07-10 11:30:00+09:00,0.0,0.0,0.0,1
2026-07-10 12:30:00+09:00,-0.00016481039481302411,1.0,1.0,1
2026-07-10 12:31:00+09:00,-0.00016351496235733124,0.0,0.9864864864864865,1
2026-07-10 12:32:00+09:00,5.396724915299191e-05,0.0,0.9594594594594594,1
2026-07-10 12:33:00+09:00,9.828437020877459e-05,0.0,0.9864864864864865,1
2026-07-10 12:34:00+09:00,9.006404230490052e-06,0.0,0.9459459459459459,1
2026-07-10 12:35:00+09:00,-4.576072895357077e-05,0.0,0.9313063063063063,1
2026-07-10 12:36:00+09:00,-0.00012366225006044205,0.0,0.9725975975975976,1
2026-07-10 12:37:00+09:00,-0.0001739346478166183,0.0,0.9451951951951952,1
2026-07-10 12:38:00+09:00,0.0001123480802403766,0.0,0.9451951951951952,1
2026-07-10 12:39:00+09:00,-0.0001388358315432601,0.0,0.9587087087087087,1
2026-07-10 12:40:00+09:00,-0.0001943889324884921,0.0,0.9590840840840842,1
2026-07-10 12:41:00+09:00,-0.00010156045311008226,0.0,0.9309309309309309,1
2026-07-10 12:42:00+09:00,0.000196666129665102,0.0,0.9451951951951951,1
2026-07-10 12:43:00+09:00,3.129510790479182e-05,0.0,1.0,1
2026-07-10 12:44:00+09:00,0.00012335426188834806,0.0,0.9177927927927927,1
2026-07-10 12:45:00+09:00,-0.00011552006209888992,0.0,0.9722222222222223,1
2026-07-10 12:46:00+09:00,0.0001944846878340579,0.0,1.0,1
2026-07-10 12:47:00+09:00,0.00013006404294980123,0.0,0.9722222222222223,1
2026-07-10 12:48:00+09:00,0.00015748002161072107,0.0,0.9316816816816818,1
2026-07-10 12:49:00+09:00,0.00021039697781289498,0.0,0.9316816816816818,1
2026-07-10 12:50:00+09:00,0.0001690535168304464,0.0,0.9864864864864865,1
2026-07-10 12:51:00+09:00,-0.0001308616035460244,0.0,0.9455705705705706,1
2026-07-10 12:52:00+09:00,0.00016740683499274155,0.0,0.9725975975975977,1
2026-07-10 12:53:00+09:00,2.2147192329556147e-05,0.0,0.9455705705705706,1
2026-07-10 12:54:00+09:00,-0.00012432955826781873,0.0,0.917042042042042,1
2026-07-10 12:55:00+09:00,-0.00027454962881561136,0.0,0.9725975975975976,1
2026-07-10 12:56:00+09:00,-0.00010814265879098935,0.0,0.9587087087087087,1
2026-07-10 12:57:00+09:00,-3.929367979092652e-05,0.0,0.9316816816816816,1
2026-07-10 12:58:00+09:00,-0.00024761961651281614,0.0,0.9320570570570571,1
2026-07-10 12:59:00+09:00,-0.00011534307317722173,0.0,0.9451951951951952,1
2026-07-10 13:00:00+09:00,1.824211045072484e-05,0.0,0.9451951951951952,1
2026-07-10 13:01:00+09:00,-1.2011431195060873e-05,0.0,0.9451951951951952,1
2026-07-10 13:02:00+09:00,-9.486070685441473e-05,0.0,0.9455705705705706,1
2026-07-10 13:03:00+09:00,-0.0003312165796135099,0.0,0.9316816816816816,1
2026-07-10 13:04:00+09:00,-6.627057179382022e-05,0.0,0.9185435435435436,1
2026-07-10 13:05:00+09:00,6.470865272940445e-05,0.0,0.9444444444444444,1
2026-07-10 13:06:00+09:00,4.0317183546164575e-05,0.0,0.9313063063063063,1
2026-07-10 13:07:00+09:00,-0.00027143031139377505,0.0,0.9320570570570571,1
2026-07-10 13:08:00+09:00,0.00015699706202072775,0.0,0.9448198198198199,1
2026-07-10 13:09:00+09:00,-0.00011919592481354352,0.0,0.9864864864864865,1
2026-07-10 13:10:00+09:00,-5.5815411896060804e-05,0.0,0.8761261261261262,1
2026-07-10 13:11:00+09:00,-4.042348609715779e-05,0.0,0.9316816816816816,1
2026-07-10 13:12:00+09:00,-7.693686496237864e-05,0.0,0.9042792792792793,1
2026-07-10 13:13:00+09:00,5.7613005211378115e-05,0.0,0.9039039039039038,1
2026-07-10 13:14:00+09:00,0.00011131935150253926,0.0,0.8911411411411412,1
2026-07-10 13:15:00+09:00,-1.5164513137412016e-05,0.0,0.9725975975975976,1
2026-07-10 13:16:00+09:00,-7.883924962335125e-05,0.0,0.9181681681681682,1
2026-07-10 13:17:00+09:00,-0.000135898015071899,0.0,0.9181681681681682,1
2026-07-10 13:18:00+09:00,8.919220398890331e-06,0.0,0.9864864864864865,1
2026-07-10 13:19:00+09:00,9.102206576703079e-06,0.0,0.9042792792792793,1
2026-07-10 13:20:00+09:00,0.0002572126557445439,0.0,0.8907657657657657,1
2026-07-10 13:21:00+09:00,0.00013144228157281203,0.0,0.9320570570570571,1
2026-07-10 13:22:00+09:00,-8.118680629435378e-05,0.0,0.9725975975975976,1
2026-07-10 13:23:00+09:00,6.263201302381608e-05,0.0,0.9181681681681682,1
2026-07-10 13:24:00+09:00,-8.404232282844932e-05,0.0,0.890015015015015,1
2026-07-10 13:25:00+09:00,4.759554683354441e-05,0.0,0.8907657657657657,1
2026-07-10 13:26:00+09:00,-0.00016418599730677502,0.0,0.8896396396396395,1
2026-07-10 13:27:00+09:00,-8.56957993247864e-05,0.0,0.9725975975975976,1
2026-07-10 13:28:00+09:00,-2.2817788439363373e-05,0.0,0.9451951951951951,1
2026-07-10 13:29:00+09:00,-2.9580148068622444e-06,0.0,0.9725975975975976,1
2026-07-10 13:30:00+09:00,0.00015775725243110015,0.0,0.9590840840840842,1
2026-07-10 13:31:00+09:00,-9.730480304452139e-05,0.0,0.9459459459459459,1
2026-07-10 13:32:00+09:00,0.00015694710297413725,0.0,0.903903903903904,1
2026-07-10 13:33:00+09:00,-2.179137176868849e-05,0.0,0.9725975975975976,1
2026-07-10 13:34:00+09:00,-3.668439424177355e-05,0.0,0.9451951951951951,1
2026-07-10 13:35:00+09:00,-0.00011831855635022967,0.0,0.9046546546546547,1
2026-07-10 13:36:00+09:00,-7.714051934035826e-05,0.0,0.9042792792792793,1
2026-07-10 13:37:00+09:00,7.30953346994503e-05,0.0,0.9174174174174174,1
2026-07-10 13:38:00+09:00,-4.178335593676813e-06,0.0,0.8494744744744744,1
2026-07-10 13:39:00+09:00,7.601948146355111e-05,0.0,0.8907657657657657,1
2026-07-10 13:40:00+09:00,5.113420414262928e-05,0.0,0.8626126126126126,1
2026-07-10 13:41:00+09:00,-9.81559911118505e-05,0.0,0.9035285285285285,1
2026-07-10 13:42:00+09:00,2.273062626326045e-05,0.0,0.8765015015015014,1
2026-07-10 13:43:00+09:00,-4.995631108569708e-05,0.0,0.9039039039039038,1
2026-07-10 13:44:00+09:00,1.5752308072684863e-05,0.0,0.9725975975975976,1
2026-07-10 13:45:00+09:00,0.00010234765623565577,0.0,0.9042792792792793,1
2026-07-10 13:46:00+09:00,-1.9528960918923086e-05,0.0,0.8637387387387387,1
2026-07-10 13:47:00+09:00,-6.037448787347022e-05,0.0,0.8633633633633634,1
2026-07-10 13:48:00+09:00,7.955133676321982e-05,0.0,0.9166666666666667,1
2026-07-10 13:49:00+09:00,0.00022630948033757064,0.0,0.932057057057057,1
2026-07-10 13:50:00+09:00,0.00011756483754481965,0.0,0.9177927927927929,1
2026-07-10 13:51:00+09:00,2.403158790135342e-05,0.0,0.9177927927927929,1
2026-07-10 13:52:00+09:00,0.00011172269724266008,0.0,0.930930930930931,1
2026-07-10 13:53:00+09:00,-0.0001112782792269422,0.0,0.932057057057057,1
2026-07-10 13:54:00+09:00,-0.0001231583925461511,0.0,0.8633633633633633,1
2026-07-10 13:55:00+09:00,0.00026880646800420105,0.0,0.9181681681681682,1
2026-07-10 13:56:00+09:00,9.012437352814767e-05,0.0,0.9451951951951952,1
2026-07-10 13:57:00+09:00,-0.00019718607979038404,0.0,0.9861111111111112,1
2026-07-10 13:58:00+09:00,-9.088205564672838e-06,0.0,0.9177927927927928,1
2026-07-10 13:59:00+09:00,1.7870881781971764e-05,0.0,0.9587087087087087,1
2026-07-10 14:00:00+09:00,-8.885044005053946e-05,0.0,0.9861111111111112,1
2026-07-10 14:01:00+09:00,0.0001005644286401703,0.0,0.9185435435435435,1
2026-07-10 14:02:00+09:00,8.752545625036048e-05,0.0,0.8498498498498499,1
2026-07-10 14:03:00+09:00,-7.560973930755958e-06,0.0,0.8892642642642643,1
2026-07-10 14:04:00+09:00,-0.00012017173374945362,0.0,0.917042042042042,1
2026-07-10 14:05:00+09:00,-6.274365591012758e-05,0.0,0.9181681681681682,1
2026-07-10 14:06:00+09:00,-9.704113958093295e-05,0.0,0.9042792792792793,1
2026-07-10 14:07:00+09:00,0.00016932401106228476,0.0,0.9313063063063063,1
2026-07-10 14:08:00+09:00,-0.0001073075877526997,0.0,0.9459459459459459,1
2026-07-10 14:09:00+09:00,2.7103034358838028e-05,0.0,0.9181681681681682,1
2026-07-10 14:10:00+09:00,-9.830555713814678e-05,0.0,0.8768768768768769,1
2026-07-10 14:11:00+09:00,5.272985096793422e-05,0.0,0.8911411411411412,1
2026-07-10 14:12:00+09:00,-1.8979024650081387e-06,0.0,0.9590840840840842,1
2026-07-10 14:13:00+09:00,-0.00011244958209825169,0.0,0.9864864864864865,1
2026-07-10 14:14:00+09:00,-9.554164055304379e-05,0.0,0.9316816816816816,1
2026-07-10 14:15:00+09:00,5.7911417110320365e-05,0.0,0.9039039039039038,1
2026-07-10 14:16:00+09:00,3.475397979018663e-05,0.0,0.930930930930931,1
2026-07-10 14:17:00+09:00,9.002272785695633e-05,0.0,0.9448198198198199,1
2026-07-10 14:18:00+09:00,-0.00017481345775526583,0.0,0.903903903903904,1
2026-07-10 14:19:00+09:00,-5.5356071586579346e-05,0.0,0.9177927927927928,1
2026-07-10 14:20:00+09:00,-6.035721938205424e-05,0.0,0.9587087087087087,1
2026-07-10 14:21:00+09:00,1.5316631767526227e-05,0.0,0.847972972972973,1
2026-07-10 14:22:00+09:00,-4.212772599120955e-06,0.0,0.8768768768768769,1
2026-07-10 14:23:00+09:00,5.1922595079853566e-05,0.0,0.9309309309309309,1
2026-07-10 14:24:00+09:00,-9.083347047873407e-05,0.0,0.9309309309309308,1
2026-07-10 14:25:00+09:00,2.387032877014876e-05,0.0,0.9313063063063063,1
2026-07-10 14:26:00+09:00,8.112308667585856e-05,0.0,0.9181681681681682,1
2026-07-10 14:27:00+09:00,-8.958040338848232e-05,0.0,0.8903903903903905,1
2026-07-10 14:28:00+09:00,-0.0003460032310076022,0.0,0.9042792792792793,1
2026-07-10 14:29:00+09:00,5.3694134524900115e-05,0.0,0.9861111111111112,1
2026-07-10 14:30:00+09:00,0.00010221816567321086,0.0,0.9590840840840842,1
2026-07-10 14:31:00+09:00,7.340686874100303e-05,0.0,0.945945945945946,1
2026-07-10 14:32:00+09:00,0.00018283369674206593,0.0,0.9174174174174174,1
2026-07-10 14:33:00+09:00,-0.00010800608430712074,0.0,0.9177927927927928,1
2026-07-10 14:34:00+09:00,5.828295071006879e-05,0.0,0.9177927927927927,1
2026-07-10 14:35:00+09:00,-7.728914581186617e-05,0.0,0.9590840840840842,1
2026-07-10 14:36:00+09:00,1.599475584914787e-05,0.0,0.9448198198198199,1
2026-07-10 14:37:00+09:00,6.908280889184391e-05,0.0,0.9725975975975976,1
2026-07-10 14:38:00+09:00,1.9191984218562972e-06,0.0,0.9583333333333333,1
2026-07-10 14:39:00+09:00,6.532659124851523e-05,0.0,0.9725975975975977,1
2026-07-10 14:40:00+09:00,9.623308900516444e-05,0.0,0.9444444444444444,1
2026-07-10 14:41:00+09:00,-0.0003987599727213466,0.0,1.0,1
2026-07-10 14:42:00+09:00,6.0249610460071353e-05,0.0,0.9725975975975976,1
2026-07-10 14:43:00+09:00,-0.00014098759929875537,0.0,0.9046546546546548,1
2026-07-10 14:44:00+09:00,-0.00010404940125994403,0.0,0.9177927927927928,1
2026-07-10 14:45:00+09:00,-1.3173944687076435e-05,0.0,0.9722222222222222,1
2026-07-10 14:46:00+09:00,-7.170625265257221e-06,0.0,0.9590840840840842,1
2026-07-10 14:47:00+09:00,-5.8150707203728965e-05,0.0,0.9039039039039038,1
2026-07-10 14:48:00+09:00,0.00012856908112388382,0.0,0.9313063063063063,1
2026-07-10 14:49:00+09:00,-3.892540803202571e-05,0.0,0.9864864864864865,1
2026-07-10 14:50:00+09:00,-0.00019740575041819584,0.0,0.9174174174174174,1
2026-07-10 14:51:00+09:00,1.2865101543295248e-05,0.0,0.9046546546546546,1
2026-07-10 14:52:00+09:00,0.00013062250713897017,0.0,0.9313063063063063,1
2026-07-10 14:53:00+09:00,-0.00021580213629976392,0.0,0.9583333333333333,1
2026-07-10 14:54:00+09:00,-3.1513673669873613e-07,0.0,0.9722222222222223,1
2026-07-10 14:55:00+09:00,0.00021125329446589454,0.0,0.9313063063063063,1
2026-07-10 14:56:00+09:00,0.00012170222085322532,0.0,1.0,1
2026-07-10 14:57:00+09:00,0.00011239690084212422,0.0,0.9316816816816818,1
2026-07-10 14:58:00+09:00,-3.722000991561287e-05,0.0,0.9587087087087087,1
2026-07-10 14:59:00+09:00,0.00010005989456376014,0.0,0.9459459459459459,1
2026-07-10 15:00:00+09:00,-4.6160316364885886e-05,0.0,0.9861111111111112,1
2026-07-10 15:01:00+09:00,0.00011353225752042688,0.0,0.9455705705705706,1
2026-07-10 15:02:00+09:00,-0.00012530503699404743,0.0,0.9722222222222223,1
2026-07-10 15:03:00+09:00,-7.912583192127979e-05,0.0,1.0,1
2026-07-10 15:04:00+09:00,0.0002825212969647143,0.0,0.972972972972973,1
2026-07-10 15:05:00+09:00,0.0002550460166532018,0.0,0.9864864864864865,1
2026-07-10 15:06:00+09:00,0.00017241159945602123,0.0,0.9455705705705706,1
2026-07-10 15:07:00+09:00,3.9323614152575515e-06,0.0,0.9864864864864865,1
2026-07-10 15:08:00+09:00,7.222205920034963e-05,0.0,0.9451951951951952,1
2026-07-10 15:09:00+09:00,6.902586081302748e-05,0.0,0.9861111111111112,1
2026-07-10 15:10:00+09:00,-0.0002307453247970347,0.0,0.9864864864864865,1
2026-07-10 15:11:00+09:00,-9.302062127764246e-05,0.0,0.9725975975975976,1
2026-07-10 15:12:00+09:00,-3.3196581847096605e-05,0.0,0.9864864864864865,1
2026-07-10 15:13:00+09:00,-0.00012683674467803784,0.0,0.9587087087087087,1
2026-07-10 15:14:00+09:00,-0.0008494901586892854,1.8055916305916306,0.9999999999999999,1
2026-07-10 15:15:00+09:00,3.0043436667651477e-06,0.0,0.9596681096681097,1
2026-07-10 15:16:00+09:00,0.00041703727830307117,0.0,0.9145382395382394,1
2026-07-10 15:17:00+09:00,-5.0213679749535084e-05,0.0,0.9322330447330447,1
2026-07-10 15:18:00+09:00,-0.0002586364376224093,0.0,0.969083694083694,1
2026-07-10 15:19:00+09:00,0.00010195869657256152,0.0,0.9323953823953823,1
2026-07-10 15:20:00+09:00,-0.00034730503230152865,0.0,0.9507395382395383,1
2026-07-10 15:21:00+09:00,0.0003569201234010518,0.0,0.9776875901875901,1
2026-07-10 15:22:00+09:00,4.177590771325123e-05,0.0,0.9867784992784991,1
2026-07-10 15:23:00+09:00,0.00117129860581284,0.0,0.9958694083694084,1
2026-07-10 15:24:00+09:00,-0.00020277777777777777,1.0138888888888888,0.0,1
2026-07-10 15:30:00+09:00,0.0,0.0,0.0,1
2026-07-13 09:00:00+09:00,0.0,0.0,0.0,2
2026-07-13 09:01:00+09:00,0.0,0.0,0.0,2
2026-07-13 09:02:00+09:00,0.0,0.0,0.0,2
2026-07-13 09:03:00+09:00,0.0,0.0,0.0,2
2026-07-13 09:04:00+09:00,0.0,0.0,0.0,2
2026-07-13 09:05:00+09:00,0.0,0.0,0.0,2
2026-07-13 09:06:00+09:00,0.0,0.0,0.0,2
2026-07-13 09:07:00+09:00,0.0,0.0,0.0,2
2026-07-13 09:08:00+09:00,0.0,0.0,0.0,2
2026-07-13 09:09:00+09:00,0.0,0.0,0.0,2
2026-07-13 09:10:00+09:00,0.0,0.0,0.0,2
2026-07-13 09:11:00+09:00,0.0,0.0,0.0,2
2026-07-13 09:12:00+09:00,0.0,0.0,0.0,2
2026-07-13 09:13:00+09:00,0.0,0.0,0.0,2
2026-07-13 09:14:00+09:00,0.0,0.0,0.0,2
2026-07-13 09:15:00+09:00,-0.0005117159107948645,1.0,1.0,2
2026-07-13 09:16:00+09:00,0.00018405376090627022,0.0,0.9878048780487805,2
2026-07-13 09:17:00+09:00,-0.00012164640740427288,0.0,1.0,2
2026-07-13 09:18:00+09:00,0.0006902887489023073,0.0,0.988095238095238,2
2026-07-13 09:19:00+09:00,-0.000279949843873412,0.0,0.9878048780487805,2
2026-07-13 09:20:00+09:00,-0.00015304523873560944,0.0,1.0,2
2026-07-13 09:21:00+09:00,0.0002930648404856868,0.0,0.9999999999999999,2
2026-07-13 09:22:00+09:00,-3.696496192069263e-05,0.0,0.9759001161440186,2
2026-07-13 09:23:00+09:00,-0.00024530103505145383,0.0,0.9878048780487805,2
2026-07-13 09:24:00+09:00,-0.0008850426440026171,0.0,0.975609756097561,2
2026-07-13 09:25:00+09:00,-0.0006992229281092547,0.0,0.9878048780487805,2
2026-07-13 09:26:00+09:00,-0.000391298765148315,0.0,1.0,2
2026-07-13 09:27:00+09:00,-2.6301514552248613e-05,0.0,0.9878048780487805,2
2026-07-13 09:28:00+09:00,0.0003121818108404821,0.0,0.9759001161440184,2
2026-07-13 09:29:00+09:00,9.726949442960444e-06,0.0,0.9999999999999999,2
2026-07-13 09:30:00+09:00,0.0001701465702971696,0.0,0.9878048780487805,2
2026-07-13 09:31:00+09:00,6.056816828112397e-05,0.0,0.9878048780487805,2
2026-07-13 09:32:00+09:00,-0.0001326659125564079,0.0,0.9634146341463414,2
2026-07-13 09:33:00+09:00,-1.0663963792687275e-05,0.0,0.9878048780487805,2
2026-07-13 09:34:00+09:00,0.00019163957066698102,0.0,0.9878048780487804,2
2026-07-13 09:35:00+09:00,0.0005279512859359719,0.0,0.9756097560975608,2
2026-07-13 09:36:00+09:00,3.4000219982615375e-06,0.0,0.9878048780487805,2
2026-07-13 09:37:00+09:00,0.00021105542469617122,0.0,0.9999999999999999,2
2026-07-13 09:38:00+09:00,-2.0242008756178586e-05,0.0,0.9880952380952381,2
2026-07-13 09:39:00+09:00,0.0006248929486832433,0.0,0.9878048780487805,2
2026-07-13 09:40:00+09:00,-0.0001224929497319662,0.0,0.9878048780487805,2
2026-07-13 09:41:00+09:00,-0.00020406316598132747,0.0,0.9999999999999999,2
2026-07-13 09:42:00+09:00,0.00034763919479400293,0.0,0.9878048780487805,2
2026-07-13 09:43:00+09:00,0.00013742919564206367,0.0,0.9999999999999998,2
2026-07-13 09:44:00+09:00,-1.3040180147935222e-05,0.0,0.9639953542392565,2
2026-07-13 09:45:00+09:00,4.952466833974543e-06,0.0,0.9396051103368176,2
2026-07-13 09:46:00+09:00,0.00024241633528040822,0.0,0.9393147502903599,2
2026-07-13 09:47:00+09:00,-0.0003116200699595213,0.0,0.9634146341463414,2
2026-07-13 09:48:00+09:00,-1.325997233007727e-05,0.0,0.9759001161440186,2
2026-07-13 09:49:00+09:00,-5.894138479246272e-05,0.0,0.988095238095238,2
2026-07-13 09:50:00+09:00,0.00020145079642206923,0.0,0.9520905923344947,2
2026-07-13 09:51:00+09:00,0.00018077187874552107,0.0,0.975609756097561,2
2026-07-13 09:52:00+09:00,-0.0003251228434911192,0.0,0.9999999999999999,2
2026-07-13 09:53:00+09:00,0.0003765440867787887,0.0,0.9639953542392566,2
2026-07-13 09:54:00+09:00,-0.0003334206395864235,0.0,0.9878048780487805,2
2026-07-13 09:55:00+09:00,-0.0001828878507760798,0.0,0.9634146341463414,2
2026-07-13 09:56:00+09:00,0.0005420304296594554,0.0,0.93931475029036,2
2026-07-13 09:57:00+09:00,-2.5229645015612938e-05,0.0,0.975609756097561,2
2026-07-13 09:58:00+09:00,-0.0001239199224176785,0.0,0.9642857142857143,2
2026-07-13 09:59:00+09:00,-0.00038915622469005393,0.0,0.9393147502903598,2
2026-07-13 10:00:00+09:00,-1.5121061493117466e-05,0.0,0.9878048780487805,2
2026-07-13 10:01:00+09:00,-0.0002608733876581241,0.0,0.9878048780487805,2
2026-07-13 10:02:00+09:00,0.0004942214338850692,0.0,0.963704994192799,2
2026-07-13 10:03:00+09:00,0.0005413616757425006,0.0,0.963704994192799,2
2026-07-13 10:04:00+09:00,0.00016081161338090484,0.0,0.9880952380952379,2
2026-07-13 10:05:00+09:00,-9.866937563563139e-05,0.0,0.988095238095238,2
2026-07-13 10:06:00+09:00,5.343055820160016e-05,0.0,0.9759001161440184,2
2026-07-13 10:07:00+09:00,-3.8419525169803064e-05,0.0,0.9878048780487805,2
2026-07-13 10:08:00+09:00,9.922745897744648e-05,0.0,0.9634146341463414,2
2026-07-13 10:09:00+09:00,-0.00030857197695057805,0.0,0.9999999999999999,2
2026-07-13 10:10:00+09:00,-4.7022571433315445e-05,0.0,0.8911149825783972,2
2026-07-13 10:11:00+09:00,-0.00012470183252293306,0.0,0.9759001161440185,2
2026-07-13 10:12:00+09:00,-4.51604168513133e-05,0.0,0.9390243902439024,2
2026-07-13 10:13:00+09:00,-0.0002289051728731167,0.0,0.975609756097561,2
2026-07-13 10:14:00+09:00,-0.0003431218694336346,0.0,0.9157955865272938,2
2026-07-13 10:15:00+09:00,0.0001242074042636469,0.0,0.9878048780487805,2
2026-07-13 10:16:00+09:00,0.0002490718487428672,0.0,0.9271196283391404,2
2026-07-13 10:17:00+09:00,-0.00014319319809587733,0.0,0.9878048780487805,2
2026-07-13 10:18:00+09:00,2.8386530463603848e-05,0.0,0.8914053426248548,2
2026-07-13 10:19:00+09:00,0.00010623314551391316,0.0,0.9515098722415795,2
2026-07-13 10:20:00+09:00,-0.00018571292154665925,0.0,0.9759001161440185,2
2026-07-13 10:21:00+09:00,0.00019729825814177333,0.0,0.9398954703832753,2
2026-07-13 10:22:00+09:00,0.00027243315328712896,0.0,0.9157955865272938,2
2026-07-13 10:23:00+09:00,-7.047012277506748e-05,0.0,0.9634146341463414,2
2026-07-13 10:24:00+09:00,-5.1868315613317963e-05,0.0,0.975609756097561,2
2026-07-13 10:25:00+09:00,0.0001451476856502469,0.0,0.975609756097561,2
2026-07-13 10:26:00+09:00,-0.00013553526502318802,0.0,0.9515098722415795,2
2026-07-13 10:27:00+09:00,8.7174727967759e-05,0.0,0.9759001161440185,2
2026-07-13 10:28:00+09:00,-2.3346217267113185e-05,0.0,0.9398954703832751,2
2026-07-13 10:29:00+09:00,0.0005909156087654129,0.0,0.9759001161440185,2
2026-07-13 10:30:00+09:00,0.0003462090157000391,0.0,1.0,2
2026-07-13 10:31:00+09:00,4.569122903437948e-05,0.0,0.9398954703832751,2
2026-07-13 10:32:00+09:00,-0.00017948653887717435,0.0,0.9878048780487805,2
2026-07-13 10:33:00+09:00,-0.000170471196860403,0.0,0.9759001161440186,2
2026-07-13 10:34:00+09:00,-8.830814433565825e-05,0.0,0.9518002322880371,2
2026-07-13 10:35:00+09:00,-0.0007840434716413889,0.0,0.975609756097561,2
2026-07-13 10:36:00+09:00,-6.780611363153202e-05,0.0,0.9878048780487805,2
2026-07-13 10:37:00+09:00,-1.6711007576252623e-05,0.0,0.975609756097561,2
2026-07-13 10:38:00+09:00,-1.0077572913620335e-05,0.0,0.93931475029036,2
2026-07-13 10:39:00+09:00,-0.00023558773982905015,0.0,1.0,2
2026-07-13 10:40:00+09:00,0.00010223288605287246,0.0,0.975609756097561,2
2026-07-13 10:41:00+09:00,0.0005802045269133848,0.0,0.9390243902439024,2
2026-07-13 10:42:00+09:00,0.0005043578326317974,0.0,0.9878048780487805,2
2026-07-13 10:43:00+09:00,-0.00018318775605087758,0.0,0.988095238095238,2
2026-07-13 10:44:00+09:00,-0.00011886918329371648,0.0,0.9637049941927991,2
2026-07-13 10:45:00+09:00,4.0184562959861806e-05,0.0,0.927409988385598,2
2026-07-13 10:46:00+09:00,0.0001744496071064249,0.0,0.9759001161440186,2
2026-07-13 10:47:00+09:00,-1.950216207671883e-06,0.0,0.9393147502903599,2
2026-07-13 10:48:00+09:00,-3.687208060055084e-05,0.0,1.0,2
2026-07-13 10:49:00+09:00,2.04304794569329e-06,0.0,0.9759001161440185,2
2026-07-13 10:50:00+09:00,0.00035797442277162646,0.0,0.975609756097561,2
2026-07-13 10:51:00+09:00,-0.0001402474787913606,0.0,0.9634146341463414,2
2026-07-13 10:52:00+09:00,-0.00011871047155381406,0.0,0.963704994192799,2
2026-07-13 10:53:00+09:00,-3.8837100163621254e-05,0.0,0.9634146341463414,2
2026-07-13 10:54:00+09:00,0.0003703829302025107,0.0,0.9761904761904762,2
2026-07-13 10:55:00+09:00,-0.0002537534634997615,0.0,0.9759001161440185,2
2026-07-13 10:56:00+09:00,0.00019087503980734933,0.0,1.0,2
2026-07-13 10:57:00+09:00,0.0001732171333992289,0.0,0.9634146341463414,2
2026-07-13 10:58:00+09:00,-0.00030068245862180593,0.0,0.9759001161440186,2
2026-07-13 10:59:00+09:00,0.0006978639913824219,0.0,0.9518002322880372,2
2026-07-13 11:00:00+09:00,0.00046252690171673464,0.0,0.9634146341463412,2
2026-07-13 11:01:00+09:00,3.918670681235038e-06,0.0,0.9639953542392566,2
2026-07-13 11:02:00+09:00,0.0002524788922190033,0.0,0.9878048780487805,2
2026-07-13 11:03:00+09:00,-0.00015716676624854146,0.0,0.9515098722415796,2
2026-07-13 11:04:00+09:00,1.135343546716416e-05,0.0,0.9515098722415795,2
2026-07-13 11:05:00+09:00,-5.1880299674307934e-06,0.0,0.9515098722415796,2
2026-07-13 11:06:00+09:00,-0.00010053815908572477,0.0,0.9030197444831591,2
2026-07-13 11:07:00+09:00,-0.00037206173390744445,0.0,0.9271196283391405,2
2026-07-13 11:08:00+09:00,-0.00017524051254161045,0.0,0.963704994192799,2
2026-07-13 11:09:00+09:00,-0.0003228202943619452,0.0,0.963704994192799,2
2026-07-13 11:10:00+09:00,-0.0002942529770733162,0.0,0.9518002322880371,2
2026-07-13 11:11:00+09:00,0.00018611910779740598,0.0,0.9515098722415795,2
2026-07-13 11:12:00+09:00,-1.788227514195296e-05,0.0,0.9396051103368176,2
2026-07-13 11:13:00+09:00,0.00039968775344869257,0.0,0.9274099883855981,2
2026-07-13 11:14:00+09:00,-1.7704308301115193e-05,0.0,0.9396051103368177,2
2026-07-13 11:15:00+09:00,-8.672924412394614e-05,0.0,0.963704994192799,2
2026-07-13 11:16:00+09:00,-7.629538643090126e-05,0.0,0.9274099883855982,2
2026-07-13 11:17:00+09:00,-5.158001279367465e-05,0.0,0.9515098722415795,2
2026-07-13 11:18:00+09:00,8.573870939614034e-05,0.0,0.890534262485482,2
2026-07-13 11:19:00+09:00,-0.0001628453829622584,0.0,0.9515098722415795,2
2026-07-13 11:20:00+09:00,-0.00020316116362328648,0.0,0.9398954703832753,2
2026-07-13 11:21:00+09:00,0.00019195851406533104,0.0,0.9878048780487805,2
2026-07-13 11:22:00+09:00,-0.0001890211182889445,0.012195121951219513,0.9515098722415795,2
2026-07-13 11:23:00+09:00,-0.00017124710491198824,0.0,0.975609756097561,2
2026-07-13 11:24:00+09:00,-3.0046598367059294e-05,0.0,0.9393147502903599,2
2026-07-13 11:25:00+09:00,0.00015999761016484104,0.0,0.9518002322880371,2
2026-07-13 11:26:00+09:00,-0.00016022574824190317,0.0,0.9398954703832751,2
2026-07-13 11:27:00+09:00,-6.667776025784496e-05,0.0,0.9152148664343785,2
2026-07-13 11:28:00+09:00,-0.00013962777333174033,0.048490127758420445,0.8908246225319396,2
2026-07-13 11:29:00+09:00,-0.00018786295005807202,0.93931475029036,0.0,2
2026-07-13 11:30:00+09:00,0.0,0.0,0.0,2
2026-07-13 12:30:00+09:00,0.0004099915939226323,1.0,1.0,2
2026-07-13 12:31:00+09:00,0.0004247353280257657,0.0,0.9878048780487805,2
2026-07-13 12:32:00+09:00,-0.00018024413109735205,0.0,0.9518002322880372,2
2026-07-13 12:33:00+09:00,0.0003313847163522209,0.0,0.9512195121951219,2
2026-07-13 12:34:00+09:00,-8.146386654786297e-05,0.0,0.975609756097561,2
2026-07-13 12:35:00+09:00,-0.00023009715296116686,0.0,0.9637049941927991,2
2026-07-13 12:36:00+09:00,-0.00011705575673178074,0.0,0.9878048780487805,2
2026-07-13 12:37:00+09:00,-0.0005434228415878975,0.0,0.9390243902439024,2
2026-07-13 12:38:00+09:00,-3.332190516546584e-05,0.0,0.9999999999999999,2
2026-07-13 12:39:00+09:00,-9.188320632467259e-05,0.0,0.9878048780487805,2
2026-07-13 12:40:00+09:00,0.00022473949915659708,0.0,0.9512195121951219,2
2026-07-13 12:41:00+09:00,0.00023755435895874078,0.0,0.9634146341463414,2
2026-07-13 12:42:00+09:00,0.00023879988485720085,0.0,0.975609756097561,2
2026-07-13 12:43:00+09:00,0.00028445974700906423,0.0,0.9639953542392568,2
2026-07-13 12:44:00+09:00,-0.00015949623187301335,0.0,0.9634146341463414,2
2026-07-13 12:45:00+09:00,-0.0002979433042966633,0.0,0.975609756097561,2
2026-07-13 12:46:00+09:00,5.2372360267867547e-05,0.0,0.9390243902439025,2
2026-07-13 12:47:00+09:00,-0.00022065271834612014,0.0,0.9634146341463414,2
2026-07-13 12:48:00+09:00,8.421152394249416e-05,0.0,0.9878048780487805,2
2026-07-13 12:49:00+09:00,9.675682561875966e-05,0.0,0.9512195121951219,2
2026-07-13 12:50:00+09:00,0.00011758538673387403,0.0,0.9634146341463414,2
2026-07-13 12:51:00+09:00,0.0001422003526439287,0.0,0.9878048780487805,2
2026-07-13 12:52:00+09:00,7.606899227383813e-05,0.0,0.9878048780487805,2
2026-07-13 12:53:00+09:00,7.22493872764169e-05,0.0,0.9277003484320557,2
2026-07-13 12:54:00+09:00,0.00015980317815671947,0.0,0.9152148664343787,2
2026-07-13 12:55:00+09:00,-0.00011010582208332411,0.0,0.9396051103368177,2
2026-07-13 12:56:00+09:00,-0.00011982169376968625,0.0,0.975609756097561,2
2026-07-13 12:57:00+09:00,0.0002847635228665872,0.0,0.9759001161440184,2
2026-07-13 12:58:00+09:00,8.638573981935307e-05,0.0,0.9515098722415796,2
2026-07-13 12:59:00+09:00,0.00024316274363697286,0.0,0.9878048780487804,2
2026-07-13 13:00:00+09:00,0.00010738137594928922,0.0,0.9878048780487805,2
2026-07-13 13:01:00+09:00,0.00017039709092344987,0.0,0.93931475029036,2
2026-07-13 13:02:00+09:00,9.478344414356699e-06,0.0,0.975609756097561,2
2026-07-13 13:03:00+09:00,-5.772012343243041e-06,0.0,0.9396051103368176,2
2026-07-13 13:04:00+09:00,0.0002475720836770709,0.0,0.9157955865272938,2
2026-07-13 13:05:00+09:00,-3.4534984694800984e-05,0.0,0.9878048780487803,2
2026-07-13 13:06:00+09:00,-0.00013854966732541708,0.0,0.9274099883855981,2
2026-07-13 13:07:00+09:00,0.00012433899589052888,0.0,0.9279907084785133,2
2026-07-13 13:08:00+09:00,-0.00031338550510768144,0.0,0.9878048780487805,2
2026-07-13 13:09:00+09:00,0.00016464798161368516,0.0,0.9033101045296167,2
2026-07-13 13:10:00+09:00,-0.0002493431708135297,0.0,0.9520905923344948,2
2026-07-13 13:11:00+09:00,-5.504640955263443e-05,0.0,0.9155052264808362,2
2026-07-13 13:12:00+09:00,6.201214922805743e-05,0.0,0.8795005807200929,2
2026-07-13 13:13:00+09:00,2.9752717852481965e-05,0.0,0.9634146341463414,2
2026-07-13 13:14:00+09:00,1.0070733393722385e-05,0.0,0.9033101045296167,2
2026-07-13 13:15:00+09:00,5.039968592117113e-06,0.0,0.9520905923344948,2
2026-07-13 13:16:00+09:00,8.28699189687009e-05,0.0,0.9393147502903599,2
2026-07-13 13:17:00+09:00,-0.00010242753637914378,0.0,0.9512195121951219,2
2026-07-13 13:18:00+09:00,0.0001375948124057559,0.0,0.9393147502903599,2
2026-07-13 13:19:00+09:00,0.00022073517535270412,0.0,0.8916957026713124,2
2026-07-13 13:20:00+09:00,-0.00016067055581844755,0.0,0.9515098722415795,2
2026-07-13 13:21:00+09:00,-0.00013488574076914758,0.0,0.9639953542392565,2
2026-07-13 13:22:00+09:00,4.7964243594908e-05,0.0,0.9271196283391404,2
2026-07-13 13:23:00+09:00,8.482252765342362e-05,0.0,0.9515098722415795,2
2026-07-13 13:24:00+09:00,0.00017885223279145667,0.0,0.93931475029036,2
2026-07-13 13:25:00+09:00,2.1726867789303664e-05,0.0,0.9396051103368176,2
2026-07-13 13:26:00+09:00,0.0001722621037432675,0.0,0.9396051103368176,2
2026-07-13 13:27:00+09:00,-0.00021473927688046263,0.0,0.9878048780487805,2
2026-07-13 13:28:00+09:00,-0.000143673665874675,0.0,0.9512195121951219,2
2026-07-13 13:29:00+09:00,-0.0001410999479798992,0.0,0.9634146341463414,2
2026-07-13 13:30:00+09:00,6.470641971222303e-05,0.0,0.9518002322880371,2
2026-07-13 13:31:00+09:00,2.9528547819285844e-05,0.0,0.9515098722415795,2
2026-07-13 13:32:00+09:00,0.0001241490503291772,0.0,0.9027293844367015,2
2026-07-13 13:33:00+09:00,0.00015049458561090632,0.0,0.9518002322880371,2
2026-07-13 13:34:00+09:00,0.00012590840590557525,0.0,0.9274099883855981,2
2026-07-13 13:35:00+09:00,9.201817756935161e-06,0.0,0.9518002322880371,2
2026-07-13 13:36:00+09:00,-7.049150776353387e-05,0.0,0.9036004645760743,2
2026-07-13 13:37:00+09:00,9.154385905398915e-05,0.0,0.8908246225319395,2
2026-07-13 13:38:00+09:00,3.1848857509673116e-05,0.0,0.975609756097561,2
2026-07-13 13:39:00+09:00,0.00018113674462009213,0.0,0.9033101045296167,2
2026-07-13 13:40:00+09:00,-7.085038581421101e-05,0.0,0.9880952380952381,2
2026-07-13 13:41:00+09:00,-0.00017032571741384847,0.0,0.951800232288037,2
2026-07-13 13:42:00+09:00,0.00018079500680429273,0.0,0.9396051103368176,2
2026-07-13 13:43:00+09:00,-6.429025044458339e-05,0.0,0.9518002322880372,2
2026-07-13 13:44:00+09:00,0.00014605493049261778,0.0,0.8789198606271778,2
2026-07-13 13:45:00+09:00,0.00017638573194662068,0.0,0.87862950058072,2
2026-07-13 13:46:00+09:00,7.322237903039478e-06,0.0,0.9152148664343785,2
2026-07-13 13:47:00+09:00,-4.4381341909873626e-07,0.0,0.890534262485482,2
2026-07-13 13:48:00+09:00,-2.8124354313791086e-05,0.0,0.8914053426248547,2
2026-07-13 13:49:00+09:00,-5.3045621299141113e-05,0.0,0.8667247386759581,2
2026-07-13 13:50:00+09:00,-3.872700391011005e-05,0.0,0.9274099883855981,2
2026-07-13 13:51:00+09:00,0.00010849579932951555,0.0,0.9033101045296166,2
2026-07-13 13:52:00+09:00,-2.7251556768664342e-05,0.0,0.9274099883855981,2
2026-07-13 13:53:00+09:00,7.76184678299375e-06,0.0,0.9033101045296166,2
2026-07-13 13:54:00+09:00,-6.317608416998147e-05,0.0,0.9152148664343785,2
2026-07-13 13:55:00+09:00,-0.00016608708946822543,0.0,0.9512195121951219,2
2026-07-13 13:56:00+09:00,7.63090130153159e-06,0.0,0.9396051103368176,2
2026-07-13 13:57:00+09:00,-0.00011302070259483253,0.0,0.9634146341463414,2
2026-07-13 13:58:00+09:00,0.00015031671321815752,0.0,0.9038908246225319,2
2026-07-13 13:59:00+09:00,3.828761827622515e-05,0.0,0.975609756097561,2
2026-07-13 14:00:00+09:00,-9.087872998182235e-05,0.0,0.963704994192799,2
2026-07-13 14:01:00+09:00,-0.00031391977464348696,0.0,0.9393147502903599,2
2026-07-13 14:02:00+09:00,0.00010809617471726326,0.0,0.9878048780487805,2
2026-07-13 14:03:00+09:00,8.183619750412752e-05,0.0,0.8916957026713124,2
2026-07-13 14:04:00+09:00,-6.783812996663e-06,0.0,0.8429152148664343,2
2026-07-13 14:05:00+09:00,-0.00011400679941214867,0.0,0.9634146341463414,2
2026-07-13 14:06:00+09:00,-0.0003207002530097957,0.0,0.9390243902439024,2
2026-07-13 14:07:00+09:00,-0.00019007341999570788,0.0,0.963704994192799,2
2026-07-13 14:08:00+09:00,-0.00012071257361035716,0.0,0.9634146341463414,2
2026-07-13 14:09:00+09:00,-8.303960112250473e-05,0.0,0.9520905923344947,2
2026-07-13 14:10:00+09:00,-3.310719427660325e-05,0.0,0.963704994192799,2
2026-07-13 14:11:00+09:00,-0.00010135113372408717,0.0,0.963704994192799,2
2026-07-13 14:12:00+09:00,0.0001635240229044872,0.0,0.93931475029036,2
2026-07-13 14:13:00+09:00,0.00015323950016817665,0.0,0.9759001161440186,2
2026-07-13 14:14:00+09:00,0.000132542328331445,0.0,0.975609756097561,2
2026-07-13 14:15:00+09:00,-0.00015284795710548808,0.0,0.9274099883855982,2
2026-07-13 14:16:00+09:00,-0.00011998194130766836,0.0,0.975609756097561,2
2026-07-13 14:17:00+09:00,0.00010970462994703928,0.0,0.9515098722415795,2
2026-07-13 14:18:00+09:00,-2.050977769748747e-05,0.0,0.9634146341463414,2
2026-07-13 14:19:00+09:00,8.792080038922647e-05,0.0,0.9396051103368177,2
2026-07-13 14:20:00+09:00,0.0002675624184167016,0.0,0.951800232288037,2
2026-07-13 14:21:00+09:00,0.0001369687328941398,0.0,0.9634146341463414,2
2026-07-13 14:22:00+09:00,8.553784092709709e-05,0.0,0.9634146341463414,2
2026-07-13 14:23:00+09:00,5.498454229708132e-05,0.0,0.9512195121951219,2
2026-07-13 14:24:00+09:00,8.143383067433753e-05,0.0,0.9637049941927989,2
2026-07-13 14:25:00+09:00,-6.79077352065778e-05,0.0,0.9634146341463414,2
2026-07-13 14:26:00+09:00,-0.00015014089582903587,0.0,0.9512195121951219,2
2026-07-13 14:27:00+09:00,0.00012613839756632454,0.0,0.9518002322880371,2
2026-07-13 14:28:00+09:00,4.6497318530055575e-05,0.0,0.8789198606271776,2
2026-07-13 14:29:00+09:00,0.00018331989540012325,0.0,0.9515098722415796,2
2026-07-13 14:30:00+09:00,-0.00024599260887193876,0.0,0.975609756097561,2
2026-07-13 14:31:00+09:00,-0.0001317782656018942,0.0,0.963704994192799,2
2026-07-13 14:32:00+09:00,-0.00012704618254734024,0.0,0.9515098722415795,2
2026-07-13 14:33:00+09:00,-7.339912817796428e-05,0.0,0.9518002322880371,2
2026-07-13 14:34:00+09:00,-7.744874124683556e-06,0.0,0.963704994192799,2
2026-07-13 14:35:00+09:00,-0.0004402923978172166,0.0,1.0,2
2026-07-13 14:36:00+09:00,0.00034918214331947626,0.0,0.9634146341463414,2
2026-07-13 14:37:00+09:00,-0.0001410269365712142,0.0,0.9637049941927991,2
2026-07-13 14:38:00+09:00,6.8546864008187204e-06,0.0,0.9759001161440185,2
2026-07-13 14:39:00+09:00,0.0002016328516723953,0.0,0.9634146341463414,2
2026-07-13 14:40:00+09:00,0.0002417396201276486,0.0,0.9999999999999999,2
2026-07-13 14:41:00+09:00,0.00013055771024293207,0.0,0.9515098722415796,2
2026-07-13 14:42:00+09:00,6.571228900335048e-05,0.0,0.975609756097561,2
2026-07-13 14:43:00+09:00,-9.390262040321437e-05,0.0,0.9639953542392566,2
2026-07-13 14:44:00+09:00,-6.386229594610902e-05,0.0,0.93931475029036,2
2026-07-13 14:45:00+09:00,4.364384570678133e-05,0.0,0.9878048780487805,2
2026-07-13 14:46:00+09:00,1.6235371551101067e-05,0.0,0.9518002322880372,2
2026-07-13 14:47:00+09:00,0.00020093474114909476,0.0,1.0,2
2026-07-13 14:48:00+09:00,-0.0002248357377331565,0.0,0.9518002322880371,2
2026-07-13 14:49:00+09:00,-0.00029580558537242263,0.0,0.975609756097561,2
2026-07-13 14:50:00+09:00,0.00011877996077937675,0.0,0.963704994192799,2
2026-07-13 14:51:00+09:00,-0.00014996260985452095,0.0,0.9634146341463414,2
2026-07-13 14:52:00+09:00,2.20878516035854e-05,0.0,0.9390243902439024,2
2026-07-13 14:53:00+09:00,-0.0001693895802860268,0.0,0.975609756097561,2
2026-07-13 14:54:00+09:00,-0.00021214277966278492,0.0,0.9515098722415796,2
2026-07-13 14:55:00+09:00,1.749143091227916e-05,0.0,0.9271196283391404,2
2026-07-13 14:56:00+09:00,3.087973725939374e-05,0.0,0.9515098722415795,2
2026-07-13 14:57:00+09:00,-4.323985183819655e-05,0.0,0.9878048780487804,2
2026-07-13 14:58:00+09:00,-0.00010300973868061645,0.0,0.963704994192799,2
2026-07-13 14:59:00+09:00,8.968323186332047e-05,0.0,0.9759001161440186,2
2026-07-13 15:00:00+09:00,0.00024525238408681726,0.0,1.0,2
2026-07-13 15:01:00+09:00,-0.00023545804827676786,0.0,0.9999999999999998,2
2026-07-13 15:02:00+09:00,7.254274628890323e-05,0.0,0.9634146341463413,2
2026-07-13 15:03:00+09:00,-0.00015943967399060293,0.0,0.9878048780487805,2
2026-07-13 15:04:00+09:00,0.00022167887937864082,0.0,0.9878048780487804,2
2026-07-13 15:05:00+09:00,0.00033381121678708323,0.0,0.9759001161440186,2
2026-07-13 15:06:00+09:00,-0.00013795803997787408,0.0,0.975609756097561,2
2026-07-13 15:07:00+09:00,-0.0001275844161292796,0.0,0.9512195121951219,2
2026-07-13 15:08:00+09:00,-0.00023363635350547626,0.0,0.963704994192799,2
2026-07-13 15:09:00+09:00,4.378620149235078e-05,0.0,0.9759001161440186,2
2026-07-13 15:10:00+09:00,3.5752466526019014e-05,0.0,0.9634146341463414,2
2026-07-13 15:11:00+09:00,-2.4498271167752693e-05,0.0,0.963704994192799,2
2026-07-13 15:12:00+09:00,8.401009819879613e-06,0.0,0.9759001161440186,2
2026-07-13 15:13:00+09:00,0.00010159390166548036,0.0,1.0,2
2026-07-13 15:14:00+09:00,-0.0002690970553992033,1.7725451377890402,1.0,2
2026-07-13 15:15:00+09:00,-0.00045638276743555626,0.0,0.9130068102629079,2
2026-07-13 15:16:00+09:00,-0.00014088985122689352,0.0,0.9670652518213494,2
2026-07-13 15:17:00+09:00,-0.00011452087600779715,0.0,0.9582990180551156,2
2026-07-13 15:18:00+09:00,-0.0001519870133666008,0.0,0.9224223946784922,2
2026-07-13 15:19:00+09:00,4.654271211639244e-05,0.0,0.9224223946784922,2
2026-07-13 15:20:00+09:00,-0.00031591907345065263,0.0,0.9582990180551156,2
2026-07-13 15:21:00+09:00,0.00016378811638464424,0.00909090909090909,0.9941756414317389,2
2026-07-13 15:22:00+09:00,7.026313676140927e-05,0.0,0.9495327842888818,2
2026-07-13 15:23:00+09:00,0.00021386496092768388,0.008928571428571428,0.9852470700031675,2
2026-07-13 15:24:00+09:00,-0.0001988351282863478,0.994175641431739,0.0,2
2026-07-13 15:30:00+09:00,0.0,0.0,0.0,2
2026-07-14 09:00:00+09:00,0.0,0.0,0.0,2
2026-07-14 09:01:00+09:00,0.0,0.0,0.0,2
2026-07-14 09:02:00+09:00,0.0,0.0,0.0,2
2026-07-14 09:03:00+09:00,0.0,0.0,0.0,2
2026-07-14 09:04:00+09:00,0.0,0.0,0.0,2
2026-07-14 09:05:00+09:00,0.0,0.0,0.0,2
2026-07-14 09:06:00+09:00,0.0,0.0,0.0,2
2026-07-14 09:07:00+09:00,0.0,0.0,0.0,2
2026-07-14 09:08:00+09:00,0.0,0.0,0.0,2
2026-07-14 09:09:00+09:00,0.0,0.0,0.0,2
2026-07-14 09:10:00+09:00,0.0,0.0,0.0,2
2026-07-14 09:11:00+09:00,0.0,0.0,0.0,2
2026-07-14 09:12:00+09:00,0.0,0.0,0.0,2
2026-07-14 09:13:00+09:00,0.0,0.0,0.0,2
2026-07-14 09:14:00+09:00,0.0,0.0,0.0,2
2026-07-14 09:15:00+09:00,-0.0014392329241664668,1.0,1.0,2
2026-07-14 09:16:00+09:00,-0.0011334534266922082,0.0,0.9880952380952381,2
2026-07-14 09:17:00+09:00,-0.001928247066478683,0.0,1.0,2
2026-07-14 09:18:00+09:00,-0.00039222863832988553,0.0,1.0,2
2026-07-14 09:19:00+09:00,-0.0008305552984712822,0.0,1.0,2
2026-07-14 09:20:00+09:00,0.002113337028898167,0.0,1.0,2
2026-07-14 09:21:00+09:00,0.0005224107074011188,0.0,0.9878048780487805,2
2026-07-14 09:22:00+09:00,0.000704607090181574,0.0,0.9880952380952381,2
2026-07-14 09:23:00+09:00,0.0009049446364858127,0.0,1.0,2
2026-07-14 09:24:00+09:00,-0.0010505067455359514,0.0,0.9880952380952379,2
2026-07-14 09:25:00+09:00,0.0006110538089146145,0.0,1.0,2
2026-07-14 09:26:00+09:00,-0.000666984090988191,0.0,1.0,2
2026-07-14 09:27:00+09:00,0.00014831928981451595,0.0,1.0,2
2026-07-14 09:28:00+09:00,-7.219264421096847e-05,0.0,0.9880952380952381,2
2026-07-14 09:29:00+09:00,-0.0002736161484378644,0.0,0.9878048780487805,2
2026-07-14 09:30:00+09:00,0.0013420040772490584,0.0,0.9999999999999999,2
2026-07-14 09:31:00+09:00,0.000728406026181512,0.0,1.0,2
2026-07-14 09:32:00+09:00,0.0007880194474048337,0.0,0.9880952380952379,2
2026-07-14 09:33:00+09:00,-0.00017558010460846772,0.0,0.975609756097561,2
2026-07-14 09:34:00+09:00,0.0013027867445697687,0.0,1.0,2
2026-07-14 09:35:00+09:00,0.0004083931199382767,0.0,0.988095238095238,2
2026-07-14 09:36:00+09:00,-0.0011343175081079293,0.0,0.9642857142857142,2
2026-07-14 09:37:00+09:00,-0.0005486064043100222,0.0,0.9642857142857142,2
2026-07-14 09:38:00+09:00,-0.0001395021277809003,0.0,0.988095238095238,2
2026-07-14 09:39:00+09:00,0.0006020174077485946,0.0,0.9637049941927991,2
2026-07-14 09:40:00+09:00,-0.0010269263801391778,0.0,0.9999999999999999,2
2026-07-14 09:41:00+09:00,-0.00029361888484326956,0.0,0.9878048780487805,2
2026-07-14 09:42:00+09:00,-0.0005526409659966505,0.0,0.9880952380952381,2
2026-07-14 09:43:00+09:00,7.503531189758753e-05,0.0,0.9761904761904763,2
2026-07-14 09:44:00+09:00,0.000738761101434769,0.0,0.9761904761904762,2
2026-07-14 09:45:00+09:00,0.000822490832988668,0.0,0.9759001161440186,2
2026-07-14 09:46:00+09:00,-0.00045142950104496565,0.0,0.9639953542392568,2
2026-07-14 09:47:00+09:00,2.706256686803639e-05,0.0,0.9639953542392566,2
2026-07-14 09:48:00+09:00,0.0009351028056214958,0.0,0.9515098722415795,2
2026-07-14 09:49:00+09:00,0.0007393989898253703,0.0,0.976190476190476,2
2026-07-14 09:50:00+09:00,0.0008021325869389853,0.0,0.975609756097561,2
2026-07-14 09:51:00+09:00,-0.0006031760668796244,0.0,0.9880952380952379,2
2026-07-14 09:52:00+09:00,0.0007282482696221042,0.0,0.988095238095238,2
2026-07-14 09:53:00+09:00,0.0008411454103111762,0.0,0.9759001161440184,2
2026-07-14 09:54:00+09:00,0.0018817885058785807,0.0,0.9642857142857142,2
2026-07-14 09:55:00+09:00,-0.0001504967485361575,0.0,0.988095238095238,2
2026-07-14 09:56:00+09:00,0.0010495792095124923,0.0,0.988095238095238,2
2026-07-14 09:57:00+09:00,0.00039288765185623145,0.0,0.9878048780487805,2
2026-07-14 09:58:00+09:00,-0.0001887395729811749,0.0,0.988095238095238,2
2026-07-14 09:59:00+09:00,0.0003911789336056779,0.0,0.9880952380952381,2
2026-07-14 10:00:00+09:00,-0.00018454214823269936,0.0,1.0,2
2026-07-14 10:01:00+09:00,0.00011433014578861433,0.0,0.988095238095238,2
2026-07-14 10:02:00+09:00,-0.0008068064562835969,0.0,0.9759001161440186,2
2026-07-14 10:03:00+09:00,0.0004498359058457676,0.0,0.9639953542392566,2
2026-07-14 10:04:00+09:00,-0.0007632012184745776,0.0,0.963704994192799,2
2026-07-14 10:05:00+09:00,-0.0015892034281644455,0.0,0.9518002322880371,2
2026-07-14 10:06:00+09:00,0.00014086395689582226,0.0,1.0,2
2026-07-14 10:07:00+09:00,-0.00039139100845279114,0.0,0.9878048780487805,2
2026-07-14 10:08:00+09:00,-0.0004247908715164734,0.0,0.9639953542392565,2
2026-07-14 10:09:00+09:00,-0.0007502573308284346,0.0,0.9878048780487805,2
2026-07-14 10:10:00+09:00,0.0003392124316812128,0.0,0.9878048780487805,2
2026-07-14 10:11:00+09:00,-0.00029319260457296136,0.0,0.9759001161440186,2
2026-07-14 10:12:00+09:00,0.0003885044422746723,0.0,0.9880952380952381,2
2026-07-14 10:13:00+09:00,-0.0008805226807789799,0.0,0.9637049941927991,2
2026-07-14 10:14:00+09:00,0.0011321875929628854,0.0,0.9880952380952381,2
2026-07-14 10:15:00+09:00,0.00024872047685146404,0.0,0.9759001161440186,2
2026-07-14 10:16:00+09:00,0.0004399833137206331,0.0,0.9878048780487804,2
2026-07-14 10:17:00+09:00,-0.00012816733233341388,0.0,0.9634146341463414,2
2026-07-14 10:18:00+09:00,0.00023833237365009443,0.0,0.9277003484320556,2
2026-07-14 10:19:00+09:00,-0.0006849557953018544,0.0,0.9759001161440186,2
2026-07-14 10:20:00+09:00,-0.00042197541818708104,0.0,0.9512195121951219,2
2026-07-14 10:21:00+09:00,-0.00031458419262444013,0.0,1.0,2
2026-07-14 10:22:00+09:00,0.0010553822767455927,0.0,0.9759001161440185,2
2026-07-14 10:23:00+09:00,2.6267553280115405e-05,0.0,0.9880952380952381,2
2026-07-14 10:24:00+09:00,0.0006110282423674537,0.0,0.9274099883855982,2
2026-07-14 10:25:00+09:00,0.0002714812978077347,0.0,0.9518002322880371,2
2026-07-14 10:26:00+09:00,0.00036052767606392123,0.0,0.975609756097561,2
2026-07-14 10:27:00+09:00,-0.0007042008347714159,0.0,0.9639953542392568,2
2026-07-14 10:28:00+09:00,0.0005266878693658253,0.0,0.963704994192799,2
2026-07-14 10:29:00+09:00,-0.0006943244010907027,0.0,0.9518002322880372,2
2026-07-14 10:30:00+09:00,0.00041758017338718587,0.0,0.9759001161440186,2
2026-07-14 10:31:00+09:00,-0.0005101117413960513,0.0,0.9396051103368176,2
2026-07-14 10:32:00+09:00,-0.00035196308220167223,0.0,0.9523809523809523,2
2026-07-14 10:33:00+09:00,-0.0009124133165943391,0.0,0.9515098722415796,2
2026-07-14 10:34:00+09:00,-0.0003955402946965553,0.0,0.9878048780487805,2
2026-07-14 10:35:00+09:00,-8.433643554990556e-05,0.0,0.9639953542392566,2
2026-07-14 10:36:00+09:00,-0.0003004644861254083,0.0,1.0,2
2026-07-14 10:37:00+09:00,0.0003736586472942488,0.0,0.976190476190476,2
2026-07-14 10:38:00+09:00,0.0003662837172670558,0.0,0.9637049941927991,2
2026-07-14 10:39:00+09:00,-0.0006732060878472075,0.0,0.9639953542392566,2
2026-07-14 10:40:00+09:00,-0.0002056332461175874,0.0,0.9878048780487805,2
2026-07-14 10:41:00+09:00,0.0011691203240978413,0.0,0.9642857142857142,2
2026-07-14 10:42:00+09:00,0.0007501378125558662,0.0,0.9523809523809523,2
2026-07-14 10:43:00+09:00,-0.000111358945474638,0.0,0.9880952380952381,2
2026-07-14 10:44:00+09:00,0.0005603397181211431,0.0,0.9761904761904762,2
2026-07-14 10:45:00+09:00,0.00023546054005888907,0.0,0.9639953542392566,2
2026-07-14 10:46:00+09:00,-0.0009864710481682847,0.0,0.9515098722415795,2
2026-07-14 10:47:00+09:00,0.00031195836202592013,0.0,0.9515098722415796,2
2026-07-14 10:48:00+09:00,-7.081663327985653e-05,0.0,0.9160859465737514,2
2026-07-14 10:49:00+09:00,-0.0004912887441705123,0.0,0.9157955865272938,2
2026-07-14 10:50:00+09:00,-2.1286200945611166e-05,0.0,0.9759001161440185,2
2026-07-14 10:51:00+09:00,-0.00021390785389319977,0.0,0.9152148664343785,2
2026-07-14 10:52:00+09:00,-0.00010829277465466924,0.0,0.9396051103368176,2
2026-07-14 10:53:00+09:00,-7.020878516382448e-05,0.0,0.9518002322880371,2
2026-07-14 10:54:00+09:00,-0.0005645003021735677,0.0,0.9396051103368175,2
2026-07-14 10:55:00+09:00,-0.0005517067386212033,0.0,0.9880952380952381,2
2026-07-14 10:56:00+09:00,-0.00024060877402021488,0.0,0.9518002322880372,2
2026-07-14 10:57:00+09:00,0.00012268527956328998,0.0,0.9520905923344948,2
2026-07-14 10:58:00+09:00,0.0003030437447778489,0.0,0.903890824622532,2
2026-07-14 10:59:00+09:00,-0.00013244865243029156,0.0,0.9398954703832754,2
2026-07-14 11:00:00+09:00,0.0006936552459909055,0.0,0.9759001161440186,2
2026-07-14 11:01:00+09:00,0.00028253244535262446,0.0,0.9878048780487805,2
2026-07-14 11:02:00+09:00,-5.0344414409538665e-05,0.0,0.9520905923344948,2
2026-07-14 11:03:00+09:00,-0.00015756118977914627,0.0,0.9759001161440185,2
2026-07-14 11:04:00+09:00,-0.00024021910196164384,0.0,0.9155052264808362,2
2026-07-14 11:05:00+09:00,-0.00044748420055780913,0.0,0.9520905923344947,2
2026-07-14 11:06:00+09:00,0.0003574960815164274,0.0,0.9759001161440186,2
2026-07-14 11:07:00+09:00,-8.410069271851136e-05,0.0,0.9518002322880371,2
2026-07-14 11:08:00+09:00,-0.0003761003999775363,0.0,0.9038908246225319,2
2026-07-14 11:09:00+09:00,-0.0005691472773693428,0.0,0.9277003484320557,2
2026-07-14 11:10:00+09:00,-0.00013699265124146733,0.0,0.988095238095238,2
2026-07-14 11:11:00+09:00,-0.00021704383999000687,0.0,0.9518002322880372,2
2026-07-14 11:12:00+09:00,-0.00018503617801792204,0.0,0.9398954703832753,2
2026-07-14 11:13:00+09:00,-0.0001476837150384556,0.0,0.9396051103368177,2
2026-07-14 11:14:00+09:00,0.00015631245480800392,0.0,0.9396051103368176,2
2026-07-14 11:15:00+09:00,0.0005320812756144955,0.0,0.9642857142857142,2
2026-07-14 11:16:00+09:00,-0.0002395100053447743,0.0,0.9639953542392565,2
2026-07-14 11:17:00+09:00,5.491286746794262e-05,0.0,0.9036004645760743,2
2026-07-14 11:18:00+09:00,-0.0004665932108398477,0.0,0.9518002322880371,2
2026-07-14 11:19:00+09:00,-0.00015753635616593995,0.0,0.9393147502903599,2
2026-07-14 11:20:00+09:00,-0.000140523503604654,0.0,0.9398954703832751,2
2026-07-14 11:21:00+09:00,-0.0004966670229603389,0.0,0.9274099883855982,2
2026-07-14 11:22:00+09:00,-5.850391805796604e-05,0.0,0.9396051103368175,2
2026-07-14 11:23:00+09:00,-0.0001796886697149714,0.0,0.9515098722415796,2
2026-07-14 11:24:00+09:00,-0.00012658763766073834,0.0,0.9160859465737514,2
2026-07-14 11:25:00+09:00,-0.0002660739096463896,0.0,0.9637049941927991,2
2026-07-14 11:26:00+09:00,-9.400821426786152e-06,0.0,0.9398954703832753,2
2026-07-14 11:27:00+09:00,0.00019260542660548403,0.0,0.9401858304297328,2
2026-07-14 11:28:00+09:00,0.0004885119033519304,0.03629500580720093,0.9155052264808362,2
2026-07-14 11:29:00+09:00,-0.00019274099883855982,0.9637049941927991,0.0,2
2026-07-14 11:30:00+09:00,0.0,0.0,0.0,2
2026-07-14 12:30:00+09:00,0.0004283341654457821,1.0,1.0,2
2026-07-14 12:31:00+09:00,-0.0009173145279492577,0.0,0.9880952380952381,2
2026-07-14 12:32:00+09:00,-0.0009408175088172285,0.0,1.0,2
2026-07-14 12:33:00+09:00,-0.0006877401152956448,0.0,1.0,2
2026-07-14 12:34:00+09:00,0.00025740160327628503,0.0,0.9761904761904763,2
2026-07-14 12:35:00+09:00,0.00042379234598570394,0.0,0.9880952380952381,2
2026-07-14 12:36:00+09:00,0.0007022952103230825,0.0,0.951800232288037,2
2026-07-14 12:37:00+09:00,-0.00040379330616554246,0.0,0.9878048780487805,2
2026-07-14 12:38:00+09:00,0.0005667895691262373,0.0,0.9642857142857142,2
2026-07-14 12:39:00+09:00,-0.0006957035580811693,0.0,0.9637049941927991,2
2026-07-14 12:40:00+09:00,-0.0005428953195565356,0.0,0.976190476190476,2
2026-07-14 12:41:00+09:00,-0.0003421713496099176,0.0,0.9518002322880372,2
2026-07-14 12:42:00+09:00,0.0003133225389085283,0.0,0.9880952380952379,2
2026-07-14 12:43:00+09:00,0.0003983634906706155,0.0,0.9518002322880372,2
2026-07-14 12:44:00+09:00,-2.5362213948280186e-06,0.0,0.9639953542392568,2
2026-07-14 12:45:00+09:00,0.00014319108623291163,0.0,0.9999999999999999,2
2026-07-14 12:46:00+09:00,-0.00015163070833678206,0.0,0.9518002322880371,2
2026-07-14 12:47:00+09:00,0.00027402728604360724,0.0,0.8919860627177699,2
2026-07-14 12:48:00+09:00,-0.00033505209235098246,0.0,0.93931475029036,2
2026-07-14 12:49:00+09:00,5.1804851160883516e-05,0.0,0.9515098722415796,2
2026-07-14 12:50:00+09:00,0.00029606669638841085,0.0,0.9401858304297328,2
2026-07-14 12:51:00+09:00,0.0001397465881639943,0.0,0.975609756097561,2
2026-07-14 12:52:00+09:00,-0.0002375620412366476,0.0,0.9398954703832753,2
2026-07-14 12:53:00+09:00,-0.0003439698728930804,0.0,0.9759001161440185,2
2026-07-14 12:54:00+09:00,1.3084759700869533e-05,0.0,1.0,2
2026-07-14 12:55:00+09:00,-4.9794287314079346e-05,0.0,0.9637049941927991,2
2026-07-14 12:56:00+09:00,-0.0004602005799808178,0.0,0.9523809523809523,2
2026-07-14 12:57:00+09:00,0.00024640875133698887,0.0,0.9637049941927991,2
2026-07-14 12:58:00+09:00,0.00015180375848290083,0.0,0.9515098722415796,2
2026-07-14 12:59:00+09:00,0.00027388871485701355,0.0,0.9041811846689894,2
2026-07-14 13:00:00+09:00,-0.0008797523575215789,0.0,0.9759001161440185,2
2026-07-14 13:01:00+09:00,0.0003526286234697548,0.0,0.9880952380952381,2
2026-07-14 13:02:00+09:00,0.00016773018849300554,0.0,1.0,2
2026-07-14 13:03:00+09:00,-0.0003406901915834502,0.0,0.9515098722415795,2
2026-07-14 13:04:00+09:00,-0.0005607002206899709,0.0,0.9157955865272938,2
2026-07-14 13:05:00+09:00,-0.0005094670866466767,0.0,0.9878048780487805,2
2026-07-14 13:06:00+09:00,-0.00012020224997149774,0.0,0.9515098722415795,2
2026-07-14 13:07:00+09:00,-1.3525010918349522e-05,0.0,0.9160859465737514,2
2026-07-14 13:08:00+09:00,-0.0003312835598490038,0.0,0.9639953542392566,2
2026-07-14 13:09:00+09:00,-0.00019706373085626996,0.0,0.9160859465737514,2
2026-07-14 13:10:00+09:00,-0.00019101101656597417,0.0,0.9033101045296167,2
2026-07-14 13:11:00+09:00,0.00017709338274188148,0.0,0.9761904761904763,2
2026-07-14 13:12:00+09:00,0.0001454703945322559,0.0,0.9518002322880371,2
2026-07-14 13:13:00+09:00,-0.0003660300297340783,0.0,0.9398954703832753,2
2026-07-14 13:14:00+09:00,-0.00047932327217914503,0.0,0.951219512195122,2
2026-07-14 13:15:00+09:00,0.0001112803125165466,0.0,0.9634146341463414,2
2026-07-14 13:16:00+09:00,0.00011917866210976186,0.0,0.9404761904761905,2
2026-07-14 13:17:00+09:00,5.476231639509566e-05,0.0,0.9036004645760743,2
2026-07-14 13:18:00+09:00,4.151394642065222e-05,0.0,0.9518002322880372,2
2026-07-14 13:19:00+09:00,0.0002674221711451592,0.0,0.9157955865272938,2
2026-07-14 13:20:00+09:00,0.000408646386232486,0.0,0.9277003484320556,2
2026-07-14 13:21:00+09:00,0.0001445795131227413,0.0,0.9518002322880371,2
2026-07-14 13:22:00+09:00,-0.0002245081741266911,0.0,0.951800232288037,2
2026-07-14 13:23:00+09:00,-0.00015025323490623076,0.0,0.8922764227642276,2
2026-07-14 13:24:00+09:00,5.25984340235679e-06,0.0,0.9398954703832751,2
2026-07-14 13:25:00+09:00,0.0005169181142270765,0.0,0.93931475029036,2
2026-07-14 13:26:00+09:00,0.0002598941112191199,0.0,0.9637049941927991,2
2026-07-14 13:27:00+09:00,4.859063904731287e-05,0.0,0.9396051103368176,2
2026-07-14 13:28:00+09:00,0.00010840209355598697,0.0,0.8925667828106854,2
2026-07-14 13:29:00+09:00,-0.00026870016428967537,0.0,0.9761904761904762,2
2026-07-14 13:30:00+09:00,0.00025801072793795577,0.0,0.9878048780487805,2
2026-07-14 13:31:00+09:00,7.020549562477861e-05,0.0,0.9274099883855981,2
2026-07-14 13:32:00+09:00,-0.00014569686214143944,0.0,0.8916957026713124,2
2026-07-14 13:33:00+09:00,0.00011182256065219984,0.0,0.9160859465737515,2
2026-07-14 13:34:00+09:00,0.0004218433137249539,0.0,0.9639953542392566,2
2026-07-14 13:35:00+09:00,0.00013712788501398255,0.0,0.9759001161440186,2
2026-07-14 13:36:00+09:00,0.0004762697075411836,0.0,0.9520905923344947,2
2026-07-14 13:37:00+09:00,-0.00014715507225435413,0.0,0.975609756097561,2
2026-07-14 13:38:00+09:00,-6.786885521012822e-06,0.0,0.9520905923344947,2
2026-07-14 13:39:00+09:00,-0.0001266160994497026,0.0,0.9880952380952381,2
2026-07-14 13:40:00+09:00,-0.00037988310181520006,0.0,0.9398954703832751,2
2026-07-14 13:41:00+09:00,0.00031520364238568025,0.0,0.9639953542392568,2
2026-07-14 13:42:00+09:00,0.00020034061332398293,0.0,0.928281068524971,2
2026-07-14 13:43:00+09:00,-0.00019292937484311902,0.0,0.9518002322880371,2
2026-07-14 13:44:00+09:00,0.0005514074853650157,0.0,0.9398954703832753,2
2026-07-14 13:45:00+09:00,0.0004050340301223826,0.0,0.9518002322880372,2
2026-07-14 13:46:00+09:00,-6.282210403958297e-05,0.0,0.9515098722415796,2
2026-07-14 13:47:00+09:00,8.528635628902805e-05,0.0,0.9277003484320557,2
2026-07-14 13:48:00+09:00,9.284756873409304e-05,0.0,0.9155052264808362,2
2026-07-14 13:49:00+09:00,-0.00012237240630146067,0.0,0.9515098722415796,2
2026-07-14 13:50:00+09:00,-0.00010295410878316259,0.0,0.9155052264808362,2
2026-07-14 13:51:00+09:00,-0.00016746941637195144,0.0,0.976190476190476,2
2026-07-14 13:52:00+09:00,-0.0003835383367106234,0.0,0.9639953542392568,2
2026-07-14 13:53:00+09:00,0.0010153140475755167,0.0,0.9878048780487805,2
2026-07-14 13:54:00+09:00,0.0006443233083281019,0.0,0.9759001161440186,2
2026-07-14 13:55:00+09:00,0.0003936581444303206,0.0,0.9396051103368177,2
2026-07-14 13:56:00+09:00,0.00020520865386886215,0.0,0.9282810685249709,2
2026-07-14 13:57:00+09:00,7.70939365790431e-05,0.0,0.9398954703832751,2
2026-07-14 13:58:00+09:00,-0.00041633141974077386,0.0,0.9518002322880371,2
2026-07-14 13:59:00+09:00,0.00010406394172848291,0.0,0.9396051103368177,2
2026-07-14 14:00:00+09:00,9.738430789823881e-05,0.0,0.9878048780487805,2
2026-07-14 14:01:00+09:00,0.00015295845642501705,0.0,0.9157955865272939,2
2026-07-14 14:02:00+09:00,0.00040180448168787217,0.0,0.9518002322880371,2
2026-07-14 14:03:00+09:00,8.180077589455959e-05,0.0,0.9274099883855982,2
2026-07-14 14:04:00+09:00,0.00036521483308313854,0.0,0.9282810685249709,2
2026-07-14 14:05:00+09:00,0.00012037506344861638,0.0,0.9282810685249709,2
2026-07-14 14:06:00+09:00,0.00033938698978130423,0.0,0.9041811846689896,2
2026-07-14 14:07:00+09:00,0.00042956073878060326,0.0,0.9639953542392565,2
2026-07-14 14:08:00+09:00,0.0001456546460181839,0.0,0.9152148664343787,2
2026-07-14 14:09:00+09:00,0.0004623870026423863,0.0,0.8795005807200929,2
2026-07-14 14:10:00+09:00,0.0002576954772117709,0.0,0.9285714285714286,2
2026-07-14 14:11:00+09:00,0.0006563105512260776,0.0,0.9880952380952381,2
2026-07-14 14:12:00+09:00,8.380628538761243e-05,0.0,0.9637049941927991,2
2026-07-14 14:13:00+09:00,-0.0001596781657058607,0.0,0.9642857142857142,2
2026-07-14 14:14:00+09:00,-0.0004994324309797653,0.0,0.9639953542392566,2
2026-07-14 14:15:00+09:00,5.206668666882552e-06,0.0,0.9518002322880372,2
2026-07-14 14:16:00+09:00,0.00032033500741564523,0.0,0.9512195121951219,2
2026-07-14 14:17:00+09:00,-8.417467602677227e-05,0.0,0.9999999999999999,2
2026-07-14 14:18:00+09:00,0.0002666438030022217,0.0,0.9398954703832754,2
2026-07-14 14:19:00+09:00,-5.2391447276670833e-05,0.0,0.9637049941927991,2
2026-07-14 14:20:00+09:00,0.0005214841790576377,0.0,0.9639953542392566,2
2026-07-14 14:21:00+09:00,-0.00017461372505127922,0.0,0.9515098722415796,2
2026-07-14 14:22:00+09:00,-5.150720316667837e-05,0.0,0.9520905923344948,2
2026-07-14 14:23:00+09:00,-5.3643508419402215e-05,0.0,0.9038908246225319,2
2026-07-14 14:24:00+09:00,0.0004982799545612714,0.0,0.9398954703832751,2
2026-07-14 14:25:00+09:00,-2.4223493173588252e-05,0.0,0.9518002322880371,2
2026-07-14 14:26:00+09:00,0.0002659012778537781,0.0,0.9759001161440184,2
2026-07-14 14:27:00+09:00,-0.0001581110877456667,0.0,0.9396051103368177,2
2026-07-14 14:28:00+09:00,3.6497908049174766e-05,0.0,0.9642857142857142,2
2026-07-14 14:29:00+09:00,0.000826440206643448,0.0,0.9520905923344948,2
2026-07-14 14:30:00+09:00,-0.0006900403428913937,0.0,0.9518002322880372,2
2026-07-14 14:31:00+09:00,0.0005302159041211085,0.0,0.9878048780487804,2
2026-07-14 14:32:00+09:00,9.702870129411026e-05,0.0,0.9878048780487805,2
2026-07-14 14:33:00+09:00,-0.0004036006125450745,0.0,0.9520905923344947,2
2026-07-14 14:34:00+09:00,0.0004442550593736147,0.0,0.9759001161440184,2
2026-07-14 14:35:00+09:00,4.5283523822333836e-05,0.0,0.9761904761904762,2
2026-07-14 14:36:00+09:00,-0.0003643602127996804,0.0,0.89198606271777,2
2026-07-14 14:37:00+09:00,1.8587012139492018e-05,0.0,0.9520905923344947,2
2026-07-14 14:38:00+09:00,-0.00019263223260725546,0.0,0.9520905923344948,2
2026-07-14 14:39:00+09:00,-0.00015366739747777025,0.0,0.9520905923344947,2
2026-07-14 14:40:00+09:00,-0.0002780384943301696,0.0,0.9880952380952381,2
2026-07-14 14:41:00+09:00,0.0008149800959327122,0.0,0.9759001161440186,2
2026-07-14 14:42:00+09:00,0.0001599155584898806,0.0,1.0,2
2026-07-14 14:43:00+09:00,6.721605268707235e-06,0.0,0.9639953542392566,2
2026-07-14 14:44:00+09:00,-0.00022908828896405566,0.0,0.9282810685249709,2
2026-07-14 14:45:00+09:00,0.0002319876375293311,0.0,0.9155052264808361,2
2026-07-14 14:46:00+09:00,0.0002530829835280808,0.0,0.9277003484320557,2
2026-07-14 14:47:00+09:00,0.0005184295697456828,0.0,0.9639953542392566,2
2026-07-14 14:48:00+09:00,-0.0001699138008333227,0.0,0.963704994192799,2
2026-07-14 14:49:00+09:00,-8.112539147347987e-05,0.0,0.9396051103368177,2
2026-07-14 14:50:00+09:00,0.00032308882620422935,0.0,0.988095238095238,2
2026-07-14 14:51:00+09:00,-0.0002646009377737893,0.0,0.9398954703832751,2
2026-07-14 14:52:00+09:00,0.000286203297882358,0.0,0.9518002322880371,2
2026-07-14 14:53:00+09:00,0.00011583620908586503,0.0,0.9274099883855982,2
2026-07-14 14:54:00+09:00,-0.00015294684967536205,0.0,0.9761904761904763,2
2026-07-14 14:55:00+09:00,-3.3711177349785055e-05,0.0,0.963704994192799,2
2026-07-14 14:56:00+09:00,0.0003037107930532635,0.0,0.9520905923344947,2
2026-07-14 14:57:00+09:00,-0.0002321864650314846,0.0,0.9515098722415796,2
2026-07-14 14:58:00+09:00,-0.00018477002145764055,0.0,0.9036004645760742,2
2026-07-14 14:59:00+09:00,0.0008132973278695062,0.0,0.9637049941927991,2
2026-07-14 15:00:00+09:00,-0.0004092814484964854,0.0,0.9880952380952381,2
2026-07-14 15:01:00+09:00,0.00028972756178136447,0.0,0.9634146341463414,2
2026-07-14 15:02:00+09:00,-9.277738963449074e-05,0.0,0.9520905923344948,2
2026-07-14 15:03:00+09:00,0.0004365856090061081,0.0,0.976190476190476,2
2026-07-14 15:04:00+09:00,0.0002420762440485536,0.0,0.988095238095238,2
2026-07-14 15:05:00+09:00,-6.310729638068032e-05,0.0,0.976190476190476,2
2026-07-14 15:06:00+09:00,0.0007105638915639361,0.0,0.9518002322880371,2
2026-07-14 15:07:00+09:00,-0.00028795112985298974,0.0,0.963704994192799,2
2026-07-14 15:08:00+09:00,5.563069061989662e-05,0.0,0.9520905923344947,2
2026-07-14 15:09:00+09:00,2.2409775142795323e-05,0.0,0.9759001161440186,2
2026-07-14 15:10:00+09:00,-0.0002163197540380827,0.0,0.9396051103368176,2
2026-07-14 15:11:00+09:00,0.0003894885695226535,0.0,0.9637049941927991,2
2026-07-14 15:12:00+09:00,9.409297799951746e-05,0.0,0.9637049941927991,2
2026-07-14 15:13:00+09:00,-0.00021793298392666015,0.0,0.9637049941927991,2
2026-07-14 15:14:00+09:00,-0.00014507892037999353,1.7217979434960566,0.9999999999999999,2
2026-07-14 15:15:00+09:00,-0.00028837827776209256,0.0,1.0077618049316162,2
2026-07-14 15:16:00+09:00,0.00018863255495734244,0.0,0.9682539682539681,2
2026-07-14 15:17:00+09:00,-7.486178175955868e-06,0.0,0.9705500648896874,2
2026-07-14 15:18:00+09:00,-0.00010307583350608887,0.0,0.9586453029849255,2
2026-07-14 15:19:00+09:00,-0.0001856249853155511,0.0,0.9888938804033142,2
2026-07-14 15:20:00+09:00,7.119003359525624e-05,0.0,1.0077618049316162,2
2026-07-14 15:21:00+09:00,-4.346107521120847e-05,0.0,0.9888938804033143,2
2026-07-14 15:22:00+09:00,4.0947888125645197e-05,0.0,0.9983278426674652,2
2026-07-14 15:23:00+09:00,0.0006401852650318549,0.0,0.9958570430268543,2
2026-07-14 15:24:00+09:00,-0.00020714285714285713,1.0357142857142856,0.0,2
2026-07-14 15:30:00+09:00,0.0,0.0,0.0,2
2026-07-15 09:00:00+09:00,0.0,0.0,0.0,2
2026-07-15 09:01:00+09:00,0.0,0.0,0.0,2
2026-07-15 09:02:00+09:00,0.0,0.0,0.0,2
2026-07-15 09:03:00+09:00,0.0,0.0,0.0,2
2026-07-15 09:04:00+09:00,0.0,0.0,0.0,2
2026-07-15 09:05:00+09:00,0.0,0.0,0.0,2
2026-07-15 09:06:00+09:00,0.0,0.0,0.0,2
2026-07-15 09:07:00+09:00,0.0,0.0,0.0,2
2026-07-15 09:08:00+09:00,0.0,0.0,0.0,2
2026-07-15 09:09:00+09:00,0.0,0.0,0.0,2
2026-07-15 09:10:00+09:00,0.0,0.0,0.0,2
2026-07-15 09:11:00+09:00,0.0,0.0,0.0,2
2026-07-15 09:12:00+09:00,0.0,0.0,0.0,2
2026-07-15 09:13:00+09:00,0.0,0.0,0.0,2
2026-07-15 09:14:00+09:00,0.0,0.0,0.0,2
2026-07-15 09:15:00+09:00,0.00014258429626296486,1.0,1.0,2
2026-07-15 09:16:00+09:00,0.000737027816119321,0.0,1.0,2
2026-07-15 09:17:00+09:00,-5.764900794849282e-05,0.0,0.9883720930232559,2
2026-07-15 09:18:00+09:00,0.0009272194945604552,0.0,0.9772727272727273,2
2026-07-15 09:19:00+09:00,0.0007398319114412459,0.0,1.0,2
2026-07-15 09:20:00+09:00,0.0005879084765797895,0.0,1.0,2
2026-07-15 09:21:00+09:00,-0.00045194433322421756,0.0,0.9767441860465116,2
2026-07-15 09:22:00+09:00,-0.0016077745812219217,0.0,0.9772727272727273,2
2026-07-15 09:23:00+09:00,0.000666896685151109,0.0,0.9770084566596194,2
2026-07-15 09:24:00+09:00,0.0008400606246603008,0.0,0.9883720930232558,2
2026-07-15 09:25:00+09:00,-5.292435946119712e-05,0.0,0.953752642706131,2
2026-07-15 09:26:00+09:00,-0.0004425805690025829,0.0,0.9772727272727274,2
2026-07-15 09:27:00+09:00,-0.0004294993102995161,0.0,0.9770084566596194,2
2026-07-15 09:28:00+09:00,-1.694685380834411e-05,0.0,0.9426532769556025,2
2026-07-15 09:29:00+09:00,0.0006566510221176654,0.0,0.9770084566596194,2
2026-07-15 09:30:00+09:00,0.0007341466616931645,0.0,0.9537526427061311,2
2026-07-15 09:31:00+09:00,0.0005372855954877403,0.0,1.0,2
2026-07-15 09:32:00+09:00,-0.00044366772659550557,0.0,0.9770084566596194,2
2026-07-15 09:33:00+09:00,-4.170086338340011e-05,0.0,0.9656448202959831,2
2026-07-15 09:34:00+09:00,0.000515969525876211,0.0,0.9656448202959831,2
2026-07-15 09:35:00+09:00,-0.00014694350112996334,0.0,0.9653805496828753,2
2026-07-15 09:36:00+09:00,0.0006362407012219512,0.0,0.9886363636363636,2
2026-07-15 09:37:00+09:00,-0.0014006503120789302,0.0,0.9656448202959831,2
2026-07-15 09:38:00+09:00,0.00010454097381211698,0.0,0.9886363636363636,2
2026-07-15 09:39:00+09:00,-0.0006080031964872223,0.0,0.9534883720930233,2
2026-07-15 09:40:00+09:00,0.0007016777266728778,0.0,0.953752642706131,2
2026-07-15 09:41:00+09:00,0.0008197970653124774,0.0,0.9542811839323466,2
2026-07-15 09:42:00+09:00,0.0008137602788194952,0.0,0.9772727272727272,2
2026-07-15 09:43:00+09:00,-0.00017565060790541106,0.0,1.0,2
2026-07-15 09:44:00+09:00,-0.0009919468050267686,0.0,0.9534883720930234,2
2026-07-15 09:45:00+09:00,-0.00040006199285556545,0.0,0.9651162790697675,2
2026-07-15 09:46:00+09:00,-9.49174712566348e-05,0.0,0.9651162790697674,2
2026-07-15 09:47:00+09:00,-0.00040411486863090626,0.0,0.919661733615222,2
2026-07-15 09:48:00+09:00,0.00012105746235140365,0.0,0.9307610993657507,2
2026-07-15 09:49:00+09:00,-3.618799841870059e-05,0.0,0.9534883720930234,2
2026-07-15 09:50:00+09:00,-0.0005411101489320712,0.0,0.9770084566596196,2
2026-07-15 09:51:00+09:00,-6.043258309353521e-05,0.0,0.9651162790697674,2
2026-07-15 09:52:00+09:00,-0.00017901505502251165,0.0,0.9770084566596194,2
2026-07-15 09:53:00+09:00,-0.00042215436587553337,0.0,0.9307610993657505,2
2026-07-15 09:54:00+09:00,-0.00024443359214688725,0.0,0.9656448202959831,2
2026-07-15 09:55:00+09:00,0.00021971494261944875,0.0,0.9772727272727273,2
2026-07-15 09:56:00+09:00,-0.0002385370460439203,0.0,0.9080338266384779,2
2026-07-15 09:57:00+09:00,1.831294375444987e-05,0.0,0.9653805496828753,2
2026-07-15 09:58:00+09:00,0.0006279787690692745,0.0,0.9659090909090908,2
2026-07-15 09:59:00+09:00,0.0011720757962676795,0.0,0.9772727272727273,2
2026-07-15 10:00:00+09:00,-6.86611448254225e-05,0.0,0.9656448202959831,2
2026-07-15 10:01:00+09:00,9.616239310095148e-05,0.0,0.9656448202959831,2
2026-07-15 10:02:00+09:00,9.992880731967576e-06,0.0,0.9659090909090909,2
2026-07-15 10:03:00+09:00,-0.0007125454740713132,0.0,0.9653805496828753,2
2026-07-15 10:04:00+09:00,0.0007322904510285526,0.0,0.9540169133192389,2
2026-07-15 10:05:00+09:00,-0.0003585121508510497,0.0,0.9423890063424948,2
2026-07-15 10:06:00+09:00,0.0010566182251364148,0.0,0.9429175475687103,2
2026-07-15 10:07:00+09:00,0.00016471768464214936,0.0,0.9426532769556025,2
2026-07-15 10:08:00+09:00,9.519911906005147e-05,0.0,0.954016913319239,2
2026-07-15 10:09:00+09:00,0.000611030130012464,0.0,0.9653805496828752,2
2026-07-15 10:10:00+09:00,-0.00010174165005221163,0.0,0.9423890063424947,2
2026-07-15 10:11:00+09:00,0.00011536711206855993,0.0,0.9307610993657506,2
2026-07-15 10:12:00+09:00,0.000475311594153541,0.0,0.9193974630021142,2
2026-07-15 10:13:00+09:00,-0.0005456964065645564,0.0,0.9653805496828753,2
2026-07-15 10:14:00+09:00,-0.000848631695386766,0.0,0.90776955602537,2
2026-07-15 10:15:00+09:00,-0.00025656260527781116,0.0,1.0,2
2026-07-15 10:16:00+09:00,0.00012230405096336767,0.0,0.9653805496828751,2
2026-07-15 10:17:00+09:00,0.00060926464394724,0.0,0.9651162790697675,2
2026-07-15 10:18:00+09:00,-0.00041478292344070166,0.0,0.953752642706131,2
2026-07-15 10:19:00+09:00,0.00015577469664773761,0.0,0.953752642706131,2
2026-07-15 10:20:00+09:00,-0.00039751318920868843,0.0,0.9540169133192389,2
2026-07-15 10:21:00+09:00,-0.00041786109775544046,0.0,0.9651162790697675,2
2026-07-15 10:22:00+09:00,-0.0003451437372601345,0.0,0.9770084566596196,2
2026-07-15 10:23:00+09:00,0.0008071964574215127,0.0,0.9767441860465116,2
2026-07-15 10:24:00+09:00,-0.00018402385887068986,0.0,0.9653805496828753,2
2026-07-15 10:25:00+09:00,-0.0007761148035132548,0.0,0.9534883720930233,2
2026-07-15 10:26:00+09:00,-0.0005111125948627153,0.0,0.9540169133192389,2
2026-07-15 10:27:00+09:00,-0.00012440858381543676,0.0,0.9656448202959831,2
2026-07-15 10:28:00+09:00,-0.0006038087701197681,0.0,0.9656448202959831,2
2026-07-15 10:29:00+09:00,7.365776945464901e-05,0.0,0.9767441860465117,2
2026-07-15 10:30:00+09:00,0.0005732045446967912,0.0,0.9767441860465116,2
2026-07-15 10:31:00+09:00,7.851142849780192e-05,0.0,0.9312896405919662,2
2026-07-15 10:32:00+09:00,-0.0001478556123255308,0.0,0.9653805496828753,2
2026-07-15 10:33:00+09:00,-0.0005111196130180072,0.0,0.9653805496828753,2
2026-07-15 10:34:00+09:00,-0.00012201371718370079,0.0,0.9542811839323466,2
2026-07-15 10:35:00+09:00,-0.00019306161572785768,0.0,0.9304968287526427,2
2026-07-15 10:36:00+09:00,-0.0006214726895420032,0.0,0.9421247357293869,2
2026-07-15 10:37:00+09:00,1.5095707056433558e-05,0.0,0.907505285412262,2
2026-07-15 10:38:00+09:00,2.676376814137969e-05,0.0,0.9770084566596196,2
2026-07-15 10:39:00+09:00,0.0007816730036913355,0.0,0.9188689217758985,2
2026-07-15 10:40:00+09:00,-0.0002348323878584609,0.0,0.9770084566596194,2
2026-07-15 10:41:00+09:00,8.92450288381672e-05,0.0,0.9080338266384778,2
2026-07-15 10:42:00+09:00,-0.000462651436383,0.0,0.9542811839323467,2
2026-07-15 10:43:00+09:00,0.00038573297328669924,0.0,0.9534883720930233,2
2026-07-15 10:44:00+09:00,-0.0005543541938133443,0.0,0.895877378435518,2
2026-07-15 10:45:00+09:00,-0.0006104924652846773,0.0,0.9653805496828753,2
2026-07-15 10:46:00+09:00,-0.0005961654406113211,0.0,0.9542811839323467,2
2026-07-15 10:47:00+09:00,-0.000402800176842128,0.0,0.9423890063424947,2
2026-07-15 10:48:00+09:00,-0.00026116926632828284,0.0,0.9651162790697674,2
2026-07-15 10:49:00+09:00,0.0002987810633163588,0.0,0.9770084566596196,2
2026-07-15 10:50:00+09:00,-0.0001641153974032082,0.0,0.9423890063424947,2
2026-07-15 10:51:00+09:00,0.00037471089310801907,0.0,0.8501585623678647,2
2026-07-15 10:52:00+09:00,-0.000510853164940442,0.0,0.9653805496828753,2
2026-07-15 10:53:00+09:00,-0.0003353596742785008,0.0,0.9540169133192389,2
2026-07-15 10:54:00+09:00,4.80475209187945e-05,0.0,0.9423890063424948,2
2026-07-15 10:55:00+09:00,-3.826752643379947e-05,0.0,0.9423890063424948,2
2026-07-15 10:56:00+09:00,-0.0001498097730219026,0.0,0.9304968287526427,2
2026-07-15 10:57:00+09:00,-0.00050912569214315,0.0,0.9312896405919662,2
2026-07-15 10:58:00+09:00,-0.0002505844682062492,0.0,0.9418604651162791,2
2026-07-15 10:59:00+09:00,9.39448230678049e-05,0.0,0.9307610993657506,2
2026-07-15 11:00:00+09:00,0.00010245937277892243,0.0,0.9883720930232558,2
2026-07-15 11:01:00+09:00,3.7872250761950503e-06,0.0,0.8501585623678647,2
2026-07-15 11:02:00+09:00,-0.00020799041249843037,0.0,0.9421247357293869,2
2026-07-15 11:03:00+09:00,-0.0001942067363210664,0.0,0.9080338266384778,2
2026-07-15 11:04:00+09:00,6.196700583058504e-05,0.0,0.9188689217758985,2
2026-07-15 11:05:00+09:00,-0.0005200058034365845,0.0,0.9310253699788583,2
2026-07-15 11:06:00+09:00,-0.00013832190912117776,0.0,0.9883720930232558,2
2026-07-15 11:07:00+09:00,1.6042520462010315e-05,0.0,0.9653805496828752,2
2026-07-15 11:08:00+09:00,0.0002626135092576112,0.0,0.9307610993657506,2
2026-07-15 11:09:00+09:00,-6.670413934040015e-06,0.0,0.9085623678646935,2
2026-07-15 11:10:00+09:00,0.000685323079503541,0.0,0.90776955602537,2
2026-07-15 11:11:00+09:00,-0.00022899575337268277,0.0,0.9770084566596196,2
2026-07-15 11:12:00+09:00,-9.328497893574999e-05,0.0,0.9204545454545454,2
2026-07-15 11:13:00+09:00,-0.00022596689163374784,0.0,0.8506871035940804,2
2026-07-15 11:14:00+09:00,-0.00023213496559336267,0.0,0.9304968287526427,2
2026-07-15 11:15:00+09:00,-0.00011457823420621538,0.0,0.9085623678646935,2
2026-07-15 11:16:00+09:00,1.867859854157405e-05,0.0,0.8850422832980972,2
2026-07-15 11:17:00+09:00,0.0001893637013946401,0.0,0.9426532769556026,2
2026-07-15 11:18:00+09:00,2.511092591782541e-05,0.0,0.9193974630021142,2
2026-07-15 11:19:00+09:00,0.00021081453741276853,0.0,0.8961416490486258,2
2026-07-15 11:20:00+09:00,-0.0003892789830154263,0.0,0.9770084566596196,2
2026-07-15 11:21:00+09:00,-0.00033704019000738346,0.0,0.895877378435518,2
2026-07-15 11:22:00+09:00,6.862800013043799e-08,0.0,0.9772727272727273,2
2026-07-15 11:23:00+09:00,-7.718788194493724e-05,0.0,0.9537526427061311,2
2026-07-15 11:24:00+09:00,-6.446454735519448e-05,0.0,0.9307610993657506,2
2026-07-15 11:25:00+09:00,8.4196538033177e-05,0.0,0.9188689217758985,2
2026-07-15 11:26:00+09:00,-0.00036232935093562544,0.011627906976744186,0.90776955602537,2
2026-07-15 11:27:00+09:00,0.00014081476892986383,0.0,0.9423890063424947,2
2026-07-15 11:28:00+09:00,-0.00034823676693479657,0.011627906976744186,0.9307610993657506,2
2026-07-15 11:29:00+09:00,-0.00019534883720930232,0.9767441860465116,0.0,2
2026-07-15 11:30:00+09:00,0.0,0.0,0.0,2
2026-07-15 12:30:00+09:00,4.01219583430449e-06,1.0,1.0,2
2026-07-15 12:31:00+09:00,-0.0002068786941009971,0.0,0.9883720930232558,2
2026-07-15 12:32:00+09:00,-0.000468236348089404,0.0,0.9770084566596196,2
2026-07-15 12:33:00+09:00,-0.00017612663705178716,0.0,1.0,2
2026-07-15 12:34:00+09:00,-0.0003956653367891475,0.0,0.9770084566596196,2
2026-07-15 12:35:00+09:00,0.000139279990269101,0.0,0.9545454545454546,2
2026-07-15 12:36:00+09:00,-0.00018861086261275022,0.0,0.9770084566596196,2
2026-07-15 12:37:00+09:00,-0.00045455402287921445,0.0,0.9537526427061311,2
2026-07-15 12:38:00+09:00,0.00038148837329656437,0.0,0.9883720930232558,2
2026-07-15 12:39:00+09:00,0.0002200088556837306,0.0,0.9772727272727273,2
2026-07-15 12:40:00+09:00,-0.00017758872380524955,0.0,0.9767441860465117,2
2026-07-15 12:41:00+09:00,0.0005236074472095673,0.0,0.9540169133192389,2
2026-07-15 12:42:00+09:00,-3.3363906833073774e-05,0.0,0.9770084566596194,2
2026-07-15 12:43:00+09:00,8.544645118012062e-05,0.0,0.9770084566596193,2
2026-07-15 12:44:00+09:00,8.294576590693726e-05,0.0,0.9770084566596193,2
2026-07-15 12:45:00+09:00,-0.00018761574173010602,0.0,0.9772727272727273,2
2026-07-15 12:46:00+09:00,-0.0002322025074364812,0.0,0.9542811839323468,2
2026-07-15 12:47:00+09:00,-0.0003075110796040113,0.0,0.9304968287526427,2
2026-07-15 12:48:00+09:00,-0.00029502949734677356,0.0,0.9653805496828752,2
2026-07-15 12:49:00+09:00,-9.394188503407051e-05,0.0,0.953752642706131,2
2026-07-15 12:50:00+09:00,-7.982574597671588e-05,0.0,0.9770084566596196,2
2026-07-15 12:51:00+09:00,-0.00015033096165616115,0.0,0.9307610993657506,2
2026-07-15 12:52:00+09:00,0.00018685933265076243,0.0,0.9429175475687104,2
2026-07-15 12:53:00+09:00,-0.00020091860432008723,0.0,0.919661733615222,2
2026-07-15 12:54:00+09:00,3.460452954105156e-05,0.0,0.9310253699788584,2
2026-07-15 12:55:00+09:00,-0.0003546215269375142,0.0,0.9193974630021142,2
2026-07-15 12:56:00+09:00,-0.00015569790921577878,0.0,0.9542811839323467,2
2026-07-15 12:57:00+09:00,-0.0004031051166738469,0.0,0.9767441860465116,2
2026-07-15 12:58:00+09:00,-0.00014192099357260846,0.0,0.9883720930232558,2
2026-07-15 12:59:00+09:00,5.0380813424684755e-05,0.0,0.9653805496828753,2
2026-07-15 13:00:00+09:00,0.00015913480136387173,0.0,0.9656448202959831,2
2026-07-15 13:01:00+09:00,-0.0002819093274966348,0.0,0.9310253699788584,2
2026-07-15 13:02:00+09:00,-0.0004841985247684872,0.0,0.885306553911205,2
2026-07-15 13:03:00+09:00,-1.5672718072615595e-05,0.0,0.9310253699788584,2
2026-07-15 13:04:00+09:00,-0.00018174045418035964,0.0,0.9193974630021141,2
2026-07-15 13:05:00+09:00,0.0007038360184359685,0.0,0.9542811839323468,2
2026-07-15 13:06:00+09:00,1.7927991601333708e-05,0.0,0.9540169133192389,2
2026-07-15 13:07:00+09:00,-0.0004701261010161653,0.0,0.9659090909090909,2
2026-07-15 13:08:00+09:00,0.00027722199780183245,0.0,0.9426532769556026,2
2026-07-15 13:09:00+09:00,-0.0002864831509591391,0.0,1.0,2
2026-07-15 13:10:00+09:00,-9.465958354616781e-05,0.0,0.9656448202959831,2
2026-07-15 13:11:00+09:00,-0.0001024861767122594,0.0,0.9537526427061311,2
2026-07-15 13:12:00+09:00,-0.0001874750601972199,0.0,0.8969344608879491,2
2026-07-15 13:13:00+09:00,-3.2430161287556816e-05,0.0,0.9421247357293869,2
2026-07-15 13:14:00+09:00,7.059074198356445e-05,0.0,0.8964059196617338,2
2026-07-15 13:15:00+09:00,0.00010048176033004094,0.0,0.9653805496828752,2
2026-07-15 13:16:00+09:00,-8.063626918937498e-05,0.0,0.9537526427061311,2
2026-07-15 13:17:00+09:00,0.00019807502473934193,0.0,0.9656448202959831,2
2026-07-15 13:18:00+09:00,-5.6840738591585324e-05,0.0,0.9193974630021142,2
2026-07-15 13:19:00+09:00,-0.000168517417219877,0.0,0.8845137420718816,2
2026-07-15 13:20:00+09:00,-4.920479796992261e-06,0.0,0.9310253699788584,2
2026-07-15 13:21:00+09:00,-0.0001570775007312459,0.0,0.8961416490486258,2
2026-07-15 13:22:00+09:00,-0.00041572961588462275,0.0,0.9191331923890064,2
2026-07-15 13:23:00+09:00,0.00014430400360285987,0.0,0.9423890063424947,2
2026-07-15 13:24:00+09:00,9.673242460983892e-05,0.0,0.895877378435518,2
2026-07-15 13:25:00+09:00,0.0003558729816259355,0.0,0.9075052854122622,2
2026-07-15 13:26:00+09:00,-0.0002164942979970686,0.0,0.9426532769556026,2
2026-07-15 13:27:00+09:00,0.00010808294935009256,0.0,0.9653805496828752,2
2026-07-15 13:28:00+09:00,-3.043128713787452e-05,0.0,0.931553911205074,2
2026-07-15 13:29:00+09:00,-3.906459135686408e-05,0.0,0.9423890063424948,2
2026-07-15 13:30:00+09:00,0.000258265895824122,0.0,0.9540169133192389,2
2026-07-15 13:31:00+09:00,5.223222933394342e-05,0.0,0.9304968287526427,2
2026-07-15 13:32:00+09:00,-6.278705954487e-05,0.0,0.9193974630021141,2
2026-07-15 13:33:00+09:00,1.7706137460562064e-05,0.0,0.9193974630021142,2
2026-07-15 13:34:00+09:00,-0.0002493388629865537,0.0,0.9423890063424947,2
2026-07-15 13:35:00+09:00,0.00011442586525569182,0.0,0.9767441860465116,2
2026-07-15 13:36:00+09:00,3.593831235841923e-05,0.0,0.8731501057082452,2
2026-07-15 13:37:00+09:00,-0.0002897880112267217,0.0,0.8726215644820297,2
2026-07-15 13:38:00+09:00,0.00013037739472667852,0.0,0.9304968287526427,2
2026-07-15 13:39:00+09:00,-0.00017175664571624348,0.0,0.90776955602537,2
2026-07-15 13:40:00+09:00,-5.1003689206142995e-05,0.0,0.895877378435518,2
2026-07-15 13:41:00+09:00,0.00020073902681263598,0.0,0.8395877378435518,2
2026-07-15 13:42:00+09:00,7.94302540120154e-05,0.0,0.9188689217758985,2
2026-07-15 13:43:00+09:00,-0.00019491332397684067,0.0,0.9540169133192389,2
2026-07-15 13:44:00+09:00,9.775445348618e-05,0.0,0.9188689217758985,2
2026-07-15 13:45:00+09:00,0.00016100463724796408,0.0,0.8726215644820297,2
2026-07-15 13:46:00+09:00,1.0413032442774363e-05,0.0,0.9423890063424947,2
2026-07-15 13:47:00+09:00,1.6425792564446617e-06,0.0,0.90776955602537,2
2026-07-15 13:48:00+09:00,2.4460698148124764e-05,0.0,0.8501585623678647,2
2026-07-15 13:49:00+09:00,0.0002380639735170369,0.0,0.849894291754757,2
2026-07-15 13:50:00+09:00,-0.00018187370173906346,0.0,0.8731501057082452,2
2026-07-15 13:51:00+09:00,-0.0001497895308591564,0.0,0.9423890063424947,2
2026-07-15 13:52:00+09:00,9.459452811020182e-05,0.0,0.919661733615222,2
2026-07-15 13:53:00+09:00,1.2880862011442727e-05,0.0,0.8387949260042283,2
2026-07-15 13:54:00+09:00,-8.677422702303594e-05,0.0,0.8850422832980973,2
2026-07-15 13:55:00+09:00,1.3586150999038096e-05,0.0,0.9423890063424948,2
2026-07-15 13:56:00+09:00,9.333891349215954e-05,0.0,0.9193974630021142,2
2026-07-15 13:57:00+09:00,-0.00014664706253996143,0.0,0.9307610993657505,2
2026-07-15 13:58:00+09:00,-0.00018386515175663977,0.0,0.8966701902748414,2
2026-07-15 13:59:00+09:00,-0.0003924664780373775,0.0,0.895877378435518,2
2026-07-15 14:00:00+09:00,0.000727618905882989,0.0,1.0,2
2026-07-15 14:01:00+09:00,-0.00044633502853639624,0.0,1.0,2
2026-07-15 14:02:00+09:00,0.00021608665082997557,0.0,0.9656448202959831,2
2026-07-15 14:03:00+09:00,0.0008593104653604469,0.0,0.9080338266384778,2
2026-07-15 14:04:00+09:00,0.0007160492706501671,0.0,0.9886363636363635,2
2026-07-15 14:05:00+09:00,5.954476421077741e-05,0.0,0.9542811839323467,2
2026-07-15 14:06:00+09:00,-0.0008288715026165656,0.0,0.9537526427061311,2
2026-07-15 14:07:00+09:00,-0.00017651830966176034,0.0,0.9886363636363638,2
2026-07-15 14:08:00+09:00,-0.00037852335914358225,0.0,0.9307610993657505,2
2026-07-15 14:09:00+09:00,0.00034603543594913103,0.0,0.9653805496828752,2
2026-07-15 14:10:00+09:00,-1.27800689332862e-05,0.0,0.9423890063424947,2
2026-07-15 14:11:00+09:00,0.00023143196691685264,0.0,0.9193974630021142,2
2026-07-15 14:12:00+09:00,0.00017585918559904343,0.0,0.9310253699788583,2
2026-07-15 14:13:00+09:00,0.00016028411078556777,0.0,0.9426532769556025,2
2026-07-15 14:14:00+09:00,6.397721126533913e-05,0.0,0.9193974630021141,2
2026-07-15 14:15:00+09:00,0.00017584422699780999,0.0,0.9883720930232558,2
2026-07-15 14:16:00+09:00,-0.00035768970343632884,0.0,0.9418604651162791,2
2026-07-15 14:17:00+09:00,-0.0005092887044645733,0.0,0.9656448202959831,2
2026-07-15 14:18:00+09:00,0.0001265920415776743,0.0,0.9193974630021142,2
2026-07-15 14:19:00+09:00,-9.085200478725481e-05,0.0,0.9426532769556026,2
2026-07-15 14:20:00+09:00,0.000215230765685355,0.0,0.8620507399577166,2
2026-07-15 14:21:00+09:00,-0.00020601578178637873,0.0,0.9426532769556026,2
2026-07-15 14:22:00+09:00,7.901274819580916e-05,0.0,0.9307610993657506,2
2026-07-15 14:23:00+09:00,-2.9015742076835018e-05,0.0,0.9653805496828752,2
2026-07-15 14:24:00+09:00,-0.0002530318703162555,0.0,0.9421247357293869,2
2026-07-15 14:25:00+09:00,4.2823348667333286e-07,0.0,0.8850422832980973,2
2026-07-15 14:26:00+09:00,0.0001236848637734072,0.0,0.9310253699788583,2
2026-07-15 14:27:00+09:00,3.562614726655771e-05,0.0,0.9767441860465117,2
2026-07-15 14:28:00+09:00,-0.00026613600171098014,0.0,0.9542811839323468,2
2026-07-15 14:29:00+09:00,2.6515947630424315e-05,0.0,0.9767441860465118,2
2026-07-15 14:30:00+09:00,0.00019008924752432404,0.0,0.8961416490486258,2
2026-07-15 14:31:00+09:00,-4.8502714861288434e-05,0.0,0.9431818181818182,2
2026-07-15 14:32:00+09:00,-0.00022371242121874433,0.0,0.9540169133192389,2
2026-07-15 14:33:00+09:00,-0.0002987129186268928,0.0,0.9653805496828752,2
2026-07-15 14:34:00+09:00,-7.328008212228631e-05,0.0,0.9310253699788584,2
2026-07-15 14:35:00+09:00,3.3887481133900525e-05,0.0,0.9426532769556026,2
2026-07-15 14:36:00+09:00,-8.966626446983903e-05,0.0,0.9080338266384778,2
2026-07-15 14:37:00+09:00,4.855516458851901e-05,0.0,0.8964059196617337,2
2026-07-15 14:38:00+09:00,-0.00033632472263927555,0.0,0.9542811839323468,2
2026-07-15 14:39:00+09:00,3.230535010140519e-05,0.0,0.9426532769556026,2
2026-07-15 14:40:00+09:00,0.0005006167249687518,0.0,0.9312896405919662,2
2026-07-15 14:41:00+09:00,-0.0002748085901699288,0.0,0.9429175475687104,2
2026-07-15 14:42:00+09:00,-0.00010306732801284446,0.0,0.907505285412262,2
2026-07-15 14:43:00+09:00,-0.00020455390175353808,0.0,0.9426532769556026,2
2026-07-15 14:44:00+09:00,-0.00019281063137601274,0.0,0.8966701902748415,2
2026-07-15 14:45:00+09:00,-2.0027502355914615e-05,0.0,0.885306553911205,2
2026-07-15 14:46:00+09:00,0.00029324002690001634,0.0,0.8615221987315012,2
2026-07-15 14:47:00+09:00,-0.00031876450883476905,0.0,0.9540169133192389,2
2026-07-15 14:48:00+09:00,-5.681172775579222e-06,0.0,0.9307610993657506,2
2026-07-15 14:49:00+09:00,8.004822019064015e-05,0.0,0.9653805496828753,2
2026-07-15 14:50:00+09:00,0.00021834584024903235,0.0,0.9653805496828752,2
2026-07-15 14:51:00+09:00,-0.0002066569720770319,0.0,0.9772727272727273,2
2026-07-15 14:52:00+09:00,-1.543811854819515e-06,0.0,0.9307610993657505,2
2026-07-15 14:53:00+09:00,-0.0002161519338993871,0.0,0.8969344608879493,2
2026-07-15 14:54:00+09:00,7.417603601046124e-05,0.0,0.9772727272727273,2
2026-07-15 14:55:00+09:00,7.758993188971923e-05,0.0,0.9423890063424947,2
2026-07-15 14:56:00+09:00,4.9128804673561156e-05,0.0,0.9656448202959831,2
2026-07-15 14:57:00+09:00,0.00012363979182782655,0.0,0.9307610993657506,2
2026-07-15 14:58:00+09:00,-0.0002260401859805207,0.0,0.9077695560253699,2
2026-07-15 14:59:00+09:00,6.705326416278298e-05,0.0,0.9426532769556026,2
2026-07-15 15:00:00+09:00,-8.0829627886963e-05,0.0,0.9421247357293869,2
2026-07-15 15:01:00+09:00,5.567586139628282e-05,0.0,0.9542811839323468,2
2026-07-15 15:02:00+09:00,9.75756248846123e-05,0.0,0.9999999999999999,2
2026-07-15 15:03:00+09:00,0.00010929456218854455,0.0,0.9423890063424948,2
2026-07-15 15:04:00+09:00,-1.4486030582736281e-05,0.0,0.9540169133192389,2
2026-07-15 15:05:00+09:00,0.0002056972966246961,0.0,0.9770084566596196,2
2026-07-15 15:06:00+09:00,-0.00019183012624734695,0.0,0.9534883720930233,2
2026-07-15 15:07:00+09:00,-0.00014158438510181447,0.0,0.9653805496828753,2
2026-07-15 15:08:00+09:00,0.00027512998233096564,0.0,0.9883720930232558,2
2026-07-15 15:09:00+09:00,0.0002984449532673491,0.0,0.9542811839323467,2
2026-07-15 15:10:00+09:00,-0.0002417298571247789,0.0,0.9421247357293869,2
2026-07-15 15:11:00+09:00,-0.0001091608945316706,0.0,0.9540169133192389,2
2026-07-15 15:12:00+09:00,-5.091051549092633e-05,0.0,0.9656448202959831,2
2026-07-15 15:13:00+09:00,0.00023224581338182704,0.0,1.0,2
2026-07-15 15:14:00+09:00,-0.00046674635880714316,1.7814914739112833,1.0,2
2026-07-15 15:15:00+09:00,0.0002374873840140637,0.0,0.9799428138928602,2
2026-07-15 15:16:00+09:00,-0.00020806697827554968,0.0,0.9708211995392255,2
2026-07-15 15:17:00+09:00,-0.0003206156399917668,0.0,0.9270471316004091,2
2026-07-15 15:18:00+09:00,0.0002171440647174691,0.0,0.9696003230897707,2
2026-07-15 15:19:00+09:00,-4.0191944752895295e-05,0.0,0.9918019882146552,2
2026-07-15 15:20:00+09:00,-0.00022248030655685897,0.0,1.0353447888084208,2
2026-07-15 15:21:00+09:00,0.0002877586793285809,0.0,1.012847316614285,2
2026-07-15 15:22:00+09:00,0.00010790051101041051,0.0,1.013836925718689,2
2026-07-15 15:23:00+09:00,-2.956830846591193e-05,0.0,1.01406819306374,2
2026-07-15 15:24:00+09:00,-0.00020919661733615223,1.0459830866807611,0.0,2
2026-07-15 15:30:00+09:00,0.0,0.0,0.0,2
2026-07-16 09:00:00+09:00,0.0,0.0,0.0,2
2026-07-16 09:01:00+09:00,0.0,0.0,0.0,2
2026-07-16 09:02:00+09:00,0.0,0.0,0.0,2
2026-07-16 09:03:00+09:00,0.0,0.0,0.0,2
2026-07-16 09:04:00+09:00,0.0,0.0,0.0,2
2026-07-16 09:05:00+09:00,0.0,0.0,0.0,2
2026-07-16 09:06:00+09:00,0.0,0.0,0.0,2
2026-07-16 09:07:00+09:00,0.0,0.0,0.0,2
2026-07-16 09:08:00+09:00,0.0,0.0,0.0,2
2026-07-16 09:09:00+09:00,0.0,0.0,0.0,2
2026-07-16 09:10:00+09:00,0.0,0.0,0.0,2
2026-07-16 09:11:00+09:00,0.0,0.0,0.0,2
2026-07-16 09:12:00+09:00,0.0,0.0,0.0,2
2026-07-16 09:13:00+09:00,0.0,0.0,0.0,2
2026-07-16 09:14:00+09:00,0.0,0.0,0.0,2
2026-07-16 09:15:00+09:00,-0.0006652306942116317,1.0,1.0,2
2026-07-16 09:16:00+09:00,-6.160355494099495e-06,0.0,1.0,2
2026-07-16 09:17:00+09:00,-0.0005019225391628135,0.0,0.986842105263158,2
2026-07-16 09:18:00+09:00,-0.00018121167280791772,0.0,1.0,2
2026-07-16 09:19:00+09:00,0.00014721203161287245,0.0,0.9864864864864864,2
2026-07-16 09:20:00+09:00,0.0003742896744005151,0.0,0.9864864864864865,2
2026-07-16 09:21:00+09:00,0.0005968477475362183,0.0,0.9736842105263158,2
2026-07-16 09:22:00+09:00,0.0001574737626169733,0.0,1.0,2
2026-07-16 09:23:00+09:00,-0.00017087604105801838,0.0,1.0,2
2026-07-16 09:24:00+09:00,-2.3201489133790556e-05,0.0,0.9864864864864865,2
2026-07-16 09:25:00+09:00,-7.901375746297603e-05,0.0,0.986842105263158,2
2026-07-16 09:26:00+09:00,-3.5980986463854136e-05,0.0,0.9594594594594595,2
2026-07-16 09:27:00+09:00,0.0005107993346303225,0.0,0.972972972972973,2
2026-07-16 09:28:00+09:00,-0.00035481039800455943,0.0,0.9864864864864865,2
2026-07-16 09:29:00+09:00,0.0004741511332778298,0.0,0.9598150782361309,2
2026-07-16 09:30:00+09:00,-0.00018341996437661105,0.0,1.0,2
2026-07-16 09:31:00+09:00,0.00028765433999693407,0.0,1.0,2
2026-07-16 09:32:00+09:00,0.0003331525257260832,0.0,0.9733285917496445,2
2026-07-16 09:33:00+09:00,-0.00021743040698142234,0.0,0.9864864864864865,2
2026-07-16 09:34:00+09:00,-0.00013457477708529785,0.0,1.0,2
2026-07-16 09:35:00+09:00,-0.0005818536772084339,0.0,0.9864864864864865,2
2026-07-16 09:36:00+09:00,-0.00044020401501033995,0.0,0.9864864864864864,2
2026-07-16 09:37:00+09:00,2.475455255463726e-05,0.0,0.9733285917496445,2
2026-07-16 09:38:00+09:00,-0.00026744836776993933,0.0,0.9864864864864865,2
2026-07-16 09:39:00+09:00,5.060404069086352e-05,0.0,0.9864864864864865,2
2026-07-16 09:40:00+09:00,-3.263798971100798e-05,0.0,0.9598150782361309,2
2026-07-16 09:41:00+09:00,-0.00015378115560298413,0.0,0.9733285917496444,2
2026-07-16 09:42:00+09:00,-7.514497264845941e-05,0.0,0.972972972972973,2
2026-07-16 09:43:00+09:00,-0.00011214368927850056,0.0,0.9868421052631579,2
2026-07-16 09:44:00+09:00,3.8867987710895216e-05,0.0,0.9864864864864866,2
2026-07-16 09:45:00+09:00,-8.85896233090677e-07,0.0,0.9463015647226174,2
2026-07-16 09:46:00+09:00,-2.5937447500356333e-05,0.0,0.9864864864864865,2
2026-07-16 09:47:00+09:00,0.00020402757022566602,0.0,0.972972972972973,2
2026-07-16 09:48:00+09:00,0.00016722878106229948,0.0,0.9733285917496444,2
2026-07-16 09:49:00+09:00,-5.155935513027764e-05,0.0,0.9864864864864865,2
2026-07-16 09:50:00+09:00,0.0002744421518735841,0.0,0.9864864864864865,2
2026-07-16 09:51:00+09:00,0.0002413525505945873,0.0,0.9463015647226174,2
2026-07-16 09:52:00+09:00,-0.00018605722792977808,0.0,0.9463015647226174,2
2026-07-16 09:53:00+09:00,-0.0001403029185741349,0.0,0.9598150782361308,2
2026-07-16 09:54:00+09:00,-0.00022820467677905462,0.0,0.9334992887624467,2
2026-07-16 09:55:00+09:00,0.0001207036916043566,0.0,0.9598150782361309,2
2026-07-16 09:56:00+09:00,-8.352645324831549e-05,0.0,0.9594594594594594,2
2026-07-16 09:57:00+09:00,-0.00023218831219598606,0.0,0.9334992887624467,2
2026-07-16 09:58:00+09:00,0.00019920878035672404,0.0,0.9864864864864865,2
2026-07-16 09:59:00+09:00,1.7905377235504917e-05,0.0,0.9598150782361309,2
2026-07-16 10:00:00+09:00,0.00011100267793394136,0.0,0.9466571834992887,2
2026-07-16 10:01:00+09:00,-0.00017906977273534125,0.0,0.986842105263158,2
2026-07-16 10:02:00+09:00,-7.847134986972424e-05,0.0,0.9733285917496445,2
2026-07-16 10:03:00+09:00,-3.6632997041278895e-05,0.0,1.0,2
2026-07-16 10:04:00+09:00,-0.00010001468055893627,0.0,0.9594594594594594,2
2026-07-16 10:05:00+09:00,0.0003481569130816496,0.0,0.9733285917496444,2
2026-07-16 10:06:00+09:00,0.00023607063137519852,0.0,0.9733285917496444,2
2026-07-16 10:07:00+09:00,-0.00024126162992746565,0.0,0.9733285917496444,2
2026-07-16 10:08:00+09:00,-0.0001694341773263349,0.0,0.959815078236131,2
2026-07-16 10:09:00+09:00,9.682009412087933e-05,0.0,0.9601706970128023,2
2026-07-16 10:10:00+09:00,5.3330299551408613e-05,0.0,0.9470128022759601,2
2026-07-16 10:11:00+09:00,-0.0001082591098872433,0.0,0.9598150782361308,2
2026-07-16 10:12:00+09:00,-0.00011950437499453956,0.0,0.9733285917496444,2
2026-07-16 10:13:00+09:00,7.397894135336344e-05,0.0,0.9327880512091038,2
2026-07-16 10:14:00+09:00,0.00015082983410420837,0.0,0.9598150782361309,2
2026-07-16 10:15:00+09:00,0.00023735252621029932,0.0,0.9864864864864865,2
2026-07-16 10:16:00+09:00,-0.0001424505241733263,0.0,1.0,2
2026-07-16 10:17:00+09:00,-4.585180118090301e-05,0.0,0.9598150782361309,2
2026-07-16 10:18:00+09:00,-0.0002667537379244606,0.0,0.9864864864864865,2
2026-07-16 10:19:00+09:00,0.00015592760735068137,0.0,0.9729729729729729,2
2026-07-16 10:20:00+09:00,-0.00015967093869761976,0.0,0.972972972972973,2
2026-07-16 10:21:00+09:00,7.786935385876566e-06,0.0,0.9864864864864865,2
2026-07-16 10:22:00+09:00,6.16321460176598e-05,0.0,0.9324324324324325,2
2026-07-16 10:23:00+09:00,-0.00022648616362079711,0.0,0.9864864864864864,2
2026-07-16 10:24:00+09:00,5.30830095275769e-05,0.0,0.9071834992887624,2
2026-07-16 10:25:00+09:00,3.2051142130974086e-06,0.0,0.9466571834992888,2
2026-07-16 10:26:00+09:00,-0.00020542758895030337,0.0,0.9733285917496444,2
2026-07-16 10:27:00+09:00,5.797638184848742e-05,0.0,0.9864864864864864,2
2026-07-16 10:28:00+09:00,-0.0001077799445261301,0.0,0.9466571834992888,2
2026-07-16 10:29:00+09:00,8.359411379845436e-05,0.0,0.9733285917496444,2
2026-07-16 10:30:00+09:00,-6.60501066527238e-06,0.0,0.9733285917496444,2
2026-07-16 10:31:00+09:00,-2.613814744050269e-05,0.0,0.9331436699857751,2
2026-07-16 10:32:00+09:00,-0.00012103457938606464,0.0,1.0,2
2026-07-16 10:33:00+09:00,0.00031711573604177503,0.0,0.9327880512091038,2
2026-07-16 10:34:00+09:00,0.00018674538810900678,0.0,0.959815078236131,2
2026-07-16 10:35:00+09:00,-0.0001983021862369739,0.0,0.972972972972973,2
2026-07-16 10:36:00+09:00,-0.0001499536243174509,0.0,0.9598150782361309,2
2026-07-16 10:37:00+09:00,-4.3888229537714144e-05,0.0,0.9598150782361308,2
2026-07-16 10:38:00+09:00,8.584316128914905e-05,0.0,0.9327880512091038,2
2026-07-16 10:39:00+09:00,-0.00012268589198076104,0.0,0.9463015647226174,2
2026-07-16 10:40:00+09:00,-0.0003242015177129725,0.0,0.9864864864864865,2
2026-07-16 10:41:00+09:00,-0.0004410655297315251,0.0,0.9733285917496444,2
2026-07-16 10:42:00+09:00,3.343515576831415e-05,0.0,0.9463015647226174,2
2026-07-16 10:43:00+09:00,-0.000259971614127788,0.0,0.9470128022759601,2
2026-07-16 10:44:00+09:00,-0.00011210679461456889,0.0,0.972972972972973,2
2026-07-16 10:45:00+09:00,0.0003683447824129816,0.0,0.9868421052631579,2
2026-07-16 10:46:00+09:00,6.905574279469113e-05,0.0,0.9594594594594594,2
2026-07-16 10:47:00+09:00,0.00037979008392052013,0.0,0.972972972972973,2
2026-07-16 10:48:00+09:00,0.00015539156932954483,0.0,0.9327880512091038,2
2026-07-16 10:49:00+09:00,-3.091047292075544e-05,0.0,0.9594594594594594,2
2026-07-16 10:50:00+09:00,-0.0007079829642568123,0.0,0.9598150782361309,2
2026-07-16 10:51:00+09:00,0.00040745881800169934,0.0,0.972972972972973,2
2026-07-16 10:52:00+09:00,3.438902768278648e-05,0.0,0.9463015647226174,2
2026-07-16 10:53:00+09:00,0.00021278757313077535,0.0,0.9324324324324325,2
2026-07-16 10:54:00+09:00,0.00020815470380077826,0.0,0.9324324324324323,2
2026-07-16 10:55:00+09:00,-7.086679630647364e-05,0.0,0.9601706970128023,2
2026-07-16 10:56:00+09:00,-0.000290725509271822,0.0,0.9331436699857751,2
2026-07-16 10:57:00+09:00,-0.0001995605073777837,0.0,0.9463015647226173,2
2026-07-16 10:58:00+09:00,-0.0002754257905127062,0.0,0.9733285917496444,2
2026-07-16 10:59:00+09:00,0.00014465416414052222,0.0,0.9331436699857752,2
2026-07-16 11:00:00+09:00,-0.0002446122086398282,0.0,0.9324324324324325,2
2026-07-16 11:01:00+09:00,-0.0003531176480473656,0.0,0.9598150782361309,2
2026-07-16 11:02:00+09:00,0.00029339109205734303,0.0,1.0,2
2026-07-16 11:03:00+09:00,-4.535928292068089e-05,0.0,0.9199857752489331,2
2026-07-16 11:04:00+09:00,-0.00015778155839703766,0.0,0.9864864864864865,2
2026-07-16 11:05:00+09:00,0.00022498331794151748,0.0,0.9334992887624467,2
2026-07-16 11:06:00+09:00,0.00018093524560324365,0.0,0.9868421052631579,2
2026-07-16 11:07:00+09:00,1.5156674081014885e-05,0.0,1.0,2
2026-07-16 11:08:00+09:00,-0.00011367922452289184,0.0,0.9192745376955903,2
2026-07-16 11:09:00+09:00,1.4372336940045831e-05,0.0,0.9598150782361309,2
2026-07-16 11:10:00+09:00,3.3723487093613822e-06,0.0,0.9605263157894737,2
2026-07-16 11:11:00+09:00,-7.743503689803468e-05,0.0,0.9068278805120911,2
2026-07-16 11:12:00+09:00,-0.00019502537425421717,0.0,0.9868421052631579,2
2026-07-16 11:13:00+09:00,0.00021799154487927333,0.0,0.9463015647226173,2
2026-07-16 11:14:00+09:00,0.00013152681051397717,0.0,0.9327880512091038,2
2026-07-16 11:15:00+09:00,2.491390856093688e-05,0.0,0.972972972972973,2
2026-07-16 11:16:00+09:00,0.0002241530467098247,0.0,0.9061166429587483,2
2026-07-16 11:17:00+09:00,7.523129622743849e-05,0.0,0.9733285917496444,2
2026-07-16 11:18:00+09:00,6.408116411536635e-06,0.0,0.9199857752489331,2
2026-07-16 11:19:00+09:00,-0.00027791851843620287,0.0,0.9331436699857752,2
2026-07-16 11:20:00+09:00,0.0001292435734293515,0.0,0.9463015647226174,2
2026-07-16 11:21:00+09:00,6.942651709450184e-05,0.0,0.9199857752489331,2
2026-07-16 11:22:00+09:00,1.2400169642725157e-05,0.0,0.892958748221906,2
2026-07-16 11:23:00+09:00,0.0002395068454953052,0.0,0.9331436699857751,2
2026-07-16 11:24:00+09:00,9.128825492196048e-06,0.0,0.9466571834992887,2
2026-07-16 11:25:00+09:00,-0.00011369945184044838,0.0,0.9324324324324325,2
2026-07-16 11:26:00+09:00,-4.308309364126019e-05,0.013513513513513514,0.9459459459459458,2
2026-07-16 11:27:00+09:00,0.00029030885818474806,0.0,0.9331436699857752,2
2026-07-16 11:28:00+09:00,-5.397514572641304e-05,0.0,0.9192745376955902,2
2026-07-16 11:29:00+09:00,-0.0001972972972972973,0.9864864864864865,0.0,2
2026-07-16 11:30:00+09:00,0.0,0.0,0.0,2
2026-07-16 12:30:00+09:00,-0.00026341785113119493,1.0,1.0,2
2026-07-16 12:31:00+09:00,-0.000237162519476852,0.0,1.0,2
2026-07-16 12:32:00+09:00,-0.00014408480076110963,0.0,1.0,2
2026-07-16 12:33:00+09:00,0.00011349772055482829,0.0,1.0,2
2026-07-16 12:34:00+09:00,-0.00022989085801277255,0.0,0.9864864864864865,2
2026-07-16 12:35:00+09:00,-9.696197374630562e-05,0.0,0.986842105263158,2
2026-07-16 12:36:00+09:00,0.00020155511452946983,0.0,0.9463015647226174,2
2026-07-16 12:37:00+09:00,-0.00012107133030127606,0.0,0.972972972972973,2
2026-07-16 12:38:00+09:00,-0.0002487532580405032,0.0,0.9196301564722618,2
2026-07-16 12:39:00+09:00,0.00027315122987871926,0.0,0.9864864864864865,2
2026-07-16 12:40:00+09:00,-0.00010158550502457161,0.0,0.9729729729729729,2
2026-07-16 12:41:00+09:00,-0.0001970338144917018,0.0,0.8933143669985775,2
2026-07-16 12:42:00+09:00,0.0001912670557142658,0.0,0.9466571834992888,2
2026-07-16 12:43:00+09:00,0.00010437196766724818,0.0,0.9466571834992887,2
2026-07-16 12:44:00+09:00,9.93712203835543e-05,0.0,0.959815078236131,2
2026-07-16 12:45:00+09:00,3.56486458434899e-05,0.0,0.9598150782361309,2
2026-07-16 12:46:00+09:00,-9.145598605815861e-05,0.0,0.9331436699857752,2
2026-07-16 12:47:00+09:00,7.507177241776933e-05,0.0,0.9733285917496444,2
2026-07-16 12:48:00+09:00,0.00021009288398025216,0.0,0.9331436699857754,2
2026-07-16 12:49:00+09:00,0.0002808845808615695,0.0,0.9199857752489331,2
2026-07-16 12:50:00+09:00,-3.6914119983761945e-06,0.0,0.9594594594594594,2
2026-07-16 12:51:00+09:00,4.074209265956546e-05,0.0,0.9733285917496444,2
2026-07-16 12:52:00+09:00,0.00015626959972531745,0.0,0.9334992887624467,2
2026-07-16 12:53:00+09:00,0.0002107005007125612,0.0,0.9064722617354196,2
2026-07-16 12:54:00+09:00,-0.00020155675415053546,0.0,0.9068278805120911,2
2026-07-16 12:55:00+09:00,0.0002822245821977841,0.0,0.9598150782361308,2
2026-07-16 12:56:00+09:00,-0.00014752598470634345,0.0,0.9598150782361309,2
2026-07-16 12:57:00+09:00,0.00028397390021834813,0.0,0.9196301564722618,2
2026-07-16 12:58:00+09:00,0.0002731971043385696,0.0,0.9601706970128023,2
2026-07-16 12:59:00+09:00,-4.6650153244964626e-05,0.0,0.9598150782361309,2
2026-07-16 13:00:00+09:00,-3.792329012349322e-05,0.0,0.9470128022759603,2
2026-07-16 13:01:00+09:00,-0.0001699681226088515,0.0,0.9864864864864865,2
2026-07-16 13:02:00+09:00,-0.00012540068999960851,0.0,0.9864864864864865,2
2026-07-16 13:03:00+09:00,0.00014117698226894039,0.0,0.9466571834992886,2
2026-07-16 13:04:00+09:00,0.00021096931723075938,0.0,0.9334992887624467,2
2026-07-16 13:05:00+09:00,0.0003369926282773021,0.0,0.9199857752489331,2
2026-07-16 13:06:00+09:00,3.481994537467473e-05,0.0,0.9598150782361308,2
2026-07-16 13:07:00+09:00,-9.22120526401382e-05,0.0,0.9327880512091038,2
2026-07-16 13:08:00+09:00,0.00012698849245204488,0.0,0.8655761024182077,2
2026-07-16 13:09:00+09:00,0.00019250693812312208,0.0,0.9057610241820768,2
2026-07-16 13:10:00+09:00,7.824687598114977e-05,0.0,0.959815078236131,2
2026-07-16 13:11:00+09:00,9.896784561501286e-05,0.0,0.9463015647226174,2
2026-07-16 13:12:00+09:00,-8.940444339096974e-06,0.0,0.8129445234708393,2
2026-07-16 13:13:00+09:00,9.079422883948223e-05,0.0,0.9203413940256047,2
2026-07-16 13:14:00+09:00,-0.000153639785555022,0.0,0.9594594594594594,2
2026-07-16 13:15:00+09:00,0.00018633290234256053,0.0,0.9334992887624467,2
2026-07-16 13:16:00+09:00,-0.00023205900353811558,0.0,0.9864864864864865,2
2026-07-16 13:17:00+09:00,-7.954269045640556e-05,0.0,0.9594594594594593,2
2026-07-16 13:18:00+09:00,-0.0001550578153545838,0.0,0.933854907539118,2
2026-07-16 13:19:00+09:00,-0.00013392609077045718,0.0,0.9736842105263157,2
2026-07-16 13:20:00+09:00,-0.00022607114943393796,0.0,0.8794452347083925,2
2026-07-16 13:21:00+09:00,-0.00012114941277654973,0.0,0.9466571834992887,2
2026-07-16 13:22:00+09:00,1.7603808397795665e-05,0.0,0.9864864864864865,2
2026-07-16 13:23:00+09:00,0.00015613135530299292,0.0,0.933854907539118,2
2026-07-16 13:24:00+09:00,4.3325496400786866e-05,0.0,0.9470128022759602,2
2026-07-16 13:25:00+09:00,0.00010311776628047589,0.0,0.9601706970128022,2
2026-07-16 13:26:00+09:00,0.00011757491885186097,0.0,0.9868421052631579,2
2026-07-16 13:27:00+09:00,-0.00011057086092290758,0.0,0.9334992887624467,2
2026-07-16 13:28:00+09:00,-4.7593359384235834e-05,0.0,0.9598150782361309,2
2026-07-16 13:29:00+09:00,-0.00024112457172848563,0.0,0.9199857752489331,2
2026-07-16 13:30:00+09:00,8.442124494248932e-05,0.0,0.8936699857752489,2
2026-07-16 13:31:00+09:00,6.708876949295019e-05,0.0,0.8922475106685632,2
2026-07-16 13:32:00+09:00,0.00011177231679672056,0.0,0.9463015647226174,2
2026-07-16 13:33:00+09:00,-4.666120283384052e-05,0.0,0.8933143669985776,2
2026-07-16 13:34:00+09:00,0.00013456327908786768,0.0,0.9203413940256046,2
2026-07-16 13:35:00+09:00,-0.00024698251588795863,0.0,0.9327880512091039,2
2026-07-16 13:36:00+09:00,-0.00011378780234333562,0.0,0.9061166429587482,2
2026-07-16 13:37:00+09:00,0.00015977122033566466,0.0,0.9068278805120911,2
2026-07-16 13:38:00+09:00,7.489554337913708e-05,0.0,0.9466571834992887,2
2026-07-16 13:39:00+09:00,-8.483189406200644e-05,0.0,0.9605263157894736,2
2026-07-16 13:40:00+09:00,2.731100443825259e-05,0.0,0.9463015647226174,2
2026-07-16 13:41:00+09:00,-0.00011696769241271109,0.0,0.9463015647226174,2
2026-07-16 13:42:00+09:00,-5.6673665807742596e-05,0.0,0.8666429587482218,2
2026-07-16 13:43:00+09:00,-6.029412337467654e-05,0.0,0.9733285917496444,2
2026-07-16 13:44:00+09:00,-2.1580741343064173e-05,0.0,0.9327880512091039,2
2026-07-16 13:45:00+09:00,6.877456645390534e-05,0.0,0.9199857752489331,2
2026-07-16 13:46:00+09:00,-9.248569748539415e-05,0.0,0.879800853485064,2
2026-07-16 13:47:00+09:00,8.291814658952561e-05,0.0,0.9196301564722618,2
2026-07-16 13:48:00+09:00,1.616543388100738e-05,0.0,0.9459459459459459,2
2026-07-16 13:49:00+09:00,-0.00022330456764808063,0.0,0.9199857752489331,2
2026-07-16 13:50:00+09:00,0.00015626210875622403,0.0,0.9864864864864865,2
2026-07-16 13:51:00+09:00,-5.548353658081978e-05,0.0,0.9064722617354196,2
2026-07-16 13:52:00+09:00,-8.790859763432765e-05,0.0,0.9061166429587482,2
2026-07-16 13:53:00+09:00,7.385780784797938e-05,0.0,0.9199857752489331,2
2026-07-16 13:54:00+09:00,4.217868151301224e-05,0.0,0.9736842105263158,2
2026-07-16 13:55:00+09:00,-7.763666162362096e-05,0.0,0.9192745376955903,2
2026-07-16 13:56:00+09:00,-0.00020233646512290195,0.0,0.8794452347083925,2
2026-07-16 13:57:00+09:00,-8.91612788097695e-05,0.0,0.9463015647226174,2
2026-07-16 13:58:00+09:00,-4.909650619970649e-05,0.0,0.986842105263158,2
2026-07-16 13:59:00+09:00,5.1114249045533666e-05,0.0,0.9199857752489331,2
2026-07-16 14:00:00+09:00,0.00013608617508922632,0.0,0.9459459459459459,2
2026-07-16 14:01:00+09:00,8.106509333193747e-05,0.0,0.9463015647226174,2
2026-07-16 14:02:00+09:00,0.00010062448580424817,0.0,0.9331436699857752,2
2026-07-16 14:03:00+09:00,-2.5083195951730316e-05,0.0,0.9064722617354196,2
2026-07-16 14:04:00+09:00,-7.501562352220622e-05,0.0,0.8794452347083926,2
2026-07-16 14:05:00+09:00,-2.4227179473487213e-05,0.0,0.9598150782361309,2
2026-07-16 14:06:00+09:00,-0.00016949394445036,0.0,0.9466571834992888,2
2026-07-16 14:07:00+09:00,1.7309579795795562e-06,0.0,0.972972972972973,2
2026-07-16 14:08:00+09:00,3.885015293040134e-05,0.0,0.9334992887624467,2
2026-07-16 14:09:00+09:00,0.0001348663183728469,0.0,0.9068278805120911,2
2026-07-16 14:10:00+09:00,-5.074463314957485e-05,0.0,0.9598150782361308,2
2026-07-16 14:11:00+09:00,-4.3747821887133194e-05,0.0,0.9470128022759601,2
2026-07-16 14:12:00+09:00,0.00015249304850096607,0.0,0.9196301564722618,2
2026-07-16 14:13:00+09:00,8.51863549069351e-05,0.0,0.9868421052631579,2
2026-07-16 14:14:00+09:00,4.864217352168059e-05,0.0,0.9598150782361309,2
2026-07-16 14:15:00+09:00,6.664546353051768e-05,0.0,0.9733285917496443,2
2026-07-16 14:16:00+09:00,-2.0549577504358834e-05,0.0,0.9864864864864865,2
2026-07-16 14:17:00+09:00,-3.665026327355841e-06,0.0,0.9064722617354197,2
2026-07-16 14:18:00+09:00,0.00010603639866384305,0.0,0.9064722617354196,2
2026-07-16 14:19:00+09:00,-0.0001058004809647335,0.0,0.9598150782361308,2
2026-07-16 14:20:00+09:00,-2.3721486720325867e-06,0.0,0.9064722617354196,2
2026-07-16 14:21:00+09:00,-9.621503237007899e-05,0.0,0.9199857752489331,2
2026-07-16 14:22:00+09:00,0.00023119613190639173,0.0,0.8929587482219061,2
2026-07-16 14:23:00+09:00,-2.655222082882329e-05,0.0,0.9594594594594595,2
2026-07-16 14:24:00+09:00,8.981634011624816e-05,0.0,0.9334992887624467,2
2026-07-16 14:25:00+09:00,7.67529723160097e-05,0.0,0.9864864864864865,2
2026-07-16 14:26:00+09:00,0.00025571464468389154,0.0,0.9071834992887624,2
2026-07-16 14:27:00+09:00,-2.622689217313698e-05,0.0,0.9071834992887624,2
2026-07-16 14:28:00+09:00,0.00012543590301553645,0.0,0.9470128022759601,2
2026-07-16 14:29:00+09:00,-9.878784446390951e-05,0.0,0.986842105263158,2
2026-07-16 14:30:00+09:00,-0.0001575593749162828,0.0,1.0,2
2026-07-16 14:31:00+09:00,1.5125320477965524e-05,0.0,0.9864864864864865,2
2026-07-16 14:32:00+09:00,-0.00010974106858834103,0.0,0.9594594594594594,2
2026-07-16 14:33:00+09:00,-0.00013388580633536318,0.0,0.9594594594594595,2
2026-07-16 14:34:00+09:00,-0.00017759976479199806,0.0,0.972972972972973,2
2026-07-16 14:35:00+09:00,0.00035439838086934444,0.0,0.9463015647226174,2
2026-07-16 14:36:00+09:00,1.973901970624664e-06,0.0,0.9733285917496444,2
2026-07-16 14:37:00+09:00,-7.640088003982648e-05,0.0,0.9064722617354197,2
2026-07-16 14:38:00+09:00,-0.000246619040837727,0.0,0.8929587482219061,2
2026-07-16 14:39:00+09:00,-9.050527124717021e-07,0.0,0.9864864864864866,2
2026-07-16 14:40:00+09:00,3.0308362254854804e-05,0.0,0.9868421052631579,2
2026-07-16 14:41:00+09:00,-0.00014971308991637097,0.0,0.9463015647226174,2
2026-07-16 14:42:00+09:00,8.418434103352423e-05,0.0,0.9594594594594594,2
2026-07-16 14:43:00+09:00,-0.00020688706633002313,0.0,0.9594594594594595,2
2026-07-16 14:44:00+09:00,-4.42418963492818e-05,0.0,0.9459459459459458,2
2026-07-16 14:45:00+09:00,-9.920518622203947e-06,0.0,0.9203413940256046,2
2026-07-16 14:46:00+09:00,9.520999621521067e-05,0.0,0.9594594594594595,2
2026-07-16 14:47:00+09:00,-4.964198503022398e-06,0.0,0.9324324324324325,2
2026-07-16 14:48:00+09:00,-0.00010117619188693319,0.0,0.972972972972973,2
2026-07-16 14:49:00+09:00,2.7088956478010363e-05,0.0,0.9331436699857752,2
2026-07-16 14:50:00+09:00,-0.00011401112224056418,0.0,0.9327880512091038,2
2026-07-16 14:51:00+09:00,0.00015244770146574934,0.0,0.9470128022759601,2
2026-07-16 14:52:00+09:00,6.675712423058541e-05,0.0,0.9466571834992887,2
2026-07-16 14:53:00+09:00,8.349845913136675e-05,0.0,0.972972972972973,2
2026-07-16 14:54:00+09:00,-8.957448068641825e-06,0.0,0.9594594594594594,2
2026-07-16 14:55:00+09:00,-7.932776973069203e-05,0.0,0.9868421052631577,2
2026-07-16 14:56:00+09:00,-2.4382652674704587e-05,0.0,0.9864864864864865,2
2026-07-16 14:57:00+09:00,-0.0002581441172159172,0.0,0.9733285917496444,2
2026-07-16 14:58:00+09:00,-6.767584419026834e-05,0.0,0.9594594594594594,2
2026-07-16 14:59:00+09:00,0.000232043860599664,0.0,0.986842105263158,2
2026-07-16 15:00:00+09:00,-0.00014933939389914652,0.0,0.9864864864864864,2
2026-07-16 15:01:00+09:00,-0.0002365250996543356,0.0,0.9864864864864865,2
2026-07-16 15:02:00+09:00,-5.466149782569881e-05,0.0,0.9864864864864865,2
2026-07-16 15:03:00+09:00,9.93688259128502e-05,0.0,1.0,2
2026-07-16 15:04:00+09:00,-0.00024458831519369245,0.0,0.9733285917496444,2
2026-07-16 15:05:00+09:00,8.882243149021687e-05,0.0,1.0,2
2026-07-16 15:06:00+09:00,5.209119401002301e-05,0.0,0.9864864864864865,2
2026-07-16 15:07:00+09:00,0.00017768925129364136,0.0,0.972972972972973,2
2026-07-16 15:08:00+09:00,0.0003524466484984849,0.0,1.0,2
2026-07-16 15:09:00+09:00,-4.2485640556906526e-05,0.0,1.0,2
2026-07-16 15:10:00+09:00,1.8357534506075214e-06,0.0,1.0,2
2026-07-16 15:11:00+09:00,0.00017046462623048812,0.0,0.9733285917496445,2
2026-07-16 15:12:00+09:00,-7.539787379765287e-05,0.0,0.9598150782361309,2
2026-07-16 15:13:00+09:00,0.00010200277400206149,0.0,0.9864864864864865,2
2026-07-16 15:14:00+09:00,-0.000766185702369113,1.9037378392217101,0.9999999999999999,2
2026-07-16 15:15:00+09:00,-0.0002522471501952059,0.0,0.9357398873527906,2
2026-07-16 15:16:00+09:00,-0.0005691839635851765,0.0,0.8640552995391705,2
2026-07-16 15:17:00+09:00,-0.00013462102211913763,0.0,0.8879928315412186,2
2026-07-16 15:18:00+09:00,2.0582519867469e-05,0.0,0.9358678955453149,2
2026-07-16 15:19:00+09:00,-0.0001687393733791911,0.0,0.9440604198668714,2
2026-07-16 15:20:00+09:00,0.00020323064558554516,0.0,0.8956733230926779,2
2026-07-16 15:21:00+09:00,0.0004314339711130442,0.0,0.911674347158218,2
2026-07-16 15:22:00+09:00,-0.00031129216212184504,0.0,0.9441884280593957,2
2026-07-16 15:23:00+09:00,0.001267744530925126,0.0,0.9436763952892985,2
2026-07-16 15:24:00+09:00,-0.0002,1.0,0.0,2
2026-07-16 15:30:00+09:00,0.0,0.0,0.0,2
2026-07-17 09:00:00+09:00,0.0,0.0,0.0,2
2026-07-17 09:01:00+09:00,0.0,0.0,0.0,2
2026-07-17 09:02:00+09:00,0.0,0.0,0.0,2
2026-07-17 09:03:00+09:00,0.0,0.0,0.0,2
2026-07-17 09:04:00+09:00,0.0,0.0,0.0,2
2026-07-17 09:05:00+09:00,0.0,0.0,0.0,2
2026-07-17 09:06:00+09:00,0.0,0.0,0.0,2
2026-07-17 09:07:00+09:00,0.0,0.0,0.0,2
2026-07-17 09:08:00+09:00,0.0,0.0,0.0,2
2026-07-17 09:09:00+09:00,0.0,0.0,0.0,2
2026-07-17 09:10:00+09:00,0.0,0.0,0.0,2
2026-07-17 09:11:00+09:00,0.0,0.0,0.0,2
2026-07-17 09:12:00+09:00,0.0,0.0,0.0,2
2026-07-17 09:13:00+09:00,0.0,0.0,0.0,2
2026-07-17 09:14:00+09:00,0.0,0.0,0.0,2
2026-07-17 09:15:00+09:00,0.00010769433991512222,1.0,1.0,2
2026-07-17 09:16:00+09:00,-6.4472143144967805e-06,0.0,0.975609756097561,2
2026-07-17 09:17:00+09:00,0.00044771354800729604,0.0,0.9756097560975611,2
2026-07-17 09:18:00+09:00,-0.0002042266481748343,0.0,0.9759001161440185,2
2026-07-17 09:19:00+09:00,-0.00013127243870681332,0.0,0.9880952380952381,2
2026-07-17 09:20:00+09:00,3.614582222413853e-05,0.0,1.0,2
2026-07-17 09:21:00+09:00,6.20762187494652e-05,0.0,1.0,2
2026-07-17 09:22:00+09:00,-0.0004930005037600542,0.0,0.9878048780487805,2
2026-07-17 09:23:00+09:00,-1.943397066011425e-05,0.0,0.9756097560975608,2
2026-07-17 09:24:00+09:00,0.00012125512627505009,0.0,0.9759001161440186,2
2026-07-17 09:25:00+09:00,0.0002615339811425377,0.0,1.0,2
2026-07-17 09:26:00+09:00,-0.00038100443309660925,0.0,0.975609756097561,2
2026-07-17 09:27:00+09:00,-3.847075519405083e-05,0.0,0.9759001161440185,2
2026-07-17 09:28:00+09:00,9.369665137378627e-05,0.0,0.9759001161440185,2
2026-07-17 09:29:00+09:00,-0.00020634847172386017,0.0,0.988095238095238,2
2026-07-17 09:30:00+09:00,-7.212075129142452e-05,0.0,1.0,2
2026-07-17 09:31:00+09:00,5.425017416749095e-05,0.0,0.9634146341463415,2
2026-07-17 09:32:00+09:00,0.0001432847818606744,0.0,0.988095238095238,2
2026-07-17 09:33:00+09:00,0.0001549621598109377,0.0,0.9878048780487805,2
2026-07-17 09:34:00+09:00,0.0003318935989877217,0.0,0.9878048780487805,2
2026-07-17 09:35:00+09:00,-0.0003297591369413867,0.0,0.9878048780487806,2
2026-07-17 09:36:00+09:00,0.00013498464542568186,0.0,1.0,2
2026-07-17 09:37:00+09:00,0.0003361989799513315,0.0,1.0,2
2026-07-17 09:38:00+09:00,0.0006383829837584425,0.0,0.9878048780487805,2
2026-07-17 09:39:00+09:00,-3.2801914348112754e-05,0.0,0.9759001161440185,2
2026-07-17 09:40:00+09:00,-0.0003726650460043312,0.0,1.0,2
2026-07-17 09:41:00+09:00,-0.00010294623663828653,0.0,0.9756097560975611,2
2026-07-17 09:42:00+09:00,-0.00010514044437647107,0.0,0.9756097560975608,2
2026-07-17 09:43:00+09:00,0.00047298684426476183,0.0,0.9756097560975608,2
2026-07-17 09:44:00+09:00,-5.5437306522261e-05,0.0,0.9759001161440185,2
2026-07-17 09:45:00+09:00,0.00011858719235057778,0.0,0.9634146341463414,2
2026-07-17 09:46:00+09:00,0.00021009935412062247,0.0,0.9637049941927991,2
2026-07-17 09:47:00+09:00,0.0004372831564862837,0.0,0.9152148664343785,2
2026-07-17 09:48:00+09:00,-9.972149278307e-05,0.0,0.975609756097561,2
2026-07-17 09:49:00+09:00,0.00046579508281312996,0.0,0.9515098722415795,2
2026-07-17 09:50:00+09:00,-0.00034311117746005116,0.0,1.0,2
2026-07-17 09:51:00+09:00,0.0001446237009579522,0.0,0.9878048780487806,2
2026-07-17 09:52:00+09:00,-0.00016580625454837584,0.0,0.9518002322880371,2
2026-07-17 09:53:00+09:00,0.00037058427431581076,0.0,0.9878048780487804,2
2026-07-17 09:54:00+09:00,-0.00033575652246405,0.0,0.9756097560975611,2
2026-07-17 09:55:00+09:00,0.00021166356464197097,0.0,0.9393147502903599,2
2026-07-17 09:56:00+09:00,-0.0005784529554227535,0.0,0.9878048780487805,2
2026-07-17 09:57:00+09:00,-0.00048542295648913237,0.0,0.9637049941927991,2
2026-07-17 09:58:00+09:00,-0.00027765491668304355,0.0,0.9515098722415795,2
2026-07-17 09:59:00+09:00,0.0002846627872145512,0.0,0.9878048780487806,2
2026-07-17 10:00:00+09:00,5.378080335063972e-05,0.0,1.0,2
2026-07-17 10:01:00+09:00,-0.0006799285319859688,0.0,0.9518002322880371,2
2026-07-17 10:02:00+09:00,5.8123953399052034e-05,0.0,0.9756097560975608,2
2026-07-17 10:03:00+09:00,-0.00045576747023531525,0.0,0.975609756097561,2
2026-07-17 10:04:00+09:00,-0.00022357764480055055,0.0,0.9634146341463415,2
2026-07-17 10:05:00+09:00,1.766588328959072e-05,0.0,0.9634146341463414,2
2026-07-17 10:06:00+09:00,9.776790534893165e-05,0.0,0.9274099883855981,2
2026-07-17 10:07:00+09:00,0.0002741818012518363,0.0,0.9396051103368176,2
2026-07-17 10:08:00+09:00,7.448958883639659e-05,0.0,0.975609756097561,2
2026-07-17 10:09:00+09:00,0.0005819787841218805,0.0,0.9393147502903602,2
2026-07-17 10:10:00+09:00,-0.00025260668014382066,0.0,0.9398954703832753,2
2026-07-17 10:11:00+09:00,0.0001322743021839001,0.0,0.93931475029036,2
2026-07-17 10:12:00+09:00,-5.437327033352136e-05,0.0,0.9393147502903599,2
2026-07-17 10:13:00+09:00,-0.0003201333317057474,0.0,0.9639953542392566,2
2026-07-17 10:14:00+09:00,6.490060948565429e-06,0.0,0.9637049941927991,2
2026-07-17 10:15:00+09:00,-0.00038013059908000187,0.0,0.963704994192799,2
2026-07-17 10:16:00+09:00,-0.0007280275622731274,0.0,0.9759001161440186,2
2026-07-17 10:17:00+09:00,-0.00018592608474956158,0.0,0.9637049941927991,2
2026-07-17 10:18:00+09:00,-0.00013647115197011945,0.0,0.9393147502903599,2
2026-07-17 10:19:00+09:00,-0.0005811707518823524,0.0,0.8911149825783972,2
2026-07-17 10:20:00+09:00,0.0003394470658596773,0.0,0.9634146341463415,2
2026-07-17 10:21:00+09:00,-1.8887337078210363e-05,0.0,0.9878048780487806,2
2026-07-17 10:22:00+09:00,-0.00045165690713429855,0.0,0.9515098722415796,2
2026-07-17 10:23:00+09:00,-9.952005196581373e-05,0.0,0.9152148664343787,2
2026-07-17 10:24:00+09:00,0.00010372412165117938,0.0,0.9515098722415795,2
2026-07-17 10:25:00+09:00,-0.00026314142179956467,0.0,0.9759001161440186,2
2026-07-17 10:26:00+09:00,-5.782824706522554e-05,0.0,0.8908246225319396,2
2026-07-17 10:27:00+09:00,-0.00017003027308987948,0.0,0.9634146341463414,2
2026-07-17 10:28:00+09:00,0.000499296269049882,0.0,0.9396051103368176,2
2026-07-17 10:29:00+09:00,4.135154975918282e-05,0.0,0.9634146341463415,2
2026-07-17 10:30:00+09:00,-0.00020518713899715004,0.0,0.9390243902439024,2
2026-07-17 10:31:00+09:00,-0.0006088627737893042,0.0,0.9268292682926829,2
2026-07-17 10:32:00+09:00,0.000315687819757952,0.0,0.951219512195122,2
2026-07-17 10:33:00+09:00,-9.532056138246818e-05,0.0,0.963704994192799,2
2026-07-17 10:34:00+09:00,0.0002599498941061382,0.0,0.9512195121951219,2
2026-07-17 10:35:00+09:00,0.0002037773076161516,0.0,0.9271196283391404,2
2026-07-17 10:36:00+09:00,-3.1340699369950415e-05,0.0,0.9518002322880371,2
2026-07-17 10:37:00+09:00,6.985386999449373e-05,0.0,0.9515098722415795,2
2026-07-17 10:38:00+09:00,-0.000271191212570169,0.0,0.9759001161440185,2
2026-07-17 10:39:00+09:00,0.00022490226962166136,0.0,0.9396051103368176,2
2026-07-17 10:40:00+09:00,-0.0002419205555230802,0.0,0.9515098722415796,2
2026-07-17 10:41:00+09:00,0.00040948664864773186,0.0,0.8789198606271776,2
2026-07-17 10:42:00+09:00,-7.224466029876569e-05,0.0,0.9390243902439025,2
2026-07-17 10:43:00+09:00,0.00019418262255459513,0.0,1.0,2
2026-07-17 10:44:00+09:00,5.134597507767013e-05,0.0,0.9759001161440185,2
2026-07-17 10:45:00+09:00,0.00022125413897705325,0.0,0.9277003484320557,2
2026-07-17 10:46:00+09:00,-0.00027567161250631385,0.0,0.9152148664343787,2
2026-07-17 10:47:00+09:00,0.0003876274819808383,0.0,0.9401858304297329,2
2026-07-17 10:48:00+09:00,-0.000443932892864828,0.0,0.903019744483159,2
2026-07-17 10:49:00+09:00,0.00028957768745308963,0.0,0.975609756097561,2
2026-07-17 10:50:00+09:00,3.6262677045367445e-06,0.0,0.963704994192799,2
2026-07-17 10:51:00+09:00,-0.0004699246320334792,0.0,0.87862950058072,2
2026-07-17 10:52:00+09:00,0.00020481415691322338,0.0,0.9393147502903599,2
2026-07-17 10:53:00+09:00,0.00018330655709722596,0.0,0.9033101045296167,2
2026-07-17 10:54:00+09:00,6.737681317715686e-05,0.0,0.9274099883855981,2
2026-07-17 10:55:00+09:00,-0.0005356376137744052,0.0,0.9277003484320557,2
2026-07-17 10:56:00+09:00,0.0001228921495884777,0.0,0.9518002322880371,2
2026-07-17 10:57:00+09:00,0.0001677256947154825,0.0,0.926829268292683,2
2026-07-17 10:58:00+09:00,-0.000482164370369901,0.0,0.9157955865272938,2
2026-07-17 10:59:00+09:00,0.0005713938725542422,0.0,0.9396051103368176,2
2026-07-17 11:00:00+09:00,-1.06789854601146e-05,0.0,0.9634146341463414,2
2026-07-17 11:01:00+09:00,9.545902662604591e-05,0.0,0.9518002322880371,2
2026-07-17 11:02:00+09:00,-0.0001332431883002317,0.0,0.9033101045296167,2
2026-07-17 11:03:00+09:00,-8.006058885754834e-05,0.0,0.87862950058072,2
2026-07-17 11:04:00+09:00,-0.00031493923159473636,0.0,0.8911149825783972,2
2026-07-17 11:05:00+09:00,0.0001682951596955945,0.0,0.9390243902439024,2
2026-07-17 11:06:00+09:00,-4.9065183212950506e-05,0.0,0.9271196283391404,2
2026-07-17 11:07:00+09:00,-0.0003259686574692186,0.0,0.9393147502903599,2
2026-07-17 11:08:00+09:00,-0.00037376659039213415,0.0,0.9515098722415797,2
2026-07-17 11:09:00+09:00,0.00024284783521378586,0.0,0.93931475029036,2
2026-07-17 11:10:00+09:00,0.0001498781358027869,0.0,0.951219512195122,2
2026-07-17 11:11:00+09:00,-0.0002251705924015394,0.0,0.9033101045296168,2
2026-07-17 11:12:00+09:00,-0.00022423642888759793,0.0,0.9149245063879211,2
2026-07-17 11:13:00+09:00,-0.00012349995378675588,0.0,0.9634146341463415,2
2026-07-17 11:14:00+09:00,-0.00016596490965730277,0.0,0.8911149825783972,2
2026-07-17 11:15:00+09:00,-0.00014394182454669077,0.0,0.9274099883855981,2
2026-07-17 11:16:00+09:00,-3.1276733640698366e-05,0.0,0.9277003484320557,2
2026-07-17 11:17:00+09:00,4.7508226206970717e-05,0.0,0.9390243902439023,2
2026-07-17 11:18:00+09:00,-7.226625349959264e-05,0.0,0.8792102206736352,2
2026-07-17 11:19:00+09:00,-0.00014964926757974972,0.0,0.93931475029036,2
2026-07-17 11:20:00+09:00,-0.00023353787345179537,0.0,0.9393147502903599,2
2026-07-17 11:21:00+09:00,0.00020009783181445878,0.0,0.9033101045296167,2
2026-07-17 11:22:00+09:00,1.1893211210834298e-06,0.0,0.8554006968641115,2
2026-07-17 11:23:00+09:00,-0.00029844092044341633,0.0,0.9155052264808362,2
2026-07-17 11:24:00+09:00,0.00017423172566930276,0.0,0.914924506387921,2
2026-07-17 11:25:00+09:00,9.233840107664962e-05,0.0,0.8911149825783972,2
2026-07-17 11:26:00+09:00,0.00034402195212365045,0.0,0.8908246225319396,2
2026-07-17 11:27:00+09:00,-0.0003299215622666486,0.0,0.9393147502903599,2
2026-07-17 11:28:00+09:00,3.3054183457096925e-05,0.10830429732868757,0.8795005807200929,2
2026-07-17 11:29:00+09:00,-0.0001783391405342625,0.8916957026713124,0.0,2
2026-07-17 11:30:00+09:00,0.0,0.0,0.0,2
2026-07-17 12:30:00+09:00,-0.00036837024207132075,1.0,1.0,2
2026-07-17 12:31:00+09:00,-0.00012041788877365383,0.0,0.9878048780487805,2
2026-07-17 12:32:00+09:00,5.864669532997242e-05,0.0,0.9759001161440186,2
2026-07-17 12:33:00+09:00,-7.764301491068177e-05,0.0,1.0,2
2026-07-17 12:34:00+09:00,-0.00016730456667259772,0.0,0.988095238095238,2
2026-07-17 12:35:00+09:00,-7.328387217284763e-05,0.0,0.9639953542392566,2
2026-07-17 12:36:00+09:00,0.00019989706794570233,0.0,0.9274099883855981,2
2026-07-17 12:37:00+09:00,0.00016383308129528794,0.0,1.0,2
2026-07-17 12:38:00+09:00,-0.0003146033977492632,0.0,0.9518002322880371,2
2026-07-17 12:39:00+09:00,-0.00027000596720266185,0.0,0.9637049941927991,2
2026-07-17 12:40:00+09:00,-6.066579024786414e-05,0.0,0.9637049941927989,2
2026-07-17 12:41:00+09:00,8.079113552061008e-05,0.0,0.9520905923344948,2
2026-07-17 12:42:00+09:00,-0.0002774233352181014,0.0,0.9759001161440185,2
2026-07-17 12:43:00+09:00,0.0005114755905423641,0.0,1.0,2
2026-07-17 12:44:00+09:00,-0.00013342469133882298,0.0,0.9642857142857143,2
2026-07-17 12:45:00+09:00,0.00014880175626492178,0.0,1.0,2
2026-07-17 12:46:00+09:00,-0.00029194882799458077,0.0,0.9396051103368176,2
2026-07-17 12:47:00+09:00,5.446520756028143e-05,0.0,0.9639953542392566,2
2026-07-17 12:48:00+09:00,-0.00023408101072951344,0.0,0.93931475029036,2
2026-07-17 12:49:00+09:00,-0.00015170049613650991,0.0,0.9393147502903599,2
2026-07-17 12:50:00+09:00,0.00021495527042180142,0.0,0.9637049941927992,2
2026-07-17 12:51:00+09:00,-0.0003945085321634408,0.0,0.9518002322880372,2
2026-07-17 12:52:00+09:00,0.00028289689700387177,0.0,0.9637049941927991,2
2026-07-17 12:53:00+09:00,-0.00017042552643815073,0.0,0.9759001161440185,2
2026-07-17 12:54:00+09:00,0.00020029914034967538,0.0,0.9759001161440185,2
2026-07-17 12:55:00+09:00,-0.0003424292278761028,0.0,0.9634146341463414,2
2026-07-17 12:56:00+09:00,-7.792582924065987e-05,0.0,0.9634146341463414,2
2026-07-17 12:57:00+09:00,-0.00016751970733682372,0.0,0.9396051103368175,2
2026-07-17 12:58:00+09:00,3.5318756626724805e-05,0.0,0.9396051103368176,2
2026-07-17 12:59:00+09:00,-5.8150653683850895e-05,0.0,0.9515098722415795,2
2026-07-17 13:00:00+09:00,-0.0001194905802601441,0.0,0.9756097560975611,2
2026-07-17 13:01:00+09:00,0.0002874418335372276,0.0,0.9398954703832753,2
2026-07-17 13:02:00+09:00,-0.0004258541432059647,0.0,0.9756097560975611,2
2026-07-17 13:03:00+09:00,-0.00042490486918840477,0.0,0.9756097560975611,2
2026-07-17 13:04:00+09:00,-5.3678363905466535e-05,0.0,0.9756097560975611,2
2026-07-17 13:05:00+09:00,0.00010697152927852468,0.0,0.988095238095238,2
2026-07-17 13:06:00+09:00,-0.0005330163671964274,0.0,0.9515098722415797,2
2026-07-17 13:07:00+09:00,-6.030984119294791e-05,0.0,0.9756097560975611,2
2026-07-17 13:08:00+09:00,1.571829713167316e-05,0.0,0.975609756097561,2
2026-07-17 13:09:00+09:00,-0.0001900180461185207,0.0,0.963704994192799,2
2026-07-17 13:10:00+09:00,5.959228077843835e-05,0.0,0.9756097560975611,2
2026-07-17 13:11:00+09:00,6.381457333569296e-05,0.0,0.9759001161440186,2
2026-07-17 13:12:00+09:00,-0.00023990931368479332,0.0,0.9880952380952379,2
2026-07-17 13:13:00+09:00,-0.0004908585576458817,0.0,0.9759001161440185,2
2026-07-17 13:14:00+09:00,-0.00022547777460669386,0.0,0.9878048780487806,2
2026-07-17 13:15:00+09:00,0.0002539229751326417,0.0,0.9756097560975611,2
2026-07-17 13:16:00+09:00,-0.00035350174959964287,0.0,0.926829268292683,2
2026-07-17 13:17:00+09:00,-6.349659608069929e-05,0.0,0.9637049941927992,2
2026-07-17 13:18:00+09:00,-7.79803350443706e-05,0.0,0.9512195121951219,2
2026-07-17 13:19:00+09:00,5.361401762854634e-05,0.0,0.9756097560975611,2
2026-07-17 13:20:00+09:00,0.00020520291677452083,0.0,0.9759001161440185,2
2026-07-17 13:21:00+09:00,-0.0002878767318553886,0.0,0.9878048780487806,2
2026-07-17 13:22:00+09:00,9.813258177623651e-05,0.0,0.9515098722415796,2
2026-07-17 13:23:00+09:00,-0.00026686591836690496,0.0,0.963704994192799,2
2026-07-17 13:24:00+09:00,0.00019274274821979204,0.0,0.9396051103368176,2
2026-07-17 13:25:00+09:00,7.789421138162813e-05,0.0,0.9878048780487805,2
2026-07-17 13:26:00+09:00,-0.00032652759748650733,0.0,0.9518002322880371,2
2026-07-17 13:27:00+09:00,7.86522965139117e-05,0.0,0.988095238095238,2
2026-07-17 13:28:00+09:00,-8.653507486354284e-05,0.0,0.9756097560975611,2
2026-07-17 13:29:00+09:00,5.446077482467692e-05,0.0,0.9390243902439024,2
2026-07-17 13:30:00+09:00,0.00022137747447689108,0.0,0.9634146341463415,2
2026-07-17 13:31:00+09:00,0.00017395306989265454,0.0,0.963704994192799,2
2026-07-17 13:32:00+09:00,-0.0003341144887340649,0.0,0.9878048780487805,2
2026-07-17 13:33:00+09:00,0.00024158471990523862,0.0,0.9639953542392566,2
2026-07-17 13:34:00+09:00,-0.000278595172842864,0.0,0.93931475029036,2
2026-07-17 13:35:00+09:00,-4.62070551177398e-05,0.0,0.9634146341463414,2
2026-07-17 13:36:00+09:00,0.00030093102131139655,0.0,0.9878048780487805,2
2026-07-17 13:37:00+09:00,-0.0002752066490660897,0.0,0.9396051103368176,2
2026-07-17 13:38:00+09:00,-5.384894000412287e-05,0.0,0.9759001161440186,2
2026-07-17 13:39:00+09:00,-9.526981019066494e-05,0.0,0.9634146341463415,2
2026-07-17 13:40:00+09:00,9.256730284588355e-05,0.0,0.975609756097561,2
2026-07-17 13:41:00+09:00,0.000297753201596172,0.0,0.9277003484320557,2
2026-07-17 13:42:00+09:00,0.00014725399694966217,0.0,0.9756097560975611,2
2026-07-17 13:43:00+09:00,0.00024801682647828625,0.0,0.9518002322880371,2
2026-07-17 13:44:00+09:00,0.00020251181175205538,0.0,0.9393147502903599,2
2026-07-17 13:45:00+09:00,0.000418276531295401,0.0,0.9756097560975611,2
2026-07-17 13:46:00+09:00,-9.719552452943006e-05,0.0,0.951219512195122,2
2026-07-17 13:47:00+09:00,0.00023481850371922074,0.0,0.9152148664343785,2
2026-07-17 13:48:00+09:00,-5.605431702733418e-05,0.0,0.9637049941927991,2
2026-07-17 13:49:00+09:00,8.058237467963908e-05,0.0,0.9878048780487806,2
2026-07-17 13:50:00+09:00,-0.000131369093588313,0.0,0.9390243902439024,2
2026-07-17 13:51:00+09:00,0.0002361836768052196,0.0,0.9637049941927991,2
2026-07-17 13:52:00+09:00,-0.00029917026232534615,0.0,0.9277003484320556,2
2026-07-17 13:53:00+09:00,0.00013492035397623265,0.0,0.9515098722415795,2
2026-07-17 13:54:00+09:00,0.0003516590963296764,0.0,0.951219512195122,2
2026-07-17 13:55:00+09:00,-9.882318339682171e-05,0.0,0.9515098722415795,2
2026-07-17 13:56:00+09:00,-0.00030529617782077757,0.0,0.9274099883855981,2
2026-07-17 13:57:00+09:00,0.0003006754653994478,0.0,0.9152148664343787,2
2026-07-17 13:58:00+09:00,-0.00045257110181434203,0.0,0.8792102206736353,2
2026-07-17 13:59:00+09:00,0.0004391721869489071,0.0,0.93931475029036,2
2026-07-17 14:00:00+09:00,-0.00035211127050413326,0.0,0.9637049941927991,2
2026-07-17 14:01:00+09:00,9.344910300304479e-05,0.0,0.9634146341463414,2
2026-07-17 14:02:00+09:00,-0.0005556328645425245,0.0,0.951219512195122,2
2026-07-17 14:03:00+09:00,7.676825179673153e-06,0.0,0.9634146341463415,2
2026-07-17 14:04:00+09:00,-6.735468359586736e-05,0.0,0.951219512195122,2
2026-07-17 14:05:00+09:00,-0.00019901284583326355,0.0,0.9634146341463413,2
2026-07-17 14:06:00+09:00,6.437847627220964e-05,0.0,0.9271196283391406,2
2026-07-17 14:07:00+09:00,-0.00013261800935178357,0.0,0.9756097560975611,2
2026-07-17 14:08:00+09:00,0.00015782004973544572,0.0,0.9759001161440185,2
2026-07-17 14:09:00+09:00,-2.417430163200886e-05,0.0,0.963704994192799,2
2026-07-17 14:10:00+09:00,-0.0003050954630044719,0.0,0.9393147502903599,2
2026-07-17 14:11:00+09:00,0.00011154369056151284,0.0,0.8667247386759581,2
2026-07-17 14:12:00+09:00,0.00020269119689722773,0.0,0.9634146341463414,2
2026-07-17 14:13:00+09:00,0.00017639314734711457,0.0,0.9759001161440185,2
2026-07-17 14:14:00+09:00,-0.0003198840063616385,0.0,0.9393147502903598,2
2026-07-17 14:15:00+09:00,-4.707164804012742e-05,0.0,0.93931475029036,2
2026-07-17 14:16:00+09:00,-0.00015288785416670285,0.0,0.903019744483159,2
2026-07-17 14:17:00+09:00,0.00023964392793399475,0.0,0.9393147502903599,2
2026-07-17 14:18:00+09:00,6.76904898627284e-05,0.0,0.9634146341463414,2
2026-07-17 14:19:00+09:00,3.741150124997522e-05,0.0,0.9152148664343784,2
2026-07-17 14:20:00+09:00,0.00011050361627114773,0.0,0.9515098722415795,2
2026-07-17 14:21:00+09:00,-8.366108042290633e-05,0.0,0.9390243902439024,2
2026-07-17 14:22:00+09:00,3.774843383376751e-05,0.0,0.8911149825783973,2
2026-07-17 14:23:00+09:00,-0.00015756213576144547,0.0,0.9515098722415795,2
2026-07-17 14:24:00+09:00,8.914922000109343e-05,0.0,0.963704994192799,2
2026-07-17 14:25:00+09:00,-0.00011846858576560761,0.0,0.9639953542392565,2
2026-07-17 14:26:00+09:00,-5.688028973600724e-05,0.0,0.963704994192799,2
2026-07-17 14:27:00+09:00,0.00012000690284128383,0.0,0.9149245063879211,2
2026-07-17 14:28:00+09:00,-2.921182712594122e-05,0.0,0.963704994192799,2
2026-07-17 14:29:00+09:00,0.000390373118947818,0.0,0.963704994192799,2
2026-07-17 14:30:00+09:00,-0.00016949693541254868,0.0,0.9518002322880371,2
2026-07-17 14:31:00+09:00,-1.1122380399266763e-05,0.0,0.9637049941927991,2
2026-07-17 14:32:00+09:00,5.8918501619487356e-05,0.0,0.9277003484320556,2
2026-07-17 14:33:00+09:00,-3.425759045009875e-05,0.0,0.9036004645760742,2
2026-07-17 14:34:00+09:00,-0.00035125368610831057,0.0,0.963704994192799,2
2026-07-17 14:35:00+09:00,0.00016575160586421403,0.0,0.9518002322880371,2
2026-07-17 14:36:00+09:00,-0.00017955452278859755,0.0,0.975609756097561,2
2026-07-17 14:37:00+09:00,0.00029947806984335576,0.0,0.9639953542392566,2
2026-07-17 14:38:00+09:00,-6.011837781817127e-05,0.0,0.9634146341463414,2
2026-07-17 14:39:00+09:00,-0.00037706145130509013,0.0,0.8789198606271776,2
2026-07-17 14:40:00+09:00,0.00010586071314495737,0.0,0.9878048780487804,2
2026-07-17 14:41:00+09:00,0.00011262536153850652,0.0,0.9390243902439023,2
2026-07-17 14:42:00+09:00,-0.00011506245701323986,0.0,0.9515098722415795,2
2026-07-17 14:43:00+09:00,0.0004873414620223893,0.0,0.9515098722415795,2
2026-07-17 14:44:00+09:00,-9.778518650037816e-05,0.0,0.9515098722415795,2
2026-07-17 14:45:00+09:00,-0.0002011994412323102,0.0,0.9396051103368176,2
2026-07-17 14:46:00+09:00,1.0757938560356274e-05,0.0,0.9271196283391404,2
2026-07-17 14:47:00+09:00,0.00016428026470140567,0.0,0.9396051103368176,2
2026-07-17 14:48:00+09:00,-5.0227562781526166e-05,0.0,0.9030197444831591,2
2026-07-17 14:49:00+09:00,-0.00013191653579118775,0.0,0.963704994192799,2
2026-07-17 14:50:00+09:00,0.0004004982036481302,0.0,0.9759001161440186,2
2026-07-17 14:51:00+09:00,-0.000276778793565839,0.0,0.9149245063879209,2
2026-07-17 14:52:00+09:00,-0.0001793230585830503,0.0,0.9759001161440185,2
2026-07-17 14:53:00+09:00,-5.5224198770079726e-05,0.0,0.9515098722415795,2
2026-07-17 14:54:00+09:00,-0.00019888919875390794,0.0,0.9878048780487805,2
2026-07-17 14:55:00+09:00,-0.00023766468454811796,0.0,1.0,2
2026-07-17 14:56:00+09:00,-0.00019781826661562806,0.0,0.9393147502903599,2
2026-07-17 14:57:00+09:00,-0.0002907537107021416,0.0,0.914924506387921,2
2026-07-17 14:58:00+09:00,0.0003889848572401372,0.0,0.963704994192799,2
2026-07-17 14:59:00+09:00,-0.00046355018253292727,0.0,0.9759001161440184,2
2026-07-17 15:00:00+09:00,-0.00031851885545179745,0.0,0.9515098722415796,2
2026-07-17 15:01:00+09:00,9.529903299463065e-05,0.0,0.9634146341463415,2
2026-07-17 15:02:00+09:00,-0.00011110063012478963,0.0,0.9634146341463413,2
2026-07-17 15:03:00+09:00,6.175371579749773e-05,0.0,0.951219512195122,2
2026-07-17 15:04:00+09:00,-7.06769374425142e-05,0.0,0.951219512195122,2
2026-07-17 15:05:00+09:00,-6.381541825458003e-05,0.0,0.975609756097561,2
2026-07-17 15:06:00+09:00,-1.446114357143517e-05,0.0,0.9271196283391404,2
2026-07-17 15:07:00+09:00,0.00018906423513026047,0.0,0.9878048780487804,2
2026-07-17 15:08:00+09:00,-0.0002923902155296237,0.0,0.988095238095238,2
2026-07-17 15:09:00+09:00,0.0001892772467671687,0.0,0.988095238095238,2
2026-07-17 15:10:00+09:00,-0.00022803487317473014,0.0,0.9878048780487806,2
2026-07-17 15:11:00+09:00,0.0001262112646537694,0.0,0.9756097560975611,2
2026-07-17 15:12:00+09:00,0.00022557649480489645,0.0,0.9634146341463415,2
2026-07-17 15:13:00+09:00,0.00019326160942463821,0.0,0.963704994192799,2
2026-07-17 15:14:00+09:00,-0.0008415124999348932,1.8956442831215972,1.0,2
2026-07-17 15:15:00+09:00,6.496615336360585e-05,0.0,0.9478221415607986,2
2026-07-17 15:16:00+09:00,-0.00013983160027878264,0.0,0.9041137326073805,2
2026-07-17 15:17:00+09:00,-0.00011829210064223889,0.0,0.9039624924379915,2
2026-07-17 15:18:00+09:00,-9.489397367629675e-05,0.0,0.9128856624319419,2
2026-07-17 15:19:00+09:00,0.00019423528380784863,0.0,0.956442831215971,2
2026-07-17 15:20:00+09:00,0.0003085873401222109,0.008771929824561403,0.9562915910465819,2
2026-07-17 15:21:00+09:00,-0.00031866780267805354,0.0,0.9650635208711434,2
2026-07-17 15:22:00+09:00,-5.075129127350867e-05,0.0,0.9476709013914095,2
2026-07-17 15:23:00+09:00,0.00021619236024592769,0.0,0.9826073805202662,2
2026-07-17 15:24:00+09:00,-0.00019824561403508772,0.9912280701754386,0.0,2
2026-07-17 15:30:00+09:00,0.0,0.0,0.0,2
