timestamp,net_return,turnover,gross_exposure,fold
2026-06-29 09:00:00+09:00,0.0,0.0,0.0,0
2026-06-29 09:01:00+09:00,0.0,0.0,0.0,0
2026-06-29 09:02:00+09:00,0.0,0.0,0.0,0
2026-06-29 09:03:00+09:00,0.0,0.0,0.0,0
2026-06-29 09:04:00+09:00,0.0,0.0,0.0,0
2026-06-29 09:05:00+09:00,0.0,0.0,0.0,0
2026-06-29 09:06:00+09:00,0.0,0.0,0.0,0
2026-06-29 09:07:00+09:00,0.0,0.0,0.0,0
2026-06-29 09:08:00+09:00,0.0,0.0,0.0,0
2026-06-29 09:09:00+09:00,0.0,0.0,0.0,0
2026-06-29 09:10:00+09:00,0.0,0.0,0.0,0
2026-06-29 09:11:00+09:00,0.0,0.0,0.0,0
2026-06-29 09:12:00+09:00,0.0,0.0,0.0,0
2026-06-29 09:13:00+09:00,0.0,0.0,0.0,0
2026-06-29 09:14:00+09:00,0.0,0.0,0.0,0
2026-06-29 09:15:00+09:00,-0.007705088222265791,1.0113636363636365,1.0,0
2026-06-29 09:16:00+09:00,-0.00036701504806820105,0.0,0.9661616161616162,0
2026-06-29 09:17:00+09:00,6.247190640273274e-05,0.0,0.9775252525252526,0
2026-06-29 09:18:00+09:00,0.00031277621291569106,0.0,0.9775252525252526,0
2026-06-29 09:19:00+09:00,0.0005180188791342889,0.0,0.9772727272727273,0
2026-06-29 09:20:00+09:00,0.0003898574739777417,0.0,0.9886363636363636,0
2026-06-29 09:21:00+09:00,0.00048120824581084906,0.0,0.9886363636363636,0
2026-06-29 09:22:00+09:00,0.0001807531073788189,0.0,0.9886363636363635,0
2026-06-29 09:23:00+09:00,-5.9361810336882275e-05,0.0,0.9661616161616162,0
2026-06-29 09:24:00+09:00,0.0005291410396568807,0.0,0.9664141414141415,0
2026-06-29 09:25:00+09:00,0.00022503970449321158,0.0,0.9886363636363636,0
2026-06-29 09:26:00+09:00,-0.00030476243488610107,0.0,0.9775252525252526,0
2026-06-29 09:27:00+09:00,0.00033729169439576016,0.0,0.9661616161616162,0
2026-06-29 09:28:00+09:00,0.00040930735124245247,0.0,0.9661616161616162,0
2026-06-29 09:29:00+09:00,-0.0002446024895905542,0.0,0.9664141414141414,0
2026-06-29 09:30:00+09:00,0.00048322778448949943,0.0,0.9775252525252525,0
2026-06-29 09:31:00+09:00,0.00013636211399205812,0.0,0.9553030303030303,0
2026-06-29 09:32:00+09:00,-9.191008408404763e-05,0.0,0.9664141414141414,0
2026-06-29 09:33:00+09:00,0.00039299813710975154,0.0,0.9775252525252525,0
2026-06-29 09:34:00+09:00,4.0369641045675126e-05,0.0,0.9775252525252525,0
2026-06-29 09:35:00+09:00,0.00020629004046279268,0.0,0.9661616161616162,0
2026-06-29 09:36:00+09:00,-0.00021733845298652795,0.0,0.9886363636363636,0
2026-06-29 09:37:00+09:00,-0.00030242969119852246,0.0,0.9659090909090909,0
2026-06-29 09:38:00+09:00,0.0003587871245601064,0.0,0.9775252525252525,0
2026-06-29 09:39:00+09:00,0.00011992741332960589,0.0,0.9886363636363636,0
2026-06-29 09:40:00+09:00,-0.0004795459733084891,0.0,0.9772727272727273,0
2026-06-29 09:41:00+09:00,-8.314481466451592e-05,0.0,0.9775252525252526,0
2026-06-29 09:42:00+09:00,-0.0002889669240799979,0.0,0.9886363636363635,0
2026-06-29 09:43:00+09:00,-0.0001789418741679626,0.0,0.9328282828282828,0
2026-06-29 09:44:00+09:00,0.0001961217323382976,0.0,0.9661616161616161,0
2026-06-29 09:45:00+09:00,-0.00010380838508277782,0.0,0.9553030303030304,0
2026-06-29 09:46:00+09:00,-7.477903298775903e-05,0.0,0.9661616161616161,0
2026-06-29 09:47:00+09:00,-0.00020767800766274567,0.0,0.9547979797979798,0
2026-06-29 09:48:00+09:00,-0.0002449145354240994,0.0,0.9325757575757576,0
2026-06-29 09:49:00+09:00,0.00012054317629909831,0.0,0.9434343434343435,0
2026-06-29 09:50:00+09:00,-0.0002597392689584864,0.0,0.955050505050505,0
2026-06-29 09:51:00+09:00,-0.00028514772366829003,0.0,0.9550505050505051,0
2026-06-29 09:52:00+09:00,-0.0002472668988122862,0.0,0.9547979797979798,0
2026-06-29 09:53:00+09:00,-0.00019783234793913337,0.0,0.9328282828282828,0
2026-06-29 09:54:00+09:00,-0.00023747551578361532,0.0,0.9664141414141414,0
2026-06-29 09:55:00+09:00,-5.226398745978926e-05,0.0,0.9661616161616161,0
2026-06-29 09:56:00+09:00,2.7840533955738426e-06,0.0,0.9775252525252525,0
2026-06-29 09:57:00+09:00,-0.00012071127489721876,0.0,0.9775252525252525,0
2026-06-29 09:58:00+09:00,-0.008093952309786852,0.0,0.9214646464646464,0
2026-06-29 09:59:00+09:00,0.004814834689437283,0.0,0.9775252525252525,0
2026-06-29 10:00:00+09:00,0.0002492110381061526,0.0,0.9775252525252525,0
2026-06-29 10:01:00+09:00,-2.1112036777608577e-05,0.0,0.9661616161616161,0
2026-06-29 10:02:00+09:00,8.631711810457581e-05,0.0,0.9775252525252526,0
2026-06-29 10:03:00+09:00,-3.733454022433949e-05,0.0,0.9553030303030303,0
2026-06-29 10:04:00+09:00,2.318351186617929e-05,0.0,0.943939393939394,0
2026-06-29 10:05:00+09:00,-0.00019425769991620275,0.0,0.9553030303030303,0
2026-06-29 10:06:00+09:00,0.00022036476624108032,0.0,0.9214646464646464,0
2026-06-29 10:07:00+09:00,2.8625415463546048e-05,0.0,0.9328282828282828,0
2026-06-29 10:08:00+09:00,-0.00020942909528745646,0.0,0.9550505050505051,0
2026-06-29 10:09:00+09:00,-4.4554915249519295e-05,0.0,0.9664141414141414,0
2026-06-29 10:10:00+09:00,2.7655053972735205e-06,0.0,0.920959595959596,0
2026-06-29 10:11:00+09:00,2.1461451708415237e-06,0.0,0.9325757575757575,0
2026-06-29 10:12:00+09:00,-0.00015562046079676742,0.0,0.9214646464646464,0
2026-06-29 10:13:00+09:00,-0.0002520395390322714,0.0,0.9772727272727273,0
2026-06-29 10:14:00+09:00,5.735764978795094e-05,0.0,0.9323232323232323,0
2026-06-29 10:15:00+09:00,4.635481578596094e-05,0.0,0.9103535353535354,0
2026-06-29 10:16:00+09:00,0.0003628988006959542,0.0,0.9103535353535352,0
2026-06-29 10:17:00+09:00,2.6852517592198952e-06,0.0,0.9661616161616161,0
2026-06-29 10:18:00+09:00,-0.00012102545055498391,0.0,0.9550505050505049,0
2026-06-29 10:19:00+09:00,-7.024860801257953e-05,0.0,0.9775252525252525,0
2026-06-29 10:20:00+09:00,-3.913951637333008e-05,0.0,0.9664141414141414,0
2026-06-29 10:21:00+09:00,-4.761854490708097e-06,0.0,0.9439393939393939,0
2026-06-29 10:22:00+09:00,-5.777865852939681e-05,0.0,0.9325757575757576,0
2026-06-29 10:23:00+09:00,5.67551686295661e-05,0.0,0.9323232323232322,0
2026-06-29 10:24:00+09:00,2.7037977667491644e-05,0.0,0.9103535353535355,0
2026-06-29 10:25:00+09:00,-0.00034188223396001483,0.0,0.955050505050505,0
2026-06-29 10:26:00+09:00,0.00018857849366476172,0.0,0.9323232323232324,0
2026-06-29 10:27:00+09:00,7.465133733885783e-05,0.0,0.9103535353535354,0
2026-06-29 10:28:00+09:00,0.00020327728065476394,0.0,0.9214646464646465,0
2026-06-29 10:29:00+09:00,-0.4055134670447384,0.0,0.9547979797979798,0
2026-06-29 10:30:00+09:00,0.011047388219295507,0.0,1.0,0
2026-06-29 10:31:00+09:00,-0.0003160228201143241,0.0,0.9436868686868687,0
2026-06-29 10:32:00+09:00,-0.00011022836080322543,0.0,0.9659090909090908,0
2026-06-29 10:33:00+09:00,-0.00015411406134950497,0.0,0.943939393939394,0
2026-06-29 10:34:00+09:00,-0.00010853892851137905,0.0,0.9328282828282828,0
2026-06-29 10:35:00+09:00,-0.00014830940894931054,0.0,0.9553030303030303,0
2026-06-29 10:36:00+09:00,0.00016830280228049652,0.0,0.9886363636363635,0
2026-06-29 10:37:00+09:00,-7.482941837726093e-05,0.0,0.9553030303030303,0
2026-06-29 10:38:00+09:00,-0.0003035476931627637,0.0,0.9103535353535355,0
2026-06-29 10:39:00+09:00,-0.00026071398352236434,0.0,0.943939393939394,0
2026-06-29 10:40:00+09:00,4.076468040664596e-05,0.0,0.9325757575757576,0
2026-06-29 10:41:00+09:00,-0.008545108211363455,0.0,0.9439393939393941,0
2026-06-29 10:42:00+09:00,0.004714801468934794,0.0,0.9106060606060606,0
2026-06-29 10:43:00+09:00,2.4162969857837734e-05,0.0,0.9553030303030303,0
2026-06-29 10:44:00+09:00,0.00012036972457656734,0.0,0.9553030303030303,0
2026-06-29 10:45:00+09:00,-7.33269397842002e-05,0.0,0.9775252525252526,0
2026-06-29 10:46:00+09:00,-1.9231487439589908e-05,0.0,0.9661616161616162,0
2026-06-29 10:47:00+09:00,9.428395846769153e-05,0.0,0.9101010101010101,0
2026-06-29 10:48:00+09:00,3.704991787273687e-05,0.0,0.8876262626262625,0
2026-06-29 10:49:00+09:00,-9.538148772049605e-06,0.0,0.9659090909090908,0
2026-06-29 10:50:00+09:00,0.00030427265830698484,0.0,0.9553030303030303,0
2026-06-29 10:51:00+09:00,9.752945617867676e-05,0.0,0.9330808080808081,0
2026-06-29 10:52:00+09:00,-0.00010856445550635337,0.0,0.9214646464646465,0
2026-06-29 10:53:00+09:00,0.00011495567846889959,0.0,0.8992424242424243,0
2026-06-29 10:54:00+09:00,-1.1275227114302242e-05,0.0,0.9436868686868687,0
2026-06-29 10:55:00+09:00,0.00012403315949684692,0.0,0.9330808080808081,0
2026-06-29 10:56:00+09:00,0.00020024765776224874,0.0,0.9661616161616161,0
2026-06-29 10:57:00+09:00,-0.00019867647789369012,0.0,0.898989898989899,0
2026-06-29 10:58:00+09:00,2.5748321766026392e-05,0.0,0.9328282828282829,0
2026-06-29 10:59:00+09:00,-2.433161702402605e-05,0.0,0.9325757575757574,0
2026-06-29 11:00:00+09:00,0.00029003731557340436,0.0,0.9886363636363636,0
2026-06-29 11:01:00+09:00,-0.00010275765209851143,0.0,0.9661616161616162,0
2026-06-29 11:02:00+09:00,0.0003038302900842916,0.0,0.9330808080808082,0
2026-06-29 11:03:00+09:00,4.532652602958959e-05,0.0,0.8992424242424242,0
2026-06-29 11:04:00+09:00,3.7226121627822315e-05,0.0,0.9436868686868687,0
2026-06-29 11:05:00+09:00,0.00042377704247382255,0.0,0.9434343434343435,0
2026-06-29 11:06:00+09:00,5.951313018045795e-05,0.0,0.9330808080808081,0
2026-06-29 11:07:00+09:00,-0.00012157985969599709,0.0,0.943939393939394,0
2026-06-29 11:08:00+09:00,6.21511760494989e-05,0.0,0.8767676767676766,0
2026-06-29 11:09:00+09:00,-0.0001489446359472977,0.0,0.9098484848484848,0
2026-06-29 11:10:00+09:00,0.00011807677256585074,0.0,0.9328282828282829,0
2026-06-29 11:11:00+09:00,4.3895236387985445e-05,0.0,0.955050505050505,0
2026-06-29 11:12:00+09:00,5.258100989304762e-05,0.0,0.9553030303030303,0
2026-06-29 11:13:00+09:00,0.00013272395210295868,0.0,0.9323232323232323,0
2026-06-29 11:14:00+09:00,0.00011697485925439796,0.0,0.8881313131313131,0
2026-06-29 11:15:00+09:00,-0.00033737121237446523,0.0,0.8767676767676768,0
2026-06-29 11:16:00+09:00,5.422333878564482e-05,0.0,0.9214646464646464,0
2026-06-29 11:17:00+09:00,-2.0203918592033544e-06,0.0,0.9553030303030302,0
2026-06-29 11:18:00+09:00,0.00022296080415631588,0.0,0.9325757575757576,0
2026-06-29 11:19:00+09:00,-2.5378681865884434e-05,0.0,0.9217171717171717,0
2026-06-29 11:20:00+09:00,-0.00015582626358200195,0.0,0.9328282828282828,0
2026-06-29 11:21:00+09:00,0.00010413162140507904,0.0,0.9214646464646464,0
2026-06-29 11:22:00+09:00,0.00010191251574740101,0.0,0.9328282828282828,0
2026-06-29 11:23:00+09:00,-7.390437928351986e-05,0.0,0.8992424242424242,0
2026-06-29 11:24:00+09:00,0.00010331745503264495,0.0,0.9106060606060606,0
2026-06-29 11:25:00+09:00,-2.767699188544368e-05,0.011111111111111112,0.9664141414141414,0
2026-06-29 11:26:00+09:00,7.223588605870349e-06,0.011111111111111112,0.9439393939393941,0
2026-06-29 11:27:00+09:00,-7.818457797279176e-05,0.022474747474747474,0.9439393939393939,0
2026-06-29 11:28:00+09:00,-0.00010086993606354075,0.03333333333333333,0.877020202020202,0
2026-06-29 11:29:00+09:00,-0.00018212121212121213,0.9106060606060606,0.0,0
2026-06-29 11:30:00+09:00,0.0,0.0,0.0,0
2026-06-29 12:30:00+09:00,0.01046980241788568,0.9886363636363636,0.9999999999999999,0
2026-06-29 12:31:00+09:00,0.00019174564518323984,0.0,0.9775252525252526,0
2026-06-29 12:32:00+09:00,-3.732194857625894e-05,0.0,0.9775252525252526,0
2026-06-29 12:33:00+09:00,-0.00016047538323908528,0.0,0.9098484848484848,0
2026-06-29 12:34:00+09:00,-3.643939589673469e-05,0.0,0.9664141414141414,0
2026-06-29 12:35:00+09:00,0.00030897835070662396,0.0,0.943939393939394,0
2026-06-29 12:36:00+09:00,-0.00022556233446413107,0.0,0.943939393939394,0
2026-06-29 12:37:00+09:00,4.1478526408253215e-05,0.0,0.9328282828282828,0
2026-06-29 12:38:00+09:00,-0.00019735257940659072,0.0,0.9328282828282829,0
2026-06-29 12:39:00+09:00,4.452996391975433e-06,0.0,0.9328282828282828,0
2026-06-29 12:40:00+09:00,-6.122655855056242e-05,0.0,0.9664141414141414,0
2026-06-29 12:41:00+09:00,8.074077673611102e-05,0.0,0.9550505050505049,0
2026-06-29 12:42:00+09:00,0.00014507021459152884,0.0,0.8873737373737374,0
2026-06-29 12:43:00+09:00,6.507729449890279e-05,0.0,0.9217171717171717,0
2026-06-29 12:44:00+09:00,-0.0002122492763084972,0.0,0.8994949494949496,0
2026-06-29 12:45:00+09:00,-0.4041199794271447,0.0,0.9550505050505051,0
2026-06-29 12:46:00+09:00,0.011013269772050732,0.0,0.9664141414141415,0
2026-06-29 12:47:00+09:00,7.902487209448557e-05,0.0,0.8883838383838384,0
2026-06-29 12:48:00+09:00,5.636614445795706e-05,0.0,0.9323232323232323,0
2026-06-29 12:49:00+09:00,2.4703504855967718e-05,0.0,0.9103535353535352,0
2026-06-29 12:50:00+09:00,-0.000149908718323476,0.0,0.9436868686868687,0
2026-06-29 12:51:00+09:00,-0.00018981607775751214,0.0,0.9775252525252525,0
2026-06-29 12:52:00+09:00,-2.0129897585187267e-06,0.0,0.9439393939393939,0
2026-06-29 12:53:00+09:00,0.0001270627579894709,0.0,0.9212121212121211,0
2026-06-29 12:54:00+09:00,-0.00016408798307850618,0.0,0.9664141414141414,0
2026-06-29 12:55:00+09:00,-4.5097258341770934e-05,0.0,0.8992424242424242,0
2026-06-29 12:56:00+09:00,1.108476772225171e-05,0.0,0.9101010101010101,0
2026-06-29 12:57:00+09:00,2.244074492717194e-05,0.0,0.8545454545454545,0
2026-06-29 12:58:00+09:00,-1.979238874776947e-05,0.0,0.898989898989899,0
2026-06-29 12:59:00+09:00,0.00014726881549074225,0.0,0.8429292929292929,0
2026-06-29 13:00:00+09:00,3.93185199562892e-05,0.0,0.9775252525252525,0
2026-06-29 13:01:00+09:00,-0.030233469807694164,0.0,0.898989898989899,0
2026-06-29 13:02:00+09:00,0.008285931720627884,0.0,0.9553030303030303,0
2026-06-29 13:03:00+09:00,-6.564191524208782e-06,0.0,0.9325757575757576,0
2026-06-29 13:04:00+09:00,0.00010581818426373789,0.0,0.9214646464646464,0
2026-06-29 13:05:00+09:00,4.0112466824640337e-05,0.0,0.955050505050505,0
2026-06-29 13:06:00+09:00,-0.00011548163527969642,0.0,0.8992424242424243,0
2026-06-29 13:07:00+09:00,-7.702245502434791e-06,0.0,0.9886363636363636,0
2026-06-29 13:08:00+09:00,-0.00013688673709215306,0.0,0.9214646464646464,0
2026-06-29 13:09:00+09:00,0.00016220565072688032,0.0,0.8883838383838384,0
2026-06-29 13:10:00+09:00,0.00021155215984730043,0.0,0.9439393939393939,0
2026-06-29 13:11:00+09:00,-0.030158958101012993,0.0,0.9441919191919191,0
2026-06-29 13:12:00+09:00,-0.18843368341165243,0.0,0.8654040404040404,0
2026-06-29 13:13:00+09:00,0.010669657368473988,0.0,0.8992424242424242,0
2026-06-29 13:14:00+09:00,3.900125174707935e-05,0.0,0.865909090909091,0
2026-06-29 13:15:00+09:00,-4.729655080666845e-05,0.0,0.9217171717171717,0
2026-06-29 13:16:00+09:00,-2.9571590439339618e-05,0.0,0.8878787878787879,0
2026-06-29 13:17:00+09:00,3.5534082256650156e-05,0.0,0.8767676767676768,0
2026-06-29 13:18:00+09:00,0.00013391993122557468,0.0,0.9214646464646464,0
2026-06-29 13:19:00+09:00,5.525050124284578e-05,0.0,0.8987373737373737,0
2026-06-29 13:20:00+09:00,-4.032492931885163e-06,0.0,0.9328282828282829,0
2026-06-29 13:21:00+09:00,-6.641315707425354e-05,0.0,0.9325757575757576,0
2026-06-29 13:22:00+09:00,-0.0001437824792813288,0.0,0.8878787878787878,0
2026-06-29 13:23:00+09:00,-0.00010219431291379959,0.0,0.9547979797979798,0
2026-06-29 13:24:00+09:00,-4.054122287697812e-05,0.0,0.9217171717171717,0
2026-06-29 13:25:00+09:00,7.374618991848402e-05,0.0,0.9328282828282828,0
2026-06-29 13:26:00+09:00,7.240675907599241e-05,0.0,0.920959595959596,0
2026-06-29 13:27:00+09:00,-2.3575289608532082e-05,0.0,0.8762626262626263,0
2026-06-29 13:28:00+09:00,1.3762190401244392e-05,0.0,0.9106060606060606,0
2026-06-29 13:29:00+09:00,2.9661783778933783e-05,0.0,0.8878787878787879,0
2026-06-29 13:30:00+09:00,-1.7500705844780314e-05,0.0,0.9212121212121211,0
2026-06-29 13:31:00+09:00,-3.61934430527224e-05,0.0,0.898989898989899,0
2026-06-29 13:32:00+09:00,5.559507055927733e-05,0.0,0.8654040404040403,0
2026-06-29 13:33:00+09:00,-2.1007398942203268e-05,0.0,0.8878787878787879,0
2026-06-29 13:34:00+09:00,-0.029792057659509867,0.0,0.9098484848484849,0
2026-06-29 13:35:00+09:00,0.008292888235788531,0.0,0.8987373737373737,0
2026-06-29 13:36:00+09:00,-0.00020366710146542337,0.0,0.9214646464646464,0
2026-06-29 13:37:00+09:00,-4.474559099937876e-05,0.0,0.8876262626262625,0
2026-06-29 13:38:00+09:00,8.41783082871514e-05,0.0,0.8767676767676769,0
2026-06-29 13:39:00+09:00,8.190546146312686e-05,0.0,0.9101010101010101,0
2026-06-29 13:40:00+09:00,-5.7688570761913105e-06,0.0,0.8545454545454545,0
2026-06-29 13:41:00+09:00,7.079032063121035e-05,0.0,0.898989898989899,0
2026-06-29 13:42:00+09:00,-0.0001091822847732744,0.0,0.898989898989899,0
2026-06-29 13:43:00+09:00,-5.1370228817029293e-05,0.0,0.9214646464646464,0
2026-06-29 13:44:00+09:00,0.0001320383684327747,0.0,0.9101010101010101,0
2026-06-29 13:45:00+09:00,-0.00020447148094442427,0.0,0.9772727272727273,0
2026-06-29 13:46:00+09:00,6.484105680531613e-05,0.0,0.8876262626262625,0
2026-06-29 13:47:00+09:00,-6.754800693426104e-05,0.0,0.8545454545454545,0
2026-06-29 13:48:00+09:00,-0.00012912745047976293,0.0,0.9323232323232323,0
2026-06-29 13:49:00+09:00,0.0001423294508992962,0.0,0.9330808080808081,0
2026-06-29 13:50:00+09:00,4.2599755379834776e-05,0.0,0.9325757575757575,0
2026-06-29 13:51:00+09:00,-5.212934123227343e-05,0.0,0.8989898989898989,0
2026-06-29 13:52:00+09:00,8.604126380071098e-05,0.0,0.8540404040404042,0
2026-06-29 13:53:00+09:00,-0.0001449187628535257,0.0,0.8876262626262627,0
2026-06-29 13:54:00+09:00,0.00017758050524192115,0.0,0.9328282828282828,0
2026-06-29 13:55:00+09:00,1.533602330077205e-05,0.0,0.9775252525252525,0
2026-06-29 13:56:00+09:00,-5.230407836461146e-05,0.0,0.8654040404040404,0
2026-06-29 13:57:00+09:00,7.249734723337013e-05,0.0,0.8987373737373737,0
2026-06-29 13:58:00+09:00,8.910292734801549e-05,0.0,0.8992424242424242,0
2026-06-29 13:59:00+09:00,2.052390097516587e-05,0.0,0.898989898989899,0
2026-06-29 14:00:00+09:00,-9.309605829117303e-05,0.0,0.9214646464646464,0
2026-06-29 14:01:00+09:00,3.816301864711471e-05,0.0,0.9886363636363638,0
2026-06-29 14:02:00+09:00,-0.008294365564899509,0.0,0.9553030303030303,0
2026-06-29 14:03:00+09:00,-0.39830927037926495,0.0,0.898989898989899,0
2026-06-29 14:04:00+09:00,0.011067881429594858,0.0,0.8654040404040404,0
2026-06-29 14:05:00+09:00,-5.352212471267183e-05,0.0,0.9439393939393939,0
2026-06-29 14:06:00+09:00,-8.76927573367841e-05,0.0,0.955050505050505,0
2026-06-29 14:07:00+09:00,3.688415886690279e-05,0.0,0.8772727272727272,0
2026-06-29 14:08:00+09:00,-1.8937028103395044e-05,0.0,0.8429292929292929,0
2026-06-29 14:09:00+09:00,-6.411158286514563e-06,0.0,0.8883838383838384,0
2026-06-29 14:10:00+09:00,-6.174145635299923e-05,0.0,0.9103535353535352,0
2026-06-29 14:11:00+09:00,2.22054636265924e-05,0.0,0.8767676767676768,0
2026-06-29 14:12:00+09:00,2.606994637029466e-05,0.0,0.9212121212121211,0
2026-06-29 14:13:00+09:00,-8.507895698519741e-05,0.0,0.898989898989899,0
2026-06-29 14:14:00+09:00,-0.00016401456730970042,0.0,0.9108585858585858,0
2026-06-29 14:15:00+09:00,3.677355075687702e-05,0.0,0.9664141414141414,0
2026-06-29 14:16:00+09:00,-3.007525617411104e-05,0.0,0.8992424242424243,0
2026-06-29 14:17:00+09:00,-0.00018275129223903352,0.0,0.9214646464646465,0
2026-06-29 14:18:00+09:00,-0.00010080473517301642,0.0,0.8547979797979798,0
2026-06-29 14:19:00+09:00,-9.676640690396366e-05,0.0,0.8878787878787879,0
2026-06-29 14:20:00+09:00,7.125115953059407e-05,0.0,0.9441919191919191,0
2026-06-29 14:21:00+09:00,-4.5383130940711963e-05,0.0,0.8547979797979798,0
2026-06-29 14:22:00+09:00,-5.728139352056036e-05,0.0,0.8651515151515151,0
2026-06-29 14:23:00+09:00,4.754296955984295e-05,0.0,0.9101010101010101,0
2026-06-29 14:24:00+09:00,2.8913760974352372e-05,0.0,0.9441919191919192,0
2026-06-29 14:25:00+09:00,3.471161016517839e-05,0.0,0.9775252525252525,0
2026-06-29 14:26:00+09:00,2.3131090777985338e-05,0.0,0.9553030303030303,0
2026-06-29 14:27:00+09:00,-0.19559645426585237,0.0,0.877020202020202,0
2026-06-29 14:28:00+09:00,0.01071336164229021,0.0,0.9553030303030303,0
2026-06-29 14:29:00+09:00,-8.618296179892179e-06,0.0,0.9325757575757576,0
2026-06-29 14:30:00+09:00,-2.4155142021009253e-05,0.0,0.9664141414141414,0
2026-06-29 14:31:00+09:00,-3.5403797113999034e-05,0.0,0.8992424242424242,0
2026-06-29 14:32:00+09:00,-0.00010262867985725313,0.0,0.877020202020202,0
2026-06-29 14:33:00+09:00,-7.299434309753301e-05,0.0,0.9103535353535354,0
2026-06-29 14:34:00+09:00,4.625010769322052e-06,0.0,0.943939393939394,0
2026-06-29 14:35:00+09:00,-3.826321004477476e-05,0.0,0.9325757575757575,0
2026-06-29 14:36:00+09:00,-3.0027430991651943e-05,0.0,0.9436868686868687,0
2026-06-29 14:37:00+09:00,-9.822070704010543e-06,0.0,0.9328282828282829,0
2026-06-29 14:38:00+09:00,-4.933319286214532e-05,0.0,0.9106060606060606,0
2026-06-29 14:39:00+09:00,1.2765925469393019e-05,0.0,0.9441919191919191,0
2026-06-29 14:40:00+09:00,5.2737582809111715e-05,0.0,0.9106060606060606,0
2026-06-29 14:41:00+09:00,-0.00010457046077114483,0.0,0.9214646464646463,0
2026-06-29 14:42:00+09:00,-0.00013700006452104315,0.0,0.9553030303030303,0
2026-06-29 14:43:00+09:00,6.499641015000586e-05,0.0,0.9772727272727273,0
2026-06-29 14:44:00+09:00,-0.00013581970304716863,0.0,0.9325757575757576,0
2026-06-29 14:45:00+09:00,6.880369772141836e-05,0.0,0.898989898989899,0
2026-06-29 14:46:00+09:00,-2.289779522668156e-05,0.0,0.955050505050505,0
2026-06-29 14:47:00+09:00,-6.974523636397758e-05,0.0,0.9553030303030303,0
2026-06-29 14:48:00+09:00,5.111399960863559e-05,0.0,0.9108585858585858,0
2026-06-29 14:49:00+09:00,-1.6735986504617888e-05,0.0,0.9441919191919191,0
2026-06-29 14:50:00+09:00,-0.00014662301199547208,0.0,0.9214646464646464,0
2026-06-29 14:51:00+09:00,-7.075688344558783e-05,0.0,0.9436868686868687,0
2026-06-29 14:52:00+09:00,6.100694620761119e-05,0.0,0.898989898989899,0
2026-06-29 14:53:00+09:00,-0.00015045695898585694,0.0,0.9217171717171717,0
2026-06-29 14:54:00+09:00,8.11607727388858e-06,0.0,0.9664141414141414,0
2026-06-29 14:55:00+09:00,0.0001684656150494004,0.0,0.9325757575757575,0
2026-06-29 14:56:00+09:00,6.671723599027202e-05,0.0,0.9330808080808081,0
2026-06-29 14:57:00+09:00,-8.828214804479404e-05,0.0,0.9661616161616161,0
2026-06-29 14:58:00+09:00,8.725425295627533e-05,0.0,0.955050505050505,0
2026-06-29 14:59:00+09:00,-0.00021777453630705926,0.0,0.9441919191919191,0
2026-06-29 15:00:00+09:00,-2.3126764471758576e-05,0.0,0.9550505050505051,0
2026-06-29 15:01:00+09:00,9.464059596907963e-05,0.0,0.9775252525252525,0
2026-06-29 15:02:00+09:00,6.3538808781749e-05,0.0,0.9775252525252525,0
2026-06-29 15:03:00+09:00,1.189449712511272e-05,0.0,0.9775252525252525,0
2026-06-29 15:04:00+09:00,0.00017824037906144383,0.0,0.9214646464646464,0
2026-06-29 15:05:00+09:00,-8.942522132077394e-05,0.0,0.9550505050505051,0
2026-06-29 15:06:00+09:00,-2.3586487453654912e-05,0.0,0.9441919191919191,0
2026-06-29 15:07:00+09:00,1.3542277651558734e-05,0.0,0.9214646464646465,0
2026-06-29 15:08:00+09:00,2.111643311162934e-05,0.0,0.9550505050505051,0
2026-06-29 15:09:00+09:00,-2.3518793246858506e-05,0.0,0.9328282828282828,0
2026-06-29 15:10:00+09:00,-1.0034196041607843e-05,0.0,0.9772727272727273,0
2026-06-29 15:11:00+09:00,-4.8114257097844466e-05,0.0,0.9219696969696969,0
2026-06-29 15:12:00+09:00,-2.0621365969490353e-05,0.0,0.9214646464646465,0
2026-06-29 15:13:00+09:00,0.00012486812483933604,0.0,0.9217171717171718,0
2026-06-29 15:14:00+09:00,-0.0004958448743750727,1.7626230545014574,1.0,0
2026-06-29 15:15:00+09:00,0.00018991143847178882,0.0,0.9557471264367816,0
2026-06-29 15:16:00+09:00,-0.00017572305450660203,0.0,0.8926093970558581,0
2026-06-29 15:17:00+09:00,-0.00021310949128496473,0.0,0.9618773946360153,0
2026-06-29 15:18:00+09:00,-0.0004001902797410422,0.0,0.9900786448880823,0
2026-06-29 15:19:00+09:00,-0.0003237163356968121,0.0,0.9986993345432547,0
2026-06-29 15:20:00+09:00,0.0002530833881876254,0.0,0.9899274047186932,0
2026-06-29 15:21:00+09:00,-0.0007524501991070268,0.0,1.007471264367816,0
2026-06-29 15:22:00+09:00,0.004726913534486162,0.0,0.9988505747126436,0
2026-06-29 15:23:00+09:00,-0.00196668197334353,0.0,1.0333333333333332,0
2026-06-29 15:24:00+09:00,-0.00020666666666666668,1.0333333333333332,0.0,0
2026-06-29 15:30:00+09:00,0.0,0.0,0.0,0
2026-06-30 09:00:00+09:00,0.0,0.0,0.0,0
2026-06-30 09:01:00+09:00,0.0,0.0,0.0,0
2026-06-30 09:02:00+09:00,0.0,0.0,0.0,0
2026-06-30 09:03:00+09:00,0.0,0.0,0.0,0
2026-06-30 09:04:00+09:00,0.0,0.0,0.0,0
2026-06-30 09:05:00+09:00,0.0,0.0,0.0,0
2026-06-30 09:06:00+09:00,0.0,0.0,0.0,0
2026-06-30 09:07:00+09:00,0.0,0.0,0.0,0
2026-06-30 09:08:00+09:00,0.0,0.0,0.0,0
2026-06-30 09:09:00+09:00,0.0,0.0,0.0,0
2026-06-30 09:10:00+09:00,0.0,0.0,0.0,0
2026-06-30 09:11:00+09:00,0.0,0.0,0.0,0
2026-06-30 09:12:00+09:00,0.0,0.0,0.0,0
2026-06-30 09:13:00+09:00,0.0,0.0,0.0,0
2026-06-30 09:14:00+09:00,0.0,0.0,0.0,0
2026-06-30 09:15:00+09:00,-0.004642258245855927,1.0,1.0,0
2026-06-30 09:16:00+09:00,0.006929417911098982,0.0,1.0106382978723403,0
2026-06-30 09:17:00+09:00,-1.6832452520875857e-05,0.0,0.9784921369102682,0
2026-06-30 09:18:00+09:00,0.00014356366538943155,0.0,0.9784921369102684,0
2026-06-30 09:19:00+09:00,-0.0002509454606136105,0.0,0.9359389454209065,0
2026-06-30 09:20:00+09:00,-0.00014419206407138428,0.0,0.9893617021276597,0
2026-06-30 09:21:00+09:00,0.024081233507207964,0.0,0.9784921369102684,0
2026-06-30 09:22:00+09:00,-0.0007193805306276757,0.0,1.021276595744681,0
2026-06-30 09:23:00+09:00,-0.0038670799136409162,0.0,1.0,0
2026-06-30 09:24:00+09:00,0.0070720037075792,0.0,0.9463459759481961,0
2026-06-30 09:25:00+09:00,0.02355657421661724,0.0,0.9678538390379279,0
2026-06-30 09:26:00+09:00,0.027885369759079827,0.0,0.9997687326549491,0
2026-06-30 09:27:00+09:00,-0.007694913508246245,0.0,1.0,0
2026-06-30 09:28:00+09:00,-3.288440180196797e-05,0.0,0.9787234042553192,0
2026-06-30 09:29:00+09:00,-7.365370167424133e-05,0.0,0.9784921369102682,0
2026-06-30 09:30:00+09:00,-0.00417194753818953,0.0,0.9893617021276595,0
2026-06-30 09:31:00+09:00,0.006882530799695174,0.0,0.9997687326549491,0
2026-06-30 09:32:00+09:00,-0.0039521452753834485,0.0,0.9678538390379279,0
2026-06-30 09:33:00+09:00,0.0070334507484911945,0.0,1.0106382978723405,0
2026-06-30 09:34:00+09:00,-0.004201321730383719,0.0,0.9463459759481961,0
2026-06-30 09:35:00+09:00,0.0034289253157462536,0.0,1.0106382978723405,0
2026-06-30 09:36:00+09:00,0.007457168433863616,0.0,0.9678538390379279,0
2026-06-30 09:37:00+09:00,0.0003222578650099523,0.0,0.9893617021276595,0
2026-06-30 09:38:00+09:00,-0.0043248078047335055,0.0,1.0,0
2026-06-30 09:39:00+09:00,0.0068962274498083325,0.0,0.9574468085106383,0
2026-06-30 09:40:00+09:00,-0.00386988775608256,0.0,0.9893617021276595,0
2026-06-30 09:41:00+09:00,0.007253281664439047,0.0,0.9784921369102684,0
2026-06-30 09:42:00+09:00,0.0004116560028374042,0.0,0.9784921369102684,0
2026-06-30 09:43:00+09:00,0.00023876038877244533,0.0,0.9784921369102684,0
2026-06-30 09:44:00+09:00,0.00026511983403729004,0.0,0.9893617021276595,0
2026-06-30 09:45:00+09:00,-0.004241110320669503,0.0,0.9468085106382979,0
2026-06-30 09:46:00+09:00,0.0072965437837905905,0.0,0.9784921369102683,0
2026-06-30 09:47:00+09:00,-0.0011847735985760083,0.0,0.967622571692877,0
2026-06-30 09:48:00+09:00,0.0005367591063863647,0.0,1.0,0
2026-06-30 09:49:00+09:00,-0.00023302120302425938,0.0,0.9468085106382979,0
2026-06-30 09:50:00+09:00,-2.4368734081955363e-05,0.0,0.9569842738205366,0
2026-06-30 09:51:00+09:00,3.223500293206424e-05,0.0,0.9357076780758558,0
2026-06-30 09:52:00+09:00,-0.007948877090576364,0.0,0.9787234042553192,0
2026-06-30 09:53:00+09:00,0.004350638271094789,0.0,0.9680851063829787,0
2026-06-30 09:54:00+09:00,-4.652146050366039e-06,0.0,0.946577243293247,0
2026-06-30 09:55:00+09:00,0.00019705443957036776,0.0,0.9468085106382979,0
2026-06-30 09:56:00+09:00,0.00011030761552342894,0.0,0.946345975948196,0
2026-06-30 09:57:00+09:00,-0.007906716991573191,0.0,0.9676225716928769,0
2026-06-30 09:58:00+09:00,0.03292427124610782,0.0,1.0002312673450509,0
2026-06-30 09:59:00+09:00,-0.015350033263487387,0.0,0.9893617021276596,0
2026-06-30 10:00:00+09:00,0.004643116444322704,0.0,0.9895929694727105,0
2026-06-30 10:01:00+09:00,0.00018008015096127457,0.0,0.9354764107308048,0
2026-06-30 10:02:00+09:00,-6.388213926240889e-05,0.0,0.9784921369102684,0
2026-06-30 10:03:00+09:00,-6.738099507643726e-05,0.0,0.9572155411655874,0
2026-06-30 10:04:00+09:00,0.0004393453352970035,0.0,0.9787234042553191,0
2026-06-30 10:05:00+09:00,-0.00017432555582230322,0.0,0.9250693802035153,0
2026-06-30 10:06:00+09:00,-0.0038960628243977996,0.0,1.0,0
2026-06-30 10:07:00+09:00,0.006820365385289722,0.0,0.9463459759481961,0
2026-06-30 10:08:00+09:00,-0.004152391636903915,0.0,0.9569842738205365,0
2026-06-30 10:09:00+09:00,0.007187165382373678,0.0,0.9569842738205366,0
2026-06-30 10:10:00+09:00,2.8102008960417074e-05,0.0,0.9680851063829787,0
2026-06-30 10:11:00+09:00,-3.967433945913007e-05,0.0,0.9893617021276595,0
2026-06-30 10:12:00+09:00,-0.00024958094891288567,0.0,0.9243755781683626,0
2026-06-30 10:13:00+09:00,1.32847132217949e-05,0.0,0.9784921369102684,0
2026-06-30 10:14:00+09:00,-0.00014431404974607655,0.0,0.9357076780758558,0
2026-06-30 10:15:00+09:00,7.308488829416715e-05,0.0,0.9787234042553192,0
2026-06-30 10:16:00+09:00,-0.0003258467466679662,0.0,0.9248381128584644,0
2026-06-30 10:17:00+09:00,-0.00019866805499447576,0.0,0.9465772432932469,0
2026-06-30 10:18:00+09:00,-0.007836139251914915,0.0,0.9028677150786308,0
2026-06-30 10:19:00+09:00,0.0001498070028507189,0.0,0.9572155411655875,0
2026-06-30 10:20:00+09:00,0.1913265894217513,0.0,0.9357076780758558,0
2026-06-30 10:21:00+09:00,-0.010420027155170866,0.0,0.9144310823311749,0
2026-06-30 10:22:00+09:00,-0.0003240660423975811,0.0,0.9357076780758558,0
2026-06-30 10:23:00+09:00,-0.004355497636677721,0.0,0.9354764107308048,0
2026-06-30 10:24:00+09:00,0.007182883253612394,0.0,0.946345975948196,0
2026-06-30 10:25:00+09:00,-0.00010374850407891917,0.0,0.9784921369102683,0
2026-06-30 10:26:00+09:00,0.3781705763487819,0.0,0.9146623496762257,0
2026-06-30 10:27:00+09:00,-0.014531187518304565,0.0,0.9137372802960222,0
2026-06-30 10:28:00+09:00,0.006917949494482982,0.0,0.9997687326549491,0
2026-06-30 10:29:00+09:00,-4.045478422426065e-05,0.0,0.946345975948196,0
2026-06-30 10:30:00+09:00,-0.000118724480368846,0.0,0.967622571692877,0
2026-06-30 10:31:00+09:00,0.00035606577629404535,0.0,0.9354764107308048,0
2026-06-30 10:32:00+09:00,-6.804824766241408e-05,0.0,0.946577243293247,0
2026-06-30 10:33:00+09:00,7.56942700768481e-05,0.0,0.9891304347826088,0
2026-06-30 10:34:00+09:00,0.00012311070687975802,0.0,0.9893617021276596,0
2026-06-30 10:35:00+09:00,-0.004254705899946481,0.0,0.9893617021276595,0
2026-06-30 10:36:00+09:00,0.007167872246903693,0.0,0.9891304347826086,0
2026-06-30 10:37:00+09:00,-0.004288187276697826,0.0,0.9144310823311749,0
2026-06-30 10:38:00+09:00,0.007088678850640905,0.0,0.9787234042553192,0
2026-06-30 10:39:00+09:00,-0.0042815093563623174,0.0,0.9359389454209065,0
2026-06-30 10:40:00+09:00,0.007080429239994971,0.0,0.9574468085106383,0
2026-06-30 10:41:00+09:00,2.486134921057258e-05,0.0,0.9253006475485661,0
2026-06-30 10:42:00+09:00,0.0001731157718877792,0.0,0.9465772432932471,0
2026-06-30 10:43:00+09:00,-7.655849394031647e-05,0.0,0.9678538390379279,0
2026-06-30 10:44:00+09:00,-0.00399742296957988,0.0,0.9144310823311748,0
2026-06-30 10:45:00+09:00,0.0072874396408205405,0.0,0.9567530064754856,0
2026-06-30 10:46:00+09:00,-5.9428625605521564e-05,0.0,0.9146623496762257,0
2026-06-30 10:47:00+09:00,0.00015734476767798158,0.0,0.9572155411655874,0
2026-06-30 10:48:00+09:00,-0.0001467633222461844,0.0,0.9141998149861239,0
2026-06-30 10:49:00+09:00,-0.0001454982930208488,0.0,0.9676225716928769,0
2026-06-30 10:50:00+09:00,-6.526746942215993e-05,0.0,0.871877890841813,0
2026-06-30 10:51:00+09:00,-0.0003564891215307312,0.0,0.9354764107308049,0
2026-06-30 10:52:00+09:00,-0.0001496438485430102,0.0,0.9574468085106382,0
2026-06-30 10:53:00+09:00,7.982122043760706e-05,0.0,0.9141998149861239,0
2026-06-30 10:54:00+09:00,0.00016694108004995317,0.0,0.8822849213691026,0
2026-06-30 10:55:00+09:00,0.0001509330417859555,0.0,0.9574468085106382,0
2026-06-30 10:56:00+09:00,-0.00010896612173632283,0.0,0.946577243293247,0
2026-06-30 10:57:00+09:00,-8.10758670874195e-05,0.0,0.8718778908418131,0
2026-06-30 10:58:00+09:00,0.00015778815493997775,0.0,0.9030989824236818,0
2026-06-30 10:59:00+09:00,0.00012796585366753823,0.0,0.881822386679001,0
2026-06-30 11:00:00+09:00,-0.004186786196225182,0.0,0.9033302497687327,0
2026-06-30 11:01:00+09:00,0.013449888720778787,0.0,0.893154486586494,0
2026-06-30 11:02:00+09:00,-0.004171625991850399,0.0,0.946345975948196,0
2026-06-30 11:03:00+09:00,-0.004162003895605981,0.0,0.9354764107308048,0
2026-06-30 11:04:00+09:00,-0.0007730569475711002,0.0,0.8818223866790009,0
2026-06-30 11:05:00+09:00,-0.00019995003976397595,0.0,0.8605457909343199,0
2026-06-30 11:06:00+09:00,0.004907546370158492,0.0,0.9680851063829787,0
2026-06-30 11:07:00+09:00,-2.9534583987499908e-05,0.0,0.9678538390379279,0
2026-06-30 11:08:00+09:00,0.0002017232713785467,0.0,0.8279370952821462,0
2026-06-30 11:09:00+09:00,-3.780542946659775e-05,0.0,0.9572155411655874,0
2026-06-30 11:10:00+09:00,-2.2227316731038775e-05,0.0,0.9137372802960222,0
2026-06-30 11:11:00+09:00,-5.5153757132760376e-05,0.0,0.914199814986124,0
2026-06-30 11:12:00+09:00,-0.004036161183651228,0.0,0.9030989824236818,0
2026-06-30 11:13:00+09:00,0.002890045045707924,0.0,0.9680851063829787,0
2026-06-30 11:14:00+09:00,0.007276801213677453,0.0,0.8924606845513414,0
2026-06-30 11:15:00+09:00,0.006637501411022632,0.0,0.9250693802035153,0
2026-06-30 11:16:00+09:00,-0.008517199867322732,0.0,0.946577243293247,0
2026-06-30 11:17:00+09:00,0.007112150734997844,0.0,0.913968547641073,0
2026-06-30 11:18:00+09:00,-0.00016509170611005627,0.0,0.8501387604070306,0
2026-06-30 11:19:00+09:00,6.583914552005566e-05,0.0,0.9028677150786308,0
2026-06-30 11:20:00+09:00,-0.0001665417954619891,0.0,0.9239130434782609,0
2026-06-30 11:21:00+09:00,6.865093908312844e-05,0.0,0.9468085106382979,0
2026-06-30 11:22:00+09:00,0.0001339654672518649,0.0,0.9678538390379279,0
2026-06-30 11:23:00+09:00,6.823383054911507e-05,0.0,0.860777058279371,0
2026-06-30 11:24:00+09:00,-0.00022731768034243882,0.0,0.893154486586494,0
2026-06-30 11:25:00+09:00,0.00016104279468408353,0.0,0.946577243293247,0
2026-06-30 11:26:00+09:00,0.00014049041438642882,0.0,0.9354764107308049,0
2026-06-30 11:27:00+09:00,-0.004235591513297152,0.010638297872340425,0.9246068455134134,0
2026-06-30 11:28:00+09:00,4.482991243159488e-05,0.04301572617946346,0.9033302497687326,0
2026-06-30 11:29:00+09:00,0.006990524684013424,0.9463459759481961,0.010638297872340425,0
2026-06-30 11:30:00+09:00,0.0,0.0,0.0,0
2026-06-30 12:30:00+09:00,0.008091606871287264,1.0,1.0321461609620721,0
2026-06-30 12:31:00+09:00,-0.008338658446408362,0.0,1.0,0
2026-06-30 12:32:00+09:00,0.013959045316168562,0.0,0.9784921369102683,0
2026-06-30 12:33:00+09:00,-0.003930551234424345,0.0,0.9572155411655873,0
2026-06-30 12:34:00+09:00,5.076080227903128e-07,0.0,0.967622571692877,0
2026-06-30 12:35:00+09:00,2.508814841122492e-05,0.0,0.9678538390379279,0
2026-06-30 12:36:00+09:00,-6.07358015012411e-05,0.0,0.9787234042553191,0
2026-06-30 12:37:00+09:00,-9.942455241877442e-05,0.0,0.9678538390379278,0
2026-06-30 12:38:00+09:00,0.00025515019623229115,0.0,0.9572155411655874,0
2026-06-30 12:39:00+09:00,-0.0002404968097071904,0.0,0.9787234042553191,0
2026-06-30 12:40:00+09:00,2.5268083911027404e-05,0.0,0.967622571692877,0
2026-06-30 12:41:00+09:00,-0.0003420520980780604,0.0,0.9678538390379279,0
2026-06-30 12:42:00+09:00,0.3775859218208301,0.0,0.9784921369102684,0
2026-06-30 12:43:00+09:00,-0.010261036360881699,0.0,0.9784921369102683,0
2026-06-30 12:44:00+09:00,-0.00042571322599566807,0.0,0.9572155411655874,0
2026-06-30 12:45:00+09:00,0.006552228608910027,0.0,0.9676225716928769,0
2026-06-30 12:46:00+09:00,-0.003967837283461295,0.0,0.967622571692877,0
2026-06-30 12:47:00+09:00,-0.00045210691830005343,0.0,0.9572155411655875,0
2026-06-30 12:48:00+09:00,0.00021379249518956684,0.0,0.9253006475485661,0
2026-06-30 12:49:00+09:00,-1.438259313825154e-05,0.0,0.9030989824236818,0
2026-06-30 12:50:00+09:00,-3.053488875171018e-05,0.0,0.946345975948196,0
2026-06-30 12:51:00+09:00,-0.004567393009409795,0.0,0.9569842738205365,0
2026-06-30 12:52:00+09:00,0.0072369665913285,0.0,0.9250693802035153,0
2026-06-30 12:53:00+09:00,0.00023924499940094837,0.0,0.946808510638298,0
2026-06-30 12:54:00+09:00,-0.00020642033312190196,0.0,0.893154486586494,0
2026-06-30 12:55:00+09:00,8.189159036522663e-05,0.0,0.946577243293247,0
2026-06-30 12:56:00+09:00,2.193578874592048e-05,0.0,0.8926919518963923,0
2026-06-30 12:57:00+09:00,0.0001736819280650416,0.0,0.9030989824236817,0
2026-06-30 12:58:00+09:00,-0.0001616292967408788,0.0,0.9033302497687327,0
2026-06-30 12:59:00+09:00,-0.004297961045359793,0.0,0.9141998149861239,0
2026-06-30 13:00:00+09:00,0.00014318215474302964,0.0,0.9359389454209066,0
2026-06-30 13:01:00+09:00,0.006934211635423318,0.0,0.9033302497687326,0
2026-06-30 13:02:00+09:00,0.028159897038697222,0.0,0.9253006475485661,0
2026-06-30 13:03:00+09:00,-0.00778058583902869,0.0,0.9572155411655875,0
2026-06-30 13:04:00+09:00,-3.364657865262384e-05,0.0,0.9678538390379279,0
2026-06-30 13:05:00+09:00,3.093089859423605e-05,0.0,0.9250693802035153,0
2026-06-30 13:06:00+09:00,6.012703623084062e-05,0.0,0.8924606845513414,0
2026-06-30 13:07:00+09:00,-5.7950299572891124e-05,0.0,0.9565217391304347,0
2026-06-30 13:08:00+09:00,0.00016358654613272595,0.0,0.8714153561517114,0
2026-06-30 13:09:00+09:00,-3.977819718113025e-06,0.0,0.9035615171137835,0
2026-06-30 13:10:00+09:00,-0.004268798149456095,0.0,0.9465772432932469,0
2026-06-30 13:11:00+09:00,0.007047940345906546,0.0,0.849213691026827,0
2026-06-30 13:12:00+09:00,0.0002400940855477197,0.0,0.9243755781683627,0
2026-06-30 13:13:00+09:00,-0.004143671654974025,0.0,0.9248381128584644,0
2026-06-30 13:14:00+09:00,0.0025673572389280654,0.0,0.8605457909343202,0
2026-06-30 13:15:00+09:00,0.007089266387821719,0.0,0.9354764107308048,0
2026-06-30 13:16:00+09:00,-5.946500157126071e-05,0.0,0.8820536540240518,0
2026-06-30 13:17:00+09:00,-2.4869316722257618e-05,0.0,1.0,0
2026-06-30 13:18:00+09:00,8.990677517590795e-05,0.0,0.9891304347826086,0
2026-06-30 13:19:00+09:00,-0.0003128104519916155,0.0,0.892923219241443,0
2026-06-30 13:20:00+09:00,-0.0002449037899276466,0.0,0.8926919518963923,0
2026-06-30 13:21:00+09:00,1.7800825062502706e-05,0.0,0.9248381128584644,0
2026-06-30 13:22:00+09:00,-0.00020568947854178552,0.0,0.9787234042553192,0
2026-06-30 13:23:00+09:00,0.00017794487114436428,0.0,0.9359389454209066,0
2026-06-30 13:24:00+09:00,-0.00022585941319650264,0.0,0.9250693802035154,0
2026-06-30 13:25:00+09:00,8.271335189931233e-06,0.0,0.9037927844588344,0
2026-06-30 13:26:00+09:00,0.18322783512071017,0.0,0.946808510638298,0
2026-06-30 13:27:00+09:00,-0.01420766957635878,0.0,0.9678538390379279,0
2026-06-30 13:28:00+09:00,0.38412431015345694,0.0,0.9033302497687327,0
2026-06-30 13:29:00+09:00,-0.014731212330430017,0.0,0.9782608695652174,0
2026-06-30 13:30:00+09:00,0.007328405992385465,0.0,0.9678538390379279,0
2026-06-30 13:31:00+09:00,-0.0044111788569721495,0.0,0.8926919518963923,0
2026-06-30 13:32:00+09:00,4.577817530284258e-05,0.0,0.9253006475485661,0
2026-06-30 13:33:00+09:00,0.0068436064063867545,0.0,0.9673913043478262,0
2026-06-30 13:34:00+09:00,0.00020911992359717518,0.0,0.9678538390379279,0
2026-06-30 13:35:00+09:00,-0.004245882550074612,0.0,0.9680851063829786,0
2026-06-30 13:36:00+09:00,0.0028239140121257135,0.0,0.9787234042553192,0
2026-06-30 13:37:00+09:00,-0.00019373647039720696,0.0,0.9035615171137834,0
2026-06-30 13:38:00+09:00,0.007323145797248989,0.0,0.967622571692877,0
2026-06-30 13:39:00+09:00,-0.004202493185616167,0.0,0.8603145235892692,0
2026-06-30 13:40:00+09:00,0.00699405519156057,0.0,0.9359389454209066,0
2026-06-30 13:41:00+09:00,-9.26925453326384e-05,0.0,0.9033302497687327,0
2026-06-30 13:42:00+09:00,0.0068479037232871305,0.0,0.9030989824236818,0
2026-06-30 13:43:00+09:00,-0.004035152200490357,0.0,0.9461147086031453,0
2026-06-30 13:44:00+09:00,8.819532275006434e-05,0.0,0.8815911193339501,0
2026-06-30 13:45:00+09:00,0.3770127901508956,0.0,0.9033302497687327,0
2026-06-30 13:46:00+09:00,-0.010250020790461379,0.0,0.8818223866790009,0
2026-06-30 13:47:00+09:00,3.8782326061135187e-05,0.0,0.914199814986124,0
2026-06-30 13:48:00+09:00,6.134024389855049e-05,0.0,0.9357076780758556,0
2026-06-30 13:49:00+09:00,-0.00019843400968059461,0.0,0.8926919518963923,0
2026-06-30 13:50:00+09:00,-0.00011610636643288356,0.0,0.9569842738205365,0
2026-06-30 13:51:00+09:00,3.2148147169762757e-05,0.0,0.8603145235892691,0
2026-06-30 13:52:00+09:00,2.1090009766108518e-05,0.0,0.8818223866790009,0
2026-06-30 13:53:00+09:00,-0.004230315992064487,0.0,0.9352451433857539,0
2026-06-30 13:54:00+09:00,0.007159214287545185,0.0,0.8707215541165587,0
2026-06-30 13:55:00+09:00,-2.5590066411356595e-05,0.0,0.8820536540240518,0
2026-06-30 13:56:00+09:00,-0.00010042132282500767,0.0,0.8929232192414431,0
2026-06-30 13:57:00+09:00,-0.004288125794441032,0.0,0.9572155411655874,0
2026-06-30 13:58:00+09:00,0.0028075752967530376,0.0,0.8709528214616096,0
2026-06-30 13:59:00+09:00,-0.00015075649748235185,0.0,0.8815911193339501,0
2026-06-30 14:00:00+09:00,0.006716999872562015,0.0,0.9572155411655874,0
2026-06-30 14:01:00+09:00,0.000246892860723764,0.0,0.9567530064754857,0
2026-06-30 14:02:00+09:00,-0.00010941986926506981,0.0,0.913968547641073,0
2026-06-30 14:03:00+09:00,-0.004155184644637708,0.0,0.9463459759481961,0
2026-06-30 14:04:00+09:00,0.006883915776467161,0.0,0.9352451433857539,0
2026-06-30 14:05:00+09:00,-0.0039927528310819025,0.0,0.9144310823311749,0
2026-06-30 14:06:00+09:00,0.007047474053297617,0.0,0.9144310823311748,0
2026-06-30 14:07:00+09:00,-1.1362029960240988e-05,0.0,0.8919981498612396,0
2026-06-30 14:08:00+09:00,-0.007874574080730236,0.0,0.9458834412580943,0
2026-06-30 14:09:00+09:00,0.004597988864757639,0.0,0.967622571692877,0
2026-06-30 14:10:00+09:00,0.3695914952780156,0.0,0.9359389454209066,0
2026-06-30 14:11:00+09:00,-0.005738118410678532,0.0,0.9250693802035153,0
2026-06-30 14:12:00+09:00,-1.1333226054359711e-05,0.0,0.9141998149861239,0
2026-06-30 14:13:00+09:00,-6.581454822936812e-05,0.0,0.914199814986124,0
2026-06-30 14:14:00+09:00,3.35315284282075e-05,0.0,0.9243755781683626,0
2026-06-30 14:15:00+09:00,5.8109198128369826e-05,0.0,0.9037927844588344,0
2026-06-30 14:16:00+09:00,-0.004260917813225224,0.0,0.9144310823311749,0
2026-06-30 14:17:00+09:00,0.00011769662469434422,0.0,0.9033302497687326,0
2026-06-30 14:18:00+09:00,0.007082681912928252,0.0,0.9461147086031453,0
2026-06-30 14:19:00+09:00,-0.004470707982359901,0.0,0.8820536540240518,0
2026-06-30 14:20:00+09:00,0.002988580588943093,0.0,0.913968547641073,0
2026-06-30 14:21:00+09:00,0.006861208544905894,0.0,0.9035615171137836,0
2026-06-30 14:22:00+09:00,-7.693203850738325e-05,0.0,0.9137372802960222,0
2026-06-30 14:23:00+09:00,0.0002615532581761233,0.0,0.892923219241443,0
2026-06-30 14:24:00+09:00,7.610567962966348e-05,0.0,0.9141998149861239,0
2026-06-30 14:25:00+09:00,0.00012369219306177458,0.0,0.9463459759481962,0
2026-06-30 14:26:00+09:00,1.8618143920119454e-05,0.0,0.946577243293247,0
2026-06-30 14:27:00+09:00,0.4054234372859546,0.0,0.9572155411655874,0
2026-06-30 14:28:00+09:00,0.35943247935302036,0.0,0.9784921369102683,0
2026-06-30 14:29:00+09:00,-0.010403062138885567,0.0,0.9246068455134135,0
2026-06-30 14:30:00+09:00,-0.0002784939406348457,0.0,0.946577243293247,0
2026-06-30 14:31:00+09:00,0.00033589152587913673,0.0,0.946577243293247,0
2026-06-30 14:32:00+09:00,0.028318495247295142,0.0,0.9250693802035153,0
2026-06-30 14:33:00+09:00,-0.007874264454385847,0.0,0.946345975948196,0
2026-06-30 14:34:00+09:00,-0.00417172661283416,0.0,0.9352451433857539,0
2026-06-30 14:35:00+09:00,0.03540589056850755,0.0,0.9893617021276595,0
2026-06-30 14:36:00+09:00,-0.007857512690128297,0.0,0.9572155411655874,0
2026-06-30 14:37:00+09:00,-0.00422701051125333,0.0,0.9458834412580944,0
2026-06-30 14:38:00+09:00,0.007064011370947897,0.0,0.9033302497687327,0
2026-06-30 14:39:00+09:00,-4.6180987169445304e-05,0.0,0.9567530064754857,0
2026-06-30 14:40:00+09:00,-9.432235599687313e-05,0.0,0.9572155411655874,0
2026-06-30 14:41:00+09:00,-3.9008847701199075e-05,0.0,0.9035615171137835,0
2026-06-30 14:42:00+09:00,5.81373438649656e-05,0.0,0.9250693802035153,0
2026-06-30 14:43:00+09:00,0.02867771378521851,0.0,0.9354764107308049,0
2026-06-30 14:44:00+09:00,-0.007775785781693359,0.0,0.9359389454209066,0
2026-06-30 14:45:00+09:00,8.649768883495346e-05,0.0,0.9463459759481961,0
2026-06-30 14:46:00+09:00,7.36244270396581e-05,0.0,0.90263644773358,0
2026-06-30 14:47:00+09:00,-5.814333162153511e-05,0.0,0.9354764107308048,0
2026-06-30 14:48:00+09:00,0.183092867732876,0.0,0.946577243293247,0
2026-06-30 14:49:00+09:00,0.014273111956294285,0.0,0.9357076780758558,0
2026-06-30 14:50:00+09:00,-0.0005070796360009646,0.0,0.9784921369102683,0
2026-06-30 14:51:00+09:00,1.2332363747067348e-05,0.0,0.9357076780758558,0
2026-06-30 14:52:00+09:00,-2.995294286682699e-05,0.0,0.8926919518963923,0
2026-06-30 14:53:00+09:00,-0.00023367598819048772,0.0,0.9458834412580943,0
2026-06-30 14:54:00+09:00,-2.3323507131342443e-07,0.0,0.8926919518963923,0
2026-06-30 14:55:00+09:00,0.00019341553838586232,0.0,0.9676225716928769,0
2026-06-30 14:56:00+09:00,-5.224608461311935e-05,0.0,0.9787234042553191,0
2026-06-30 14:57:00+09:00,9.632045601747071e-06,0.0,1.0,0
2026-06-30 14:58:00+09:00,-0.0039026342458765243,0.0,0.9784921369102682,0
2026-06-30 14:59:00+09:00,0.0027169221099678557,0.0,0.9891304347826088,0
2026-06-30 15:00:00+09:00,0.007020151577755503,0.0,0.9572155411655874,0
2026-06-30 15:01:00+09:00,3.579267141290576e-05,0.0,0.893154486586494,0
2026-06-30 15:02:00+09:00,0.006375262675012685,0.0,0.967622571692877,0
2026-06-30 15:03:00+09:00,-0.003969453417664507,0.0,0.9248381128584644,0
2026-06-30 15:04:00+09:00,0.00026301533408763724,0.0,0.9246068455134135,0
2026-06-30 15:05:00+09:00,-5.822003894563526e-05,0.0,0.9572155411655874,0
2026-06-30 15:06:00+09:00,8.132483257661709e-05,0.0,0.9782608695652173,0
2026-06-30 15:07:00+09:00,6.36636607530062e-05,0.0,0.9678538390379279,0
2026-06-30 15:08:00+09:00,-3.37961191709418e-05,0.0,0.9680851063829787,0
2026-06-30 15:09:00+09:00,0.00014794584898849997,0.0,0.9572155411655874,0
2026-06-30 15:10:00+09:00,-0.000350434306049602,0.0,0.9678538390379279,0
2026-06-30 15:11:00+09:00,-0.007644868160548946,0.0,0.9569842738205365,0
2026-06-30 15:12:00+09:00,0.004673812368155044,0.0,0.9574468085106382,0
2026-06-30 15:13:00+09:00,3.573655048380189e-05,0.0,0.9248381128584644,0
2026-06-30 15:14:00+09:00,-0.0005293613900233988,1.818470002286992,1.0,0
2026-06-30 15:15:00+09:00,-8.30524334075646e-05,0.0,0.9937742992910326,0
2026-06-30 15:16:00+09:00,-5.4517273421193164e-05,0.0,0.9766790333646735,0
2026-06-30 15:17:00+09:00,0.0034442258057322725,0.0,0.9514014179351002,0
2026-06-30 15:18:00+09:00,-0.005774811303974032,0.0,0.9684966838614592,0
2026-06-30 15:19:00+09:00,0.0036471806047020257,0.0,0.9600221075902728,0
2026-06-30 15:20:00+09:00,-0.005658173691560713,0.0,1.002394988946205,0
2026-06-30 15:21:00+09:00,0.0035555190696011287,0.0,0.9852997230198461,0
2026-06-30 15:22:00+09:00,0.29772609009772666,0.0,0.9682044570934871,0
2026-06-30 15:23:00+09:00,-0.010445961552243501,0.0,1.0194902548725637,0
2026-06-30 15:24:00+09:00,-0.002516764246967735,1.002248875562219,0.017241379310344827,0
2026-06-30 15:30:00+09:00,-1.724137931034483e-06,0.008620689655172414,0.0,0
2026-07-01 09:00:00+09:00,0.0,0.0,0.0,0
2026-07-01 09:01:00+09:00,0.0,0.0,0.0,0
2026-07-01 09:02:00+09:00,0.0,0.0,0.0,0
2026-07-01 09:03:00+09:00,0.0,0.0,0.0,0
2026-07-01 09:04:00+09:00,0.0,0.0,0.0,0
2026-07-01 09:05:00+09:00,0.0,0.0,0.0,0
2026-07-01 09:06:00+09:00,0.0,0.0,0.0,0
2026-07-01 09:07:00+09:00,0.0,0.0,0.0,0
2026-07-01 09:08:00+09:00,0.0,0.0,0.0,0
2026-07-01 09:09:00+09:00,0.0,0.0,0.0,0
2026-07-01 09:10:00+09:00,0.0,0.0,0.0,0
2026-07-01 09:11:00+09:00,0.0,0.0,0.0,0
2026-07-01 09:12:00+09:00,0.0,0.0,0.0,0
2026-07-01 09:13:00+09:00,0.0,0.0,0.0,0
2026-07-01 09:14:00+09:00,0.0,0.0,0.0,0
2026-07-01 09:15:00+09:00,0.01491967931497692,1.0135135135135136,0.9999999999999999,0
2026-07-01 09:16:00+09:00,-0.008521826846695954,0.0,0.9999999999999999,0
2026-07-01 09:17:00+09:00,-0.00047246398770580853,0.0,0.9470128022759602,0
2026-07-01 09:18:00+09:00,-0.00012377453083010006,0.0,0.9594594594594594,0
2026-07-01 09:19:00+09:00,-4.04954260392006e-05,0.0,0.9733285917496444,0
2026-07-01 09:20:00+09:00,-0.00010800226409039921,0.0,0.9061166429587483,0
2026-07-01 09:21:00+09:00,-8.50148967951689e-05,0.0,0.9594594594594594,0
2026-07-01 09:22:00+09:00,-8.881468377196659e-05,0.0,0.9199857752489331,0
2026-07-01 09:23:00+09:00,0.00017497321429820085,0.0,0.9466571834992887,0
2026-07-01 09:24:00+09:00,0.004997924334052839,0.0,0.9594594594594594,0
2026-07-01 09:25:00+09:00,-0.008720089428652975,0.0,0.9601706970128023,0
2026-07-01 09:26:00+09:00,0.005234108845038792,0.0,0.9598150782361308,0
2026-07-01 09:27:00+09:00,-0.0086626430861146,0.0,0.9598150782361309,0
2026-07-01 09:28:00+09:00,0.0004126306917350459,0.0,0.9864864864864864,0
2026-07-01 09:29:00+09:00,-0.0005171130141613348,0.0,0.972972972972973,0
2026-07-01 09:30:00+09:00,0.0001434507686191475,0.0,0.9729729729729729,0
2026-07-01 09:31:00+09:00,0.00016013035772783246,0.0,0.9463015647226174,0
2026-07-01 09:32:00+09:00,0.00014588905334518977,0.0,0.9594594594594594,0
2026-07-01 09:33:00+09:00,-0.00019595852004639382,0.0,0.9331436699857752,0
2026-07-01 09:34:00+09:00,-0.0003467118114457017,0.0,0.9598150782361309,0
2026-07-01 09:35:00+09:00,0.005600298776392648,0.0,0.9463015647226174,0
2026-07-01 09:36:00+09:00,-0.008858877676595626,0.0,0.9196301564722618,0
2026-07-01 09:37:00+09:00,-0.00030560565016131094,0.0,0.9331436699857752,0
2026-07-01 09:38:00+09:00,-1.864147674261631e-05,0.0,0.9601706970128023,0
2026-07-01 09:39:00+09:00,-0.00010045033186499915,0.0,0.9594594594594594,0
2026-07-01 09:40:00+09:00,-7.269111939116327e-05,0.0,0.9199857752489331,0
2026-07-01 09:41:00+09:00,-0.0001907344726771687,0.0,0.9459459459459459,0
2026-07-01 09:42:00+09:00,0.005167921400754158,0.0,0.9598150782361308,0
2026-07-01 09:43:00+09:00,-0.008778282431531658,0.0,0.959815078236131,0
2026-07-01 09:44:00+09:00,0.00020568896648268914,0.0,0.9192745376955903,0
2026-07-01 09:45:00+09:00,0.00014137797075485002,0.0,0.9598150782361309,0
2026-07-01 09:46:00+09:00,-0.00024790586857162704,0.0,0.9061166429587482,0
2026-07-01 09:47:00+09:00,6.309682866829877e-05,0.0,0.9327880512091039,0
2026-07-01 09:48:00+09:00,0.005199582934787375,0.0,0.9598150782361308,0
2026-07-01 09:49:00+09:00,-0.008316963590559957,0.0,0.9463015647226174,0
2026-07-01 09:50:00+09:00,-7.184598211974736e-05,0.0,0.9733285917496444,0
2026-07-01 09:51:00+09:00,0.00027552187014361155,0.0,0.9864864864864864,0
2026-07-01 09:52:00+09:00,4.340785326619295e-05,0.0,0.9864864864864864,0
2026-07-01 09:53:00+09:00,0.00016326368263049073,0.0,0.9196301564722618,0
2026-07-01 09:54:00+09:00,0.005423931217679596,0.0,0.9463015647226174,0
2026-07-01 09:55:00+09:00,-0.008739858693340104,0.0,0.9466571834992887,0
2026-07-01 09:56:00+09:00,-0.00044264304351334543,0.0,0.9466571834992887,0
2026-07-01 09:57:00+09:00,0.005336689080769271,0.0,0.9466571834992887,0
2026-07-01 09:58:00+09:00,-0.003547051068348048,0.0,0.9327880512091038,0
2026-07-01 09:59:00+09:00,-0.00874077833854912,0.0,0.9868421052631579,0
2026-07-01 10:00:00+09:00,9.864597947147296e-05,0.0,0.9729729729729729,0
2026-07-01 10:01:00+09:00,0.004722551287587312,0.0,0.9331436699857752,0
2026-07-01 10:02:00+09:00,-0.00856365879238925,0.0,0.9733285917496444,0
2026-07-01 10:03:00+09:00,0.0002745927962184056,0.0,0.9598150782361309,0
2026-07-01 10:04:00+09:00,-0.0003473707541162499,0.0,0.9594594594594594,0
2026-07-01 10:05:00+09:00,-3.863639588934986e-06,0.0,0.9463015647226173,0
2026-07-01 10:06:00+09:00,0.00025084834439589317,0.0,0.9324324324324325,0
2026-07-01 10:07:00+09:00,0.005037699225845081,0.0,0.9463015647226174,0
2026-07-01 10:08:00+09:00,0.0008876175390844424,0.0,0.9466571834992887,0
2026-07-01 10:09:00+09:00,-0.005535467645593013,0.0,0.9598150782361309,0
2026-07-01 10:10:00+09:00,-0.0001388994817946688,0.0,0.9196301564722618,0
2026-07-01 10:11:00+09:00,0.0002356992024893702,0.0,0.9057610241820768,0
2026-07-01 10:12:00+09:00,0.005717707239916879,0.0,0.9199857752489331,0
2026-07-01 10:13:00+09:00,-0.008486254488875477,0.0,0.986842105263158,0
2026-07-01 10:14:00+09:00,-0.00022658741445251833,0.0,0.9598150782361309,0
2026-07-01 10:15:00+09:00,-0.23460916419113118,0.0,0.959815078236131,0
2026-07-01 10:16:00+09:00,0.012640777521992722,0.0,1.0,0
2026-07-01 10:17:00+09:00,7.858394208576071e-05,0.0,0.8790896159317212,0
2026-07-01 10:18:00+09:00,-0.00025129247446133867,0.0,0.9598150782361309,0
2026-07-01 10:19:00+09:00,2.5046750859074248e-05,0.0,0.8922475106685633,0
2026-07-01 10:20:00+09:00,0.0004588047405691622,0.0,0.9598150782361309,0
2026-07-01 10:21:00+09:00,-0.00015888716835633362,0.0,0.9324324324324325,0
2026-07-01 10:22:00+09:00,7.685949413966315e-05,0.0,0.9598150782361309,0
2026-07-01 10:23:00+09:00,-0.00025851973079128515,0.0,0.8922475106685632,0
2026-07-01 10:24:00+09:00,0.005384855014449714,0.0,0.972972972972973,0
2026-07-01 10:25:00+09:00,-0.0087296114235449,0.0,0.9199857752489331,0
2026-07-01 10:26:00+09:00,-3.5484652937982274e-05,0.0,0.9192745376955903,0
2026-07-01 10:27:00+09:00,-0.00013837657442705286,0.0,0.8790896159317212,0
2026-07-01 10:28:00+09:00,0.0002517886840325424,0.0,0.9192745376955903,0
2026-07-01 10:29:00+09:00,-0.0002652153548732848,0.0,0.9331436699857752,0
2026-07-01 10:30:00+09:00,-0.00015584214915102186,0.0,0.9598150782361309,0
2026-07-01 10:31:00+09:00,-0.00017801762944837684,0.0,0.9601706970128023,0
2026-07-01 10:32:00+09:00,-0.0001786408347118704,0.0,0.9598150782361308,0
2026-07-01 10:33:00+09:00,0.0005012011044083711,0.0,0.9064722617354196,0
2026-07-01 10:34:00+09:00,0.014733158808669503,0.0,0.9327880512091038,0
2026-07-01 10:35:00+09:00,-0.014323614317608648,0.0,0.9733285917496444,0
2026-07-01 10:36:00+09:00,3.38369945327856e-05,0.0,0.9199857752489332,0
2026-07-01 10:37:00+09:00,-0.00028954506526986383,0.0,0.9196301564722618,0
2026-07-01 10:38:00+09:00,-0.00036559727316789217,0.0,0.9598150782361309,0
2026-07-01 10:39:00+09:00,-0.0005465581974651218,0.0,0.9071834992887624,0
2026-07-01 10:40:00+09:00,-8.842493834691325e-05,0.0,0.9463015647226174,0
2026-07-01 10:41:00+09:00,0.00010616285440505528,0.0,0.8933143669985776,0
2026-07-01 10:42:00+09:00,0.0002031220311944812,0.0,0.9064722617354197,0
2026-07-01 10:43:00+09:00,2.6230900724029343e-05,0.0,0.9729729729729729,0
2026-07-01 10:44:00+09:00,8.36715043837707e-05,0.0,0.9463015647226174,0
2026-07-01 10:45:00+09:00,0.00021152268603095135,0.0,0.8929587482219061,0
2026-07-01 10:46:00+09:00,-8.266738299763533e-05,0.0,0.9196301564722618,0
2026-07-01 10:47:00+09:00,-6.818033296465513e-05,0.0,0.9196301564722618,0
2026-07-01 10:48:00+09:00,0.00028445396053086594,0.0,0.8787339971550499,0
2026-07-01 10:49:00+09:00,0.00019154049111377638,0.0,0.9463015647226173,0
2026-07-01 10:50:00+09:00,-0.00023935068432180646,0.0,0.9463015647226173,0
2026-07-01 10:51:00+09:00,-0.00013965192018846755,0.0,0.9463015647226173,0
2026-07-01 10:52:00+09:00,0.0001873748224341585,0.0,0.9459459459459459,0
2026-07-01 10:53:00+09:00,0.00539561539046079,0.0,0.9334992887624467,0
2026-07-01 10:54:00+09:00,-0.008585206125210526,0.0,0.852773826458037,0
2026-07-01 10:55:00+09:00,-0.0003028834182011202,0.0,0.9594594594594594,0
2026-07-01 10:56:00+09:00,0.010030888365764375,0.0,0.9459459459459459,0
2026-07-01 10:57:00+09:00,-0.005505694625715904,0.0,0.9459459459459459,0
2026-07-01 10:58:00+09:00,-4.994935069893868e-05,0.0,0.8655761024182078,0
2026-07-01 10:59:00+09:00,-0.00017738052807576144,0.0,0.9729729729729729,0
2026-07-01 11:00:00+09:00,0.00018483942709626058,0.0,0.9594594594594594,0
2026-07-01 11:01:00+09:00,8.310499672889821e-05,0.0,0.9601706970128022,0
2026-07-01 11:02:00+09:00,-9.023565676719716e-05,0.0,0.9466571834992887,0
2026-07-01 11:03:00+09:00,0.0005445620039120216,0.0,0.8929587482219061,0
2026-07-01 11:04:00+09:00,-0.0003287870560810091,0.0,0.9324324324324325,0
2026-07-01 11:05:00+09:00,0.00011303052046932119,0.0,0.9598150782361308,0
2026-07-01 11:06:00+09:00,-2.973671809152859e-06,0.0,0.9598150782361309,0
2026-07-01 11:07:00+09:00,-0.0001699715664523138,0.0,0.9064722617354196,0
2026-07-01 11:08:00+09:00,0.005420146659013571,0.0,0.9733285917496444,0
2026-07-01 11:09:00+09:00,-0.008661533819066387,0.0,0.9601706970128023,0
2026-07-01 11:10:00+09:00,0.00012628741824030826,0.0,0.9196301564722618,0
2026-07-01 11:11:00+09:00,-0.00027772529754979236,0.0,0.9331436699857751,0
2026-07-01 11:12:00+09:00,0.0052630535531128985,0.0,0.8396159317211949,0
2026-07-01 11:13:00+09:00,-0.008542234502147519,0.0,0.9868421052631577,0
2026-07-01 11:14:00+09:00,0.00039627920800476557,0.0,0.9064722617354197,0
2026-07-01 11:15:00+09:00,0.005060589523467861,0.0,0.9729729729729729,0
2026-07-01 11:16:00+09:00,-0.008376481962323254,0.0,0.8929587482219061,0
2026-07-01 11:17:00+09:00,-0.0001579441981122761,0.0,0.8403271692745377,0
2026-07-01 11:18:00+09:00,0.0001963017204982632,0.0,0.9196301564722617,0
2026-07-01 11:19:00+09:00,-1.061801870853058e-05,0.0,0.9331436699857754,0
2026-07-01 11:20:00+09:00,-0.00018506244671563524,0.0,0.8790896159317212,0
2026-07-01 11:21:00+09:00,0.0002443226999977116,0.0,0.9598150782361308,0
2026-07-01 11:22:00+09:00,-2.9997128975142304e-05,0.0,0.9327880512091038,0
2026-07-01 11:23:00+09:00,-8.765678566131114e-05,0.0,0.9327880512091038,0
2026-07-01 11:24:00+09:00,-0.0002224175496608681,0.0,0.8403271692745377,0
2026-07-01 11:25:00+09:00,4.023273636940494e-05,0.0,0.9601706970128023,0
2026-07-01 11:26:00+09:00,6.44353519218733e-05,0.0,0.9733285917496444,0
2026-07-01 11:27:00+09:00,-0.0001361139736464764,0.02702702702702703,0.9192745376955903,0
2026-07-01 11:28:00+09:00,0.0001745064543673511,0.02667140825035562,0.8655761024182077,0
2026-07-01 11:29:00+09:00,-0.2342546492592499,0.9192745376955903,0.013513513513513514,0
2026-07-01 11:30:00+09:00,-2.702702702702703e-06,0.013513513513513514,0.0,0
2026-07-01 12:30:00+09:00,-0.009098841275902183,0.9864864864864865,1.013157894736842,0
2026-07-01 12:31:00+09:00,-7.140427970486169e-05,0.0,0.9594594594594594,0
2026-07-01 12:32:00+09:00,-0.00808125403226583,0.0,0.9864864864864865,0
2026-07-01 12:33:00+09:00,-0.00021877817807300237,0.0,0.9598150782361308,0
2026-07-01 12:34:00+09:00,0.00017461127879456065,0.0,0.9733285917496444,0
2026-07-01 12:35:00+09:00,0.005264107604086591,0.0,0.9203413940256047,0
2026-07-01 12:36:00+09:00,-0.008341637155615499,0.0,0.972972972972973,0
2026-07-01 12:37:00+09:00,0.0048090976615590185,0.0,0.9864864864864865,0
2026-07-01 12:38:00+09:00,-0.49142751513074107,0.0,0.9466571834992887,0
2026-07-01 12:39:00+09:00,0.013312872289248594,0.0,0.9733285917496444,0
2026-07-01 12:40:00+09:00,0.00022252367192209427,0.0,0.9601706970128023,0
2026-07-01 12:41:00+09:00,-0.00012874783143252287,0.0,0.9466571834992887,0
2026-07-01 12:42:00+09:00,0.0001369223074936508,0.0,0.9327880512091038,0
2026-07-01 12:43:00+09:00,5.7775780408484636e-05,0.0,0.9733285917496444,0
2026-07-01 12:44:00+09:00,-7.686345998616255e-05,0.0,0.9068278805120911,0
2026-07-01 12:45:00+09:00,-1.755245657164341e-05,0.0,0.9733285917496444,0
2026-07-01 12:46:00+09:00,-0.00012307934043724163,0.0,0.9466571834992887,0
2026-07-01 12:47:00+09:00,-1.8207989064180746e-05,0.0,0.9327880512091038,0
2026-07-01 12:48:00+09:00,0.005014119854357922,0.0,0.8801564722617354,0
2026-07-01 12:49:00+09:00,-0.00860427313958692,0.0,0.9196301564722618,0
2026-07-01 12:50:00+09:00,0.00011856432861100267,0.0,0.9598150782361309,0
2026-07-01 12:51:00+09:00,0.005187434741533366,0.0,0.8936699857752488,0
2026-07-01 12:52:00+09:00,-0.008182337264847468,0.0,0.866642958748222,0
2026-07-01 12:53:00+09:00,-0.0002797784725896075,0.0,0.9466571834992887,0
2026-07-01 12:54:00+09:00,0.00021849180071056298,0.0,0.9466571834992887,0
2026-07-01 12:55:00+09:00,0.005097073621397693,0.0,0.9199857752489331,0
2026-07-01 12:56:00+09:00,-0.00015697219184395407,0.0,0.9327880512091038,0
2026-07-01 12:57:00+09:00,-0.008576176518845829,0.0,0.9064722617354195,0
2026-07-01 12:58:00+09:00,0.0002801506648290509,0.0,0.8805120910384068,0
2026-07-01 12:59:00+09:00,-0.00020105513563499787,0.0,0.8794452347083925,0
2026-07-01 13:00:00+09:00,0.0003750451654813301,0.0,0.8926031294452347,0
2026-07-01 13:01:00+09:00,0.0001180045224906273,0.0,0.8801564722617354,0
2026-07-01 13:02:00+09:00,-0.00013254696911527413,0.0,0.9327880512091038,0
2026-07-01 13:03:00+09:00,-4.730392416405845e-05,0.0,0.9598150782361309,0
2026-07-01 13:04:00+09:00,0.0003580361561908287,0.0,0.8268136557610242,0
2026-07-01 13:05:00+09:00,-0.00033349400983689875,0.0,0.9331436699857752,0
2026-07-01 13:06:00+09:00,7.874980133477721e-05,0.0,0.8399715504978663,0
2026-07-01 13:07:00+09:00,0.0002948217750581289,0.0,0.9470128022759601,0
2026-07-01 13:08:00+09:00,1.8011182721091673e-05,0.0,0.8659317211948792,0
2026-07-01 13:09:00+09:00,0.00014783841128153543,0.0,0.9199857752489332,0
2026-07-01 13:10:00+09:00,-7.519128120090569e-05,0.0,0.9068278805120911,0
2026-07-01 13:11:00+09:00,-6.251511659689886e-05,0.0,0.8798008534850641,0
2026-07-01 13:12:00+09:00,8.014203344904211e-05,0.0,0.8794452347083926,0
2026-07-01 13:13:00+09:00,2.8549232675246312e-05,0.0,0.9196301564722618,0
2026-07-01 13:14:00+09:00,9.120683024244998e-05,0.0,0.8801564722617354,0
2026-07-01 13:15:00+09:00,-0.0001394038966382486,0.0,0.972972972972973,0
2026-07-01 13:16:00+09:00,-0.0002258545991623915,0.0,0.866642958748222,0
2026-07-01 13:17:00+09:00,-3.129290438050905e-05,0.0,0.8268136557610242,0
2026-07-01 13:18:00+09:00,2.103423636614318e-06,0.0,0.8129445234708392,0
2026-07-01 13:19:00+09:00,-2.4582661510527995e-05,0.0,0.852773826458037,0
2026-07-01 13:20:00+09:00,-0.00015582170823464397,0.0,0.945945945945946,0
2026-07-01 13:21:00+09:00,-0.00026681284457490167,0.0,0.8261024182076813,0
2026-07-01 13:22:00+09:00,0.000186770221111754,0.0,0.9463015647226174,0
2026-07-01 13:23:00+09:00,-0.0002419939301095263,0.0,0.8133001422475108,0
2026-07-01 13:24:00+09:00,0.00013977804290124553,0.0,0.9331436699857751,0
2026-07-01 13:25:00+09:00,0.004883261343185355,0.0,0.8933143669985775,0
2026-07-01 13:26:00+09:00,-0.008184648788881857,0.0,0.9331436699857752,0
2026-07-01 13:27:00+09:00,0.004952761638419333,0.0,0.8534850640113798,0
2026-07-01 13:28:00+09:00,-0.008306886542462533,0.0,0.9334992887624467,0
2026-07-01 13:29:00+09:00,5.432580403706035e-06,0.0,0.9196301564722618,0
2026-07-01 13:30:00+09:00,0.00010785734821994884,0.0,0.9196301564722618,0
2026-07-01 13:31:00+09:00,6.702337037683157e-05,0.0,0.8801564722617354,0
2026-07-01 13:32:00+09:00,-0.0003612968073606418,0.0,0.8261024182076813,0
2026-07-01 13:33:00+09:00,0.0002668452026972844,0.0,0.933854907539118,0
2026-07-01 13:34:00+09:00,-0.00034818158358698313,0.0,0.9064722617354195,0
2026-07-01 13:35:00+09:00,0.00023481456445452283,0.0,0.8136557610241821,0
2026-07-01 13:36:00+09:00,-8.460560399293322e-05,0.0,0.9199857752489331,0
2026-07-01 13:37:00+09:00,-0.00021076036927943255,0.0,0.8926031294452347,0
2026-07-01 13:38:00+09:00,-0.00013170152380189231,0.0,0.8524182076813656,0
2026-07-01 13:39:00+09:00,0.00021951932985289803,0.0,0.9064722617354196,0
2026-07-01 13:40:00+09:00,-0.0002704602502219532,0.0,0.8662873399715505,0
2026-07-01 13:41:00+09:00,0.005291251512828982,0.0,0.9068278805120911,0
2026-07-01 13:42:00+09:00,-0.008400700941457081,0.0,0.8268136557610242,0
2026-07-01 13:43:00+09:00,-0.0003560400725052446,0.0,0.8531294452347085,0
2026-07-01 13:44:00+09:00,0.00019304948598290237,0.0,0.8926031294452347,0
2026-07-01 13:45:00+09:00,-0.0001488066407851522,0.0,0.9068278805120911,0
2026-07-01 13:46:00+09:00,-5.448048376863389e-06,0.0,0.8929587482219061,0
2026-07-01 13:47:00+09:00,0.005202623890470558,0.0,0.8798008534850639,0
2026-07-01 13:48:00+09:00,-5.768801553295253e-05,0.0,0.8403271692745378,0
2026-07-01 13:49:00+09:00,-0.008327375426799222,0.0,0.892958748221906,0
2026-07-01 13:50:00+09:00,-3.924539445253693e-05,0.0,0.920697012802276,0
2026-07-01 13:51:00+09:00,5.071246938189698e-05,0.0,0.9068278805120911,0
2026-07-01 13:52:00+09:00,-5.383002082274129e-06,0.0,0.879800853485064,0
2026-07-01 13:53:00+09:00,0.0050805660264930394,0.0,0.9064722617354196,0
2026-07-01 13:54:00+09:00,-0.008138733886532263,0.0,0.9334992887624467,0
2026-07-01 13:55:00+09:00,-3.531880090115661e-05,0.0,0.8926031294452348,0
2026-07-01 13:56:00+09:00,-0.0002920456412097279,0.0,0.8801564722617354,0
2026-07-01 13:57:00+09:00,0.00010863904339003056,0.0,0.8798008534850639,0
2026-07-01 13:58:00+09:00,1.0464704767880667e-05,0.0,0.9064722617354195,0
2026-07-01 13:59:00+09:00,4.444351768673834e-05,0.0,0.8534850640113798,0
2026-07-01 14:00:00+09:00,5.031098008246114e-05,0.0,0.9203413940256046,0
2026-07-01 14:01:00+09:00,4.772212677203854e-06,0.0,0.9064722617354196,0
2026-07-01 14:02:00+09:00,0.005219740671491541,0.0,0.9470128022759602,0
2026-07-01 14:03:00+09:00,-0.008408335203922432,0.0,0.9203413940256046,0
2026-07-01 14:04:00+09:00,8.672607407874837e-05,0.0,0.8534850640113798,0
2026-07-01 14:05:00+09:00,-0.00012620781882431004,0.0,0.879800853485064,0
2026-07-01 14:06:00+09:00,-0.0002652089302921358,0.0,0.8531294452347085,0
2026-07-01 14:07:00+09:00,0.00011189225510285651,0.0,0.9466571834992887,0
2026-07-01 14:08:00+09:00,0.00985956230565188,0.0,0.8933143669985775,0
2026-07-01 14:09:00+09:00,-0.0055692760229371805,0.0,0.9192745376955903,0
2026-07-01 14:10:00+09:00,0.0002688077180298218,0.0,0.9199857752489331,0
2026-07-01 14:11:00+09:00,-0.0003107981424210058,0.0,0.8673541963015647,0
2026-07-01 14:12:00+09:00,0.0001370408911952777,0.0,0.8933143669985775,0
2026-07-01 14:13:00+09:00,-0.00037881858246172464,0.0,0.8794452347083925,0
2026-07-01 14:14:00+09:00,-8.666003680633746e-05,0.0,0.8933143669985775,0
2026-07-01 14:15:00+09:00,0.005510237632103278,0.0,0.9068278805120911,0
2026-07-01 14:16:00+09:00,-0.008602379002516395,0.0,0.9203413940256046,0
2026-07-01 14:17:00+09:00,0.00011171567497086702,0.0,0.9327880512091038,0
2026-07-01 14:18:00+09:00,-0.00011182912291312852,0.0,0.8933143669985775,0
2026-07-01 14:19:00+09:00,8.9083423563098e-05,0.0,0.9463015647226174,0
2026-07-01 14:20:00+09:00,-0.000128060241403729,0.0,0.8790896159317212,0
2026-07-01 14:21:00+09:00,0.0002864043584054206,0.0,0.8403271692745378,0
2026-07-01 14:22:00+09:00,8.015795237487112e-05,0.0,0.9331436699857751,0
2026-07-01 14:23:00+09:00,0.00013153601129631598,0.0,0.9061166429587482,0
2026-07-01 14:24:00+09:00,2.141995350427259e-05,0.0,0.8933143669985776,0
2026-07-01 14:25:00+09:00,-7.729352701143665e-05,0.0,0.8926031294452347,0
2026-07-01 14:26:00+09:00,-6.970573322403441e-05,0.0,0.8805120910384069,0
2026-07-01 14:27:00+09:00,-5.472574788322808e-05,0.0,0.8527738264580369,0
2026-07-01 14:28:00+09:00,-6.807657157260842e-05,0.0,0.8933143669985775,0
2026-07-01 14:29:00+09:00,1.7045027778201923e-05,0.0,0.9463015647226174,0
2026-07-01 14:30:00+09:00,8.246366189477308e-05,0.0,0.9594594594594594,0
2026-07-01 14:31:00+09:00,0.00011358583757934546,0.0,0.9463015647226174,0
2026-07-01 14:32:00+09:00,9.397596027872364e-05,0.0,0.9729729729729729,0
2026-07-01 14:33:00+09:00,0.0002589865319966277,0.0,0.8531294452347084,0
2026-07-01 14:34:00+09:00,-0.23531391870698487,0.0,0.9594594594594594,0
2026-07-01 14:35:00+09:00,-0.21749581967648776,0.0,0.907539118065434,0
2026-07-01 14:36:00+09:00,-0.23109916839064465,0.0,0.8929587482219061,0
2026-07-01 14:37:00+09:00,0.012731176520535058,0.0,0.9605263157894737,0
2026-07-01 14:38:00+09:00,6.496077621483209e-05,0.0,0.8940256045519204,0
2026-07-01 14:39:00+09:00,8.63524494415063e-05,0.0,0.9466571834992887,0
2026-07-01 14:40:00+09:00,-0.00011738241103996703,0.0,0.8929587482219061,0
2026-07-01 14:41:00+09:00,0.00019049167915793187,0.0,0.9466571834992887,0
2026-07-01 14:42:00+09:00,0.005243495518488955,0.0,0.906827880512091,0
2026-07-01 14:43:00+09:00,-0.008472031261565184,0.0,0.9061166429587482,0
2026-07-01 14:44:00+09:00,0.004988514747033775,0.0,0.8805120910384068,0
2026-07-01 14:45:00+09:00,-0.008171743237746002,0.0,0.9466571834992887,0
2026-07-01 14:46:00+09:00,0.005385589420616636,0.0,0.9057610241820768,0
2026-07-01 14:47:00+09:00,-0.00842654949571802,0.0,0.8403271692745378,0
2026-07-01 14:48:00+09:00,2.5738955142657386e-05,0.0,0.9203413940256046,0
2026-07-01 14:49:00+09:00,0.005099244608902443,0.0,0.8129445234708392,0
2026-07-01 14:50:00+09:00,-0.008247602234304914,0.0,0.9733285917496444,0
2026-07-01 14:51:00+09:00,-0.48342823743460017,0.0,0.9733285917496444,0
2026-07-01 14:52:00+09:00,0.013071985964420987,0.0,0.9071834992887624,0
2026-07-01 14:53:00+09:00,-0.4834484844173628,0.0,0.8926031294452347,0
2026-07-01 14:54:00+09:00,0.013269425663623083,0.0,0.9203413940256046,0
2026-07-01 14:55:00+09:00,0.005162843853678116,0.0,0.9199857752489331,0
2026-07-01 14:56:00+09:00,-0.00839767745673603,0.0,0.9605263157894737,0
2026-07-01 14:57:00+09:00,4.8307623583578285e-05,0.0,0.9598150782361308,0
2026-07-01 14:58:00+09:00,-2.0239446192827525e-05,0.0,0.9331436699857754,0
2026-07-01 14:59:00+09:00,2.4977256640261185e-05,0.0,0.9466571834992887,0
2026-07-01 15:00:00+09:00,-0.00011157500141790025,0.0,0.9598150782361308,0
2026-07-01 15:01:00+09:00,5.78394248706136e-05,0.0,0.9203413940256046,0
2026-07-01 15:02:00+09:00,5.6116870586809575e-05,0.0,0.9733285917496444,0
2026-07-01 15:03:00+09:00,0.005268984495786125,0.0,0.9729729729729729,0
2026-07-01 15:04:00+09:00,-0.008327274098052633,0.0,0.9196301564722618,0
2026-07-01 15:05:00+09:00,-8.876327852708462e-05,0.0,0.9463015647226174,0
2026-07-01 15:06:00+09:00,-0.00022902179858255532,0.0,0.9203413940256047,0
2026-07-01 15:07:00+09:00,0.005220659037541967,0.0,0.9601706970128022,0
2026-07-01 15:08:00+09:00,-0.007893441614589852,0.0,0.9733285917496444,0
2026-07-01 15:09:00+09:00,0.005060990520594513,0.0,0.9598150782361309,0
2026-07-01 15:10:00+09:00,-0.003084715197949741,0.0,0.9601706970128023,0
2026-07-01 15:11:00+09:00,-0.008425365164242499,0.0,0.9601706970128022,0
2026-07-01 15:12:00+09:00,0.00521447169573229,0.0,0.9733285917496445,0
2026-07-01 15:13:00+09:00,-0.008257854791703732,0.0,1.0,0
2026-07-01 15:14:00+09:00,-0.003991499348217324,1.8202855288257473,0.9999999999999999,0
2026-07-01 15:15:00+09:00,0.0056335358043528815,0.0,1.044083557241452,0
2026-07-01 15:16:00+09:00,-9.18818486880682e-05,0.0,1.0124071439860913,0
2026-07-01 15:17:00+09:00,-5.564528216160749e-05,0.0,0.9974378549353722,0
2026-07-01 15:18:00+09:00,-0.003583583579951852,0.0,1.0253903357180416,0
2026-07-01 15:19:00+09:00,0.00573205992822613,0.0,1.044083557241452,0
2026-07-01 15:20:00+09:00,7.828366641624975e-05,0.009433962264150943,1.0118768222045282,0
2026-07-01 15:21:00+09:00,0.00019710209060780205,0.0,1.0439088542365602,0
2026-07-01 15:22:00+09:00,-0.0035032456236789838,0.0,1.034649594977301,0
2026-07-01 15:23:00+09:00,0.0058763206998303785,0.0,1.0531681134958195,0
2026-07-01 15:24:00+09:00,-0.003742165189390548,1.034649594977301,0.009259259259259259,0
2026-07-01 15:30:00+09:00,-1.8518518518518519e-06,0.009259259259259259,0.0,0
2026-07-02 09:00:00+09:00,0.0,0.0,0.0,0
2026-07-02 09:01:00+09:00,0.0,0.0,0.0,0
2026-07-02 09:02:00+09:00,0.0,0.0,0.0,0
2026-07-02 09:03:00+09:00,0.0,0.0,0.0,0
2026-07-02 09:04:00+09:00,0.0,0.0,0.0,0
2026-07-02 09:05:00+09:00,0.0,0.0,0.0,0
2026-07-02 09:06:00+09:00,0.0,0.0,0.0,0
2026-07-02 09:07:00+09:00,0.0,0.0,0.0,0
2026-07-02 09:08:00+09:00,0.0,0.0,0.0,0
2026-07-02 09:09:00+09:00,0.0,0.0,0.0,0
2026-07-02 09:10:00+09:00,0.0,0.0,0.0,0
2026-07-02 09:11:00+09:00,0.0,0.0,0.0,0
2026-07-02 09:12:00+09:00,0.0,0.0,0.0,0
2026-07-02 09:13:00+09:00,0.0,0.0,0.0,0
2026-07-02 09:14:00+09:00,0.0,0.0,0.0,0
2026-07-02 09:15:00+09:00,0.013376195298912324,1.013157894736842,1.0,0
2026-07-02 09:16:00+09:00,-0.008977614890558617,0.0,1.0003556187766716,0
2026-07-02 09:17:00+09:00,-8.661181491951917e-06,0.0,0.9736842105263158,0
2026-07-02 09:18:00+09:00,0.005232622835206805,0.0,0.986842105263158,0
2026-07-02 09:19:00+09:00,-0.008880428713027537,0.0,0.9736842105263158,0
2026-07-02 09:20:00+09:00,-5.089103468879006e-05,0.0,0.986842105263158,0
2026-07-02 09:21:00+09:00,0.005342601033071055,0.0,0.9598150782361308,0
2026-07-02 09:22:00+09:00,-0.008804765359778073,0.0,0.9871977240398293,0
2026-07-02 09:23:00+09:00,0.005298638971213921,0.0,0.9736842105263158,0
2026-07-02 09:24:00+09:00,-0.0035469270973516854,0.0,0.9871977240398293,0
2026-07-02 09:25:00+09:00,-0.00853688758978129,0.0,0.9601706970128023,0
2026-07-02 09:26:00+09:00,0.005449380779249135,0.0,0.9601706970128023,0
2026-07-02 09:27:00+09:00,-0.009077745475651617,0.0,0.9736842105263157,0
2026-07-02 09:28:00+09:00,-2.768736314185782e-06,0.0,0.9601706970128023,0
2026-07-02 09:29:00+09:00,0.00013070726334027543,0.0,0.9733285917496444,0
2026-07-02 09:30:00+09:00,0.005567647498491412,0.0,0.9733285917496444,0
2026-07-02 09:31:00+09:00,-0.0036314838839515778,0.0,0.9871977240398293,0
2026-07-02 09:32:00+09:00,0.006258511929424791,0.0,1.0003556187766716,0
2026-07-02 09:33:00+09:00,-0.014289707137866854,0.0,0.986842105263158,0
2026-07-02 09:34:00+09:00,0.0001163491640347729,0.0,0.9733285917496444,0
2026-07-02 09:35:00+09:00,0.0004486603618593806,0.0,0.9334992887624467,0
2026-07-02 09:36:00+09:00,4.39145544522715e-05,0.0,0.986842105263158,0
2026-07-02 09:37:00+09:00,-0.00029857791427389613,0.0,0.9463015647226174,0
2026-07-02 09:38:00+09:00,4.722785586578251e-05,0.0,0.9736842105263157,0
2026-07-02 09:39:00+09:00,0.00018792866746963834,0.0,0.9463015647226174,0
2026-07-02 09:40:00+09:00,0.0003609511734692079,0.0,0.9334992887624467,0
2026-07-02 09:41:00+09:00,0.005712828687363356,0.0,0.9470128022759601,0
2026-07-02 09:42:00+09:00,-0.008743558895774953,0.0,0.9736842105263158,0
2026-07-02 09:43:00+09:00,0.006101943455611354,0.0,0.9733285917496444,0
2026-07-02 09:44:00+09:00,-0.4765484349414646,0.0,0.9466571834992887,0
2026-07-02 09:45:00+09:00,0.004849499396327559,0.0,1.013869132290185,0
2026-07-02 09:46:00+09:00,2.714740801898245e-05,0.0,0.9331436699857752,0
2026-07-02 09:47:00+09:00,0.005428378897978667,0.0,0.9733285917496444,0
2026-07-02 09:48:00+09:00,0.0067810447814528685,0.0,0.9736842105263157,0
2026-07-02 09:49:00+09:00,-0.014605519815656784,0.0,0.9864864864864864,0
2026-07-02 09:50:00+09:00,0.005490014209432997,0.0,0.9598150782361308,0
2026-07-02 09:51:00+09:00,-0.2404898498344208,0.0,0.9203413940256047,0
2026-07-02 09:52:00+09:00,-0.4642852726049836,0.0,0.960881934566145,0
2026-07-02 09:53:00+09:00,0.013104313816969537,0.0,0.9331436699857752,0
2026-07-02 09:54:00+09:00,0.005088673721751068,0.0,0.9598150782361308,0
2026-07-02 09:55:00+09:00,-0.009045780253859237,0.0,0.9598150782361308,0
2026-07-02 09:56:00+09:00,9.75082692308304e-05,0.0,0.9733285917496444,0
2026-07-02 09:57:00+09:00,0.005280707589984073,0.0,0.9598150782361309,0
2026-07-02 09:58:00+09:00,-0.008829629198085607,0.0,0.9868421052631577,0
2026-07-02 09:59:00+09:00,8.921257349647713e-05,0.0,0.9068278805120911,0
2026-07-02 10:00:00+09:00,0.00022877937804609128,0.0,0.9598150782361308,0
2026-07-02 10:01:00+09:00,-0.00015281467363907497,0.0,0.8929587482219061,0
2026-07-02 10:02:00+09:00,-2.8133086463730557e-05,0.0,0.9334992887624467,0
2026-07-02 10:03:00+09:00,-0.00010753127843181542,0.0,0.9199857752489332,0
2026-07-02 10:04:00+09:00,-0.00010839751004826945,0.0,0.9733285917496444,0
2026-07-02 10:05:00+09:00,0.014980663474182442,0.0,0.9061166429587482,0
2026-07-02 10:06:00+09:00,-0.014202780569286392,0.0,0.9463015647226174,0
2026-07-02 10:07:00+09:00,0.004962683105533323,0.0,0.8936699857752489,0
2026-07-02 10:08:00+09:00,-0.00365188193880443,0.0,0.9466571834992887,0
2026-07-02 10:09:00+09:00,-0.008843378006717374,0.0,0.9199857752489331,0
2026-07-02 10:10:00+09:00,0.0002265630890797432,0.0,0.986842105263158,0
2026-07-02 10:11:00+09:00,-2.5969903222856373e-05,0.0,0.9736842105263158,0
2026-07-02 10:12:00+09:00,3.884393821808997e-05,0.0,0.9466571834992887,0
2026-07-02 10:13:00+09:00,0.005446924083687448,0.0,0.9598150782361309,0
2026-07-02 10:14:00+09:00,-0.008799896715393002,0.0,0.9199857752489331,0
2026-07-02 10:15:00+09:00,0.005383377548656776,0.0,0.9470128022759603,0
2026-07-02 10:16:00+09:00,-0.003328100367318401,0.0,0.9192745376955903,0
2026-07-02 10:17:00+09:00,-1.2833106686724532e-05,0.0,0.8794452347083925,0
2026-07-02 10:18:00+09:00,-0.000109624040585245,0.0,0.9057610241820768,0
2026-07-02 10:19:00+09:00,-0.0036302898522072246,0.0,0.9192745376955904,0
2026-07-02 10:20:00+09:00,-0.009340080008647864,0.0,0.9327880512091038,0
2026-07-02 10:21:00+09:00,1.0476913196082818e-05,0.0,0.9601706970128023,0
2026-07-02 10:22:00+09:00,-4.4142795046259044e-05,0.0,0.920697012802276,0
2026-07-02 10:23:00+09:00,-6.208606361950478e-05,0.0,0.8933143669985775,0
2026-07-02 10:24:00+09:00,-0.00010074698380952824,0.0,0.8933143669985775,0
2026-07-02 10:25:00+09:00,0.00512068694950808,0.0,0.9331436699857752,0
2026-07-02 10:26:00+09:00,-0.003118133210766526,0.0,0.9598150782361309,0
2026-07-02 10:27:00+09:00,-0.003578135708235882,0.0,0.9598150782361308,0
2026-07-02 10:28:00+09:00,-0.003530203749828385,0.0,0.9061166429587482,0
2026-07-02 10:29:00+09:00,-0.0033850884039786345,0.0,0.9331436699857752,0
2026-07-02 10:30:00+09:00,-0.009078169419523458,0.0,0.9199857752489331,0
2026-07-02 10:31:00+09:00,0.005570880552998492,0.0,0.9470128022759602,0
2026-07-02 10:32:00+09:00,-0.008918079036698837,0.0,0.8936699857752489,0
2026-07-02 10:33:00+09:00,-0.0002392132478053074,0.0,0.9061166429587482,0
2026-07-02 10:34:00+09:00,0.00017570639225125635,0.0,0.9199857752489331,0
2026-07-02 10:35:00+09:00,-0.231867754766059,0.0,0.9061166429587482,0
2026-07-02 10:36:00+09:00,0.01807746029417082,0.0,0.9736842105263157,0
2026-07-02 10:37:00+09:00,-0.008849675471629986,0.0,0.9733285917496444,0
2026-07-02 10:38:00+09:00,3.747500009028912e-05,0.0,0.9203413940256046,0
2026-07-02 10:39:00+09:00,0.005427020310248687,0.0,0.893669985775249,0
2026-07-02 10:40:00+09:00,-0.47733682595951415,0.0,0.9466571834992887,0
2026-07-02 10:41:00+09:00,0.004573774312387439,0.0,0.9071834992887624,0
2026-07-02 10:42:00+09:00,-0.0003456004047873653,0.0,0.8531294452347085,0
2026-07-02 10:43:00+09:00,0.00013345717208288732,0.0,0.9064722617354196,0
2026-07-02 10:44:00+09:00,0.00035265068444697277,0.0,0.9196301564722618,0
2026-07-02 10:45:00+09:00,0.005139216687043817,0.0,0.9203413940256046,0
2026-07-02 10:46:00+09:00,-0.008716938130519766,0.0,0.9598150782361309,0
2026-07-02 10:47:00+09:00,-0.2313241957569414,0.0,0.8133001422475106,0
2026-07-02 10:48:00+09:00,0.018280054646200524,0.0,0.9598150782361309,0
2026-07-02 10:49:00+09:00,-0.009027308230158794,0.0,0.8936699857752489,0
2026-07-02 10:50:00+09:00,0.005478570716097673,0.0,0.879800853485064,0
2026-07-02 10:51:00+09:00,-0.008941077031123151,0.0,0.9470128022759601,0
2026-07-02 10:52:00+09:00,0.0001008704543685579,0.0,0.9064722617354196,0
2026-07-02 10:53:00+09:00,5.4968353243101856e-05,0.0,0.8534850640113798,0
2026-07-02 10:54:00+09:00,5.452907652548887e-05,0.0,0.9331436699857752,0
2026-07-02 10:55:00+09:00,-0.00037352880505886206,0.0,0.8662873399715505,0
2026-07-02 10:56:00+09:00,-7.425998250951284e-05,0.0,0.8662873399715505,0
2026-07-02 10:57:00+09:00,0.000125952494748325,0.0,0.8655761024182076,0
2026-07-02 10:58:00+09:00,1.3503772095922112e-05,0.0,0.893669985775249,0
2026-07-02 10:59:00+09:00,0.005765398332133287,0.0,0.9064722617354197,0
2026-07-02 11:00:00+09:00,-0.003931513315448941,0.0,0.9331436699857752,0
2026-07-02 11:01:00+09:00,-0.24018309982794625,0.0,0.9733285917496444,0
2026-07-02 11:02:00+09:00,-0.0003458782967139396,0.0,1.0003556187766713,0
2026-07-02 11:03:00+09:00,5.6452106749640046e-05,0.0,0.986842105263158,0
2026-07-02 11:04:00+09:00,0.00016028634342993598,0.0,0.9327880512091038,0
2026-07-02 11:05:00+09:00,-0.23193968559214378,0.0,0.8794452347083925,0
2026-07-02 11:06:00+09:00,0.012851281726460571,0.0,0.9068278805120911,0
2026-07-02 11:07:00+09:00,9.274043014386276e-06,0.0,0.9203413940256046,0
2026-07-02 11:08:00+09:00,-7.435856450917315e-05,0.0,0.9331436699857754,0
2026-07-02 11:09:00+09:00,-7.132434915352788e-05,0.0,0.8666429587482218,0
2026-07-02 11:10:00+09:00,0.005228247342346691,0.0,0.8801564722617354,0
2026-07-02 11:11:00+09:00,-0.008713346731693073,0.0,0.9199857752489331,0
2026-07-02 11:12:00+09:00,-9.616169078998083e-05,0.0,0.8801564722617354,0
2026-07-02 11:13:00+09:00,0.005301910834142807,0.0,0.8794452347083926,0
2026-07-02 11:14:00+09:00,-0.009075870714636135,0.0,0.9196301564722618,0
2026-07-02 11:15:00+09:00,-0.00028726927570984774,0.0,0.9061166429587482,0
2026-07-02 11:16:00+09:00,0.0151357488651321,0.0,0.8801564722617354,0
2026-07-02 11:17:00+09:00,-0.01447852894720132,0.0,0.8798008534850641,0
2026-07-02 11:18:00+09:00,-5.113637921308649e-05,0.0,0.9196301564722618,0
2026-07-02 11:19:00+09:00,6.780061546720249e-05,0.0,0.8264580369843528,0
2026-07-02 11:20:00+09:00,6.474573804550725e-05,0.0,0.8268136557610242,0
2026-07-02 11:21:00+09:00,0.005127774797805225,0.0,0.8933143669985775,0
2026-07-02 11:22:00+09:00,-0.009038616074644686,0.0,0.8268136557610242,0
2026-07-02 11:23:00+09:00,0.00039121864391907933,0.0,0.8666429587482218,0
2026-07-02 11:24:00+09:00,0.005372835423278098,0.0,0.8534850640113798,0
2026-07-02 11:25:00+09:00,-0.00018475552828303173,0.0,0.9196301564722618,0
2026-07-02 11:26:00+09:00,-0.008878690449714517,0.0,0.8666429587482218,0
2026-07-02 11:27:00+09:00,0.0002896520517167255,0.03982930298719772,0.8399715504978662,0
2026-07-02 11:28:00+09:00,0.005408413439905569,0.02667140825035562,0.8933143669985775,0
2026-07-02 11:29:00+09:00,-0.003748991300645436,0.9068278805120911,0.02702702702702703,0
2026-07-02 11:30:00+09:00,-2.702702702702703e-06,0.013513513513513514,0.0,0
2026-07-02 12:30:00+09:00,0.003628756056734374,0.9868421052631579,1.013869132290185,0
2026-07-02 12:31:00+09:00,0.005344373213593092,0.0,0.9736842105263157,0
2026-07-02 12:32:00+09:00,-0.0034380819809789807,0.0,0.9466571834992887,0
2026-07-02 12:33:00+09:00,-0.008458994617839829,0.0,0.9871977240398293,0
2026-07-02 12:34:00+09:00,0.005484594847061005,0.0,0.9199857752489331,0
2026-07-02 12:35:00+09:00,-0.009220290341076883,0.0,0.9601706970128023,0
2026-07-02 12:36:00+09:00,0.00014880966252200575,0.0,0.9466571834992887,0
2026-07-02 12:37:00+09:00,0.015147905815726422,0.0,0.9064722617354196,0
2026-07-02 12:38:00+09:00,-0.014155302585531783,0.0,0.9729729729729728,0
2026-07-02 12:39:00+09:00,0.005080247751890438,0.0,0.9196301564722618,0
2026-07-02 12:40:00+09:00,-0.008839208322646498,0.0,0.9733285917496444,0
2026-07-02 12:41:00+09:00,-0.0004577107205106222,0.0,0.920697012802276,0
2026-07-02 12:42:00+09:00,3.104551295504203e-05,0.0,0.8929587482219061,0
2026-07-02 12:43:00+09:00,-0.00012608537616035643,0.0,0.9334992887624467,0
2026-07-02 12:44:00+09:00,-5.884161605330393e-05,0.0,0.9463015647226174,0
2026-07-02 12:45:00+09:00,0.005626507241259101,0.0,0.8929587482219061,0
2026-07-02 12:46:00+09:00,-0.003318466458401913,0.0,0.9199857752489331,0
2026-07-02 12:47:00+09:00,-0.003367244137623231,0.0,0.9334992887624467,0
2026-07-02 12:48:00+09:00,-8.39641003985635e-05,0.0,0.9196301564722618,0
2026-07-02 12:49:00+09:00,-6.532028444218678e-05,0.0,0.9196301564722618,0
2026-07-02 12:50:00+09:00,-0.0089335374091784,0.0,0.8794452347083926,0
2026-07-02 12:51:00+09:00,-0.00015993637769049878,0.0,0.879800853485064,0
2026-07-02 12:52:00+09:00,-1.697679384856637e-05,0.0,0.9327880512091038,0
2026-07-02 12:53:00+09:00,-0.47168097726309116,0.0,0.852773826458037,0
2026-07-02 12:54:00+09:00,0.004069122408043971,0.0,0.8396159317211949,0
2026-07-02 12:55:00+09:00,0.0002586631603729089,0.0,0.8805120910384068,0
2026-07-02 12:56:00+09:00,-0.00023820523369123158,0.0,0.9196301564722618,0
2026-07-02 12:57:00+09:00,5.345184363308317e-06,0.0,0.8396159317211949,0
2026-07-02 12:58:00+09:00,-5.9055155539538304e-05,0.0,0.8669985775248934,0
2026-07-02 12:59:00+09:00,0.00534532649353058,0.0,0.9064722617354196,0
2026-07-02 13:00:00+09:00,-0.008856791230351286,0.0,0.8524182076813656,0
2026-07-02 13:01:00+09:00,0.005410947020624714,0.0,0.8666429587482218,0
2026-07-02 13:02:00+09:00,-0.003672535785724051,0.0,0.8534850640113798,0
2026-07-02 13:03:00+09:00,0.0003059309364993855,0.0,0.8527738264580369,0
2026-07-02 13:04:00+09:00,-0.0004814006853243471,0.0,0.8787339971550499,0
2026-07-02 13:05:00+09:00,-0.00865649632215557,0.0,0.8801564722617354,0
2026-07-02 13:06:00+09:00,-8.602153130600328e-05,0.0,0.8403271692745377,0
2026-07-02 13:07:00+09:00,0.00019879223310503952,0.0,0.9736842105263158,0
2026-07-02 13:08:00+09:00,-0.00012543328679252415,0.0,0.80049786628734,0
2026-07-02 13:09:00+09:00,-6.202616116671052e-05,0.0,0.8926031294452348,0
2026-07-02 13:10:00+09:00,-2.991857109636945e-05,0.0,0.8666429587482218,0
2026-07-02 13:11:00+09:00,-7.741019666241161e-05,0.0,0.8933143669985775,0
2026-07-02 13:12:00+09:00,0.00013187994236905825,0.0,0.8399715504978663,0
2026-07-02 13:13:00+09:00,0.00562055498202436,0.0,0.8801564722617354,0
2026-07-02 13:14:00+09:00,-0.009156202063305127,0.0,0.9199857752489331,0
2026-07-02 13:15:00+09:00,0.005321027186058844,0.0,0.893669985775249,0
2026-07-02 13:16:00+09:00,8.846839636707163e-06,0.0,0.8399715504978662,0
2026-07-02 13:17:00+09:00,-0.003294036981077862,0.0,0.8662873399715505,0
2026-07-02 13:18:00+09:00,-0.00377825124067168,0.0,0.7990753911806543,0
2026-07-02 13:19:00+09:00,-0.00854801563533251,0.0,0.8396159317211949,0
2026-07-02 13:20:00+09:00,-0.000378324059395187,0.0,0.9071834992887624,0
2026-07-02 13:21:00+09:00,1.5255629445793313e-05,0.0,0.8929587482219061,0
2026-07-02 13:22:00+09:00,0.009552850097981572,0.0,0.8933143669985775,0
2026-07-02 13:23:00+09:00,-0.005532214171757577,0.0,0.8399715504978663,0
2026-07-02 13:24:00+09:00,-7.922756418581255e-05,0.0,0.8136557610241821,0
2026-07-02 13:25:00+09:00,0.0053950374526525475,0.0,0.9331436699857752,0
2026-07-02 13:26:00+09:00,-0.008821652471336608,0.0,0.8531294452347085,0
2026-07-02 13:27:00+09:00,0.005319084524141086,0.0,0.9327880512091038,0
2026-07-02 13:28:00+09:00,7.450638467330933e-05,0.0,0.8666429587482218,0
2026-07-02 13:29:00+09:00,-8.789365076041186e-05,0.0,0.8264580369843528,0
2026-07-02 13:30:00+09:00,-0.008783111967337399,0.0,0.9203413940256046,0
2026-07-02 13:31:00+09:00,-3.429088698638801e-05,0.0,0.8264580369843527,0
2026-07-02 13:32:00+09:00,0.0002483403150838491,0.0,0.8794452347083925,0
2026-07-02 13:33:00+09:00,9.711936509427591e-05,0.0,0.8268136557610242,0
2026-07-02 13:34:00+09:00,-0.00030447367214087625,0.0,0.9068278805120911,0
2026-07-02 13:35:00+09:00,0.00031785826243616207,0.0,0.9334992887624467,0
2026-07-02 13:36:00+09:00,-0.00025220028088344373,0.0,0.9057610241820768,0
2026-07-02 13:37:00+09:00,0.0002968541023413479,0.0,0.8396159317211949,0
2026-07-02 13:38:00+09:00,-0.0002799502858646503,0.0,0.8531294452347085,0
2026-07-02 13:39:00+09:00,0.0001101041537617579,0.0,0.7727596017069701,0
2026-07-02 13:40:00+09:00,0.005330255788759963,0.0,0.8940256045519204,0
2026-07-02 13:41:00+09:00,-0.008904924743990243,0.0,0.8531294452347085,0
2026-07-02 13:42:00+09:00,-5.0910323160565364e-05,0.0,0.7859174964438123,0
2026-07-02 13:43:00+09:00,-6.212412402816606e-05,0.0,0.8669985775248934,0
2026-07-02 13:44:00+09:00,-4.474083741026928e-05,0.0,0.8264580369843528,0
2026-07-02 13:45:00+09:00,0.00022238719536342037,0.0,0.8662873399715505,0
2026-07-02 13:46:00+09:00,-0.00023301837515093843,0.0,0.8392603129445235,0
2026-07-02 13:47:00+09:00,0.005403112392693225,0.0,0.9203413940256047,0
2026-07-02 13:48:00+09:00,-0.008915633135928122,0.0,0.7734708392603129,0
2026-07-02 13:49:00+09:00,4.0993153719417754e-05,0.0,0.8129445234708392,0
2026-07-02 13:50:00+09:00,-0.0001028745980492829,0.0,0.8929587482219061,0
2026-07-02 13:51:00+09:00,0.005439212581507322,0.0,0.8399715504978663,0
2026-07-02 13:52:00+09:00,-0.008893283393666185,0.0,0.8524182076813656,0
2026-07-02 13:53:00+09:00,8.795925271700927e-06,0.0,0.8125889046941679,0
2026-07-02 13:54:00+09:00,9.905469939776014e-05,0.0,0.9071834992887624,0
2026-07-02 13:55:00+09:00,0.005383949108162513,0.0,0.9061166429587482,0
2026-07-02 13:56:00+09:00,-0.0035190863618885437,0.0,0.8399715504978662,0
2026-07-02 13:57:00+09:00,-0.00889115538476106,0.0,0.920697012802276,0
2026-07-02 13:58:00+09:00,-8.479352295252952e-05,0.0,0.866642958748222,0
2026-07-02 13:59:00+09:00,0.00029998590435287997,0.0,0.8534850640113798,0
2026-07-02 14:00:00+09:00,4.069432629898947e-05,0.0,0.8531294452347085,0
2026-07-02 14:01:00+09:00,-0.00021009380264540905,0.0,0.8790896159317212,0
2026-07-02 14:02:00+09:00,0.005318025583614734,0.0,0.8403271692745378,0
2026-07-02 14:03:00+09:00,-0.008997093744817596,0.0,0.9334992887624467,0
2026-07-02 14:04:00+09:00,0.0002178806820755812,0.0,0.8403271692745378,0
2026-07-02 14:05:00+09:00,0.005117004859545937,0.0,0.8662873399715505,0
2026-07-02 14:06:00+09:00,-0.4857420487493719,0.0,0.9071834992887624,0
2026-07-02 14:07:00+09:00,0.01859156733932544,0.0,0.8801564722617354,0
2026-07-02 14:08:00+09:00,-0.00897273368213366,0.0,0.8933143669985775,0
2026-07-02 14:09:00+09:00,-0.00029635810101299765,0.0,0.8133001422475106,0
2026-07-02 14:10:00+09:00,1.5218317268541221e-05,0.0,0.9061166429587482,0
2026-07-02 14:11:00+09:00,0.0002377679288558971,0.0,0.8929587482219061,0
2026-07-02 14:12:00+09:00,-0.00030607211636554134,0.0,0.8129445234708392,0
2026-07-02 14:13:00+09:00,1.6351999232893626e-05,0.0,0.8403271692745378,0
2026-07-02 14:14:00+09:00,7.769485703021146e-06,0.0,0.7603129445234709,0
2026-07-02 14:15:00+09:00,0.00019962148903427128,0.0,0.8527738264580369,0
2026-07-02 14:16:00+09:00,0.005265329876352315,0.0,0.9470128022759601,0
2026-07-02 14:17:00+09:00,-0.009227738331381252,0.0,0.8936699857752489,0
2026-07-02 14:18:00+09:00,-8.52352922274388e-05,0.0,0.8794452347083926,0
2026-07-02 14:19:00+09:00,0.005329059156569235,0.0,0.879800853485064,0
2026-07-02 14:20:00+09:00,-0.008725877931065353,0.0,0.8794452347083926,0
2026-07-02 14:21:00+09:00,-8.071448802892993e-06,0.0,0.8399715504978662,0
2026-07-02 14:22:00+09:00,-0.0002827803543668291,0.0,0.8801564722617354,0
2026-07-02 14:23:00+09:00,0.005437023725968863,0.0,0.8392603129445235,0
2026-07-02 14:24:00+09:00,-0.008971479543636404,0.0,0.8531294452347085,0
2026-07-02 14:25:00+09:00,0.00025066589852287206,0.0,0.9331436699857752,0
2026-07-02 14:26:00+09:00,-0.00025301142335297787,0.0,0.8929587482219061,0
2026-07-02 14:27:00+09:00,0.00025549432503299487,0.0,0.9466571834992887,0
2026-07-02 14:28:00+09:00,3.527622930977944e-05,0.0,0.8794452347083926,0
2026-07-02 14:29:00+09:00,-0.00016243389091471583,0.0,0.9334992887624467,0
2026-07-02 14:30:00+09:00,-4.997770387587796e-07,0.0,0.9334992887624467,0
2026-07-02 14:31:00+09:00,-2.3324695238289308e-05,0.0,0.8933143669985775,0
2026-07-02 14:32:00+09:00,-0.469774776297671,0.0,0.7997866287339971,0
2026-07-02 14:33:00+09:00,0.009513899659273042,0.0,0.9334992887624467,0
2026-07-02 14:34:00+09:00,-0.008974743682715445,0.0,0.8926031294452348,0
2026-07-02 14:35:00+09:00,0.005527671781462884,0.0,0.9199857752489331,0
2026-07-02 14:36:00+09:00,-0.0033100476030386533,0.0,0.9199857752489331,0
2026-07-02 14:37:00+09:00,-0.0037937610607642453,0.0,0.7997866287339972,0
2026-07-02 14:38:00+09:00,0.00010170783091394193,0.0,0.852773826458037,0
2026-07-02 14:39:00+09:00,-0.0032034432103722026,0.0,0.9466571834992887,0
2026-07-02 14:40:00+09:00,-0.009282267692932564,0.0,0.9064722617354197,0
2026-07-02 14:41:00+09:00,0.00026872025747548816,0.0,0.8662873399715505,0
2026-07-02 14:42:00+09:00,-3.647593879121977e-05,0.0,0.9068278805120911,0
2026-07-02 14:43:00+09:00,-3.0634495490037324e-05,0.0,0.9203413940256046,0
2026-07-02 14:44:00+09:00,0.005376600842082728,0.0,0.8805120910384068,0
2026-07-02 14:45:00+09:00,-0.003532894046558085,0.0,0.8940256045519204,0
2026-07-02 14:46:00+09:00,-0.0038003751489258807,0.0,0.8929587482219061,0
2026-07-02 14:47:00+09:00,-0.008894917775375195,0.0,0.8940256045519204,0
2026-07-02 14:48:00+09:00,0.00027340294970372447,0.0,0.9068278805120911,0
2026-07-02 14:49:00+09:00,-0.00010814333602093448,0.0,0.8268136557610242,0
2026-07-02 14:50:00+09:00,9.678715777621316e-05,0.0,0.8396159317211949,0
2026-07-02 14:51:00+09:00,-0.00017665742395614855,0.0,0.9327880512091038,0
2026-07-02 14:52:00+09:00,0.0002964658781490853,0.0,0.9605263157894737,0
2026-07-02 14:53:00+09:00,5.3255909286570244e-05,0.0,0.852773826458037,0
2026-07-02 14:54:00+09:00,-0.00030964495030871635,0.0,0.9075391180654339,0
2026-07-02 14:55:00+09:00,0.00034443573354992954,0.0,0.9334992887624467,0
2026-07-02 14:56:00+09:00,-0.0003615115927035824,0.0,0.9598150782361309,0
2026-07-02 14:57:00+09:00,0.00030232608317105376,0.0,0.8798008534850641,0
2026-07-02 14:58:00+09:00,-0.0003640678221915633,0.0,0.9199857752489332,0
2026-07-02 14:59:00+09:00,-0.00014030164480955851,0.0,0.9064722617354196,0
2026-07-02 15:00:00+09:00,0.00013509979383193803,0.0,0.9327880512091038,0
2026-07-02 15:01:00+09:00,0.0003911481367481171,0.0,0.852773826458037,0
2026-07-02 15:02:00+09:00,0.005210238488277135,0.0,0.9331436699857752,0
2026-07-02 15:03:00+09:00,-0.009144146769394039,0.0,0.9064722617354196,0
2026-07-02 15:04:00+09:00,-0.00018094366238361845,0.0,0.9466571834992887,0
2026-07-02 15:05:00+09:00,0.00038808372907944954,0.0,0.9466571834992887,0
2026-07-02 15:06:00+09:00,3.507624331021375e-05,0.0,0.8933143669985776,0
2026-07-02 15:07:00+09:00,8.572223234157346e-05,0.0,0.9068278805120911,0
2026-07-02 15:08:00+09:00,0.005279974866476842,0.0,0.9466571834992887,0
2026-07-02 15:09:00+09:00,0.0001091640531326179,0.0,0.9331436699857754,0
2026-07-02 15:10:00+09:00,-0.008980299551417492,0.0,0.9733285917496444,0
2026-07-02 15:11:00+09:00,-3.681570702911498e-05,0.0,0.9733285917496444,0
2026-07-02 15:12:00+09:00,0.00032518540161150135,0.0,0.9466571834992888,0
2026-07-02 15:13:00+09:00,5.066683756980487e-06,0.0,0.9334992887624467,0
2026-07-02 15:14:00+09:00,-0.00024392888251894545,1.8694163062584115,0.9999999999999999,0
2026-07-02 15:15:00+09:00,0.00015540232592642752,0.0,1.0308483124272598,0
2026-07-02 15:16:00+09:00,0.00544966290857757,0.0,1.0355166170955643,0
2026-07-02 15:17:00+09:00,-0.008923385448892701,0.0,1.085148066727014,0
2026-07-02 15:18:00+09:00,-0.000136391123239013,0.0,1.0399392215181689,0
2026-07-02 15:19:00+09:00,0.005234262768389473,0.0,1.0355166170955643,0
2026-07-02 15:20:00+09:00,-0.00932288430574104,0.0,1.0625436441225915,0
2026-07-02 15:21:00+09:00,-0.00023588842054727755,0.0,1.0672119487908962,0
2026-07-02 15:22:00+09:00,0.005124121275469627,0.0,1.058121039699987,0
2026-07-02 15:23:00+09:00,-0.002995454349252454,0.0,1.0942389758179232,0
2026-07-02 15:24:00+09:00,-0.003769969201488997,1.0672119487908962,0.02702702702702703,0
2026-07-02 15:30:00+09:00,-2.702702702702703e-06,0.013513513513513514,0.0,0
2026-07-03 09:00:00+09:00,0.0,0.0,0.0,0
2026-07-03 09:01:00+09:00,0.0,0.0,0.0,0
2026-07-03 09:02:00+09:00,0.0,0.0,0.0,0
2026-07-03 09:03:00+09:00,0.0,0.0,0.0,0
2026-07-03 09:04:00+09:00,0.0,0.0,0.0,0
2026-07-03 09:05:00+09:00,0.0,0.0,0.0,0
2026-07-03 09:06:00+09:00,0.0,0.0,0.0,0
2026-07-03 09:07:00+09:00,0.0,0.0,0.0,0
2026-07-03 09:08:00+09:00,0.0,0.0,0.0,0
2026-07-03 09:09:00+09:00,0.0,0.0,0.0,0
2026-07-03 09:10:00+09:00,0.0,0.0,0.0,0
2026-07-03 09:11:00+09:00,0.0,0.0,0.0,0
2026-07-03 09:12:00+09:00,0.0,0.0,0.0,0
2026-07-03 09:13:00+09:00,0.0,0.0,0.0,0
2026-07-03 09:14:00+09:00,0.0,0.0,0.0,0
2026-07-03 09:15:00+09:00,-0.00972030437591578,1.0147058823529411,1.0,0
2026-07-03 09:16:00+09:00,-0.00019277187623888177,0.0,0.9852941176470589,0
2026-07-03 09:17:00+09:00,9.497139406683611e-05,0.0,0.9852941176470587,0
2026-07-03 09:18:00+09:00,-4.621992957169829e-05,0.0,0.9558823529411764,0
2026-07-03 09:19:00+09:00,0.03418793966063915,0.0,0.9852941176470588,0
2026-07-03 09:20:00+09:00,-0.01003899575255063,0.0,0.9852941176470588,0
2026-07-03 09:21:00+09:00,-0.00034724015307583154,0.0,0.9563025210084033,0
2026-07-03 09:22:00+09:00,0.00012893460630392645,0.0,0.9563025210084033,0
2026-07-03 09:23:00+09:00,0.03403771005943596,0.0,0.9705882352941176,0
2026-07-03 09:24:00+09:00,-0.010141888621692,0.0,0.9563025210084033,0
2026-07-03 09:25:00+09:00,-0.00019986364084586652,0.0,0.9710084033613444,0
2026-07-03 09:26:00+09:00,-0.0001452898978636324,0.0,0.9277310924369748,0
2026-07-03 09:27:00+09:00,-0.00020552742368256104,0.0,0.9705882352941175,0
2026-07-03 09:28:00+09:00,-0.00022991674451057964,0.0,0.9852941176470588,0
2026-07-03 09:29:00+09:00,-0.000411446027139286,0.0,0.9415966386554621,0
2026-07-03 09:30:00+09:00,-6.179769462020598e-05,0.0,0.9705882352941176,0
2026-07-03 09:31:00+09:00,-4.02119706923907e-05,0.0,0.9710084033613445,0
2026-07-03 09:32:00+09:00,7.496894430857979e-06,0.0,0.9415966386554621,0
2026-07-03 09:33:00+09:00,0.0001480170068659158,0.0,0.9420168067226891,0
2026-07-03 09:34:00+09:00,0.0005043957159027124,0.0,0.9710084033613444,0
2026-07-03 09:35:00+09:00,2.4180215050593854e-05,0.0,0.9415966386554622,0
2026-07-03 09:36:00+09:00,-0.000349647569123669,0.0,0.9710084033613444,0
2026-07-03 09:37:00+09:00,-1.9842362161312686e-05,0.0,0.9563025210084033,0
2026-07-03 09:38:00+09:00,-9.24404743139277e-05,0.0,0.9563025210084032,0
2026-07-03 09:39:00+09:00,0.00011877357510235407,0.0,0.9126050420168067,0
2026-07-03 09:40:00+09:00,0.000253308771021138,0.0,0.9268907563025209,0
2026-07-03 09:41:00+09:00,-0.0002447228845875371,0.0,0.9415966386554622,0
2026-07-03 09:42:00+09:00,0.00014758144740599922,0.0,0.9268907563025209,0
2026-07-03 09:43:00+09:00,-0.00023556947393567384,0.0,0.9277310924369747,0
2026-07-03 09:44:00+09:00,-0.00013229688609956813,0.0,0.9268907563025209,0
2026-07-03 09:45:00+09:00,0.00010369121700363522,0.0,0.9420168067226891,0
2026-07-03 09:46:00+09:00,0.0001524027028935448,0.0,0.9126050420168066,0
2026-07-03 09:47:00+09:00,-0.00021965633323143419,0.0,0.9273109243697478,0
2026-07-03 09:48:00+09:00,0.0002538528743345457,0.0,0.9420168067226891,0
2026-07-03 09:49:00+09:00,-0.00023849424500818947,0.0,0.9415966386554622,0
2026-07-03 09:50:00+09:00,4.8833071214901236e-05,0.0,0.9563025210084033,0
2026-07-03 09:51:00+09:00,-0.00019329968143814755,0.0,0.9415966386554622,0
2026-07-03 09:52:00+09:00,0.00029902643975192707,0.0,0.8836134453781512,0
2026-07-03 09:53:00+09:00,0.00017578436817871154,0.0,0.9705882352941175,0
2026-07-03 09:54:00+09:00,-2.104914762954986e-05,0.0,0.9273109243697479,0
2026-07-03 09:55:00+09:00,0.0001657096593856719,0.0,0.8840336134453781,0
2026-07-03 09:56:00+09:00,-3.3187438533278246e-05,0.0,0.9415966386554622,0
2026-07-03 09:57:00+09:00,-0.00010908447115320663,0.0,0.9563025210084034,0
2026-07-03 09:58:00+09:00,-0.000373992881716016,0.0,0.9420168067226891,0
2026-07-03 09:59:00+09:00,5.911537959064432e-05,0.0,0.8978991596638655,0
2026-07-03 10:00:00+09:00,-1.697026151295726e-06,0.0,0.9558823529411764,0
2026-07-03 10:01:00+09:00,3.842440903349479e-05,0.0,0.8983193277310924,0
2026-07-03 10:02:00+09:00,0.000135572483391775,0.0,0.9567226890756302,0
2026-07-03 10:03:00+09:00,0.0005134435613381216,0.0,0.9710084033613445,0
2026-07-03 10:04:00+09:00,-9.045404381651193e-05,0.0,0.9710084033613444,0
2026-07-03 10:05:00+09:00,0.0003273268202717042,0.0,0.9852941176470588,0
2026-07-03 10:06:00+09:00,0.0001906799254939474,0.0,0.9852941176470588,0
2026-07-03 10:07:00+09:00,7.10690661860075e-05,0.0,0.9710084033613445,0
2026-07-03 10:08:00+09:00,-3.0236631018619356e-05,0.0,0.9563025210084034,0
2026-07-03 10:09:00+09:00,-0.00018262306923971284,0.0,0.9852941176470589,0
2026-07-03 10:10:00+09:00,-3.7123097910590283e-05,0.0,0.9705882352941176,0
2026-07-03 10:11:00+09:00,-0.00021883142977127923,0.0,0.9121848739495798,0
2026-07-03 10:12:00+09:00,0.24060918518027596,0.0,0.9420168067226891,0
2026-07-03 10:13:00+09:00,0.020631463798642457,0.0,0.9701680672268906,0
2026-07-03 10:14:00+09:00,-0.010065628353148387,0.0,0.9415966386554622,0
2026-07-03 10:15:00+09:00,-3.661494216614965e-05,0.0,0.942016806722689,0
2026-07-03 10:16:00+09:00,-0.00012630766052484116,0.0,0.926890756302521,0
2026-07-03 10:17:00+09:00,-0.00011263526216758919,0.0,0.8827731092436975,0
2026-07-03 10:18:00+09:00,7.752886080586977e-05,0.0,0.9415966386554622,0
2026-07-03 10:19:00+09:00,-7.315759955849633e-05,0.0,0.8987394957983192,0
2026-07-03 10:20:00+09:00,0.0002558241467325931,0.0,0.8978991596638655,0
2026-07-03 10:21:00+09:00,0.00011359116351458997,0.0,0.9273109243697479,0
2026-07-03 10:22:00+09:00,0.00012666813926179627,0.0,0.9415966386554622,0
2026-07-03 10:23:00+09:00,0.00027676458970152533,0.0,0.9558823529411764,0
2026-07-03 10:24:00+09:00,-4.103589069332281e-05,0.0,0.9130252100840335,0
2026-07-03 10:25:00+09:00,5.810426731460882e-05,0.0,0.9130252100840335,0
2026-07-03 10:26:00+09:00,9.691705058119564e-05,0.0,0.9705882352941175,0
2026-07-03 10:27:00+09:00,1.8008207369040265e-05,0.0,0.9420168067226891,0
2026-07-03 10:28:00+09:00,-0.00021254246829513693,0.0,0.9273109243697478,0
2026-07-03 10:29:00+09:00,-5.869816831595801e-05,0.0,0.9130252100840336,0
2026-07-03 10:30:00+09:00,0.00019995968762166942,0.0,0.9558823529411765,0
2026-07-03 10:31:00+09:00,-7.522327094945198e-05,0.0,0.9273109243697479,0
2026-07-03 10:32:00+09:00,-0.00021125564208123444,0.0,0.9415966386554621,0
2026-07-03 10:33:00+09:00,-7.635990356954486e-05,0.0,0.8840336134453781,0
2026-07-03 10:34:00+09:00,6.146052835959309e-06,0.0,0.9130252100840335,0
2026-07-03 10:35:00+09:00,-4.352512615347251e-06,0.0,0.9411764705882353,0
2026-07-03 10:36:00+09:00,-8.87189335767917e-06,0.0,0.9705882352941175,0
2026-07-03 10:37:00+09:00,-4.260320833481362e-05,0.0,0.9852941176470588,0
2026-07-03 10:38:00+09:00,0.0003172513428192889,0.0,0.926890756302521,0
2026-07-03 10:39:00+09:00,0.0001303956908719728,0.0,0.9411764705882353,0
2026-07-03 10:40:00+09:00,-9.691736554206693e-05,0.0,0.9268907563025209,0
2026-07-03 10:41:00+09:00,0.00021060377910841658,0.0,0.9567226890756302,0
2026-07-03 10:42:00+09:00,9.539520844271403e-05,0.0,0.8974789915966386,0
2026-07-03 10:43:00+09:00,5.368821774836638e-05,0.0,0.8840336134453781,0
2026-07-03 10:44:00+09:00,3.7645783352947094e-05,0.0,0.8701680672268907,0
2026-07-03 10:45:00+09:00,-0.0002091397551998,0.0,0.9558823529411764,0
2026-07-03 10:46:00+09:00,-0.00011036183381859197,0.0,0.8836134453781512,0
2026-07-03 10:47:00+09:00,0.00024741672886138995,0.0,0.9563025210084033,0
2026-07-03 10:48:00+09:00,-0.00010951028540624702,0.0,0.9563025210084033,0
2026-07-03 10:49:00+09:00,-7.264438304895358e-06,0.0,0.8983193277310924,0
2026-07-03 10:50:00+09:00,2.1927750617529492e-05,0.0,0.8542016806722689,0
2026-07-03 10:51:00+09:00,0.0002451263443328085,0.0,0.9415966386554622,0
2026-07-03 10:52:00+09:00,0.00013697366422546413,0.0,0.9121848739495797,0
2026-07-03 10:53:00+09:00,5.713889195147614e-05,0.0,0.8264705882352941,0
2026-07-03 10:54:00+09:00,-8.188842725669365e-05,0.0,0.9710084033613445,0
2026-07-03 10:55:00+09:00,-0.00020107456627438733,0.0,0.9281512605042015,0
2026-07-03 10:56:00+09:00,8.571398417752468e-05,0.0,0.8537815126050419,0
2026-07-03 10:57:00+09:00,3.211416216489607e-06,0.0,0.9264705882352942,0
2026-07-03 10:58:00+09:00,0.00010152362699414326,0.0,0.8983193277310924,0
2026-07-03 10:59:00+09:00,0.00017126327826203947,0.0,0.9852941176470589,0
2026-07-03 11:00:00+09:00,5.878282977745827e-05,0.0,0.8836134453781512,0
2026-07-03 11:01:00+09:00,-0.00030587976275617767,0.0,0.926470588235294,0
2026-07-03 11:02:00+09:00,0.0002577071507337216,0.0,0.8831932773109243,0
2026-07-03 11:03:00+09:00,0.033655004340160964,0.0,0.8987394957983192,0
2026-07-03 11:04:00+09:00,-0.010172202716785393,0.0,0.869327731092437,0
2026-07-03 11:05:00+09:00,7.277879403704978e-05,0.0,0.8689075630252101,0
2026-07-03 11:06:00+09:00,3.279300421480785e-05,0.0,0.9420168067226891,0
2026-07-03 11:07:00+09:00,0.0002246132749131541,0.0,0.9411764705882353,0
2026-07-03 11:08:00+09:00,0.00022816048845582314,0.0,0.9710084033613444,0
2026-07-03 11:09:00+09:00,-7.257683675128274e-05,0.0,0.8831932773109243,0
2026-07-03 11:10:00+09:00,-4.158693953109479e-05,0.0,0.9563025210084033,0
2026-07-03 11:11:00+09:00,-0.00015255986222914016,0.0,0.9705882352941176,0
2026-07-03 11:12:00+09:00,-5.245038546404047e-05,0.0,0.9130252100840335,0
2026-07-03 11:13:00+09:00,2.371230778085259e-05,0.0,0.8983193277310924,0
2026-07-03 11:14:00+09:00,-2.933635259503982e-05,0.0,0.8983193277310924,0
2026-07-03 11:15:00+09:00,0.00010968643762301787,0.0,0.8840336134453781,0
2026-07-03 11:16:00+09:00,-1.512234070518991e-05,0.0,0.9415966386554622,0
2026-07-03 11:17:00+09:00,0.03390625575915148,0.0,0.9420168067226891,0
2026-07-03 11:18:00+09:00,-0.01036539464942023,0.0,0.8836134453781512,0
2026-07-03 11:19:00+09:00,7.1481556668278e-05,0.0,0.9558823529411764,0
2026-07-03 11:20:00+09:00,-5.75581143788148e-05,0.0,0.942016806722689,0
2026-07-03 11:21:00+09:00,5.7256807468476437e-05,0.0,0.8974789915966386,0
2026-07-03 11:22:00+09:00,0.0001559842946237155,0.0,0.9130252100840335,0
2026-07-03 11:23:00+09:00,0.0001259725820501746,0.0,0.9126050420168067,0
2026-07-03 11:24:00+09:00,-3.407789845201638e-05,0.0,0.9273109243697479,0
2026-07-03 11:25:00+09:00,-0.00016313718160394428,0.0,0.9415966386554622,0
2026-07-03 11:26:00+09:00,-0.00014026847083824223,0.0,0.9134453781512606,0
2026-07-03 11:27:00+09:00,6.160551691344079e-05,0.028991596638655463,0.8693277310924369,0
2026-07-03 11:28:00+09:00,-0.00013734544942088216,0.029411764705882353,0.8831932773109243,0
2026-07-03 11:29:00+09:00,-0.00018537815126050422,0.9268907563025209,0.0,0
2026-07-03 11:30:00+09:00,0.0,0.0,0.0,0
2026-07-03 12:30:00+09:00,-0.019400317470100886,0.9852941176470588,1.0285714285714285,0
2026-07-03 12:31:00+09:00,2.409926911233594e-05,0.0,0.9852941176470588,0
2026-07-03 12:32:00+09:00,-1.8276487232032985e-05,0.0,0.9710084033613444,0
2026-07-03 12:33:00+09:00,-3.160937490858722e-05,0.0,0.9710084033613445,0
2026-07-03 12:34:00+09:00,0.00010098511788649849,0.0,0.9852941176470588,0
2026-07-03 12:35:00+09:00,-0.00020157480604080544,0.0,0.9273109243697478,0
2026-07-03 12:36:00+09:00,-0.0003604290059151811,0.0,0.9415966386554622,0
2026-07-03 12:37:00+09:00,0.0002679369801381454,0.0,0.9852941176470589,0
2026-07-03 12:38:00+09:00,-0.00010913333708741903,0.0,0.9415966386554621,0
2026-07-03 12:39:00+09:00,-3.7498032771092364e-05,0.0,0.9558823529411765,0
2026-07-03 12:40:00+09:00,-5.079940403811083e-05,0.0,0.9415966386554622,0
2026-07-03 12:41:00+09:00,-0.00041257963501102184,0.0,0.9121848739495798,0
2026-07-03 12:42:00+09:00,-0.00016795983161973477,0.0,0.9121848739495797,0
2026-07-03 12:43:00+09:00,-0.00021289886346785382,0.0,0.9268907563025209,0
2026-07-03 12:44:00+09:00,3.349127276390792e-05,0.0,0.9563025210084033,0
2026-07-03 12:45:00+09:00,0.0004891119812076948,0.0,0.9563025210084034,0
2026-07-03 12:46:00+09:00,-4.622824525260818e-05,0.0,0.9563025210084033,0
2026-07-03 12:47:00+09:00,4.360487814516795e-05,0.0,0.9705882352941176,0
2026-07-03 12:48:00+09:00,0.00027160023491096393,0.0,0.8836134453781512,0
2026-07-03 12:49:00+09:00,-0.00013472903944580233,0.0,0.9710084033613444,0
2026-07-03 12:50:00+09:00,-6.420464234650774e-05,0.0,0.9563025210084033,0
2026-07-03 12:51:00+09:00,0.00016455857958614644,0.0,0.9277310924369748,0
2026-07-03 12:52:00+09:00,-0.00020790143297616192,0.0,0.9268907563025208,0
2026-07-03 12:53:00+09:00,-1.8598870611730434e-05,0.0,0.9420168067226891,0
2026-07-03 12:54:00+09:00,5.033721000196856e-05,0.0,0.8978991596638655,0
2026-07-03 12:55:00+09:00,9.599409318694724e-05,0.0,0.8550420168067226,0
2026-07-03 12:56:00+09:00,4.210555735323211e-05,0.0,0.8978991596638656,0
2026-07-03 12:57:00+09:00,4.3414615344821445e-05,0.0,0.9411764705882353,0
2026-07-03 12:58:00+09:00,-0.00015898879061866208,0.0,0.9268907563025209,0
2026-07-03 12:59:00+09:00,-8.687176461679107e-06,0.0,0.942436974789916,0
2026-07-03 13:00:00+09:00,-2.8626807391220484e-05,0.0,0.9126050420168067,0
2026-07-03 13:01:00+09:00,-0.00017947508583107793,0.0,0.8983193277310924,0
2026-07-03 13:02:00+09:00,0.00014523663834199065,0.0,0.9268907563025209,0
2026-07-03 13:03:00+09:00,7.458372517839294e-05,0.0,0.9268907563025209,0
2026-07-03 13:04:00+09:00,0.0001463507832845364,0.0,0.8978991596638655,0
2026-07-03 13:05:00+09:00,6.914408411218637e-05,0.0,0.9563025210084033,0
2026-07-03 13:06:00+09:00,-0.0001449707327689584,0.0,0.9130252100840336,0
2026-07-03 13:07:00+09:00,0.00012190589934928807,0.0,0.884453781512605,0
2026-07-03 13:08:00+09:00,1.3706040863452774e-05,0.0,0.8550420168067225,0
2026-07-03 13:09:00+09:00,4.8469707616188456e-05,0.0,0.9273109243697479,0
2026-07-03 13:10:00+09:00,-0.00010955102767102679,0.0,0.9415966386554622,0
2026-07-03 13:11:00+09:00,0.00010012248645297438,0.0,0.9126050420168067,0
2026-07-03 13:12:00+09:00,1.1332453846112016e-05,0.0,0.8546218487394956,0
2026-07-03 13:13:00+09:00,-0.00023140609457848296,0.0,0.8991596638655461,0
2026-07-03 13:14:00+09:00,-4.441777173790414e-05,0.0,0.8978991596638655,0
2026-07-03 13:15:00+09:00,-6.217467755864521e-05,0.0,0.926470588235294,0
2026-07-03 13:16:00+09:00,5.341996439390095e-06,0.0,0.8983193277310925,0
2026-07-03 13:17:00+09:00,6.81497531602954e-05,0.0,0.9117647058823528,0
2026-07-03 13:18:00+09:00,-5.135094041339636e-05,0.0,0.8394957983193277,0
2026-07-03 13:19:00+09:00,6.62420590951404e-06,0.0,0.8983193277310924,0
2026-07-03 13:20:00+09:00,-3.4912033212528214e-05,0.0,0.8252100840336134,0
2026-07-03 13:21:00+09:00,6.956563682954628e-05,0.0,0.8252100840336134,0
2026-07-03 13:22:00+09:00,0.00022843138565828408,0.0,0.8974789915966386,0
2026-07-03 13:23:00+09:00,3.355755342648453e-05,0.0,0.8831932773109243,0
2026-07-03 13:24:00+09:00,0.4985313858209071,0.0,0.9558823529411765,0
2026-07-03 13:25:00+09:00,-0.0139139664203984,0.0,0.9407563025210084,0
2026-07-03 13:26:00+09:00,3.401126839542399e-05,0.0,0.8537815126050419,0
2026-07-03 13:27:00+09:00,0.0001278854622913839,0.0,0.8987394957983194,0
2026-07-03 13:28:00+09:00,7.617438089449066e-06,0.0,0.8689075630252101,0
2026-07-03 13:29:00+09:00,-9.474224848917734e-05,0.0,0.8983193277310924,0
2026-07-03 13:30:00+09:00,1.059236367261022e-05,0.0,0.9126050420168067,0
2026-07-03 13:31:00+09:00,4.507352075999713e-05,0.0,0.9558823529411764,0
2026-07-03 13:32:00+09:00,7.3175419359005e-06,0.0,0.8827731092436975,0
2026-07-03 13:33:00+09:00,-4.839552982931932e-05,0.0,0.9117647058823529,0
2026-07-03 13:34:00+09:00,3.328986542039947e-05,0.0,0.9273109243697478,0
2026-07-03 13:35:00+09:00,0.00019616392334351657,0.0,0.9268907563025209,0
2026-07-03 13:36:00+09:00,8.107578575207367e-05,0.0,0.8978991596638655,0
2026-07-03 13:37:00+09:00,-5.248308145772787e-05,0.0,0.8831932773109243,0
2026-07-03 13:38:00+09:00,6.463608930596807e-05,0.0,0.8684873949579831,0
2026-07-03 13:39:00+09:00,1.7688064286720533e-05,0.0,0.926470588235294,0
2026-07-03 13:40:00+09:00,7.16933814891818e-05,0.0,0.8550420168067228,0
2026-07-03 13:41:00+09:00,8.974765519886811e-05,0.0,0.8983193277310924,0
2026-07-03 13:42:00+09:00,-9.123601633145704e-05,0.0,0.9130252100840335,0
2026-07-03 13:43:00+09:00,6.447064230617108e-06,0.0,0.8550420168067225,0
2026-07-03 13:44:00+09:00,1.1824248159944482e-05,0.0,0.9273109243697477,0
2026-07-03 13:45:00+09:00,7.35687127782758e-05,0.0,0.8109243697478992,0
2026-07-03 13:46:00+09:00,-0.00017619481523062437,0.0,0.9415966386554622,0
2026-07-03 13:47:00+09:00,3.0760100063721256e-05,0.0,0.9705882352941176,0
2026-07-03 13:48:00+09:00,-0.00013610226982882623,0.0,0.8836134453781511,0
2026-07-03 13:49:00+09:00,-3.11707109738926e-05,0.0,0.9411764705882352,0
2026-07-03 13:50:00+09:00,0.000157011000030047,0.0,0.8987394957983192,0
2026-07-03 13:51:00+09:00,-1.067784622455017e-05,0.0,0.9563025210084033,0
2026-07-03 13:52:00+09:00,-0.00011272344328682017,0.0,0.8550420168067226,0
2026-07-03 13:53:00+09:00,7.26712611045876e-05,0.0,0.9273109243697479,0
2026-07-03 13:54:00+09:00,0.0001515650220780105,0.0,0.8978991596638655,0
2026-07-03 13:55:00+09:00,5.129662685455623e-06,0.0,0.8403361344537815,0
2026-07-03 13:56:00+09:00,2.2537686035360178e-05,0.0,0.8974789915966386,0
2026-07-03 13:57:00+09:00,0.00015831166362620218,0.0,0.9563025210084033,0
2026-07-03 13:58:00+09:00,-0.00019208056284576337,0.0,0.9558823529411764,0
2026-07-03 13:59:00+09:00,-1.8644675915755898e-05,0.0,0.9126050420168067,0
2026-07-03 14:00:00+09:00,2.505667455825499e-05,0.0,0.9121848739495798,0
2026-07-03 14:01:00+09:00,8.16407526667133e-05,0.0,0.8978991596638655,0
2026-07-03 14:02:00+09:00,0.00016369635751178237,0.0,0.9558823529411765,0
2026-07-03 14:03:00+09:00,9.085477826358038e-05,0.0,0.8546218487394958,0
2026-07-03 14:04:00+09:00,0.00010471937127329843,0.0,0.9126050420168067,0
2026-07-03 14:05:00+09:00,3.847902461195716e-05,0.0,0.8978991596638655,0
2026-07-03 14:06:00+09:00,8.086787865619007e-05,0.0,0.9563025210084033,0
2026-07-03 14:07:00+09:00,-8.077291481832085e-05,0.0,0.8831932773109243,0
2026-07-03 14:08:00+09:00,-0.0001224979785340242,0.0,0.8983193277310924,0
2026-07-03 14:09:00+09:00,-0.0077320609787602705,0.0,0.9411764705882353,0
2026-07-03 14:10:00+09:00,-0.002803283786703658,0.0,0.9571428571428571,0
2026-07-03 14:11:00+09:00,0.005067193781029938,0.0,0.9852941176470588,0
2026-07-03 14:12:00+09:00,-9.279523127995983e-05,0.0,0.9130252100840335,0
2026-07-03 14:13:00+09:00,8.973991990801286e-05,0.0,0.8537815126050419,0
2026-07-03 14:14:00+09:00,-7.530747464227393e-05,0.0,0.8680672268907563,0
2026-07-03 14:15:00+09:00,-1.3918911179785545e-05,0.0,0.9268907563025209,0
2026-07-03 14:16:00+09:00,0.0001441988524126163,0.0,0.8550420168067225,0
2026-07-03 14:17:00+09:00,-5.226259584798538e-05,0.0,0.9121848739495797,0
2026-07-03 14:18:00+09:00,6.316008018232135e-05,0.0,0.9130252100840335,0
2026-07-03 14:19:00+09:00,0.00013112290710250732,0.0,0.8978991596638655,0
2026-07-03 14:20:00+09:00,-6.489654492935543e-05,0.0,0.8974789915966386,0
2026-07-03 14:21:00+09:00,-4.389077885257945e-06,0.0,0.8831932773109243,0
2026-07-03 14:22:00+09:00,7.6212572610782795e-06,0.0,0.9126050420168067,0
2026-07-03 14:23:00+09:00,3.8252805689435604e-05,0.0,0.8978991596638655,0
2026-07-03 14:24:00+09:00,-5.669817662725006e-05,0.0,0.9134453781512605,0
2026-07-03 14:25:00+09:00,6.89776060830692e-05,0.0,0.9130252100840336,0
2026-07-03 14:26:00+09:00,1.9017563718049102e-05,0.0,0.9420168067226891,0
2026-07-03 14:27:00+09:00,4.825266694912388e-05,0.0,0.9563025210084034,0
2026-07-03 14:28:00+09:00,3.572663312137152e-05,0.0,0.9411764705882352,0
2026-07-03 14:29:00+09:00,0.2433419841191099,0.0,0.8684873949579832,0
2026-07-03 14:30:00+09:00,-0.01347044026684416,0.0,0.9848739495798319,0
2026-07-03 14:31:00+09:00,-5.700595978858145e-05,0.0,0.9415966386554622,0
2026-07-03 14:32:00+09:00,4.986199958527756e-05,0.0,0.8697478991596639,0
2026-07-03 14:33:00+09:00,7.36339045668962e-05,0.0,0.942016806722689,0
2026-07-03 14:34:00+09:00,-0.00017332233978483466,0.0,0.8546218487394958,0
2026-07-03 14:35:00+09:00,0.00015556652061248617,0.0,0.9415966386554622,0
2026-07-03 14:36:00+09:00,9.064107577711833e-06,0.0,0.8978991596638655,0
2026-07-03 14:37:00+09:00,9.860882189272266e-05,0.0,0.8684873949579832,0
2026-07-03 14:38:00+09:00,4.3946662048664143e-05,0.0,0.9420168067226891,0
2026-07-03 14:39:00+09:00,-7.626654270167915e-05,0.0,0.9415966386554622,0
2026-07-03 14:40:00+09:00,-0.00013143667947991655,0.0,0.8978991596638655,0
2026-07-03 14:41:00+09:00,3.489304215509669e-05,0.0,0.9273109243697479,0
2026-07-03 14:42:00+09:00,-0.00011427876682119624,0.0,0.9563025210084034,0
2026-07-03 14:43:00+09:00,8.730402203005273e-05,0.0,0.9415966386554622,0
2026-07-03 14:44:00+09:00,1.5426712282481007e-05,0.0,0.8693277310924369,0
2026-07-03 14:45:00+09:00,0.033959305851574396,0.0,0.9126050420168066,0
2026-07-03 14:46:00+09:00,0.023727377903884107,0.0,0.926470588235294,0
2026-07-03 14:47:00+09:00,-0.010288973145978252,0.0,0.9273109243697478,0
2026-07-03 14:48:00+09:00,-8.362914252765122e-05,0.0,0.9415966386554621,0
2026-07-03 14:49:00+09:00,0.00010261698263633026,0.0,0.9126050420168067,0
2026-07-03 14:50:00+09:00,7.512992775046957e-05,0.0,0.8978991596638655,0
2026-07-03 14:51:00+09:00,0.03388527121119832,0.0,0.9130252100840335,0
2026-07-03 14:52:00+09:00,-0.01016341903130271,0.0,0.8684873949579832,0
2026-07-03 14:53:00+09:00,0.0001398538486519997,0.0,0.9415966386554622,0
2026-07-03 14:54:00+09:00,8.704248018872994e-06,0.0,0.9273109243697478,0
2026-07-03 14:55:00+09:00,8.330844691641594e-05,0.0,0.8983193277310925,0
2026-07-03 14:56:00+09:00,0.03420020152270481,0.0,0.9558823529411765,0
2026-07-03 14:57:00+09:00,-0.01012234439940348,0.0,0.9268907563025209,0
2026-07-03 14:58:00+09:00,-9.105492374021607e-05,0.0,0.9264705882352942,0
2026-07-03 14:59:00+09:00,-0.00010295499986437428,0.0,0.9126050420168066,0
2026-07-03 15:00:00+09:00,-2.2028864251028412e-05,0.0,0.9121848739495798,0
2026-07-03 15:01:00+09:00,8.992349878117489e-05,0.0,0.8983193277310924,0
2026-07-03 15:02:00+09:00,0.00010417648526629229,0.0,0.9121848739495797,0
2026-07-03 15:03:00+09:00,0.0001188464242412894,0.0,0.9268907563025209,0
2026-07-03 15:04:00+09:00,-0.00010010214443687977,0.0,0.9420168067226891,0
2026-07-03 15:05:00+09:00,0.00017236136819283362,0.0,0.9126050420168066,0
2026-07-03 15:06:00+09:00,9.206930833885327e-05,0.0,0.942436974789916,0
2026-07-03 15:07:00+09:00,-1.1608202216821594e-05,0.0,0.9420168067226892,0
2026-07-03 15:08:00+09:00,-4.512434245732018e-05,0.0,0.9558823529411764,0
2026-07-03 15:09:00+09:00,-4.499486060502076e-06,0.0,0.9415966386554622,0
2026-07-03 15:10:00+09:00,0.00011276304946685908,0.0,0.9558823529411764,0
2026-07-03 15:11:00+09:00,-0.007674390810859333,0.0,0.9415966386554622,0
2026-07-03 15:12:00+09:00,0.005054686413940569,0.0,0.9563025210084033,0
2026-07-03 15:13:00+09:00,-5.7249265951187336e-05,0.0,0.9121848739495797,0
2026-07-03 15:14:00+09:00,0.0031291433377780373,1.917643373138729,1.0,0
2026-07-03 15:15:00+09:00,-0.006349433003654716,0.0,0.970532950022114,0
2026-07-03 15:16:00+09:00,-2.918330871281969e-05,0.0,0.8674812030075186,0
2026-07-03 15:17:00+09:00,0.00030148306937995557,0.0,0.9352885891198583,0
2026-07-03 15:18:00+09:00,-2.0466695657255396e-05,0.0,0.9440605189444198,0
2026-07-03 15:19:00+09:00,-0.0001018975824245268,0.0,0.9793048798466754,0
2026-07-03 15:20:00+09:00,0.00010000492062271073,0.0,0.9356018723278785,0
2026-07-03 15:21:00+09:00,-0.0001457730142616417,0.0,0.9882334512752469,0
2026-07-03 15:22:00+09:00,1.7490355623739485e-05,0.0,0.9705329500221139,0
2026-07-03 15:23:00+09:00,-0.0003351220551194119,0.008928571428571428,0.9794615214506854,0
2026-07-03 15:24:00+09:00,0.008024365635644503,0.9880768096712369,0.01770050125313283,0
2026-07-03 15:30:00+09:00,-3.5401002506265664e-06,0.01770050125313283,0.0,0
2026-07-06 09:00:00+09:00,0.0,0.0,0.0,1
2026-07-06 09:01:00+09:00,0.0,0.0,0.0,1
2026-07-06 09:02:00+09:00,0.0,0.0,0.0,1
2026-07-06 09:03:00+09:00,0.0,0.0,0.0,1
2026-07-06 09:04:00+09:00,0.0,0.0,0.0,1
2026-07-06 09:05:00+09:00,0.0,0.0,0.0,1
2026-07-06 09:06:00+09:00,0.0,0.0,0.0,1
2026-07-06 09:07:00+09:00,0.0,0.0,0.0,1
2026-07-06 09:08:00+09:00,0.0,0.0,0.0,1
2026-07-06 09:09:00+09:00,0.0,0.0,0.0,1
2026-07-06 09:10:00+09:00,0.0,0.0,0.0,1
2026-07-06 09:11:00+09:00,0.0,0.0,0.0,1
2026-07-06 09:12:00+09:00,0.0,0.0,0.0,1
2026-07-06 09:13:00+09:00,0.0,0.0,0.0,1
2026-07-06 09:14:00+09:00,0.0,0.0,0.0,1
2026-07-06 09:15:00+09:00,0.004078794288683021,0.9883720930232558,1.0,1
2026-07-06 09:16:00+09:00,0.003864035791597861,0.0,1.0,1
2026-07-06 09:17:00+09:00,0.008310982636965567,0.0,1.0,1
2026-07-06 09:18:00+09:00,-0.004469485795710448,0.0,0.9883720930232557,1
2026-07-06 09:19:00+09:00,0.00871289765942255,0.0,0.988095238095238,1
2026-07-06 09:20:00+09:00,1.977978552791923e-06,0.0,0.9883720930232558,1
2026-07-06 09:21:00+09:00,0.0009449620865858377,0.0,0.9764673311184938,1
2026-07-06 09:22:00+09:00,-0.010998796932013418,0.0,0.9767441860465116,1
2026-07-06 09:23:00+09:00,0.007411465769406909,0.0,1.0,1
2026-07-06 09:24:00+09:00,0.0037963564793082813,0.0,0.9883720930232558,1
2026-07-06 09:25:00+09:00,0.003978126961813994,0.0,1.0,1
2026-07-06 09:26:00+09:00,0.0032157880449349787,0.0,1.0,1
2026-07-06 09:27:00+09:00,0.008263677989690917,0.0,0.9880952380952381,1
2026-07-06 09:28:00+09:00,-0.0002706970718603639,0.0,0.9767441860465116,1
2026-07-06 09:29:00+09:00,-0.00501295051565152,0.0,0.9764673311184938,1
2026-07-06 09:30:00+09:00,0.008059830957478946,0.0,1.0,1
2026-07-06 09:31:00+09:00,0.0004607670952479006,0.0,0.9532115171650055,1
2026-07-06 09:32:00+09:00,0.00034972177641642475,0.0,0.9883720930232558,1
2026-07-06 09:33:00+09:00,-0.004724473759978464,0.0,0.9767441860465116,1
2026-07-06 09:34:00+09:00,0.00420931557746905,0.0,0.9761904761904762,1
2026-07-06 09:35:00+09:00,-8.836428633023277e-05,0.0,0.9648394241417496,1
2026-07-06 09:36:00+09:00,0.008648386742209198,0.0,0.9883720930232558,1
2026-07-06 09:37:00+09:00,-0.004853224405343481,0.0,0.9883720930232557,1
2026-07-06 09:38:00+09:00,0.008598869606311867,0.0,0.9880952380952381,1
2026-07-06 09:39:00+09:00,-0.00021766508519703793,0.0,0.9767441860465116,1
2026-07-06 09:40:00+09:00,-0.000499269904910344,0.0,0.9767441860465116,1
2026-07-06 09:41:00+09:00,-0.033007192006509825,0.0,0.9648394241417497,1
2026-07-06 09:42:00+09:00,0.008561574112859016,0.0,0.9886489479512734,1
2026-07-06 09:43:00+09:00,0.00058294789681727,0.0,1.0,1
2026-07-06 09:44:00+09:00,-0.000875696475542657,0.0,0.9648394241417497,1
2026-07-06 09:45:00+09:00,0.007887668477087573,0.0,1.0,1
2026-07-06 09:46:00+09:00,-0.005023116240983526,0.0,0.9651162790697674,1
2026-07-06 09:47:00+09:00,0.002929052364315674,0.0,0.9648394241417497,1
2026-07-06 09:48:00+09:00,0.008181844827914972,0.0,1.0,1
2026-07-06 09:49:00+09:00,-0.027938531214258214,0.0,0.9767441860465116,1
2026-07-06 09:50:00+09:00,0.003989823895262479,0.0,0.9883720930232558,1
2026-07-06 09:51:00+09:00,0.00836880385773207,0.0,0.9883720930232558,1
2026-07-06 09:52:00+09:00,-0.004676302827929637,0.0,0.9648394241417497,1
2026-07-06 09:53:00+09:00,0.00798004614567805,0.0,0.9529346622369878,1
2026-07-06 09:54:00+09:00,0.00021761263182903156,0.0,0.9529346622369878,1
2026-07-06 09:55:00+09:00,-0.005033778788845027,0.0,0.9410299003322259,1
2026-07-06 09:56:00+09:00,0.00045797417922734774,0.0,0.9296788482834994,1
2026-07-06 09:57:00+09:00,0.007929381105210583,0.0,0.9761904761904762,1
2026-07-06 09:58:00+09:00,-0.004703824607792499,0.0,0.9651162790697675,1
2026-07-06 09:59:00+09:00,0.00326574754294584,0.0,0.988095238095238,1
2026-07-06 10:00:00+09:00,0.008347526049404839,0.0,0.9883720930232558,1
2026-07-06 10:01:00+09:00,0.0006059994373786591,0.0,0.9532115171650055,1
2026-07-06 10:02:00+09:00,-0.004482733361268552,0.0,0.9883720930232558,1
2026-07-06 10:03:00+09:00,0.0037504427601742726,0.0,0.988095238095238,1
2026-07-06 10:04:00+09:00,0.007845477653850633,0.0,1.0,1
2026-07-06 10:05:00+09:00,7.852117738452234e-05,0.0,0.9648394241417497,1
2026-07-06 10:06:00+09:00,-0.00024227720679428276,0.0,0.9532115171650055,1
2026-07-06 10:07:00+09:00,-0.005203880925853845,0.0,0.9883720930232558,1
2026-07-06 10:08:00+09:00,-0.02477831193833385,0.0,0.988095238095238,1
2026-07-06 10:09:00+09:00,0.011832730918576732,0.0,1.0119047619047619,1
2026-07-06 10:10:00+09:00,0.008448780874719033,0.0,0.9651162790697675,1
2026-07-06 10:11:00+09:00,-0.0045390788012436185,0.0,0.9883720930232558,1
2026-07-06 10:12:00+09:00,0.007843644245901312,0.0,0.9648394241417497,1
2026-07-06 10:13:00+09:00,-2.4468254653985067e-05,0.0,0.9648394241417497,1
2026-07-06 10:14:00+09:00,-0.004544448882275474,0.0,0.9648394241417496,1
2026-07-06 10:15:00+09:00,0.008085372180358692,0.0,0.9529346622369879,1
2026-07-06 10:16:00+09:00,1.6435713102912045e-05,0.0,0.9532115171650055,1
2026-07-06 10:17:00+09:00,-0.00035725608630346125,0.0,0.9648394241417497,1
2026-07-06 10:18:00+09:00,5.209204719114549e-05,0.0,0.9532115171650055,1
2026-07-06 10:19:00+09:00,-0.00010249478134627483,0.0,0.9764673311184939,1
2026-07-06 10:20:00+09:00,-0.00010842885084262318,0.0,0.9883720930232558,1
2026-07-06 10:21:00+09:00,7.832122544207504e-05,0.0,0.9413067552602437,1
2026-07-06 10:22:00+09:00,3.548883947557377e-05,0.0,0.9645625692137318,1
2026-07-06 10:23:00+09:00,0.0004408447204706405,0.0,0.9764673311184938,1
2026-07-06 10:24:00+09:00,-0.0001083338387461584,0.0,0.9767441860465115,1
2026-07-06 10:25:00+09:00,-0.004527044521923818,0.0,0.9883720930232558,1
2026-07-06 10:26:00+09:00,0.007672224086418635,0.0,0.9532115171650056,1
2026-07-06 10:27:00+09:00,-1.4936667977649384e-05,0.0,0.9767441860465116,1
2026-07-06 10:28:00+09:00,-8.869579069067934e-05,0.0,0.9764673311184938,1
2026-07-06 10:29:00+09:00,-0.00021244266973670413,0.0,0.9648394241417497,1
2026-07-06 10:30:00+09:00,0.00013134771624052395,0.0,0.9648394241417497,1
2026-07-06 10:31:00+09:00,-0.4205444086467959,0.0,0.9651162790697675,1
2026-07-06 10:32:00+09:00,0.011574437375371656,0.0,0.9534883720930232,1
2026-07-06 10:33:00+09:00,0.00018016774485538067,0.0,0.9532115171650055,1
2026-07-06 10:34:00+09:00,0.00020838128744323252,0.0,0.9767441860465116,1
2026-07-06 10:35:00+09:00,0.00018353921259684964,0.0,0.9883720930232558,1
2026-07-06 10:36:00+09:00,-0.004401414471425296,0.0,0.9767441860465115,1
2026-07-06 10:37:00+09:00,-0.019476178232025552,0.0,0.9651162790697674,1
2026-07-06 10:38:00+09:00,0.00857268458553211,0.0,0.965393133997785,1
2026-07-06 10:39:00+09:00,0.0001962189761506393,0.0,0.9058693244739755,1
2026-07-06 10:40:00+09:00,-0.004983449044864856,0.0,0.9410299003322258,1
2026-07-06 10:41:00+09:00,0.0003387503549388895,0.0,0.9296788482834994,1
2026-07-06 10:42:00+09:00,0.008178327856592634,0.0,0.9651162790697674,1
2026-07-06 10:43:00+09:00,-0.004721638987666371,0.0,0.9058693244739756,1
2026-07-06 10:44:00+09:00,0.0034938550815346455,0.0,0.9880952380952381,1
2026-07-06 10:45:00+09:00,0.008463423874588953,0.0,0.9999999999999999,1
2026-07-06 10:46:00+09:00,-8.570875836832361e-05,0.0,0.9764673311184937,1
2026-07-06 10:47:00+09:00,0.00016080114750473075,0.0,0.9764673311184939,1
2026-07-06 10:48:00+09:00,-0.004836939640232733,0.0,0.9532115171650055,1
2026-07-06 10:49:00+09:00,0.00012711529574670888,0.0,0.9651162790697674,1
2026-07-06 10:50:00+09:00,-0.000226165078994069,0.0,0.9415836101882614,1
2026-07-06 10:51:00+09:00,0.008289070145025888,0.0,0.9764673311184939,1
2026-07-06 10:52:00+09:00,6.155128042777911e-05,0.0,0.9413067552602434,1
2026-07-06 10:53:00+09:00,-0.004785980499443651,0.0,0.9177740863787376,1
2026-07-06 10:54:00+09:00,0.001857925136653723,0.0,0.9410299003322259,1
2026-07-06 10:55:00+09:00,0.003961864241265246,0.0,0.9653931339977851,1
2026-07-06 10:56:00+09:00,0.0004873596465274138,0.0,0.9413067552602437,1
2026-07-06 10:57:00+09:00,-0.00010586938223230639,0.0,0.9883720930232558,1
2026-07-06 10:58:00+09:00,-0.004892085688620016,0.0,0.9177740863787376,1
2026-07-06 10:59:00+09:00,0.008178128288797194,0.0,0.9645625692137321,1
2026-07-06 11:00:00+09:00,-0.0048389783225025506,0.0,0.9294019933554817,1
2026-07-06 11:01:00+09:00,0.008467157690540962,0.0,0.9410299003322259,1
2026-07-06 11:02:00+09:00,-0.00031547321703568774,0.0,0.9410299003322258,1
2026-07-06 11:03:00+09:00,9.154008914448591e-05,0.0,0.9413067552602435,1
2026-07-06 11:04:00+09:00,-0.004654369080866288,0.0,0.9299557032115171,1
2026-07-06 11:05:00+09:00,0.008025787203403809,0.0,0.9532115171650055,1
2026-07-06 11:06:00+09:00,0.00034147053412944225,0.0,0.9529346622369879,1
2026-07-06 11:07:00+09:00,-0.033035873203252,0.0,0.9534883720930232,1
2026-07-06 11:08:00+09:00,0.011685478035257798,0.0,0.9526578073089701,1
2026-07-06 11:09:00+09:00,0.008239909193232786,0.0,0.9761904761904762,1
2026-07-06 11:10:00+09:00,0.00027337311186391325,0.0,0.9532115171650054,1
2026-07-06 11:11:00+09:00,0.0001286469521052715,0.0,0.9767441860465116,1
2026-07-06 11:12:00+09:00,7.674317560877399e-05,0.0,0.9648394241417497,1
2026-07-06 11:13:00+09:00,0.0001536336069356504,0.0,0.9645625692137321,1
2026-07-06 11:14:00+09:00,-0.0002514852018528299,0.0,0.9413067552602437,1
2026-07-06 11:15:00+09:00,-0.00016969614977182187,0.0,0.9180509413067552,1
2026-07-06 11:16:00+09:00,-0.004684754502409491,0.0,0.9532115171650055,1
2026-07-06 11:17:00+09:00,0.008370467436492456,0.0,0.988095238095238,1
2026-07-06 11:18:00+09:00,-4.93181819147928e-05,0.0,0.9294019933554817,1
2026-07-06 11:19:00+09:00,-0.00027715041427287896,0.0,0.9526578073089701,1
2026-07-06 11:20:00+09:00,-0.004536032202757302,0.0,0.9883720930232558,1
2026-07-06 11:21:00+09:00,0.008105475863008518,0.0,0.9415836101882613,1
2026-07-06 11:22:00+09:00,-0.0047139194944982015,0.0,0.9532115171650055,1
2026-07-06 11:23:00+09:00,0.008200655602724463,0.0,0.9883720930232558,1
2026-07-06 11:24:00+09:00,5.104165231347247e-05,0.0,0.9651162790697674,1
2026-07-06 11:25:00+09:00,9.266411609310375e-05,0.0,0.9767441860465116,1
2026-07-06 11:26:00+09:00,0.00023749769851534418,0.0,0.9648394241417497,1
2026-07-06 11:27:00+09:00,0.00011221692395626432,0.0,0.9415836101882613,1
2026-07-06 11:28:00+09:00,-8.761972219269784e-05,0.035160575858250276,0.9415836101882613,1
2026-07-06 11:29:00+09:00,-0.0001906423034330011,0.9532115171650055,0.0,1
2026-07-06 11:30:00+09:00,0.0,0.0,0.0,1
2026-07-06 12:30:00+09:00,0.01962068669115215,0.9883720930232558,1.0595238095238093,1
2026-07-06 12:31:00+09:00,0.007950162137806168,0.0,0.9999999999999999,1
2026-07-06 12:32:00+09:00,-0.004788643133471054,0.0,0.9883720930232558,1
2026-07-06 12:33:00+09:00,0.008234930863334041,0.0,0.988095238095238,1
2026-07-06 12:34:00+09:00,-0.004615389892103106,0.0,0.9883720930232558,1
2026-07-06 12:35:00+09:00,0.008207284728915598,0.0,0.9764673311184939,1
2026-07-06 12:36:00+09:00,4.0215094993025436e-05,0.0,0.9764673311184939,1
2026-07-06 12:37:00+09:00,-0.00027883983932333237,0.0,0.9529346622369879,1
2026-07-06 12:38:00+09:00,-0.00030034549997543316,0.0,0.9767441860465116,1
2026-07-06 12:39:00+09:00,-0.004958721016889804,0.0,0.9645625692137321,1
2026-07-06 12:40:00+09:00,0.003766322396718097,0.0,0.9764673311184939,1
2026-07-06 12:41:00+09:00,0.003276503820595967,0.0,0.9999999999999999,1
2026-07-06 12:42:00+09:00,0.00828375178899881,0.0,0.988095238095238,1
2026-07-06 12:43:00+09:00,-0.004745462826556072,0.0,0.9645625692137321,1
2026-07-06 12:44:00+09:00,-0.00017790977560031883,0.0,0.9999999999999999,1
2026-07-06 12:45:00+09:00,-0.023294316109771847,0.0,0.9883720930232559,1
2026-07-06 12:46:00+09:00,-0.4142248700477057,0.0,0.9648394241417497,1
2026-07-06 12:47:00+09:00,0.014940455675570063,0.0,0.9761904761904762,1
2026-07-06 12:48:00+09:00,0.0034691621241497456,0.0,0.9764673311184939,1
2026-07-06 12:49:00+09:00,0.00802319773352406,0.0,0.9648394241417498,1
2026-07-06 12:50:00+09:00,-7.590978052619009e-05,0.0,0.9883720930232558,1
2026-07-06 12:51:00+09:00,3.559100514386234e-05,0.0,0.9651162790697675,1
2026-07-06 12:52:00+09:00,-0.0002886624268628406,0.0,0.9410299003322259,1
2026-07-06 12:53:00+09:00,0.00035114191749247156,0.0,0.9883720930232558,1
2026-07-06 12:54:00+09:00,0.00021832851706582034,0.0,0.9296788482834994,1
2026-07-06 12:55:00+09:00,-0.0046774988282896595,0.0,0.9415836101882613,1
2026-07-06 12:56:00+09:00,0.003058723710116842,0.0,0.9174972314507197,1
2026-07-06 12:57:00+09:00,0.007732276488046829,0.0,0.929125138427464,1
2026-07-06 12:58:00+09:00,5.6572789423768494e-05,0.0,0.9529346622369879,1
2026-07-06 12:59:00+09:00,7.630761367205268e-05,0.0,0.9767441860465116,1
2026-07-06 13:00:00+09:00,-0.004417436936059557,0.0,0.9529346622369878,1
2026-07-06 13:01:00+09:00,0.008058344943878292,0.0,0.9294019933554817,1
2026-07-06 13:02:00+09:00,-0.005022110193077285,0.0,0.9648394241417497,1
2026-07-06 13:03:00+09:00,0.008195531975637299,0.0,0.9764673311184938,1
2026-07-06 13:04:00+09:00,0.00021594686193082251,0.0,0.917220376522702,1
2026-07-06 13:05:00+09:00,-0.00457596980121832,0.0,0.8826135105204872,1
2026-07-06 13:06:00+09:00,0.008089263369798922,0.0,0.9296788482834994,1
2026-07-06 13:07:00+09:00,-0.004842608622190952,0.0,0.9299557032115171,1
2026-07-06 13:08:00+09:00,0.008486219440145645,0.0,0.9764673311184939,1
2026-07-06 13:09:00+09:00,-8.046164899741836e-05,0.0,0.9532115171650055,1
2026-07-06 13:10:00+09:00,-7.962062961757719e-05,0.0,0.9413067552602435,1
2026-07-06 13:11:00+09:00,-0.004742460195248037,0.0,0.882890365448505,1
2026-07-06 13:12:00+09:00,0.007978799099664258,0.0,0.9415836101882613,1
2026-07-06 13:13:00+09:00,-0.004856283547558394,0.0,0.9415836101882613,1
2026-07-06 13:14:00+09:00,0.00782815066251852,0.0,0.9529346622369878,1
2026-07-06 13:15:00+09:00,-0.004910470490831888,0.0,0.9764673311184939,1
2026-07-06 13:16:00+09:00,-0.008099759093971643,0.0,0.9180509413067552,1
2026-07-06 13:17:00+09:00,0.00808088135503554,0.0,0.9532115171650055,1
2026-07-06 13:18:00+09:00,0.007883774714739385,0.0,0.8947951273532668,1
2026-07-06 13:19:00+09:00,-8.402675636558603e-05,0.0,0.9183277962347729,1
2026-07-06 13:20:00+09:00,7.952831382528523e-06,0.0,0.9645625692137321,1
2026-07-06 13:21:00+09:00,0.00018117076516847237,0.0,0.9534883720930232,1
2026-07-06 13:22:00+09:00,-0.013082361225608663,0.0,0.9883720930232558,1
2026-07-06 13:23:00+09:00,0.012782555635737818,0.0,0.9886489479512736,1
2026-07-06 13:24:00+09:00,-0.004714133889049732,0.0,0.8945182724252492,1
2026-07-06 13:25:00+09:00,0.008030613752654512,0.0,0.8709856035437431,1
2026-07-06 13:26:00+09:00,-0.005126644208360995,0.0,0.9418604651162791,1
2026-07-06 13:27:00+09:00,0.007939058390672,0.0,0.941860465116279,1
2026-07-06 13:28:00+09:00,-2.2536664763103016e-05,0.0,0.9767441860465116,1
2026-07-06 13:29:00+09:00,-0.004768520725822115,0.0,0.9413067552602437,1
2026-07-06 13:30:00+09:00,0.008032515256577999,0.0,0.9413067552602437,1
2026-07-06 13:31:00+09:00,-0.0001795328145974495,0.0,0.9296788482834994,1
2026-07-06 13:32:00+09:00,-0.00017321030709700964,0.0,0.918327796234773,1
2026-07-06 13:33:00+09:00,-0.004571867715401451,0.0,0.9532115171650055,1
2026-07-06 13:34:00+09:00,0.0029980527109935507,0.0,0.9529346622369878,1
2026-07-06 13:35:00+09:00,0.008237708294540621,0.0,0.9296788482834994,1
2026-07-06 13:36:00+09:00,-0.00011234542278228101,0.0,0.9648394241417497,1
2026-07-06 13:37:00+09:00,-1.8547601829784644e-05,0.0,0.8945182724252492,1
2026-07-06 13:38:00+09:00,-0.004771210239714641,0.0,0.918327796234773,1
2026-07-06 13:39:00+09:00,6.75204330356544e-05,0.0,0.8945182724252492,1
2026-07-06 13:40:00+09:00,0.00324177019932513,0.0,0.9174972314507197,1
2026-07-06 13:41:00+09:00,0.003099355201766598,0.0,0.9526578073089701,1
2026-07-06 13:42:00+09:00,-0.00472930454301689,0.0,0.9064230343300111,1
2026-07-06 13:43:00+09:00,0.008289159555204907,0.0,0.9648394241417497,1
2026-07-06 13:44:00+09:00,0.008211759490235096,0.0,0.9645625692137321,1
2026-07-06 13:45:00+09:00,0.0002237505306920112,0.0,0.9534883720930232,1
2026-07-06 13:46:00+09:00,-0.004475886071876868,0.0,0.8823366555924694,1
2026-07-06 13:47:00+09:00,-0.00016057918413408924,0.0,0.9299557032115171,1
2026-07-06 13:48:00+09:00,0.003394371636053379,0.0,0.9761904761904762,1
2026-07-06 13:49:00+09:00,0.007735364519543367,0.0,0.9055924695459578,1
2026-07-06 13:50:00+09:00,5.673917631290269e-05,0.0,0.9183277962347729,1
2026-07-06 13:51:00+09:00,0.00012812553889042825,0.0,0.8352713178294573,1
2026-07-06 13:52:00+09:00,-0.004907960230426362,0.0,0.9294019933554817,1
2026-07-06 13:53:00+09:00,-0.00015062674522439858,0.0,0.9413067552602437,1
2026-07-06 13:54:00+09:00,0.008043028977075293,0.0,0.964562569213732,1
2026-07-06 13:55:00+09:00,6.6115507553159515e-06,0.0,0.9069767441860465,1
2026-07-06 13:56:00+09:00,-6.030824635198433e-06,0.0,0.9296788482834994,1
2026-07-06 13:57:00+09:00,-0.0059138590697948214,0.0,0.941860465116279,1
2026-07-06 13:58:00+09:00,0.004009396559271243,0.0,0.9061461794019934,1
2026-07-06 13:59:00+09:00,-0.0047063944628986006,0.0,0.9296788482834994,1
2026-07-06 14:00:00+09:00,0.008236079340256686,0.0,0.9529346622369879,1
2026-07-06 14:01:00+09:00,-0.004791525234465597,0.0,0.9296788482834994,1
2026-07-06 14:02:00+09:00,0.008305813132650176,0.0,0.9651162790697674,1
2026-07-06 14:03:00+09:00,0.00010037306463033209,0.0,0.9529346622369876,1
2026-07-06 14:04:00+09:00,-5.482751215781272e-05,0.0,0.9177740863787375,1
2026-07-06 14:05:00+09:00,-0.00019450862160908943,0.0,0.9296788482834994,1
2026-07-06 14:06:00+09:00,-0.0001930636724568321,0.0,0.9180509413067552,1
2026-07-06 14:07:00+09:00,0.00019504072130434753,0.0,0.9413067552602437,1
2026-07-06 14:08:00+09:00,-2.2069239852536014e-05,0.0,0.9883720930232558,1
2026-07-06 14:09:00+09:00,-0.20339672795901334,0.0,0.9058693244739756,1
2026-07-06 14:10:00+09:00,0.006392782253603712,0.0,0.9415836101882613,1
2026-07-06 14:11:00+09:00,0.008230694998814679,0.0,0.929125138427464,1
2026-07-06 14:12:00+09:00,-1.5537825874271525e-05,0.0,0.8709856035437431,1
2026-07-06 14:13:00+09:00,4.770477248537118e-05,0.0,0.9296788482834994,1
2026-07-06 14:14:00+09:00,-0.004846750589752008,0.0,0.9055924695459578,1
2026-07-06 14:15:00+09:00,0.008066139255969294,0.0,0.9764673311184939,1
2026-07-06 14:16:00+09:00,-2.168843691513523e-05,0.0,0.9415836101882613,1
2026-07-06 14:17:00+09:00,-9.451468606527287e-05,0.0,0.8950719822812846,1
2026-07-06 14:18:00+09:00,-0.0002467171643766842,0.0,0.9291251384274639,1
2026-07-06 14:19:00+09:00,-0.004812179601578885,0.0,0.9058693244739757,1
2026-07-06 14:20:00+09:00,0.008199892235134428,0.0,0.9296788482834994,1
2026-07-06 14:21:00+09:00,-1.7127437285514206e-05,0.0,0.9764673311184939,1
2026-07-06 14:22:00+09:00,-0.004643594169117401,0.0,0.9883720930232558,1
2026-07-06 14:23:00+09:00,0.0033399328461165244,0.0,0.9288482834994463,1
2026-07-06 14:24:00+09:00,0.008011420979168652,0.0,0.9767441860465116,1
2026-07-06 14:25:00+09:00,-0.00013211431412309783,0.0,0.9294019933554817,1
2026-07-06 14:26:00+09:00,-4.822851104580754e-05,0.0,0.9532115171650055,1
2026-07-06 14:27:00+09:00,6.216361298438118e-06,0.0,0.9413067552602434,1
2026-07-06 14:28:00+09:00,-0.004668111081039275,0.0,0.9061461794019933,1
2026-07-06 14:29:00+09:00,0.003456300996429974,0.0,0.9534883720930233,1
2026-07-06 14:30:00+09:00,0.008125572063099025,0.0,0.9880952380952381,1
2026-07-06 14:31:00+09:00,-5.5176070302276e-05,0.0,0.9413067552602435,1
2026-07-06 14:32:00+09:00,-0.00022669407689545666,0.0,0.9648394241417496,1
2026-07-06 14:33:00+09:00,4.470138341220748e-05,0.0,0.9532115171650055,1
2026-07-06 14:34:00+09:00,0.00016245759669285793,0.0,0.9299557032115171,1
2026-07-06 14:35:00+09:00,-0.004951080262388329,0.0,0.882890365448505,1
2026-07-06 14:36:00+09:00,0.007971211612033777,0.0,0.9410299003322259,1
2026-07-06 14:37:00+09:00,6.144826108430973e-05,0.0,0.9058693244739756,1
2026-07-06 14:38:00+09:00,-0.004815223328345915,0.0,0.9532115171650055,1
2026-07-06 14:39:00+09:00,-0.002822334619028917,0.0,0.9648394241417497,1
2026-07-06 14:40:00+09:00,-0.0007406623263154761,0.0,0.9761904761904762,1
2026-07-06 14:41:00+09:00,0.008050299414004817,0.0,0.9645625692137318,1
2026-07-06 14:42:00+09:00,0.0080940474637491,0.0,0.9526578073089701,1
2026-07-06 14:43:00+09:00,-7.16229962637486e-05,0.0,0.9410299003322259,1
2026-07-06 14:44:00+09:00,5.5431587159536166e-05,0.0,0.9294019933554817,1
2026-07-06 14:45:00+09:00,-0.004752222481322509,0.0,0.906423034330011,1
2026-07-06 14:46:00+09:00,0.008407408529875926,0.0,0.9645625692137318,1
2026-07-06 14:47:00+09:00,-0.004817529862118046,0.0,0.9534883720930232,1
2026-07-06 14:48:00+09:00,0.003163796984259638,0.0,0.9410299003322258,1
2026-07-06 14:49:00+09:00,0.0032947252425394743,0.0,0.9413067552602435,1
2026-07-06 14:50:00+09:00,0.0033452268401838138,0.0,0.9764673311184939,1
2026-07-06 14:51:00+09:00,0.003181172960111422,0.0,0.9410299003322259,1
2026-07-06 14:52:00+09:00,0.007989740201309017,0.0,0.9061461794019934,1
2026-07-06 14:53:00+09:00,-0.004841470777203969,0.0,0.9177740863787375,1
2026-07-06 14:54:00+09:00,0.003372822851495303,0.0,0.9764673311184939,1
2026-07-06 14:55:00+09:00,0.00805510557180829,0.0,0.9296788482834996,1
2026-07-06 14:56:00+09:00,-0.004778227763504465,0.0,0.9764673311184938,1
2026-07-06 14:57:00+09:00,0.0033155045008054092,0.0,0.9764673311184938,1
2026-07-06 14:58:00+09:00,0.0033403098451372354,0.0,0.9291251384274639,1
2026-07-06 14:59:00+09:00,0.008186954946944098,0.0,0.9404761904761905,1
2026-07-06 15:00:00+09:00,6.749047831807741e-05,0.0,0.9767441860465116,1
2026-07-06 15:01:00+09:00,-0.0045934648972045435,0.0,0.9529346622369878,1
2026-07-06 15:02:00+09:00,0.00824005998666457,0.0,0.9651162790697674,1
2026-07-06 15:03:00+09:00,8.454740956520257e-05,0.0,0.9651162790697674,1
2026-07-06 15:04:00+09:00,-0.00015724122049622983,0.0,0.9767441860465116,1
2026-07-06 15:05:00+09:00,-2.415423668090951e-05,0.0,0.9651162790697675,1
2026-07-06 15:06:00+09:00,-0.0001031205813723456,0.0,0.9529346622369879,1
2026-07-06 15:07:00+09:00,-0.0047526854020949255,0.0,0.9645625692137321,1
2026-07-06 15:08:00+09:00,0.0033414023281729682,0.0,0.9648394241417497,1
2026-07-06 15:09:00+09:00,0.0032171503631034867,0.0,0.9880952380952379,1
2026-07-06 15:10:00+09:00,0.0035521421252371127,0.0,0.9648394241417497,1
2026-07-06 15:11:00+09:00,-0.00013754510910126723,0.0,0.9767441860465116,1
2026-07-06 15:12:00+09:00,0.00350399694569006,0.0,1.0,1
2026-07-06 15:13:00+09:00,0.0033818291586357354,0.0,0.988095238095238,1
2026-07-06 15:14:00+09:00,0.005842727773703022,1.6445113075213995,0.9999999999999999,1
2026-07-06 15:15:00+09:00,-1.2610596857076396e-05,0.0,0.9678024103210587,1
2026-07-06 15:16:00+09:00,4.598510151240012e-05,0.0,0.9418691712460909,1
2026-07-06 15:17:00+09:00,-8.102124466275046e-05,0.0,0.9583684480569079,1
2026-07-06 15:18:00+09:00,2.8641011955223062e-05,0.0,0.967627707316167,1
2026-07-06 15:19:00+09:00,0.00626447965607532,0.0,0.9886895765570622,1
2026-07-06 15:20:00+09:00,-0.0037138182960421554,0.0,0.9863209288395772,1
2026-07-06 15:21:00+09:00,0.00014745397833142087,0.009259259259259259,0.9888642795619538,1
2026-07-06 15:22:00+09:00,4.691603891907222e-05,0.0,0.9981235388212131,1
2026-07-06 15:23:00+09:00,0.0007384120976349844,0.0,0.9885148735521705,1
2026-07-06 15:24:00+09:00,-0.00020332841146794635,1.0166420573397317,0.0,1
2026-07-06 15:30:00+09:00,0.0,0.0,0.0,1
2026-07-07 09:00:00+09:00,0.0,0.0,0.0,1
2026-07-07 09:01:00+09:00,0.0,0.0,0.0,1
2026-07-07 09:02:00+09:00,0.0,0.0,0.0,1
2026-07-07 09:03:00+09:00,0.0,0.0,0.0,1
2026-07-07 09:04:00+09:00,0.0,0.0,0.0,1
2026-07-07 09:05:00+09:00,0.0,0.0,0.0,1
2026-07-07 09:06:00+09:00,0.0,0.0,0.0,1
2026-07-07 09:07:00+09:00,0.0,0.0,0.0,1
2026-07-07 09:08:00+09:00,0.0,0.0,0.0,1
2026-07-07 09:09:00+09:00,0.0,0.0,0.0,1
2026-07-07 09:10:00+09:00,0.0,0.0,0.0,1
2026-07-07 09:11:00+09:00,0.0,0.0,0.0,1
2026-07-07 09:12:00+09:00,0.0,0.0,0.0,1
2026-07-07 09:13:00+09:00,0.0,0.0,0.0,1
2026-07-07 09:14:00+09:00,0.0,0.0,0.0,1
2026-07-07 09:15:00+09:00,0.007952728338654397,1.0113636363636365,1.0,1
2026-07-07 09:16:00+09:00,0.004994085759549399,0.0,0.9886363636363638,1
2026-07-07 09:17:00+09:00,-0.008034313578549498,0.0,0.9659090909090909,1
2026-07-07 09:18:00+09:00,0.0002107764941855113,0.0,0.9656448202959832,1
2026-07-07 09:19:00+09:00,0.00022369238346983157,0.0,0.954016913319239,1
2026-07-07 09:20:00+09:00,4.722369592253435e-05,0.0,0.9656448202959833,1
2026-07-07 09:21:00+09:00,-0.00013941686054885037,0.0,0.9886363636363638,1
2026-07-07 09:22:00+09:00,0.00010892100884806883,0.0,0.9312896405919662,1
2026-07-07 09:23:00+09:00,-0.0003339066049727873,0.0,0.9656448202959831,1
2026-07-07 09:24:00+09:00,1.2393326293097737e-06,0.0,0.9312896405919662,1
2026-07-07 09:25:00+09:00,0.0046867924287287725,0.0,0.9542811839323468,1
2026-07-07 09:26:00+09:00,0.3896576371813072,0.0,1.0002642706131077,1
2026-07-07 09:27:00+09:00,-0.006277251074140197,0.0,0.9545454545454545,1
2026-07-07 09:28:00+09:00,-0.00824032276079282,0.0,0.9775369978858351,1
2026-07-07 09:29:00+09:00,0.004530432519013482,0.0,0.9310253699788584,1
2026-07-07 09:30:00+09:00,-0.008261443502038498,0.0,0.9426532769556024,1
2026-07-07 09:31:00+09:00,0.0001772858425376325,0.0,0.9423890063424947,1
2026-07-07 09:32:00+09:00,0.004955482626970371,0.0,0.9196617336152222,1
2026-07-07 09:33:00+09:00,-0.007936277140137804,0.0,0.9545454545454546,1
2026-07-07 09:34:00+09:00,0.00039357608693748816,0.0,0.965644820295983,1
2026-07-07 09:35:00+09:00,8.111098789939011e-05,0.0,0.9886363636363638,1
2026-07-07 09:36:00+09:00,-5.1389203018227865e-05,0.0,0.9886363636363636,1
2026-07-07 09:37:00+09:00,-2.503413233335248e-06,0.0,0.9429175475687104,1
2026-07-07 09:38:00+09:00,2.1406096306713714e-05,0.0,0.9423890063424949,1
2026-07-07 09:39:00+09:00,0.00014058760750949593,0.0,0.9656448202959831,1
2026-07-07 09:40:00+09:00,0.0004300238761585733,0.0,0.9542811839323467,1
2026-07-07 09:41:00+09:00,8.207135304919464e-05,0.0,0.9312896405919662,1
2026-07-07 09:42:00+09:00,0.00026627442370879417,0.0,0.9429175475687104,1
2026-07-07 09:43:00+09:00,0.0002269990968100669,0.0,0.9429175475687104,1
2026-07-07 09:44:00+09:00,0.0002454059882810426,0.0,0.9659090909090909,1
2026-07-07 09:45:00+09:00,0.004909210789567928,0.0,0.9659090909090909,1
2026-07-07 09:46:00+09:00,-0.0033005198477568647,0.0,0.9656448202959831,1
2026-07-07 09:47:00+09:00,-0.00398383944081405,0.0,0.9315539112050739,1
2026-07-07 09:48:00+09:00,-0.00011862891331698556,0.0,0.9775369978858351,1
2026-07-07 09:49:00+09:00,0.00014745428279992024,0.0,0.9545454545454546,1
2026-07-07 09:50:00+09:00,-0.008293163652841752,0.0,0.9770084566596193,1
2026-07-07 09:51:00+09:00,5.3657461391786185e-05,0.0,0.9307610993657507,1
2026-07-07 09:52:00+09:00,0.19275639839196868,0.0,0.9315539112050739,1
2026-07-07 09:53:00+09:00,-0.005938568663923545,0.0,0.9883720930232558,1
2026-07-07 09:54:00+09:00,0.0002020616085341136,0.0,0.8971987315010571,1
2026-07-07 09:55:00+09:00,0.00022084446697265877,0.0,0.9193974630021142,1
2026-07-07 09:56:00+09:00,-0.008398872661988827,0.0,0.9426532769556026,1
2026-07-07 09:57:00+09:00,0.00010890406511366695,0.0,0.9659090909090908,1
2026-07-07 09:58:00+09:00,-0.0001850754520538625,0.0,0.9426532769556025,1
2026-07-07 09:59:00+09:00,-1.2143205364452249e-05,0.0,0.954016913319239,1
2026-07-07 10:00:00+09:00,0.004832403230721042,0.0,0.9656448202959831,1
2026-07-07 10:01:00+09:00,-0.008235911356132983,0.0,0.9088266384778012,1
2026-07-07 10:02:00+09:00,0.004888568292380444,0.0,0.954016913319239,1
2026-07-07 10:03:00+09:00,0.1842277498932806,0.0,0.9426532769556025,1
2026-07-07 10:04:00+09:00,-0.0058039439029762465,0.0,0.9537526427061311,1
2026-07-07 10:05:00+09:00,-0.008179805664831626,0.0,0.9542811839323467,1
2026-07-07 10:06:00+09:00,0.00020923917878699235,0.0,0.9310253699788584,1
2026-07-07 10:07:00+09:00,0.00013165368686889734,0.0,0.9542811839323467,1
2026-07-07 10:08:00+09:00,0.1915617123766132,0.0,0.9653805496828753,1
2026-07-07 10:09:00+09:00,-0.010944840243037492,0.0,0.931553911205074,1
2026-07-07 10:10:00+09:00,0.00018012637593476833,0.0,0.9537526427061311,1
2026-07-07 10:11:00+09:00,-0.00025261293566990265,0.0,0.90776955602537,1
2026-07-07 10:12:00+09:00,-0.0001218370070533442,0.0,0.9310253699788584,1
2026-07-07 10:13:00+09:00,0.004936572882486874,0.0,0.9307610993657505,1
2026-07-07 10:14:00+09:00,0.00016754055976359448,0.0,0.919661733615222,1
2026-07-07 10:15:00+09:00,-0.00817015356409643,0.0,0.9772727272727273,1
2026-07-07 10:16:00+09:00,-0.0001083135441683654,0.0,0.9426532769556026,1
2026-07-07 10:17:00+09:00,-1.709601721739196e-05,0.0,0.9542811839323468,1
2026-07-07 10:18:00+09:00,0.0001341502357888543,0.0,0.90776955602537,1
2026-07-07 10:19:00+09:00,8.561916568983072e-05,0.0,0.9080338266384778,1
2026-07-07 10:20:00+09:00,0.0048214030588181475,0.0,0.8969344608879493,1
2026-07-07 10:21:00+09:00,-0.00858322719718401,0.0,0.919661733615222,1
2026-07-07 10:22:00+09:00,2.41302875792463e-05,0.0,0.9199260042283299,1
2026-07-07 10:23:00+09:00,0.005153189946591347,0.0,0.9310253699788584,1
2026-07-07 10:24:00+09:00,-0.0033807332991906735,0.0,0.9088266384778013,1
2026-07-07 10:25:00+09:00,-0.0033868751442848823,0.0,0.9085623678646935,1
2026-07-07 10:26:00+09:00,0.000359067332384835,0.0,0.8964059196617337,1
2026-07-07 10:27:00+09:00,-0.008387711375806309,0.0,0.9656448202959831,1
2026-07-07 10:28:00+09:00,0.004868345198708375,0.0,0.9082980972515857,1
2026-07-07 10:29:00+09:00,-0.008568781993180938,0.0,0.954016913319239,1
2026-07-07 10:30:00+09:00,-0.00027461075819121966,0.0,0.9770084566596194,1
2026-07-07 10:31:00+09:00,-0.0001299619858152276,0.0,0.9429175475687104,1
2026-07-07 10:32:00+09:00,0.004844763323493482,0.0,0.9312896405919662,1
2026-07-07 10:33:00+09:00,-0.008633144382677815,0.0,0.9431818181818182,1
2026-07-07 10:34:00+09:00,0.004989669200213291,0.0,0.9199260042283298,1
2026-07-07 10:35:00+09:00,9.183254412602016e-05,0.0,0.9537526427061311,1
2026-07-07 10:36:00+09:00,-0.008379586997048731,0.0,0.9310253699788583,1
2026-07-07 10:37:00+09:00,0.004781944530330968,0.0,0.9082980972515856,1
2026-07-07 10:38:00+09:00,-0.008313686596065047,0.0,0.954016913319239,1
2026-07-07 10:39:00+09:00,0.00017956570668933926,0.0,0.9080338266384778,1
2026-07-07 10:40:00+09:00,0.00011101477365117432,0.0,0.8969344608879493,1
2026-07-07 10:41:00+09:00,2.30598112214968e-05,0.0,0.9310253699788584,1
2026-07-07 10:42:00+09:00,2.7963514028719078e-05,0.0,0.851215644820296,1
2026-07-07 10:43:00+09:00,-3.426995493049394e-05,0.0,0.8969344608879493,1
2026-07-07 10:44:00+09:00,-8.699454639249246e-05,0.0,0.9196617336152221,1
2026-07-07 10:45:00+09:00,-5.746475463136995e-05,0.0,0.9429175475687104,1
2026-07-07 10:46:00+09:00,0.005025507400916479,0.0,0.919661733615222,1
2026-07-07 10:47:00+09:00,-0.008256488202040628,0.0,0.919661733615222,1
2026-07-07 10:48:00+09:00,0.0002775476532685033,0.0,0.897198731501057,1
2026-07-07 10:49:00+09:00,0.00022209058385045917,0.0,0.8969344608879493,1
2026-07-07 10:50:00+09:00,-7.707406859570627e-06,0.0,0.8847780126849895,1
2026-07-07 10:51:00+09:00,0.005090687371097847,0.0,0.9656448202959831,1
2026-07-07 10:52:00+09:00,-0.0034578582771893126,0.0,0.9082980972515856,1
2026-07-07 10:53:00+09:00,-0.00844224958798357,0.0,0.8969344608879493,1
2026-07-07 10:54:00+09:00,-0.00016157169682842057,0.0,0.9542811839323467,1
2026-07-07 10:55:00+09:00,-0.0004511742011209307,0.0,0.9540169133192391,1
2026-07-07 10:56:00+09:00,-1.4636892152457166e-05,0.0,0.8855708245243129,1
2026-07-07 10:57:00+09:00,0.0003565911231309477,0.0,0.8964059196617337,1
2026-07-07 10:58:00+09:00,4.885694771234116e-05,0.0,0.9080338266384778,1
2026-07-07 10:59:00+09:00,4.804823095901548e-05,0.0,0.9085623678646935,1
2026-07-07 11:00:00+09:00,-0.00013005719095844263,0.0,0.9540169133192389,1
2026-07-07 11:01:00+09:00,-0.00015786647760783284,0.0,0.9429175475687104,1
2026-07-07 11:02:00+09:00,-0.00017770860562024124,0.0,0.9312896405919662,1
2026-07-07 11:03:00+09:00,-3.117078098640833e-05,0.0,0.8739429175475687,1
2026-07-07 11:04:00+09:00,1.162920776678345e-05,0.0,0.873678646934461,1
2026-07-07 11:05:00+09:00,-0.00011265518285250946,0.0,0.8506871035940804,1
2026-07-07 11:06:00+09:00,0.004834158287222756,0.0,0.8971987315010571,1
2026-07-07 11:07:00+09:00,-0.008330702271832337,0.0,0.8736786469344608,1
2026-07-07 11:08:00+09:00,0.00027866591185394304,0.0,0.8850422832980973,1
2026-07-07 11:09:00+09:00,-1.7950791265208734e-06,0.0,0.9199260042283298,1
2026-07-07 11:10:00+09:00,-4.812399464795507e-07,0.0,0.9199260042283299,1
2026-07-07 11:11:00+09:00,0.004791172355387407,0.0,0.8393234672304439,1
2026-07-07 11:12:00+09:00,-0.003569755949578939,0.0,0.9193974630021142,1
2026-07-07 11:13:00+09:00,-0.00830102151766493,0.0,0.8728858350951374,1
2026-07-07 11:14:00+09:00,0.0001763132624393568,0.0,0.9088266384778013,1
2026-07-07 11:15:00+09:00,0.00011890876932733003,0.0,0.9082980972515857,1
2026-07-07 11:16:00+09:00,5.848767459699533e-05,0.0,0.9307610993657506,1
2026-07-07 11:17:00+09:00,2.47438590221913e-05,0.0,0.885306553911205,1
2026-07-07 11:18:00+09:00,8.15198243869717e-05,0.0,0.9199260042283298,1
2026-07-07 11:19:00+09:00,-3.574877391955598e-05,0.0,0.8850422832980972,1
2026-07-07 11:20:00+09:00,0.005025470287278297,0.0,0.9085623678646935,1
2026-07-07 11:21:00+09:00,-0.008235594338809528,0.0,0.873678646934461,1
2026-07-07 11:22:00+09:00,-2.225743605719478e-06,0.0,0.8966701902748415,1
2026-07-07 11:23:00+09:00,0.00018862453220897462,0.0,0.9540169133192389,1
2026-07-07 11:24:00+09:00,-4.1274201997538906e-05,0.0,0.919661733615222,1
2026-07-07 11:25:00+09:00,-2.5554699688731033e-05,0.0,0.9199260042283297,1
2026-07-07 11:26:00+09:00,-2.251590395988053e-05,0.011627906976744186,0.8850422832980973,1
2026-07-07 11:27:00+09:00,-0.00011929487293888452,0.0,0.8961416490486258,1
2026-07-07 11:28:00+09:00,8.730476710927847e-05,0.022727272727272728,0.8739429175475688,1
2026-07-07 11:29:00+09:00,0.004685095830568614,0.9426532769556025,0.011627906976744186,1
2026-07-07 11:30:00+09:00,-2.325581395348837e-06,0.011627906976744186,0.0,1
2026-07-07 12:30:00+09:00,-0.014326778644489242,0.9886363636363636,1.0116279069767442,1
2026-07-07 12:31:00+09:00,-0.008416467125566917,0.0,0.9886363636363638,1
2026-07-07 12:32:00+09:00,0.004870054213374567,0.0,0.9426532769556025,1
2026-07-07 12:33:00+09:00,-0.008405883023387996,0.0,0.9772727272727273,1
2026-07-07 12:34:00+09:00,1.6867768736820903e-05,0.0,0.9656448202959831,1
2026-07-07 12:35:00+09:00,0.0050950174389676655,0.0,0.9310253699788583,1
2026-07-07 12:36:00+09:00,-0.008034031523527408,0.0,0.9080338266384779,1
2026-07-07 12:37:00+09:00,0.004914633565158409,0.0,0.9542811839323468,1
2026-07-07 12:38:00+09:00,0.3882893511654581,0.0,0.9085623678646935,1
2026-07-07 12:39:00+09:00,-0.006402364437246791,0.0,0.9656448202959831,1
2026-07-07 12:40:00+09:00,-0.00844125952869591,0.0,0.9542811839323468,1
2026-07-07 12:41:00+09:00,0.004936653370990275,0.0,0.9085623678646935,1
2026-07-07 12:42:00+09:00,-0.008244164819167734,0.0,0.9426532769556026,1
2026-07-07 12:43:00+09:00,-4.462737068295419e-05,0.0,0.8395877378435519,1
2026-07-07 12:44:00+09:00,4.66021042731305e-06,0.0,0.9426532769556025,1
2026-07-07 12:45:00+09:00,9.329633005454128e-05,0.0,0.9886363636363636,1
2026-07-07 12:46:00+09:00,6.910182839460698e-05,0.0,0.9886363636363636,1
2026-07-07 12:47:00+09:00,3.382476523099448e-05,0.0,0.9656448202959831,1
2026-07-07 12:48:00+09:00,1.2885672408879566e-05,0.0,0.9540169133192389,1
2026-07-07 12:49:00+09:00,0.004867431255688787,0.0,0.9542811839323467,1
2026-07-07 12:50:00+09:00,9.161503892854566e-05,0.0,0.9656448202959831,1
2026-07-07 12:51:00+09:00,-0.00817988966111773,0.0,0.954016913319239,1
2026-07-07 12:52:00+09:00,0.00017001614761098024,0.0,0.8850422832980973,1
2026-07-07 12:53:00+09:00,7.25770061900483e-05,0.0,0.9886363636363638,1
2026-07-07 12:54:00+09:00,-3.503868099923347e-05,0.0,0.8739429175475688,1
2026-07-07 12:55:00+09:00,4.898369292256285e-05,0.0,0.8966701902748415,1
2026-07-07 12:56:00+09:00,-5.7789149985087404e-05,0.0,0.8966701902748415,1
2026-07-07 12:57:00+09:00,1.324689169236683e-05,0.0,0.931553911205074,1
2026-07-07 12:58:00+09:00,7.314262944559767e-05,0.0,0.8617864693446089,1
2026-07-07 12:59:00+09:00,-9.575681917107405e-05,0.0,0.931553911205074,1
2026-07-07 13:00:00+09:00,6.533225750219003e-05,0.0,0.9542811839323468,1
2026-07-07 13:01:00+09:00,-0.00017711641375144196,0.0,0.9201902748414377,1
2026-07-07 13:02:00+09:00,-7.551193053461238e-05,0.0,0.8617864693446089,1
2026-07-07 13:03:00+09:00,8.845369924418895e-05,0.0,0.9312896405919662,1
2026-07-07 13:04:00+09:00,-0.00019817282324516254,0.0,0.9656448202959831,1
2026-07-07 13:05:00+09:00,-4.1003851146307914e-05,0.0,0.9429175475687104,1
2026-07-07 13:06:00+09:00,2.7685986966447626e-05,0.0,0.931553911205074,1
2026-07-07 13:07:00+09:00,-0.00017509379214879648,0.0,0.9085623678646935,1
2026-07-07 13:08:00+09:00,0.00020792007636561034,0.0,0.9429175475687104,1
2026-07-07 13:09:00+09:00,-3.379764795168836e-05,0.0,0.9886363636363638,1
2026-07-07 13:10:00+09:00,8.472277585616818e-05,0.0,0.9542811839323466,1
2026-07-07 13:11:00+09:00,-5.293411998103613e-07,0.0,0.9307610993657506,1
2026-07-07 13:12:00+09:00,-7.527743621249269e-05,0.0,0.9318181818181818,1
2026-07-07 13:13:00+09:00,8.948820935439646e-05,0.0,0.8506871035940804,1
2026-07-07 13:14:00+09:00,0.0002572715274348243,0.0,0.9082980972515857,1
2026-07-07 13:15:00+09:00,0.00020379768225235428,0.0,0.9196617336152221,1
2026-07-07 13:16:00+09:00,0.00019038750528159307,0.0,0.9429175475687104,1
2026-07-07 13:17:00+09:00,-8.08935132944136e-05,0.0,0.9429175475687104,1
2026-07-07 13:18:00+09:00,-0.00010131472473698673,0.0,0.9429175475687104,1
2026-07-07 13:19:00+09:00,7.592228027215219e-05,0.0,0.8742071881606766,1
2026-07-07 13:20:00+09:00,-2.754219974226784e-05,0.0,0.9085623678646935,1
2026-07-07 13:21:00+09:00,6.27173163203247e-05,0.0,0.9542811839323467,1
2026-07-07 13:22:00+09:00,-1.0738159084372838e-05,0.0,0.9429175475687104,1
2026-07-07 13:23:00+09:00,-7.359302303466597e-05,0.0,0.9656448202959831,1
2026-07-07 13:24:00+09:00,-1.884166347588316e-05,0.0,0.931553911205074,1
2026-07-07 13:25:00+09:00,0.004991187253358031,0.0,0.9310253699788583,1
2026-07-07 13:26:00+09:00,-0.008642246995501538,0.0,0.9423890063424947,1
2026-07-07 13:27:00+09:00,7.920671074379436e-05,0.0,0.8047040169133193,1
2026-07-07 13:28:00+09:00,0.0049379257634786285,0.0,0.9307610993657506,1
2026-07-07 13:29:00+09:00,-0.00866769535494059,0.0,0.9429175475687104,1
2026-07-07 13:30:00+09:00,0.0001287553880380873,0.0,0.8853065539112052,1
2026-07-07 13:31:00+09:00,-3.1493675282947336e-05,0.0,0.954016913319239,1
2026-07-07 13:32:00+09:00,-3.602324963581858e-05,0.0,0.9307610993657506,1
2026-07-07 13:33:00+09:00,2.577638403473689e-05,0.0,0.8625792811839323,1
2026-07-07 13:34:00+09:00,4.3347992405770304e-05,0.0,0.8966701902748415,1
2026-07-07 13:35:00+09:00,0.0048513825732184246,0.0,0.9310253699788584,1
2026-07-07 13:36:00+09:00,-0.0036036578136444874,0.0,0.8964059196617337,1
2026-07-07 13:37:00+09:00,-0.0034980160241538517,0.0,0.9085623678646935,1
2026-07-07 13:38:00+09:00,-0.0035367937482903475,0.0,0.9204545454545455,1
2026-07-07 13:39:00+09:00,6.576254920370846e-06,0.0,0.8623150105708246,1
2026-07-07 13:40:00+09:00,-0.0035031807643266305,0.0,0.9431818181818182,1
2026-07-07 13:41:00+09:00,-0.008425838050517921,0.0,0.9082980972515856,1
2026-07-07 13:42:00+09:00,-1.0896024639292107e-05,0.0,0.8964059196617336,1
2026-07-07 13:43:00+09:00,7.070550481985738e-06,0.0,0.9429175475687104,1
2026-07-07 13:44:00+09:00,0.00018181429217367724,0.0,0.8501585623678647,1
2026-07-07 13:45:00+09:00,0.00015615015425115818,0.0,0.9423890063424948,1
2026-07-07 13:46:00+09:00,0.0001908313693869349,0.0,0.8623150105708246,1
2026-07-07 13:47:00+09:00,-9.963726606012795e-06,0.0,0.8617864693446089,1
2026-07-07 13:48:00+09:00,7.321394477223071e-05,0.0,0.8850422832980973,1
2026-07-07 13:49:00+09:00,-5.53973217472086e-05,0.0,0.9426532769556025,1
2026-07-07 13:50:00+09:00,-0.00010120481378731171,0.0,0.9426532769556026,1
2026-07-07 13:51:00+09:00,1.663644450210594e-05,0.0,0.9193974630021142,1
2026-07-07 13:52:00+09:00,-3.5636247050132646e-05,0.0,0.8969344608879493,1
2026-07-07 13:53:00+09:00,-5.0817296396185534e-05,0.0,0.8401162790697674,1
2026-07-07 13:54:00+09:00,-7.796805725832466e-05,0.0,0.9307610993657505,1
2026-07-07 13:55:00+09:00,0.004915897019248243,0.0,0.8850422832980973,1
2026-07-07 13:56:00+09:00,-0.008331196300691448,0.0,0.9080338266384778,1
2026-07-07 13:57:00+09:00,2.1487317079976814e-05,0.0,0.81553911205074,1
2026-07-07 13:58:00+09:00,-6.041473510195309e-05,0.0,0.8853065539112052,1
2026-07-07 13:59:00+09:00,2.255334031856518e-05,0.0,0.9312896405919662,1
2026-07-07 14:00:00+09:00,-3.2272544250526474e-05,0.0,0.9196617336152221,1
2026-07-07 14:01:00+09:00,1.3774566329279505e-05,0.0,0.9080338266384779,1
2026-07-07 14:02:00+09:00,0.004974885818453002,0.0,0.9312896405919662,1
2026-07-07 14:03:00+09:00,-0.003546636192725798,0.0,0.873678646934461,1
2026-07-07 14:04:00+09:00,-0.008359653036592956,0.0,0.9196617336152221,1
2026-07-07 14:05:00+09:00,0.00014881278532334334,0.0,0.9426532769556025,1
2026-07-07 14:06:00+09:00,-0.0001934745453926814,0.0,0.9315539112050741,1
2026-07-07 14:07:00+09:00,-0.00011497435618291771,0.0,0.9429175475687104,1
2026-07-07 14:08:00+09:00,-6.196329922312104e-05,0.0,0.9318181818181819,1
2026-07-07 14:09:00+09:00,-3.724928547104252e-06,0.0,0.931553911205074,1
2026-07-07 14:10:00+09:00,0.004677634608195788,0.0,0.8620507399577167,1
2026-07-07 14:11:00+09:00,-0.0035480829041572713,0.0,0.9312896405919662,1
2026-07-07 14:12:00+09:00,-0.008417944293493462,0.0,0.9310253699788583,1
2026-07-07 14:13:00+09:00,0.0003284622274018761,0.0,0.9201902748414377,1
2026-07-07 14:14:00+09:00,0.00018413110858706187,0.0,0.9542811839323467,1
2026-07-07 14:15:00+09:00,-8.923445284096737e-05,0.0,0.9770084566596194,1
2026-07-07 14:16:00+09:00,-0.00013464419754073887,0.0,0.9080338266384778,1
2026-07-07 14:17:00+09:00,4.175826659230059e-05,0.0,0.9088266384778013,1
2026-07-07 14:18:00+09:00,4.787380407013957e-05,0.0,0.9196617336152222,1
2026-07-07 14:19:00+09:00,-1.2976454441222692e-05,0.0,0.9426532769556026,1
2026-07-07 14:20:00+09:00,-3.862062305191177e-05,0.0,0.9085623678646935,1
2026-07-07 14:21:00+09:00,-0.0002948583822893261,0.0,0.9659090909090908,1
2026-07-07 14:22:00+09:00,3.066716262469688e-05,0.0,0.9545454545454546,1
2026-07-07 14:23:00+09:00,3.884901784550553e-05,0.0,0.9085623678646935,1
2026-07-07 14:24:00+09:00,0.00016850496894288235,0.0,0.9542811839323467,1
2026-07-07 14:25:00+09:00,-9.988600379510809e-05,0.0,0.9545454545454546,1
2026-07-07 14:26:00+09:00,3.2296734950115e-05,0.0,0.9196617336152221,1
2026-07-07 14:27:00+09:00,0.00011278678383586218,0.0,0.9426532769556025,1
2026-07-07 14:28:00+09:00,-8.397617034057659e-05,0.0,0.9082980972515857,1
2026-07-07 14:29:00+09:00,-0.00023685566509815324,0.0,0.9540169133192389,1
2026-07-07 14:30:00+09:00,-0.00026009324350884116,0.0,0.9545454545454546,1
2026-07-07 14:31:00+09:00,0.00011946313669995635,0.0,0.9429175475687104,1
2026-07-07 14:32:00+09:00,-4.3118928229300975e-05,0.0,0.931553911205074,1
2026-07-07 14:33:00+09:00,-2.2563221653740742e-05,0.0,0.9318181818181819,1
2026-07-07 14:34:00+09:00,-0.00013154221694650436,0.0,0.8971987315010572,1
2026-07-07 14:35:00+09:00,9.950884542855133e-05,0.0,0.9542811839323467,1
2026-07-07 14:36:00+09:00,-0.0001378063736405559,0.0,0.9085623678646935,1
2026-07-07 14:37:00+09:00,1.1212796028342403e-05,0.0,0.8964059196617337,1
2026-07-07 14:38:00+09:00,0.004730443648662121,0.0,0.919661733615222,1
2026-07-07 14:39:00+09:00,-0.003723900639775023,0.0,0.9545454545454546,1
2026-07-07 14:40:00+09:00,-0.0002011083675401928,0.0,0.9307610993657506,1
2026-07-07 14:41:00+09:00,-0.0036557609252955026,0.0,0.9772727272727273,1
2026-07-07 14:42:00+09:00,-0.008389219293913851,0.0,0.9770084566596194,1
2026-07-07 14:43:00+09:00,0.00013621154590593676,0.0,0.8964059196617337,1
2026-07-07 14:44:00+09:00,0.0001526595802599234,0.0,0.9656448202959831,1
2026-07-07 14:45:00+09:00,0.0001431330380105265,0.0,0.9080338266384779,1
2026-07-07 14:46:00+09:00,5.677253820353742e-05,0.0,0.9429175475687104,1
2026-07-07 14:47:00+09:00,0.39458733341334173,0.0,0.9540169133192389,1
2026-07-07 14:48:00+09:00,-0.010926763863382438,0.0,0.9653805496828753,1
2026-07-07 14:49:00+09:00,-0.000409777863707331,0.0,0.8858350951374208,1
2026-07-07 14:50:00+09:00,-9.079383016265402e-05,0.0,0.9540169133192389,1
2026-07-07 14:51:00+09:00,4.612876585133833e-05,0.0,0.9085623678646934,1
2026-07-07 14:52:00+09:00,0.005018420523409987,0.0,0.9426532769556025,1
2026-07-07 14:53:00+09:00,-0.008570707982214,0.0,0.919661733615222,1
2026-07-07 14:54:00+09:00,-2.1114065411837782e-05,0.0,0.90776955602537,1
2026-07-07 14:55:00+09:00,0.39396431198025256,0.0,0.9542811839323467,1
2026-07-07 14:56:00+09:00,-0.010872134160355346,0.0,0.9656448202959831,1
2026-07-07 14:57:00+09:00,0.005003081602286582,0.0,0.9312896405919662,1
2026-07-07 14:58:00+09:00,-0.008482501157182585,0.0,0.9082980972515857,1
2026-07-07 14:59:00+09:00,3.8890651298176254e-05,0.0,0.9310253699788584,1
2026-07-07 15:00:00+09:00,-0.00012381374257583455,0.0,0.9540169133192389,1
2026-07-07 15:01:00+09:00,-4.8648287164188925e-05,0.0,0.9082980972515856,1
2026-07-07 15:02:00+09:00,0.00011079690757341719,0.0,0.931553911205074,1
2026-07-07 15:03:00+09:00,6.986767865121209e-05,0.0,0.885306553911205,1
2026-07-07 15:04:00+09:00,9.8394772968138e-05,0.0,0.9772727272727273,1
2026-07-07 15:05:00+09:00,0.00012623436053865421,0.0,0.9542811839323467,1
2026-07-07 15:06:00+09:00,-0.00012856473389661114,0.0,0.9080338266384778,1
2026-07-07 15:07:00+09:00,-9.448119265926306e-05,0.0,0.908033826638478,1
2026-07-07 15:08:00+09:00,5.673806446651017e-05,0.0,0.9429175475687104,1
2026-07-07 15:09:00+09:00,0.004836035699220684,0.0,0.965909090909091,1
2026-07-07 15:10:00+09:00,-0.008362346663701984,0.0,0.9886363636363635,1
2026-07-07 15:11:00+09:00,1.9167083241723903e-05,0.0,0.9310253699788584,1
2026-07-07 15:12:00+09:00,0.004909746902547542,0.0,0.9537526427061311,1
2026-07-07 15:13:00+09:00,-0.008493063731677585,0.0,0.9429175475687104,1
2026-07-07 15:14:00+09:00,-0.0003673514793419732,1.8519485031466512,1.0000000000000002,1
2026-07-07 15:15:00+09:00,-2.4171097844908747e-06,0.0,0.9908655442549164,1
2026-07-07 15:16:00+09:00,-0.0033788680501540725,0.0,0.9908655442549161,1
2026-07-07 15:17:00+09:00,0.0058026322218400275,0.0,0.9594130089899524,1
2026-07-07 15:18:00+09:00,9.572259335072664e-05,0.0,1.007126781695424,1
2026-07-07 15:19:00+09:00,0.0008180311117922111,0.0,0.9990622655663918,1
2026-07-07 15:20:00+09:00,0.002958446302201874,0.0,1.015059092642013,1
2026-07-07 15:21:00+09:00,0.0007809014341910917,0.0,1.0232558139534884,1
2026-07-07 15:22:00+09:00,-0.001488518934516195,0.0,1.007126781695424,1
2026-07-07 15:23:00+09:00,0.003201058432667514,0.0,1.039384846211553,1
2026-07-07 15:24:00+09:00,0.002225997591589109,1.0151912978244562,0.016129032258064516,1
2026-07-07 15:30:00+09:00,-1.6129032258064516e-06,0.008064516129032258,0.0,1
2026-07-08 09:00:00+09:00,0.0,0.0,0.0,1
2026-07-08 09:01:00+09:00,0.0,0.0,0.0,1
2026-07-08 09:02:00+09:00,0.0,0.0,0.0,1
2026-07-08 09:03:00+09:00,0.0,0.0,0.0,1
2026-07-08 09:04:00+09:00,0.0,0.0,0.0,1
2026-07-08 09:05:00+09:00,0.0,0.0,0.0,1
2026-07-08 09:06:00+09:00,0.0,0.0,0.0,1
2026-07-08 09:07:00+09:00,0.0,0.0,0.0,1
2026-07-08 09:08:00+09:00,0.0,0.0,0.0,1
2026-07-08 09:09:00+09:00,0.0,0.0,0.0,1
2026-07-08 09:10:00+09:00,0.0,0.0,0.0,1
2026-07-08 09:11:00+09:00,0.0,0.0,0.0,1
2026-07-08 09:12:00+09:00,0.0,0.0,0.0,1
2026-07-08 09:13:00+09:00,0.0,0.0,0.0,1
2026-07-08 09:14:00+09:00,0.0,0.0,0.0,1
2026-07-08 09:15:00+09:00,-0.00013703770831316442,1.0,1.0,1
2026-07-08 09:16:00+09:00,-0.0004932207042603695,0.0,0.9878048780487805,1
2026-07-08 09:17:00+09:00,-0.00541681832228312,0.0,0.9878048780487805,1
2026-07-08 09:18:00+09:00,0.003940253045876173,0.0,1.0121951219512195,1
2026-07-08 09:19:00+09:00,0.008802902834737137,0.0,0.9512195121951221,1
2026-07-08 09:20:00+09:00,3.457196127579622e-05,0.0,0.9875,1
2026-07-08 09:21:00+09:00,0.00024478901059623616,0.0,0.9628048780487806,1
2026-07-08 09:22:00+09:00,-3.8964972288767085e-05,0.0,0.9878048780487805,1
2026-07-08 09:23:00+09:00,-0.004951946319317012,0.0,0.9753048780487805,1
2026-07-08 09:24:00+09:00,0.00878736885156528,0.0,0.9996951219512196,1
2026-07-08 09:25:00+09:00,0.00013785170601311552,0.0,1.0,1
2026-07-08 09:26:00+09:00,-0.005105627549984833,0.0,0.975609756097561,1
2026-07-08 09:27:00+09:00,-0.020904956292767143,0.0,0.963109756097561,1
2026-07-08 09:28:00+09:00,0.0038413593092623253,0.0,0.926219512195122,1
2026-07-08 09:29:00+09:00,0.008889908059662242,0.0,0.9753048780487805,1
2026-07-08 09:30:00+09:00,-0.00021766878212816398,0.0,0.9875,1
2026-07-08 09:31:00+09:00,-0.0001718392148652533,0.0,0.9753048780487805,1
2026-07-08 09:32:00+09:00,-0.00018825273409665095,0.0,0.9750000000000001,1
2026-07-08 09:33:00+09:00,0.0002265336682405603,0.0,0.9753048780487805,1
2026-07-08 09:34:00+09:00,-7.546247530479094e-05,0.0,0.950609756097561,1
2026-07-08 09:35:00+09:00,0.00047180003075840117,0.0,0.975609756097561,1
2026-07-08 09:36:00+09:00,-0.0002312631857825718,0.0,0.9634146341463414,1
2026-07-08 09:37:00+09:00,0.00040033154393670164,0.0,0.963109756097561,1
2026-07-08 09:38:00+09:00,9.412945026211476e-05,0.0,0.926219512195122,1
2026-07-08 09:39:00+09:00,0.00021539528297084457,0.0,0.9631097560975611,1
2026-07-08 09:40:00+09:00,-1.1163866018381706e-05,0.0,0.9628048780487806,1
2026-07-08 09:41:00+09:00,0.0002734970922178661,0.0,0.9509146341463415,1
2026-07-08 09:42:00+09:00,-0.004927472387893265,0.0,0.9259146341463416,1
2026-07-08 09:43:00+09:00,0.009066787252753158,0.0,1.0,1
2026-07-08 09:44:00+09:00,-0.005311821471167995,0.0,0.8643292682926831,1
2026-07-08 09:45:00+09:00,0.00893804752899081,0.0,0.9996951219512196,1
2026-07-08 09:46:00+09:00,0.00031350359555419615,0.0,0.950609756097561,1
2026-07-08 09:47:00+09:00,-9.390876001955116e-05,0.0,0.950609756097561,1
2026-07-08 09:48:00+09:00,-0.004884070100371705,0.0,0.9628048780487806,1
2026-07-08 09:49:00+09:00,0.009323065683334214,0.0,0.9381097560975611,1
2026-07-08 09:50:00+09:00,0.0001108410724829503,0.0,0.9384146341463415,1
2026-07-08 09:51:00+09:00,-0.005151854710549016,0.0,0.950609756097561,1
2026-07-08 09:52:00+09:00,0.00872338658407996,0.0,0.9875000000000002,1
2026-07-08 09:53:00+09:00,-0.00043567859403468467,0.0,0.963109756097561,1
2026-07-08 09:54:00+09:00,-0.004806321869553695,0.0,0.9384146341463415,1
2026-07-08 09:55:00+09:00,0.0038615546039337686,0.0,0.9878048780487806,1
2026-07-08 09:56:00+09:00,0.21382582378982135,0.0,0.9503048780487806,1
2026-07-08 09:57:00+09:00,-0.011710312080629373,0.0,0.9753048780487805,1
2026-07-08 09:58:00+09:00,8.973216731541363e-05,0.0,0.926219512195122,1
2026-07-08 09:59:00+09:00,0.00030897141037307743,0.0,0.9018292682926831,1
2026-07-08 10:00:00+09:00,-0.005090339982514788,0.0,0.9878048780487806,1
2026-07-08 10:01:00+09:00,-0.0004801148458476905,0.0,0.9140243902439025,1
2026-07-08 10:02:00+09:00,0.00862771668558074,0.0,0.963109756097561,1
2026-07-08 10:03:00+09:00,0.00017676446123415633,0.0,0.9509146341463415,1
2026-07-08 10:04:00+09:00,-1.4353980386262864e-05,0.0,0.9259146341463416,1
2026-07-08 10:05:00+09:00,-7.668866908377398e-05,0.0,0.9756097560975612,1
2026-07-08 10:06:00+09:00,0.0001160186388593129,0.0,0.950609756097561,1
2026-07-08 10:07:00+09:00,-0.004900909562125107,0.0,0.9509146341463416,1
2026-07-08 10:08:00+09:00,7.654073106823084e-05,0.0,0.9140243902439025,1
2026-07-08 10:09:00+09:00,0.008910105499821576,0.0,0.9628048780487806,1
2026-07-08 10:10:00+09:00,-0.004973521923103199,0.0,0.9628048780487806,1
2026-07-08 10:11:00+09:00,0.0089407582728119,0.0,0.8515243902439025,1
2026-07-08 10:12:00+09:00,2.2372878138783807e-06,0.0,0.8646341463414635,1
2026-07-08 10:13:00+09:00,-0.0052230059718511145,0.0,0.9753048780487805,1
2026-07-08 10:14:00+09:00,0.00880182377654712,0.0,0.9253048780487806,1
2026-07-08 10:15:00+09:00,-4.2763631850277256e-05,0.0,0.877439024390244,1
2026-07-08 10:16:00+09:00,0.0001371270941692354,0.0,0.9131097560975611,1
2026-07-08 10:17:00+09:00,-0.00016196988051304226,0.0,0.9503048780487805,1
2026-07-08 10:18:00+09:00,-0.0048947412149261465,0.0,0.926219512195122,1
2026-07-08 10:19:00+09:00,0.008617704784254974,0.0,0.9381097560975611,1
2026-07-08 10:20:00+09:00,-0.005090115672295274,0.0,0.9503048780487806,1
2026-07-08 10:21:00+09:00,0.008760267268534589,0.0,0.901829268292683,1
2026-07-08 10:22:00+09:00,-0.0003126098413965693,0.0,0.9628048780487806,1
2026-07-08 10:23:00+09:00,-0.0002593412244540726,0.0,0.963109756097561,1
2026-07-08 10:24:00+09:00,0.00020592288590590512,0.0,0.901219512195122,1
2026-07-08 10:25:00+09:00,9.39832114823311e-05,0.0,0.8765243902439025,1
2026-07-08 10:26:00+09:00,-0.00021509592981287302,0.0,0.950609756097561,1
2026-07-08 10:27:00+09:00,-0.00014143139453349853,0.0,0.9256097560975611,1
2026-07-08 10:28:00+09:00,-0.00013747659391028088,0.0,0.9253048780487805,1
2026-07-08 10:29:00+09:00,-0.00015301050762441405,0.0,0.975609756097561,1
2026-07-08 10:30:00+09:00,0.00012185411437982621,0.0,0.913719512195122,1
2026-07-08 10:31:00+09:00,-7.169691847039318e-05,0.0,0.9262195121951221,1
2026-07-08 10:32:00+09:00,-0.005446596371746979,0.0,0.888719512195122,1
2026-07-08 10:33:00+09:00,0.42977410552750617,0.0,1.0,1
2026-07-08 10:34:00+09:00,-0.011760281459496275,0.0,1.0,1
2026-07-08 10:35:00+09:00,0.42117167840923214,0.0,0.9259146341463416,1
2026-07-08 10:36:00+09:00,0.4090091357424182,0.0,0.9265243902439025,1
2026-07-08 10:37:00+09:00,-0.012209155444290692,0.0,0.9503048780487806,1
2026-07-08 10:38:00+09:00,-0.030052382254084097,0.0,0.9259146341463416,1
2026-07-08 10:39:00+09:00,0.009060522192396826,0.0,0.9628048780487806,1
2026-07-08 10:40:00+09:00,-1.7196047548985643e-05,0.0,0.9259146341463416,1
2026-07-08 10:41:00+09:00,0.00026970570521456905,0.0,0.925609756097561,1
2026-07-08 10:42:00+09:00,-0.005119232355691724,0.0,0.8890243902439026,1
2026-07-08 10:43:00+09:00,0.009005125006565801,0.0,0.9500000000000002,1
2026-07-08 10:44:00+09:00,-0.0047091489782511,0.0,0.9878048780487805,1
2026-07-08 10:45:00+09:00,0.008601921025199707,0.0,0.9878048780487806,1
2026-07-08 10:46:00+09:00,-0.004747952872899844,0.0,0.9509146341463415,1
2026-07-08 10:47:00+09:00,0.0033488193458294517,0.0,0.963109756097561,1
2026-07-08 10:48:00+09:00,0.008830259470642192,0.0,0.9134146341463416,1
2026-07-08 10:49:00+09:00,-0.00022093165787185796,0.0,0.9259146341463416,1
2026-07-08 10:50:00+09:00,-0.0002550697097231263,0.0,0.9384146341463415,1
2026-07-08 10:51:00+09:00,-9.34115518944692e-05,0.0,0.9628048780487806,1
2026-07-08 10:52:00+09:00,-0.00032115065897060316,0.0,0.901829268292683,1
2026-07-08 10:53:00+09:00,-0.0001977395915446985,0.0,0.9259146341463416,1
2026-07-08 10:54:00+09:00,-5.770072138525749e-05,0.0,0.9012195121951221,1
2026-07-08 10:55:00+09:00,-0.0001716652219275094,0.0,0.9634146341463414,1
2026-07-08 10:56:00+09:00,4.730586860832657e-05,0.0,0.9634146341463417,1
2026-07-08 10:57:00+09:00,8.277634456357763e-05,0.0,0.8887195121951221,1
2026-07-08 10:58:00+09:00,5.9737626052651676e-05,0.0,0.9259146341463416,1
2026-07-08 10:59:00+09:00,-0.0003108129627151789,0.0,0.9387195121951221,1
2026-07-08 11:00:00+09:00,0.00026916710176382307,0.0,0.8765243902439026,1
2026-07-08 11:01:00+09:00,-0.00046916443375866353,0.0,0.8646341463414635,1
2026-07-08 11:02:00+09:00,-0.005194945313397784,0.0,0.9259146341463413,1
2026-07-08 11:03:00+09:00,0.008649920657250473,0.0,0.913719512195122,1
2026-07-08 11:04:00+09:00,-3.797819578240972e-05,0.0,0.8640243902439025,1
2026-07-08 11:05:00+09:00,0.4197164883914279,0.0,0.9512195121951221,1
2026-07-08 11:06:00+09:00,-0.01672015664314366,0.0,0.888719512195122,1
2026-07-08 11:07:00+09:00,-0.00021055196639450176,0.0,0.926219512195122,1
2026-07-08 11:08:00+09:00,0.21277419322595365,0.0,0.9259146341463416,1
2026-07-08 11:09:00+09:00,-0.01157656912887373,0.0,0.9509146341463416,1
2026-07-08 11:10:00+09:00,-6.767577424452267e-05,0.0,0.9387195121951221,1
2026-07-08 11:11:00+09:00,-4.757583043789987e-05,0.0,0.938719512195122,1
2026-07-08 11:12:00+09:00,0.0001481559509682303,0.0,0.9140243902439025,1
2026-07-08 11:13:00+09:00,-7.643035746267328e-05,0.0,0.8765243902439026,1
2026-07-08 11:14:00+09:00,0.00015440332990593905,0.0,0.9259146341463416,1
2026-07-08 11:15:00+09:00,3.071044028775892e-05,0.0,0.889329268292683,1
2026-07-08 11:16:00+09:00,0.0001787185447272017,0.0,0.876829268292683,1
2026-07-08 11:17:00+09:00,8.697914104877831e-05,0.0,0.8521341463414636,1
2026-07-08 11:18:00+09:00,0.0001691584780372953,0.0,0.926219512195122,1
2026-07-08 11:19:00+09:00,0.00013774234561212984,0.0,0.9390243902439026,1
2026-07-08 11:20:00+09:00,-0.00495011793285772,0.0,0.913719512195122,1
2026-07-08 11:21:00+09:00,0.003892811683602155,0.0,0.9256097560975611,1
2026-07-08 11:22:00+09:00,-3.0378413809320028e-05,0.0,0.914329268292683,1
2026-07-08 11:23:00+09:00,0.00017025890470732217,0.0,0.8762195121951221,1
2026-07-08 11:24:00+09:00,0.00023923977144678498,0.0,0.9265243902439024,1
2026-07-08 11:25:00+09:00,0.003783737107567759,0.0,0.9134146341463415,1
2026-07-08 11:26:00+09:00,0.4278525493106564,0.0,0.9509146341463415,1
2026-07-08 11:27:00+09:00,-0.01184249680347092,0.024390243902439025,0.913719512195122,1
2026-07-08 11:28:00+09:00,-0.00021158391887228796,0.024695121951219513,0.877439024390244,1
2026-07-08 11:29:00+09:00,-0.0001901829268292683,0.9509146341463415,0.0,1
2026-07-08 11:30:00+09:00,0.0,0.0,0.0,1
2026-07-08 12:30:00+09:00,-0.00330533226551873,1.0,1.024390243902439,1
2026-07-08 12:31:00+09:00,-0.00040515374535954763,0.0,0.9878048780487805,1
2026-07-08 12:32:00+09:00,-0.00547616775315774,0.0,0.9875,1
2026-07-08 12:33:00+09:00,0.00361291898917195,0.0,0.9875,1
2026-07-08 12:34:00+09:00,0.003928126742338275,0.0,0.9878048780487805,1
2026-07-08 12:35:00+09:00,0.008893836153097537,0.0,0.9746951219512197,1
2026-07-08 12:36:00+09:00,-0.005028593962708543,0.0,0.9509146341463415,1
2026-07-08 12:37:00+09:00,0.008778225345867518,0.0,0.9512195121951221,1
2026-07-08 12:38:00+09:00,-0.0052691906967760665,0.0,0.950609756097561,1
2026-07-08 12:39:00+09:00,0.0087336373884418,0.0,0.9875,1
2026-07-08 12:40:00+09:00,0.00011423995869655526,0.0,0.9015243902439025,1
2026-07-08 12:41:00+09:00,-0.005134585185111642,0.0,0.9265243902439025,1
2026-07-08 12:42:00+09:00,0.008956488797808686,0.0,0.9503048780487806,1
2026-07-08 12:43:00+09:00,9.512446021274528e-05,0.0,0.926219512195122,1
2026-07-08 12:44:00+09:00,0.0001517068872128426,0.0,0.9265243902439025,1
2026-07-08 12:45:00+09:00,-0.005249319970527905,0.0,0.9753048780487805,1
2026-07-08 12:46:00+09:00,0.008584446553914033,0.0,0.925609756097561,1
2026-07-08 12:47:00+09:00,7.055393220565131e-05,0.0,0.9509146341463416,1
2026-07-08 12:48:00+09:00,-0.004962531352913991,0.0,0.8887195121951221,1
2026-07-08 12:49:00+09:00,0.0035474566266981418,0.0,0.9134146341463416,1
2026-07-08 12:50:00+09:00,0.0036864190276560986,0.0,0.9128048780487805,1
2026-07-08 12:51:00+09:00,0.008961749411454065,0.0,0.8884146341463415,1
2026-07-08 12:52:00+09:00,-0.005142642975224988,0.0,0.851829268292683,1
2026-07-08 12:53:00+09:00,0.008867703061400887,0.0,0.926219512195122,1
2026-07-08 12:54:00+09:00,-1.85611426716058e-05,0.0,0.913719512195122,1
2026-07-08 12:55:00+09:00,-0.005030108085291582,0.0,0.9134146341463415,1
2026-07-08 12:56:00+09:00,-0.00019692928385922642,0.0,0.888719512195122,1
2026-07-08 12:57:00+09:00,0.003699462671310225,0.0,0.9009146341463414,1
2026-07-08 12:58:00+09:00,7.495856321397365e-05,0.0,0.926219512195122,1
2026-07-08 12:59:00+09:00,-0.000360116185727593,0.0,0.926219512195122,1
2026-07-08 13:00:00+09:00,0.0036612803426689282,0.0,0.9375,1
2026-07-08 13:01:00+09:00,0.00867078642956867,0.0,0.925609756097561,1
2026-07-08 13:02:00+09:00,-0.005198455787664385,0.0,0.8890243902439026,1
2026-07-08 13:03:00+09:00,0.008758512147643172,0.0,0.888719512195122,1
2026-07-08 13:04:00+09:00,-0.005211156213838315,0.0,0.8646341463414635,1
2026-07-08 13:05:00+09:00,0.008666700853535861,0.0,0.950609756097561,1
2026-07-08 13:06:00+09:00,-0.005115407800005407,0.0,0.9134146341463416,1
2026-07-08 13:07:00+09:00,0.0037577077101857465,0.0,0.9381097560975611,1
2026-07-08 13:08:00+09:00,0.008859647771472072,0.0,0.938109756097561,1
2026-07-08 13:09:00+09:00,-0.005336239175501215,0.0,0.8896341463414634,1
2026-07-08 13:10:00+09:00,0.0037084903724248623,0.0,0.9634146341463415,1
2026-07-08 13:11:00+09:00,0.4284477158427095,0.0,0.9009146341463415,1
2026-07-08 13:12:00+09:00,-0.017063228092711782,0.0,0.9012195121951221,1
2026-07-08 13:13:00+09:00,-7.30455077254733e-05,0.0,0.8765243902439024,1
2026-07-08 13:14:00+09:00,0.008811073371225431,0.0,0.8634146341463415,1
2026-07-08 13:15:00+09:00,0.20343042599995648,0.0,0.9259146341463416,1
2026-07-08 13:16:00+09:00,0.19202443746440148,0.0,0.8643292682926831,1
2026-07-08 13:17:00+09:00,-0.004586766372731603,0.0,0.950609756097561,1
2026-07-08 13:18:00+09:00,0.003767689547651437,0.0,0.9509146341463415,1
2026-07-08 13:19:00+09:00,0.008798007881700739,0.0,0.8640243902439024,1
2026-07-08 13:20:00+09:00,3.618331562438527e-05,0.0,0.9134146341463416,1
2026-07-08 13:21:00+09:00,-0.0049576485900580764,0.0,0.864329268292683,1
2026-07-08 13:22:00+09:00,1.6475037347505738e-05,0.0,0.9012195121951221,1
2026-07-08 13:23:00+09:00,0.008719291177479868,0.0,0.9259146341463416,1
2026-07-08 13:24:00+09:00,-0.00017396915137876684,0.0,0.8890243902439026,1
2026-07-08 13:25:00+09:00,-0.005194322037754686,0.0,0.864329268292683,1
2026-07-08 13:26:00+09:00,0.00870241919957431,0.0,0.9381097560975611,1
2026-07-08 13:27:00+09:00,1.1912972940226565e-06,0.0,0.9012195121951221,1
2026-07-08 13:28:00+09:00,-0.005050777714171743,0.0,0.913719512195122,1
2026-07-08 13:29:00+09:00,0.00855562297628622,0.0,0.9134146341463416,1
2026-07-08 13:30:00+09:00,0.41950458208651387,0.0,0.9628048780487806,1
2026-07-08 13:31:00+09:00,-0.011865148195480414,0.0,0.9875,1
2026-07-08 13:32:00+09:00,0.41427467047627353,0.0,0.9134146341463416,1
2026-07-08 13:33:00+09:00,0.4161982563405158,0.0,0.9625,1
2026-07-08 13:34:00+09:00,0.40248292055891655,0.0,0.9625000000000001,1
2026-07-08 13:35:00+09:00,-0.012028679945277732,0.0,0.9256097560975611,1
2026-07-08 13:36:00+09:00,0.008835377359677174,0.0,0.8890243902439026,1
2026-07-08 13:37:00+09:00,-7.188348746028044e-05,0.0,0.8277439024390245,1
2026-07-08 13:38:00+09:00,0.00016888699858978119,0.0,0.9015243902439025,1
2026-07-08 13:39:00+09:00,-1.8066425882348995e-05,0.0,0.9259146341463416,1
2026-07-08 13:40:00+09:00,-0.02982996692085776,0.0,0.8771341463414635,1
2026-07-08 13:41:00+09:00,0.0036869913673886613,0.0,0.9509146341463415,1
2026-07-08 13:42:00+09:00,0.008574056109494353,0.0,0.9262195121951221,1
2026-07-08 13:43:00+09:00,-0.005215379946684245,0.0,0.9012195121951221,1
2026-07-08 13:44:00+09:00,0.008770542590408747,0.0,0.8646341463414635,1
2026-07-08 13:45:00+09:00,-0.004979132783241343,0.0,0.8646341463414635,1
2026-07-08 13:46:00+09:00,8.156877723549638e-05,0.0,0.9134146341463415,1
2026-07-08 13:47:00+09:00,0.00895902006980083,0.0,0.8512195121951219,1
2026-07-08 13:48:00+09:00,-0.00011674538355233354,0.0,0.9753048780487806,1
2026-07-08 13:49:00+09:00,-0.005250120616348557,0.0,0.9262195121951221,1
2026-07-08 13:50:00+09:00,0.003608552576625962,0.0,0.9378048780487805,1
2026-07-08 13:51:00+09:00,0.00877279824026163,0.0,0.9634146341463415,1
2026-07-08 13:52:00+09:00,-0.005249692392434157,0.0,0.938109756097561,1
2026-07-08 13:53:00+09:00,0.003660879414603681,0.0,0.9009146341463414,1
2026-07-08 13:54:00+09:00,0.008822148139901235,0.0,0.950609756097561,1
2026-07-08 13:55:00+09:00,-0.004829110473497839,0.0,0.951219512195122,1
2026-07-08 13:56:00+09:00,0.008920746711923486,0.0,0.9265243902439024,1
2026-07-08 13:57:00+09:00,-0.005114176753036923,0.0,0.9256097560975611,1
2026-07-08 13:58:00+09:00,0.008803913290842152,0.0,0.9628048780487806,1
2026-07-08 13:59:00+09:00,0.00024325659353895436,0.0,0.8765243902439025,1
2026-07-08 14:00:00+09:00,-0.0052601109103999075,0.0,0.9628048780487806,1
2026-07-08 14:01:00+09:00,0.008785111761605123,0.0,0.963109756097561,1
2026-07-08 14:02:00+09:00,0.00019481018741299838,0.0,0.938719512195122,1
2026-07-08 14:03:00+09:00,-0.0050731285375058225,0.0,0.8646341463414635,1
2026-07-08 14:04:00+09:00,0.008754391936387815,0.0,0.9378048780487805,1
2026-07-08 14:05:00+09:00,0.0002454802201414651,0.0,0.9509146341463415,1
2026-07-08 14:06:00+09:00,-0.005147573096253218,0.0,0.8884146341463415,1
2026-07-08 14:07:00+09:00,0.0086540475709413,0.0,0.9746951219512195,1
2026-07-08 14:08:00+09:00,-6.561675574383026e-05,0.0,0.8890243902439026,1
2026-07-08 14:09:00+09:00,-0.005074521159884264,0.0,0.9018292682926831,1
2026-07-08 14:10:00+09:00,0.0036553210375408537,0.0,0.9015243902439025,1
2026-07-08 14:11:00+09:00,0.0037395036849342837,0.0,0.8765243902439026,1
2026-07-08 14:12:00+09:00,0.0036536593245073035,0.0,0.851829268292683,1
2026-07-08 14:13:00+09:00,0.00865056335753267,0.0,0.8887195121951221,1
2026-07-08 14:14:00+09:00,0.0002651373642572683,0.0,0.950609756097561,1
2026-07-08 14:15:00+09:00,-0.0052307026556405595,0.0,0.950609756097561,1
2026-07-08 14:16:00+09:00,0.008592335982317734,0.0,0.938719512195122,1
2026-07-08 14:17:00+09:00,0.0001281553585600349,0.0,0.900609756097561,1
2026-07-08 14:18:00+09:00,-0.005330681095821388,0.0,0.926219512195122,1
2026-07-08 14:19:00+09:00,0.00883962101782291,0.0,0.9378048780487807,1
2026-07-08 14:20:00+09:00,-0.0050110684415553995,0.0,0.9015243902439025,1
2026-07-08 14:21:00+09:00,-8.13726538740078e-05,0.0,0.8899390243902439,1
2026-07-08 14:22:00+09:00,0.00877884385750644,0.0,0.9625000000000001,1
2026-07-08 14:23:00+09:00,0.00010293356341022766,0.0,0.8390243902439025,1
2026-07-08 14:24:00+09:00,-0.00498372311518821,0.0,0.8890243902439026,1
2026-07-08 14:25:00+09:00,0.008783553444565018,0.0,1.0,1
2026-07-08 14:26:00+09:00,-0.03477828847371908,0.0,0.8884146341463416,1
2026-07-08 14:27:00+09:00,0.008708815839033676,0.0,0.9140243902439025,1
2026-07-08 14:28:00+09:00,0.00872606012165146,0.0,0.901829268292683,1
2026-07-08 14:29:00+09:00,-0.005140146422221167,0.0,0.938719512195122,1
2026-07-08 14:30:00+09:00,0.008850171297549732,0.0,0.9878048780487805,1
2026-07-08 14:31:00+09:00,-0.00018442108934893522,0.0,0.9259146341463416,1
2026-07-08 14:32:00+09:00,-0.005159781117043994,0.0,0.9878048780487805,1
2026-07-08 14:33:00+09:00,0.008876200061478457,0.0,0.9134146341463416,1
2026-07-08 14:34:00+09:00,2.4426830299665854e-05,0.0,0.9131097560975612,1
2026-07-08 14:35:00+09:00,-0.005260382903557698,0.0,0.9628048780487806,1
2026-07-08 14:36:00+09:00,0.003601978627778123,0.0,0.9381097560975611,1
2026-07-08 14:37:00+09:00,0.008838458328282414,0.0,0.925,1
2026-07-08 14:38:00+09:00,-0.005124255942157023,0.0,0.926219512195122,1
2026-07-08 14:39:00+09:00,0.008822980389471956,0.0,0.851219512195122,1
2026-07-08 14:40:00+09:00,0.000123193333939068,0.0,0.926219512195122,1
2026-07-08 14:41:00+09:00,-0.00011017910602970802,0.0,0.9131097560975612,1
2026-07-08 14:42:00+09:00,-0.005158713784079915,0.0,0.9387195121951221,1
2026-07-08 14:43:00+09:00,-0.00010646141628594422,0.0,0.9384146341463415,1
2026-07-08 14:44:00+09:00,0.0038205108049348072,0.0,0.9262195121951221,1
2026-07-08 14:45:00+09:00,0.0087519857036976,0.0,0.9509146341463416,1
2026-07-08 14:46:00+09:00,-0.005166297456180603,0.0,0.9384146341463415,1
2026-07-08 14:47:00+09:00,0.008761784600185599,0.0,0.9140243902439025,1
2026-07-08 14:48:00+09:00,-0.0001849127775806781,0.0,0.9259146341463416,1
2026-07-08 14:49:00+09:00,-0.004989255344570571,0.0,0.9384146341463415,1
2026-07-08 14:50:00+09:00,0.0035772063010904996,0.0,0.9996951219512196,1
2026-07-08 14:51:00+09:00,0.00885909781570325,0.0,0.950609756097561,1
2026-07-08 14:52:00+09:00,6.413469752172752e-05,0.0,0.9128048780487805,1
2026-07-08 14:53:00+09:00,0.0001296351600632092,0.0,0.950609756097561,1
2026-07-08 14:54:00+09:00,-0.004973777189405239,0.0,0.9750000000000001,1
2026-07-08 14:55:00+09:00,0.428426361075605,0.0,0.9628048780487806,1
2026-07-08 14:56:00+09:00,-0.011830484585318372,0.0,0.9378048780487805,1
2026-07-08 14:57:00+09:00,-0.03492153658988059,0.0,0.901219512195122,1
2026-07-08 14:58:00+09:00,0.01750184836039823,0.0,0.9631097560975611,1
2026-07-08 14:59:00+09:00,-0.00513313709304706,0.0,0.9875,1
2026-07-08 15:00:00+09:00,0.008771179652071867,0.0,0.938719512195122,1
2026-07-08 15:01:00+09:00,-0.005108320797503806,0.0,0.950609756097561,1
2026-07-08 15:02:00+09:00,0.008710258240372934,0.0,0.9503048780487806,1
2026-07-08 15:03:00+09:00,-0.029536535550103542,0.0,0.9381097560975611,1
2026-07-08 15:04:00+09:00,0.00375050607061311,0.0,1.0003048780487807,1
2026-07-08 15:05:00+09:00,0.0038467792223767774,0.0,1.0,1
2026-07-08 15:06:00+09:00,0.003758992119201263,0.0,0.9384146341463415,1
2026-07-08 15:07:00+09:00,0.008737689395710242,0.0,0.9131097560975612,1
2026-07-08 15:08:00+09:00,-0.005096790796752224,0.0,0.926219512195122,1
2026-07-08 15:09:00+09:00,0.008614615223174187,0.0,0.9259146341463416,1
2026-07-08 15:10:00+09:00,-0.005138552745841174,0.0,0.975609756097561,1
2026-07-08 15:11:00+09:00,0.003613692484291662,0.0,0.9753048780487805,1
2026-07-08 15:12:00+09:00,0.003619637046067689,0.0,0.9500000000000001,1
2026-07-08 15:13:00+09:00,0.008701707900566744,0.0,0.9387195121951221,1
2026-07-08 15:14:00+09:00,0.02086749105857446,1.8408454463332513,0.9999999999999999,1
2026-07-08 15:15:00+09:00,-0.006854837745129565,0.0,1.0401309846431799,1
2026-07-08 15:16:00+09:00,-3.7271972513145714e-05,0.0,0.9785989981111932,1
2026-07-08 15:17:00+09:00,0.00043802670197977763,0.0,1.0091124661246613,1
2026-07-08 15:18:00+09:00,7.021100367048705e-05,0.0,1.0186766034327008,1
2026-07-08 15:19:00+09:00,-0.0004053406102641857,0.0,1.0185400755522707,1
2026-07-08 15:20:00+09:00,-0.00014699992965967978,0.0,0.9972540445101421,1
2026-07-08 15:21:00+09:00,-0.00024316819613449923,0.0,1.036890243902439,1
2026-07-08 15:22:00+09:00,0.0006749019987993231,0.0,1.036890243902439,1
2026-07-08 15:23:00+09:00,0.0008938364013626512,0.0,1.049390243902439,1
2026-07-08 15:24:00+09:00,-0.0002098780487804878,1.049390243902439,0.0,1
2026-07-08 15:30:00+09:00,0.0,0.0,0.0,1
2026-07-09 09:00:00+09:00,0.0,0.0,0.0,1
2026-07-09 09:01:00+09:00,0.0,0.0,0.0,1
2026-07-09 09:02:00+09:00,0.0,0.0,0.0,1
2026-07-09 09:03:00+09:00,0.0,0.0,0.0,1
2026-07-09 09:04:00+09:00,0.0,0.0,0.0,1
2026-07-09 09:05:00+09:00,0.0,0.0,0.0,1
2026-07-09 09:06:00+09:00,0.0,0.0,0.0,1
2026-07-09 09:07:00+09:00,0.0,0.0,0.0,1
2026-07-09 09:08:00+09:00,0.0,0.0,0.0,1
2026-07-09 09:09:00+09:00,0.0,0.0,0.0,1
2026-07-09 09:10:00+09:00,0.0,0.0,0.0,1
2026-07-09 09:11:00+09:00,0.0,0.0,0.0,1
2026-07-09 09:12:00+09:00,0.0,0.0,0.0,1
2026-07-09 09:13:00+09:00,0.0,0.0,0.0,1
2026-07-09 09:14:00+09:00,0.0,0.0,0.0,1
2026-07-09 09:15:00+09:00,-0.00011557009216989336,1.0,1.0000000000000002,1
2026-07-09 09:16:00+09:00,-0.00029938999360509935,0.0,1.0000000000000002,1
2026-07-09 09:17:00+09:00,0.0005769242745280285,0.0,0.9875,1
2026-07-09 09:18:00+09:00,0.0004423715055986724,0.0,0.9628048780487806,1
2026-07-09 09:19:00+09:00,0.005552605278557057,0.0,0.9753048780487805,1
2026-07-09 09:20:00+09:00,-0.00884698686118154,0.0,1.0125000000000002,1
2026-07-09 09:21:00+09:00,-0.00013325007268281407,0.0,0.9753048780487805,1
2026-07-09 09:22:00+09:00,0.005234873140426571,0.0,1.0,1
2026-07-09 09:23:00+09:00,-0.008629509673585396,0.0,0.9759146341463416,1
2026-07-09 09:24:00+09:00,0.005744955921093838,0.0,0.9750000000000001,1
2026-07-09 09:25:00+09:00,-0.004008252829801608,0.0,1.0125000000000002,1
2026-07-09 09:26:00+09:00,-6.45294831695489e-05,0.0,0.938719512195122,1
2026-07-09 09:27:00+09:00,-0.008937242417726489,0.0,1.0003048780487807,1
2026-07-09 09:28:00+09:00,0.004826949945831433,0.0,0.938719512195122,1
2026-07-09 09:29:00+09:00,-0.00351515677784002,0.0,1.0125000000000002,1
2026-07-09 09:30:00+09:00,-0.003649812287575075,0.0,1.0003048780487807,1
2026-07-09 09:31:00+09:00,0.003885866106800372,0.0,1.0125000000000002,1
2026-07-09 09:32:00+09:00,-0.01337133372376018,0.0,0.9503048780487806,1
2026-07-09 09:33:00+09:00,0.0001277954895141176,0.0,0.9387195121951221,1
2026-07-09 09:34:00+09:00,0.00013432558764269213,0.0,0.9878048780487806,1
2026-07-09 09:35:00+09:00,0.0047787037909829974,0.0,0.9265243902439024,1
2026-07-09 09:36:00+09:00,-0.008720197491534935,0.0,0.9756097560975612,1
2026-07-09 09:37:00+09:00,6.883288639421143e-05,0.0,0.9756097560975611,1
2026-07-09 09:38:00+09:00,0.005118637900691918,0.0,0.9256097560975611,1
2026-07-09 09:39:00+09:00,-0.008751433152772,0.0,0.938719512195122,1
2026-07-09 09:40:00+09:00,-0.0002461326298091366,0.0,0.9384146341463415,1
2026-07-09 09:41:00+09:00,-0.0003841437585772327,0.0,0.9878048780487806,1
2026-07-09 09:42:00+09:00,0.005163675243754865,0.0,0.9756097560975611,1
2026-07-09 09:43:00+09:00,-0.00876642450847241,0.0,0.9881097560975611,1
2026-07-09 09:44:00+09:00,0.004803518771651046,0.0,0.951219512195122,1
2026-07-09 09:45:00+09:00,-0.000152865308159125,0.0,0.9265243902439024,1
2026-07-09 09:46:00+09:00,-0.008606783098780114,0.0,0.9881097560975611,1
2026-07-09 09:47:00+09:00,0.005157806992147445,0.0,0.951219512195122,1
2026-07-09 09:48:00+09:00,-3.910285204744347e-06,0.0,0.9509146341463416,1
2026-07-09 09:49:00+09:00,-0.008534532727849795,0.0,0.9634146341463415,1
2026-07-09 09:50:00+09:00,0.00011707320196148281,0.0,0.9628048780487807,1
2026-07-09 09:51:00+09:00,0.00012721290924074102,0.0,0.9756097560975611,1
2026-07-09 09:52:00+09:00,0.0052212467674885,0.0,0.950609756097561,1
2026-07-09 09:53:00+09:00,-0.008399353487636306,0.0,0.938719512195122,1
2026-07-09 09:54:00+09:00,-0.000335249242969403,0.0,0.9381097560975611,1
2026-07-09 09:55:00+09:00,0.005149005703195631,0.0,0.9509146341463416,1
2026-07-09 09:56:00+09:00,0.00016394774446253674,0.0,0.9390243902439026,1
2026-07-09 09:57:00+09:00,-0.015414951724602796,0.0,0.9509146341463415,1
2026-07-09 09:58:00+09:00,0.004490125178534376,0.0,0.901829268292683,1
2026-07-09 09:59:00+09:00,0.004918016932998932,0.0,0.950609756097561,1
2026-07-09 10:00:00+09:00,-0.008573640500499117,0.0,0.9759146341463416,1
2026-07-09 10:01:00+09:00,0.004998063716954821,0.0,0.9381097560975611,1
2026-07-09 10:02:00+09:00,-0.008472919357365244,0.0,0.9756097560975612,1
2026-07-09 10:03:00+09:00,0.0050561582883196935,0.0,0.926219512195122,1
2026-07-09 10:04:00+09:00,-0.008812268587947165,0.0,1.0,1
2026-07-09 10:05:00+09:00,-0.0003298509816542662,0.0,0.9265243902439025,1
2026-07-09 10:06:00+09:00,0.005066453104539014,0.0,0.9021341463414634,1
2026-07-09 10:07:00+09:00,-0.008757997782867843,0.0,0.9878048780487806,1
2026-07-09 10:08:00+09:00,0.0050414409662539635,0.0,0.9259146341463416,1
2026-07-09 10:09:00+09:00,-0.008472540893907931,0.0,0.9753048780487806,1
2026-07-09 10:10:00+09:00,0.0051118238143834,0.0,0.9381097560975611,1
2026-07-09 10:11:00+09:00,-0.008674796029873021,0.0,0.913719512195122,1
2026-07-09 10:12:00+09:00,0.00023721119497512326,0.0,1.0,1
2026-07-09 10:13:00+09:00,0.004930265723020941,0.0,0.9012195121951221,1
2026-07-09 10:14:00+09:00,-0.0039006366687505643,0.0,0.9878048780487806,1
2026-07-09 10:15:00+09:00,0.41015284746953745,0.0,0.9634146341463414,1
2026-07-09 10:16:00+09:00,-0.006753331679902214,0.0,0.9628048780487806,1
2026-07-09 10:17:00+09:00,-0.0035434399764023433,0.0,1.0,1
2026-07-09 10:18:00+09:00,-0.0034088242928575776,0.0,0.9140243902439025,1
2026-07-09 10:19:00+09:00,-0.003528227099584132,0.0,1.0125000000000002,1
2026-07-09 10:20:00+09:00,-0.008534875563238715,0.0,0.9384146341463415,1
2026-07-09 10:21:00+09:00,4.524087593699627e-05,0.0,0.9634146341463415,1
2026-07-09 10:22:00+09:00,0.0002400471189651895,0.0,0.9753048780487805,1
2026-07-09 10:23:00+09:00,0.0001714646578354414,0.0,0.950609756097561,1
2026-07-09 10:24:00+09:00,0.0053296251829185945,0.0,0.901829268292683,1
2026-07-09 10:25:00+09:00,0.00011542594819444583,0.0,0.9756097560975611,1
2026-07-09 10:26:00+09:00,-0.008821211416218675,0.0,0.9384146341463415,1
2026-07-09 10:27:00+09:00,7.553263815186162e-06,0.0,0.9631097560975611,1
2026-07-09 10:28:00+09:00,8.876983290732348e-05,0.0,0.9140243902439025,1
2026-07-09 10:29:00+09:00,0.005393620793928603,0.0,0.9381097560975611,1
2026-07-09 10:30:00+09:00,-0.008750744391617582,0.0,0.963109756097561,1
2026-07-09 10:31:00+09:00,-4.7976262705229874e-05,0.0,0.963109756097561,1
2026-07-09 10:32:00+09:00,0.0002113547489962524,0.0,0.926219512195122,1
2026-07-09 10:33:00+09:00,0.005009233331794944,0.0,0.963109756097561,1
2026-07-09 10:34:00+09:00,-0.008798219248511333,0.0,0.975609756097561,1
2026-07-09 10:35:00+09:00,0.00011932993154590021,0.0,0.913719512195122,1
2026-07-09 10:36:00+09:00,-2.464767182102924e-05,0.0,0.901829268292683,1
2026-07-09 10:37:00+09:00,0.005060831389264752,0.0,0.9878048780487806,1
2026-07-09 10:38:00+09:00,-0.00861539971084634,0.0,0.950609756097561,1
2026-07-09 10:39:00+09:00,-9.804492800369523e-06,0.0,0.9140243902439026,1
2026-07-09 10:40:00+09:00,-0.00013720743054745953,0.0,0.950609756097561,1
2026-07-09 10:41:00+09:00,0.00013919673402459316,0.0,0.8890243902439025,1
2026-07-09 10:42:00+09:00,0.005137129292103354,0.0,0.963109756097561,1
2026-07-09 10:43:00+09:00,-0.0002758677755418209,0.0,0.8765243902439025,1
2026-07-09 10:44:00+09:00,-0.00832373094328972,0.0,0.938719512195122,1
2026-07-09 10:45:00+09:00,0.0001900132535216672,0.0,0.914329268292683,1
2026-07-09 10:46:00+09:00,3.790062711867179e-05,0.0,0.9512195121951221,1
2026-07-09 10:47:00+09:00,0.005204580602663291,0.0,0.938719512195122,1
2026-07-09 10:48:00+09:00,-0.00869799418551618,0.0,0.963109756097561,1
2026-07-09 10:49:00+09:00,-6.397959466003103e-05,0.0,0.9015243902439025,1
2026-07-09 10:50:00+09:00,0.005126068951250922,0.0,0.9140243902439025,1
2026-07-09 10:51:00+09:00,-0.00853845889129292,0.0,0.926219512195122,1
2026-07-09 10:52:00+09:00,0.005194071019595814,0.0,0.9756097560975612,1
2026-07-09 10:53:00+09:00,-0.008548638895961913,0.0,0.9753048780487805,1
2026-07-09 10:54:00+09:00,0.0051500354214350395,0.0,0.9265243902439025,1
2026-07-09 10:55:00+09:00,-0.006884389742130294,0.0,0.9009146341463417,1
2026-07-09 10:56:00+09:00,-0.0028293998454472402,0.0,0.976219512195122,1
2026-07-09 10:57:00+09:00,-0.0041338861402984125,0.0,0.9390243902439026,1
2026-07-09 10:58:00+09:00,0.007350259612665411,0.0,0.9509146341463416,1
2026-07-09 10:59:00+09:00,0.0007289561083057099,0.0,0.926219512195122,1
2026-07-09 11:00:00+09:00,0.00013531687474361447,0.0,0.9503048780487806,1
2026-07-09 11:01:00+09:00,-0.0037187815008246495,0.0,0.9753048780487805,1
2026-07-09 11:02:00+09:00,-0.008914789616068937,0.0,1.0003048780487807,1
2026-07-09 11:03:00+09:00,0.005038020779776234,0.0,0.9012195121951221,1
2026-07-09 11:04:00+09:00,-9.054725915294038e-05,0.0,0.9015243902439025,1
2026-07-09 11:05:00+09:00,0.0001350401152401452,0.0,0.889329268292683,1
2026-07-09 11:06:00+09:00,-0.00917982421236464,0.0,0.9753048780487805,1
2026-07-09 11:07:00+09:00,0.005089772234819756,0.0,0.9753048780487805,1
2026-07-09 11:08:00+09:00,-2.95855550464153e-05,0.0,0.9381097560975611,1
2026-07-09 11:09:00+09:00,-0.008650955661725714,0.0,0.9381097560975611,1
2026-07-09 11:10:00+09:00,-0.00019513809640284415,0.0,0.9387195121951221,1
2026-07-09 11:11:00+09:00,-7.034427095166266e-06,0.0,0.9390243902439025,1
2026-07-09 11:12:00+09:00,0.005106245477445815,0.0,0.9390243902439026,1
2026-07-09 11:13:00+09:00,-0.00857680822230591,0.0,0.950609756097561,1
2026-07-09 11:14:00+09:00,-0.0002255791512194834,0.0,0.913719512195122,1
2026-07-09 11:15:00+09:00,0.005212781789519065,0.0,0.9878048780487806,1
2026-07-09 11:16:00+09:00,-0.008633034888065137,0.0,0.9387195121951222,1
2026-07-09 11:17:00+09:00,-0.00020375174378136843,0.0,0.9012195121951221,1
2026-07-09 11:18:00+09:00,0.005007549499231136,0.0,0.864939024390244,1
2026-07-09 11:19:00+09:00,-0.008702103633418135,0.0,0.9390243902439026,1
2026-07-09 11:20:00+09:00,0.00012615864813393294,0.0,0.9015243902439025,1
2026-07-09 11:21:00+09:00,0.0001319329972462654,0.0,0.9628048780487806,1
2026-07-09 11:22:00+09:00,0.005185867492033953,0.0,0.9509146341463415,1
2026-07-09 11:23:00+09:00,-0.003533984317933593,0.0,0.9628048780487806,1
2026-07-09 11:24:00+09:00,-0.008544376421590345,0.0,0.9012195121951221,1
2026-07-09 11:25:00+09:00,0.42101482854916905,0.0,0.9628048780487806,1
2026-07-09 11:26:00+09:00,-0.011900822760254353,0.0,0.950609756097561,1
2026-07-09 11:27:00+09:00,-0.008835531343849349,0.012195121951219513,0.9387195121951221,1
2026-07-09 11:28:00+09:00,-9.905792599295245e-05,0.03658536585365854,0.926829268292683,1
2026-07-09 11:29:00+09:00,0.004930625487130742,0.938719512195122,0.0125,1
2026-07-09 11:30:00+09:00,-2.5e-06,0.0125,0.0,1
2026-07-09 12:30:00+09:00,-0.008673679159379978,1.0,1.0125000000000002,1
2026-07-09 12:31:00+09:00,0.004656609553066989,0.0,0.9878048780487806,1
2026-07-09 12:32:00+09:00,-0.0036431448052185868,0.0,0.9637195121951221,1
2026-07-09 12:33:00+09:00,-0.003393080299943884,0.0,0.963109756097561,1
2026-07-09 12:34:00+09:00,-0.008484392957978754,0.0,0.9881097560975611,1
2026-07-09 12:35:00+09:00,-0.00013425480566869467,0.0,0.9756097560975611,1
2026-07-09 12:36:00+09:00,0.005033303398391599,0.0,0.9021341463414636,1
2026-07-09 12:37:00+09:00,-0.003473421433467527,0.0,0.938719512195122,1
2026-07-09 12:38:00+09:00,-0.0033887610101836284,0.0,1.0003048780487807,1
2026-07-09 12:39:00+09:00,-0.00345849855451043,0.0,0.9878048780487805,1
2026-07-09 12:40:00+09:00,-0.008520379016978264,0.0,0.9878048780487806,1
2026-07-09 12:41:00+09:00,0.005050826774266428,0.0,0.9509146341463416,1
2026-07-09 12:42:00+09:00,-0.008694888760281735,0.0,0.9756097560975611,1
2026-07-09 12:43:00+09:00,-0.0003196526284030161,0.0,0.9509146341463416,1
2026-07-09 12:44:00+09:00,-4.236852527433423e-05,0.0,0.914329268292683,1
2026-07-09 12:45:00+09:00,0.005276333431233601,0.0,0.9878048780487805,1
2026-07-09 12:46:00+09:00,8.534263645251261e-05,0.0,0.8771341463414635,1
2026-07-09 12:47:00+09:00,9.066369314845897e-05,0.0,0.9265243902439025,1
2026-07-09 12:48:00+09:00,-0.008524617125172896,0.0,0.8518292682926829,1
2026-07-09 12:49:00+09:00,1.1470813197580976e-05,0.0,0.9509146341463416,1
2026-07-09 12:50:00+09:00,0.00012693165731293232,0.0,0.950609756097561,1
2026-07-09 12:51:00+09:00,0.005093387471007125,0.0,0.9384146341463415,1
2026-07-09 12:52:00+09:00,-0.008794104442681151,0.0,0.9390243902439025,1
2026-07-09 12:53:00+09:00,1.3939532229316876e-06,0.0,0.9387195121951222,1
2026-07-09 12:54:00+09:00,0.0049794232829204425,0.0,0.926219512195122,1
2026-07-09 12:55:00+09:00,-0.008619567560212505,0.0,0.9875,1
2026-07-09 12:56:00+09:00,5.438071847745871e-05,0.0,0.950609756097561,1
2026-07-09 12:57:00+09:00,0.01247294468623305,0.0,0.9140243902439026,1
2026-07-09 12:58:00+09:00,-0.020304399834809164,0.0,0.9996951219512196,1
2026-07-09 12:59:00+09:00,4.568442869658067e-05,0.0,0.9381097560975611,1
2026-07-09 13:00:00+09:00,0.00942504273876645,0.0,0.9381097560975611,1
2026-07-09 13:01:00+09:00,0.19330479610226256,0.0,0.9384146341463415,1
2026-07-09 13:02:00+09:00,-0.006299584817067475,0.0,0.938109756097561,1
2026-07-09 13:03:00+09:00,-0.008709646767901704,0.0,0.9381097560975611,1
2026-07-09 13:04:00+09:00,-3.932123499754959e-06,0.0,0.9503048780487806,1
2026-07-09 13:05:00+09:00,4.1791407645811035e-05,0.0,0.9009146341463415,1
2026-07-09 13:06:00+09:00,0.00010991958765757328,0.0,0.8033536585365855,1
2026-07-09 13:07:00+09:00,-0.00011690176539411834,0.0,0.9631097560975611,1
2026-07-09 13:08:00+09:00,3.503300151394301e-05,0.0,0.9006097560975611,1
2026-07-09 13:09:00+09:00,0.00525144363403666,0.0,0.9015243902439025,1
2026-07-09 13:10:00+09:00,-0.008739937881566542,0.0,0.8152439024390244,1
2026-07-09 13:11:00+09:00,-9.011447187367231e-05,0.0,0.9015243902439025,1
2026-07-09 13:12:00+09:00,5.49379230918983e-05,0.0,0.888719512195122,1
2026-07-09 13:13:00+09:00,-0.00012503320153645583,0.0,0.838719512195122,1
2026-07-09 13:14:00+09:00,0.005130521548084555,0.0,0.8765243902439025,1
2026-07-09 13:15:00+09:00,-0.003622957271856138,0.0,0.926219512195122,1
2026-07-09 13:16:00+09:00,-0.008369799384330988,0.0,0.926829268292683,1
2026-07-09 13:17:00+09:00,3.0057243257903445e-05,0.0,0.9509146341463416,1
2026-07-09 13:18:00+09:00,0.005081941622724815,0.0,0.9753048780487805,1
2026-07-09 13:19:00+09:00,-0.008575697100265643,0.0,1.0003048780487807,1
2026-07-09 13:20:00+09:00,0.0001432947408626561,0.0,0.901829268292683,1
2026-07-09 13:21:00+09:00,0.005019344572671951,0.0,0.8640243902439024,1
2026-07-09 13:22:00+09:00,3.771599339851524e-05,0.0,0.925609756097561,1
2026-07-09 13:23:00+09:00,0.00029689950725421025,0.0,0.9259146341463416,1
2026-07-09 13:24:00+09:00,-0.008608850260896835,0.0,0.9628048780487806,1
2026-07-09 13:25:00+09:00,-6.315371460561303e-06,0.0,0.9753048780487806,1
2026-07-09 13:26:00+09:00,0.005024266612949731,0.0,0.9134146341463415,1
2026-07-09 13:27:00+09:00,-5.644367885933523e-05,0.0,0.876829268292683,1
2026-07-09 13:28:00+09:00,5.6010691038968683e-05,0.0,0.8896341463414634,1
2026-07-09 13:29:00+09:00,-0.008703927796335269,0.0,0.926219512195122,1
2026-07-09 13:30:00+09:00,-2.881735747919403e-05,0.0,0.9140243902439025,1
2026-07-09 13:31:00+09:00,1.939557632160042e-05,0.0,0.9259146341463416,1
2026-07-09 13:32:00+09:00,6.0199569703011556e-05,0.0,0.9006097560975611,1
2026-07-09 13:33:00+09:00,-0.007122061595152497,0.0,0.9012195121951221,1
2026-07-09 13:34:00+09:00,0.004524750316506495,0.0,0.926219512195122,1
2026-07-09 13:35:00+09:00,0.005114036134981387,0.0,0.889329268292683,1
2026-07-09 13:36:00+09:00,-0.008746688247531765,0.0,0.878048780487805,1
2026-07-09 13:37:00+09:00,2.6367556212832025e-05,0.0,0.9265243902439025,1
2026-07-09 13:38:00+09:00,0.005037397771317667,0.0,0.950609756097561,1
2026-07-09 13:39:00+09:00,-0.008657755144666632,0.0,0.8777439024390246,1
2026-07-09 13:40:00+09:00,3.0289572668635685e-05,0.0,0.963109756097561,1
2026-07-09 13:41:00+09:00,6.00117928541009e-05,0.0,0.826829268292683,1
2026-07-09 13:42:00+09:00,0.005042382159296608,0.0,0.938719512195122,1
2026-07-09 13:43:00+09:00,-0.008513681598235812,0.0,0.9012195121951221,1
2026-07-09 13:44:00+09:00,5.0084297927545295e-05,0.0,0.790548780487805,1
2026-07-09 13:45:00+09:00,4.140338687369778e-05,0.0,0.864939024390244,1
2026-07-09 13:46:00+09:00,-3.596997537800237e-05,0.0,0.963109756097561,1
2026-07-09 13:47:00+09:00,-5.827159987730537e-07,0.0,0.9512195121951221,1
2026-07-09 13:48:00+09:00,8.479195245835043e-05,0.0,0.8146341463414635,1
2026-07-09 13:49:00+09:00,0.005073778120762562,0.0,0.9259146341463416,1
2026-07-09 13:50:00+09:00,-0.008835501306445618,0.0,0.9259146341463416,1
2026-07-09 13:51:00+09:00,2.25973180581723e-05,0.0,0.8884146341463415,1
2026-07-09 13:52:00+09:00,9.110172294999282e-05,0.0,0.8393292682926831,1
2026-07-09 13:53:00+09:00,0.0050879941382605785,0.0,0.9265243902439027,1
2026-07-09 13:54:00+09:00,-0.008572945597970347,0.0,0.888719512195122,1
2026-07-09 13:55:00+09:00,8.210285465562583e-05,0.0,0.9015243902439025,1
2026-07-09 13:56:00+09:00,3.869683599026157e-05,0.0,0.8640243902439025,1
2026-07-09 13:57:00+09:00,0.00014720792967049697,0.0,0.8771341463414635,1
2026-07-09 13:58:00+09:00,-0.00015073844451515464,0.0,0.9384146341463415,1
2026-07-09 13:59:00+09:00,-0.00010417873659620493,0.0,0.8646341463414635,1
2026-07-09 14:00:00+09:00,3.973276477354533e-05,0.0,0.9268292682926831,1
2026-07-09 14:01:00+09:00,-1.4332382611931825e-05,0.0,0.9012195121951221,1
2026-07-09 14:02:00+09:00,6.732774668630315e-05,0.0,0.8765243902439026,1
2026-07-09 14:03:00+09:00,-2.9473712107535235e-05,0.0,0.9134146341463416,1
2026-07-09 14:04:00+09:00,0.00013010648009177054,0.0,0.950609756097561,1
2026-07-09 14:05:00+09:00,-4.850761552462276e-05,0.0,0.9750000000000001,1
2026-07-09 14:06:00+09:00,4.642508994656384e-05,0.0,0.925609756097561,1
2026-07-09 14:07:00+09:00,2.1930554542103706e-05,0.0,0.864939024390244,1
2026-07-09 14:08:00+09:00,-0.00017851005466646582,0.0,0.9509146341463415,1
2026-07-09 14:09:00+09:00,0.005111740567743896,0.0,0.926829268292683,1
2026-07-09 14:10:00+09:00,-0.003905967137355377,0.0,0.9634146341463417,1
2026-07-09 14:11:00+09:00,-0.008713872832607066,0.0,1.0125000000000002,1
2026-07-09 14:12:00+09:00,0.005084876332016607,0.0,0.9878048780487806,1
2026-07-09 14:13:00+09:00,2.8641262012350705e-05,0.0,0.9134146341463415,1
2026-07-09 14:14:00+09:00,7.098827398496432e-05,0.0,0.9140243902439025,1
2026-07-09 14:15:00+09:00,-0.008394113845421353,0.0,0.975609756097561,1
2026-07-09 14:16:00+09:00,-0.00017340107818419529,0.0,1.0,1
2026-07-09 14:17:00+09:00,0.005291759309689162,0.0,0.9753048780487805,1
2026-07-09 14:18:00+09:00,-0.008682508256070604,0.0,0.9509146341463417,1
2026-07-09 14:19:00+09:00,2.1211529206110412e-05,0.0,0.9625000000000001,1
2026-07-09 14:20:00+09:00,0.005023477023431769,0.0,0.8408536585365856,1
2026-07-09 14:21:00+09:00,-0.003697083106635242,0.0,0.8896341463414635,1
2026-07-09 14:22:00+09:00,-0.008809035680463456,0.0,0.9259146341463416,1
2026-07-09 14:23:00+09:00,5.505743714898808e-05,0.0,0.9634146341463417,1
2026-07-09 14:24:00+09:00,-3.9215514470946486e-05,0.0,0.950609756097561,1
2026-07-09 14:25:00+09:00,-5.2896998492636645e-05,0.0,0.9134146341463416,1
2026-07-09 14:26:00+09:00,-4.5872290100599925e-05,0.0,0.8896341463414634,1
2026-07-09 14:27:00+09:00,0.005207609859237499,0.0,0.9634146341463415,1
2026-07-09 14:28:00+09:00,-0.00862324848963741,0.0,0.9134146341463415,1
2026-07-09 14:29:00+09:00,0.00027752866744181533,0.0,0.9878048780487806,1
2026-07-09 14:30:00+09:00,-0.00010930236698961776,0.0,1.0,1
2026-07-09 14:31:00+09:00,0.005145058570363255,0.0,0.8887195121951219,1
2026-07-09 14:32:00+09:00,-0.0036075486020316454,0.0,0.9881097560975611,1
2026-07-09 14:33:00+09:00,-0.008782799123026144,0.0,1.0003048780487807,1
2026-07-09 14:34:00+09:00,-6.142268865554243e-05,0.0,0.9265243902439025,1
2026-07-09 14:35:00+09:00,0.00011624841340603086,0.0,0.9878048780487806,1
2026-07-09 14:36:00+09:00,-0.00015071912207183664,0.0,0.9634146341463415,1
2026-07-09 14:37:00+09:00,8.866527745733069e-05,0.0,0.9509146341463415,1
2026-07-09 14:38:00+09:00,-9.366025571750997e-06,0.0,0.876219512195122,1
2026-07-09 14:39:00+09:00,0.00499195155303228,0.0,0.9628048780487806,1
2026-07-09 14:40:00+09:00,-1.943002508062991e-05,0.0,0.9021341463414635,1
2026-07-09 14:41:00+09:00,0.00012753662081140348,0.0,0.9134146341463416,1
2026-07-09 14:42:00+09:00,-0.008689086195494718,0.0,0.9390243902439026,1
2026-07-09 14:43:00+09:00,-0.00010157353638363025,0.0,0.938719512195122,1
2026-07-09 14:44:00+09:00,-8.256927240939784e-05,0.0,0.9753048780487805,1
2026-07-09 14:45:00+09:00,0.005044587824664986,0.0,0.9262195121951221,1
2026-07-09 14:46:00+09:00,-0.0034589206632533614,0.0,0.9753048780487805,1
2026-07-09 14:47:00+09:00,-0.00871376197477009,0.0,0.951219512195122,1
2026-07-09 14:48:00+09:00,-4.700597805956025e-05,0.0,0.8521341463414634,1
2026-07-09 14:49:00+09:00,0.005045960708863846,0.0,0.9259146341463416,1
2026-07-09 14:50:00+09:00,-0.008756131072729706,0.0,0.9631097560975611,1
2026-07-09 14:51:00+09:00,-0.0018836946935019963,0.0,0.9509146341463415,1
2026-07-09 14:52:00+09:00,-0.011449559219001907,0.0,1.0128048780487806,1
2026-07-09 14:53:00+09:00,0.004511388123295105,0.0,0.9634146341463415,1
2026-07-09 14:54:00+09:00,-7.996700392032683e-05,0.0,0.9384146341463415,1
2026-07-09 14:55:00+09:00,0.0001346895963734634,0.0,0.9140243902439025,1
2026-07-09 14:56:00+09:00,0.00014231699134680198,0.0,0.9628048780487807,1
2026-07-09 14:57:00+09:00,4.931717221740414e-05,0.0,0.9750000000000001,1
2026-07-09 14:58:00+09:00,-0.00016210682982659697,0.0,0.9259146341463416,1
2026-07-09 14:59:00+09:00,-0.00016508819654245487,0.0,0.963109756097561,1
2026-07-09 15:00:00+09:00,6.0395833549005725e-05,0.0,0.9750000000000001,1
2026-07-09 15:01:00+09:00,0.005172600916939388,0.0,0.9875,1
2026-07-09 15:02:00+09:00,-0.0036219727689687756,0.0,0.9878048780487805,1
2026-07-09 15:03:00+09:00,-0.008511358536398866,0.0,0.9378048780487805,1
2026-07-09 15:04:00+09:00,-3.955073199306074e-05,0.0,0.9387195121951221,1
2026-07-09 15:05:00+09:00,0.005003891043091093,0.0,0.9753048780487805,1
2026-07-09 15:06:00+09:00,6.419146731027494e-05,0.0,0.9628048780487806,1
2026-07-09 15:07:00+09:00,-0.008622284026003808,0.0,0.9381097560975611,1
2026-07-09 15:08:00+09:00,0.41736113564646765,0.0,0.9509146341463416,1
2026-07-09 15:09:00+09:00,-0.011776400020042278,0.0,0.9625,1
2026-07-09 15:10:00+09:00,0.0050996055177685564,0.0,0.938719512195122,1
2026-07-09 15:11:00+09:00,-0.008616265370502054,0.0,0.975609756097561,1
2026-07-09 15:12:00+09:00,0.0049930603292495344,0.0,0.9878048780487806,1
2026-07-09 15:13:00+09:00,-0.0085726449503954,0.0,0.9875,1
2026-07-09 15:14:00+09:00,-0.0006106499917977965,1.7842862266857964,1.0,1
2026-07-09 15:15:00+09:00,0.0002294616776584272,0.0,1.0172824007651842,1
2026-07-09 15:16:00+09:00,0.00010077025665938567,0.0,0.9876745576279293,1
2026-07-09 15:17:00+09:00,0.00017129622153713402,0.0,0.968262792922047,1
2026-07-09 15:18:00+09:00,2.5495792907314224e-05,0.0,1.026890243902439,1
2026-07-09 15:19:00+09:00,0.00011205836401038946,0.0,0.9753706360593019,1
2026-07-09 15:20:00+09:00,-0.00025484391291244533,0.0,1.0172824007651842,1
2026-07-09 15:21:00+09:00,-0.00010492699836071236,0.0,1.0148912003825923,1
2026-07-09 15:22:00+09:00,-0.00017707528298729458,0.0,1.0172824007651842,1
2026-07-09 15:23:00+09:00,0.0004516326160198665,0.0,1.0270863223338118,1
2026-07-09 15:24:00+09:00,-0.00020737804878048782,1.036890243902439,0.0,1
2026-07-09 15:30:00+09:00,0.0,0.0,0.0,1
2026-07-10 09:00:00+09:00,0.0,0.0,0.0,1
2026-07-10 09:01:00+09:00,0.0,0.0,0.0,1
2026-07-10 09:02:00+09:00,0.0,0.0,0.0,1
2026-07-10 09:03:00+09:00,0.0,0.0,0.0,1
2026-07-10 09:04:00+09:00,0.0,0.0,0.0,1
2026-07-10 09:05:00+09:00,0.0,0.0,0.0,1
2026-07-10 09:06:00+09:00,0.0,0.0,0.0,1
2026-07-10 09:07:00+09:00,0.0,0.0,0.0,1
2026-07-10 09:08:00+09:00,0.0,0.0,0.0,1
2026-07-10 09:09:00+09:00,0.0,0.0,0.0,1
2026-07-10 09:10:00+09:00,0.0,0.0,0.0,1
2026-07-10 09:11:00+09:00,0.0,0.0,0.0,1
2026-07-10 09:12:00+09:00,0.0,0.0,0.0,1
2026-07-10 09:13:00+09:00,0.0,0.0,0.0,1
2026-07-10 09:14:00+09:00,0.0,0.0,0.0,1
2026-07-10 09:15:00+09:00,0.00019099995125193886,1.0,1.0,1
2026-07-10 09:16:00+09:00,-0.0005795101797185613,0.0,0.9864864864864865,1
2026-07-10 09:17:00+09:00,5.102096826113735e-05,0.0,0.9864864864864864,1
2026-07-10 09:18:00+09:00,-0.004965402389069887,0.0,0.9861111111111112,1
2026-07-10 09:19:00+09:00,0.008972258325845148,0.0,1.0135135135135136,1
2026-07-10 09:20:00+09:00,-0.00019541353509353762,0.0,0.959084084084084,1
2026-07-10 09:21:00+09:00,0.0005517621352631132,0.0,0.9864864864864865,1
2026-07-10 09:22:00+09:00,0.0007509883250023535,0.0,0.972972972972973,1
2026-07-10 09:23:00+09:00,0.0001004316481827217,0.0,0.9864864864864865,1
2026-07-10 09:24:00+09:00,-0.0057658548792679665,0.0,1.0,1
2026-07-10 09:25:00+09:00,0.009547262986978665,0.0,1.0,1
2026-07-10 09:26:00+09:00,0.00022927933174145715,0.0,1.0,1
2026-07-10 09:27:00+09:00,-0.0002991823240074212,0.0,0.9725975975975977,1
2026-07-10 09:28:00+09:00,-0.0005629146366370823,0.0,1.0,1
2026-07-10 09:29:00+09:00,-0.00018107252667599747,0.0,0.972972972972973,1
2026-07-10 09:30:00+09:00,-1.3122589395815517e-05,0.0,1.0,1
2026-07-10 09:31:00+09:00,0.000436325547777806,0.0,0.9864864864864865,1
2026-07-10 09:32:00+09:00,-0.005281478360027676,0.0,0.9864864864864866,1
2026-07-10 09:33:00+09:00,0.009009098460197328,0.0,1.0,1
2026-07-10 09:34:00+09:00,7.53219261700546e-05,0.0,1.0,1
2026-07-10 09:35:00+09:00,0.0001385554867288347,0.0,1.0,1
2026-07-10 09:36:00+09:00,6.150545961408979e-05,0.0,0.9590840840840841,1
2026-07-10 09:37:00+09:00,-0.0052242968817597405,0.0,0.9320570570570571,1
2026-07-10 09:38:00+09:00,0.00888186498622766,0.0,0.9864864864864865,1
2026-07-10 09:39:00+09:00,-0.005571924355937899,0.0,0.9459459459459459,1
2026-07-10 09:40:00+09:00,-7.271738197621856e-05,0.0,0.9455705705705706,1
2026-07-10 09:41:00+09:00,0.008641706237220223,0.0,0.9725975975975977,1
2026-07-10 09:42:00+09:00,-0.005503554040206169,0.0,0.9451951951951953,1
2026-07-10 09:43:00+09:00,0.009001478043990756,0.0,0.9594594594594593,1
2026-07-10 09:44:00+09:00,4.4938712021332264e-05,0.0,0.9181681681681682,1
2026-07-10 09:45:00+09:00,-3.9070733514416494e-05,0.0,0.9590840840840841,1
2026-07-10 09:46:00+09:00,7.696779437763587e-05,0.0,0.9725975975975976,1
2026-07-10 09:47:00+09:00,0.00047775421389542616,0.0,0.9455705705705706,1
2026-07-10 09:48:00+09:00,6.53793117194016e-05,0.0,0.9174174174174174,1
2026-07-10 09:49:00+09:00,5.305432164806524e-05,0.0,0.9590840840840841,1
2026-07-10 09:50:00+09:00,-0.005211233824954881,0.0,0.9587087087087087,1
2026-07-10 09:51:00+09:00,0.00901131975011117,0.0,0.972972972972973,1
2026-07-10 09:52:00+09:00,-0.00015096976884855618,0.0,0.9722222222222222,1
2026-07-10 09:53:00+09:00,-0.00028516450087502795,0.0,0.9320570570570571,1
2026-07-10 09:54:00+09:00,0.0001197079467891941,0.0,0.9590840840840841,1
2026-07-10 09:55:00+09:00,-0.00011186433048055586,0.0,0.9594594594594594,1
2026-07-10 09:56:00+09:00,6.674168535670508e-05,0.0,0.932057057057057,1
2026-07-10 09:57:00+09:00,-5.162466521666264e-05,0.0,0.9864864864864864,1
2026-07-10 09:58:00+09:00,-0.0001332897187989342,0.0,1.0,1
2026-07-10 09:59:00+09:00,4.683654803207728e-05,0.0,0.9174174174174174,1
2026-07-10 10:00:00+09:00,0.0001373493803722672,0.0,0.9587087087087087,1
2026-07-10 10:01:00+09:00,-6.945923349015688e-05,0.0,0.972972972972973,1
2026-07-10 10:02:00+09:00,-0.005525530440862719,0.0,1.0,1
2026-07-10 10:03:00+09:00,0.008983722083104002,0.0,0.9725975975975976,1
2026-07-10 10:04:00+09:00,0.00014970406400087878,0.0,0.9455705705705706,1
2026-07-10 10:05:00+09:00,0.00010694215407646794,0.0,0.9594594594594594,1
2026-07-10 10:06:00+09:00,-0.005244935131807639,0.0,0.972972972972973,1
2026-07-10 10:07:00+09:00,0.008999461963659647,0.0,0.9864864864864865,1
2026-07-10 10:08:00+09:00,7.014053939967708e-05,0.0,0.9725975975975976,1
2026-07-10 10:09:00+09:00,0.0002034363717354934,0.0,0.9590840840840842,1
2026-07-10 10:10:00+09:00,-0.005390863941141007,0.0,0.972972972972973,1
2026-07-10 10:11:00+09:00,0.009020001054708649,0.0,0.9729729729729729,1
2026-07-10 10:12:00+09:00,0.0001921266292252932,0.0,0.9864864864864865,1
2026-07-10 10:13:00+09:00,9.786091016368003e-05,0.0,0.972972972972973,1
2026-07-10 10:14:00+09:00,-0.00561707674040535,0.0,1.0,1
2026-07-10 10:15:00+09:00,0.009002744470311849,0.0,0.9590840840840841,1
2026-07-10 10:16:00+09:00,0.0004270198735138567,0.0,0.8907657657657657,1
2026-07-10 10:17:00+09:00,-9.560457238463306e-05,0.0,0.9583333333333334,1
2026-07-10 10:18:00+09:00,-0.005375665152317831,0.0,0.9864864864864864,1
2026-07-10 10:19:00+09:00,0.0033506919654836525,0.0,0.9729729729729729,1
2026-07-10 10:20:00+09:00,0.009130242609666868,0.0,0.972972972972973,1
2026-07-10 10:21:00+09:00,0.00010397094602005724,0.0,0.9725975975975976,1
2026-07-10 10:22:00+09:00,-8.907073894728266e-05,0.0,0.9181681681681682,1
2026-07-10 10:23:00+09:00,-6.600704581121027e-05,0.0,0.9590840840840841,1
2026-07-10 10:24:00+09:00,-8.395008940399729e-05,0.0,0.9587087087087087,1
2026-07-10 10:25:00+09:00,7.156856571406202e-05,0.0,0.9046546546546547,1
2026-07-10 10:26:00+09:00,-2.612054378272457e-06,0.0,0.9590840840840841,1
2026-07-10 10:27:00+09:00,3.606117472725364e-05,0.0,0.9181681681681682,1
2026-07-10 10:28:00+09:00,-0.005401281638976363,0.0,0.9042792792792792,1
2026-07-10 10:29:00+09:00,8.701779501979511e-05,0.0,0.972972972972973,1
2026-07-10 10:30:00+09:00,0.008774036246686951,0.0,1.0135135135135136,1
2026-07-10 10:31:00+09:00,-0.0001542902732261658,0.0,1.0,1
2026-07-10 10:32:00+09:00,-7.91389038960503e-05,0.0,0.9177927927927927,1
2026-07-10 10:33:00+09:00,-0.005414895393723003,0.0,0.9316816816816818,1
2026-07-10 10:34:00+09:00,0.00022907871577667092,0.0,0.9455705705705706,1
2026-07-10 10:35:00+09:00,0.008885789654169673,0.0,0.8907657657657657,1
2026-07-10 10:36:00+09:00,5.955365100361476e-05,0.0,0.9181681681681682,1
2026-07-10 10:37:00+09:00,5.735256510157783e-05,0.0,0.959084084084084,1
2026-07-10 10:38:00+09:00,-0.00021943426537332882,0.0,0.9185435435435435,1
2026-07-10 10:39:00+09:00,0.0002009142201052396,0.0,0.9324324324324325,1
2026-07-10 10:40:00+09:00,6.575105688689487e-05,0.0,0.932057057057057,1
2026-07-10 10:41:00+09:00,6.256141957521852e-05,0.0,0.932057057057057,1
2026-07-10 10:42:00+09:00,-0.00549749398568507,0.0,0.9451951951951951,1
2026-07-10 10:43:00+09:00,-8.417101218377491e-05,0.0,0.9181681681681682,1
2026-07-10 10:44:00+09:00,-0.00028559513637078877,0.0,0.9181681681681682,1
2026-07-10 10:45:00+09:00,0.008785768681502727,0.0,0.9718468468468469,1
2026-07-10 10:46:00+09:00,-0.0055868560968702664,0.0,0.9451951951951952,1
2026-07-10 10:47:00+09:00,0.009226569046100674,0.0,0.9861111111111112,1
2026-07-10 10:48:00+09:00,0.0002767064714481608,0.0,0.932057057057057,1
2026-07-10 10:49:00+09:00,-0.00821654589137784,0.0,0.9587087087087087,1
2026-07-10 10:50:00+09:00,0.004904946181771776,0.0,0.9868618618618619,1
2026-07-10 10:51:00+09:00,-0.00014391919616918466,0.0,0.8907657657657657,1
2026-07-10 10:52:00+09:00,-0.00018655205408811331,0.0,0.9042792792792793,1
2026-07-10 10:53:00+09:00,-3.8606823240703576e-05,0.0,0.932057057057057,1
2026-07-10 10:54:00+09:00,6.45128411846563e-05,0.0,0.9725975975975976,1
2026-07-10 10:55:00+09:00,-1.5082541098200669e-05,0.0,0.9316816816816818,1
2026-07-10 10:56:00+09:00,0.00010321587625605728,0.0,0.9594594594594594,1
2026-07-10 10:57:00+09:00,0.0001589947349541912,0.0,0.9725975975975976,1
2026-07-10 10:58:00+09:00,-0.0001239186412077661,0.0,0.8633633633633635,1
2026-07-10 10:59:00+09:00,-0.005158503201784389,0.0,0.9590840840840841,1
2026-07-10 11:00:00+09:00,-2.7707811512752678e-05,0.0,0.9587087087087087,1
2026-07-10 11:01:00+09:00,0.008972833689705318,0.0,0.9587087087087088,1
2026-07-10 11:02:00+09:00,-4.8896210096974636e-05,0.0,0.9177927927927928,1
2026-07-10 11:03:00+09:00,-0.0054356308127345414,0.0,0.9590840840840841,1
2026-07-10 11:04:00+09:00,0.008900876784697436,0.0,0.9587087087087087,1
2026-07-10 11:05:00+09:00,-0.00523181493701008,0.0,0.9177927927927928,1
2026-07-10 11:06:00+09:00,0.008954054496031129,0.0,0.9594594594594595,1
2026-07-10 11:07:00+09:00,0.00010293037245000829,0.0,0.9185435435435434,1
2026-07-10 11:08:00+09:00,-5.146725814489679e-05,0.0,0.9455705705705706,1
2026-07-10 11:09:00+09:00,0.00022099417649076373,0.0,0.9590840840840841,1
2026-07-10 11:10:00+09:00,0.00022087844102834978,0.0,0.8907657657657657,1
2026-07-10 11:11:00+09:00,-0.0002066632954884395,0.0,0.9455705705705706,1
2026-07-10 11:12:00+09:00,0.00015247642604858554,0.0,0.9455705705705706,1
2026-07-10 11:13:00+09:00,-0.005575646451973877,0.0,0.9587087087087087,1
2026-07-10 11:14:00+09:00,0.009107523662871172,0.0,0.9590840840840841,1
2026-07-10 11:15:00+09:00,-5.610859655254639e-05,0.0,0.9313063063063063,1
2026-07-10 11:16:00+09:00,1.278095485489635e-05,0.0,0.9455705705705706,1
2026-07-10 11:17:00+09:00,-0.00027358460116855775,0.0,0.918918918918919,1
2026-07-10 11:18:00+09:00,-4.098410886860671e-05,0.0,0.9185435435435436,1
2026-07-10 11:19:00+09:00,0.00010182234105906489,0.0,0.9320570570570571,1
2026-07-10 11:20:00+09:00,0.00018894706739106928,0.0,0.9174174174174174,1
2026-07-10 11:21:00+09:00,0.00017525183571324215,0.0,0.9729729729729729,1
2026-07-10 11:22:00+09:00,-0.005567889190914562,0.0,0.9448198198198198,1
2026-07-10 11:23:00+09:00,0.008887545101541076,0.0,0.986111111111111,1
2026-07-10 11:24:00+09:00,0.00012158946064942184,0.0,0.9181681681681683,1
2026-07-10 11:25:00+09:00,-9.590095479729335e-05,0.0,0.9181681681681683,1
2026-07-10 11:26:00+09:00,2.1273368896762032e-05,0.0,0.9046546546546548,1
2026-07-10 11:27:00+09:00,7.971318107590059e-05,0.0,0.9181681681681683,1
2026-07-10 11:28:00+09:00,-8.776017181606729e-06,0.054804804804804805,0.8903903903903905,1
2026-07-10 11:29:00+09:00,-0.005550373843230986,0.9316816816816816,0.013513513513513514,1
2026-07-10 11:30:00+09:00,-2.702702702702703e-06,0.013513513513513514,0.0,1
2026-07-10 12:30:00+09:00,0.0028313808150680826,1.0,1.0135135135135136,1
2026-07-10 12:31:00+09:00,0.00898611400974407,0.0,1.0,1
2026-07-10 12:32:00+09:00,0.00010298763832620244,0.0,0.9729729729729729,1
2026-07-10 12:33:00+09:00,0.00016923844644692738,0.0,0.9594594594594595,1
2026-07-10 12:34:00+09:00,3.326535241664623e-05,0.0,0.9590840840840841,1
2026-07-10 12:35:00+09:00,1.2574019840202545e-05,0.0,0.9725975975975976,1
2026-07-10 12:36:00+09:00,-2.8320476054107938e-05,0.0,0.9594594594594594,1
2026-07-10 12:37:00+09:00,-0.00018152088296913207,0.0,0.9729729729729729,1
2026-07-10 12:38:00+09:00,7.479381687240736e-05,0.0,0.9039039039039038,1
2026-07-10 12:39:00+09:00,-0.00011274951796607212,0.0,0.945945945945946,1
2026-07-10 12:40:00+09:00,-5.6537821560590315e-05,0.0,0.9320570570570571,1
2026-07-10 12:41:00+09:00,-5.0262385774958454e-05,0.0,0.959084084084084,1
2026-07-10 12:42:00+09:00,0.0001175028055438106,0.0,0.9729729729729728,1
2026-07-10 12:43:00+09:00,-3.966761426136959e-05,0.0,0.9864864864864865,1
2026-07-10 12:44:00+09:00,1.5021977379691318e-05,0.0,0.9455705705705706,1
2026-07-10 12:45:00+09:00,-9.64078724847536e-05,0.0,0.932057057057057,1
2026-07-10 12:46:00+09:00,-0.00019334088818160185,0.0,0.986111111111111,1
2026-07-10 12:47:00+09:00,-0.005319821547321793,0.0,0.9861111111111112,1
2026-07-10 12:48:00+09:00,0.00900742326712319,0.0,0.9451951951951951,1
2026-07-10 12:49:00+09:00,0.00011580688014252393,0.0,0.9185435435435435,1
2026-07-10 12:50:00+09:00,-4.981946625404779e-05,0.0,0.9590840840840841,1
2026-07-10 12:51:00+09:00,-0.00011897198550309671,0.0,0.9316816816816816,1
2026-07-10 12:52:00+09:00,5.171228099931038e-05,0.0,0.9316816816816818,1
2026-07-10 12:53:00+09:00,0.00019680115122171652,0.0,0.972972972972973,1
2026-07-10 12:54:00+09:00,-0.000194035739868803,0.0,0.9455705705705706,1
2026-07-10 12:55:00+09:00,-0.00010217333275666315,0.0,0.9864864864864865,1
2026-07-10 12:56:00+09:00,-9.507698734388781e-05,0.0,0.9590840840840841,1
2026-07-10 12:57:00+09:00,-2.621751678782756e-05,0.0,0.9324324324324325,1
2026-07-10 12:58:00+09:00,-3.105091981913086e-05,0.0,0.9455705705705706,1
2026-07-10 12:59:00+09:00,-2.2261750483067865e-06,0.0,0.9451951951951951,1
2026-07-10 13:00:00+09:00,-0.005111058528406672,0.0,0.9316816816816818,1
2026-07-10 13:01:00+09:00,0.00906823229908914,0.0,1.0,1
2026-07-10 13:02:00+09:00,6.925951348225819e-05,0.0,0.8911411411411412,1
2026-07-10 13:03:00+09:00,-0.00016267096326404162,0.0,0.9185435435435435,1
2026-07-10 13:04:00+09:00,2.381542913228261e-05,0.0,0.9451951951951952,1
2026-07-10 13:05:00+09:00,6.902643748033898e-05,0.0,0.9451951951951951,1
2026-07-10 13:06:00+09:00,-0.0054355423726425295,0.0,0.9451951951951952,1
2026-07-10 13:07:00+09:00,0.008890585083784302,0.0,0.972972972972973,1
2026-07-10 13:08:00+09:00,-8.839743413440563e-05,0.0,0.8768768768768769,1
2026-07-10 13:09:00+09:00,5.930754474587372e-05,0.0,0.9320570570570571,1
2026-07-10 13:10:00+09:00,4.771669794641568e-06,0.0,0.9316816816816818,1
2026-07-10 13:11:00+09:00,-0.00541867558908801,0.0,0.9309309309309309,1
2026-07-10 13:12:00+09:00,-9.339287549704059e-05,0.0,0.8498498498498499,1
2026-07-10 13:13:00+09:00,-1.0944425787050836e-05,0.0,0.9177927927927929,1
2026-07-10 13:14:00+09:00,0.00015861952359892288,0.0,0.8915165165165166,1
2026-07-10 13:15:00+09:00,0.008896391020715981,0.0,0.9861111111111112,1
2026-07-10 13:16:00+09:00,-0.005431380522538874,0.0,0.9594594594594594,1
2026-07-10 13:17:00+09:00,0.008991747716333183,0.0,0.9729729729729729,1
2026-07-10 13:18:00+09:00,3.3839034847961775e-05,0.0,0.9455705705705706,1
2026-07-10 13:19:00+09:00,-0.005350885939503578,0.0,0.9455705705705706,1
2026-07-10 13:20:00+09:00,0.009093186797913976,0.0,0.9181681681681683,1
2026-07-10 13:21:00+09:00,-2.1380589586931938e-05,0.0,0.9324324324324325,1
2026-07-10 13:22:00+09:00,-5.560133931229391e-05,0.0,0.9587087087087087,1
2026-07-10 13:23:00+09:00,0.00010225483248261919,0.0,0.8911411411411412,1
2026-07-10 13:24:00+09:00,-7.978937716798551e-05,0.0,0.890015015015015,1
2026-07-10 13:25:00+09:00,-9.588595185081501e-06,0.0,0.8783783783783784,1
2026-07-10 13:26:00+09:00,-5.4459002396140315e-05,0.0,0.9174174174174174,1
2026-07-10 13:27:00+09:00,-0.0053669233449806205,0.0,0.9177927927927928,1
2026-07-10 13:28:00+09:00,0.008919002946661736,0.0,0.9181681681681682,1
2026-07-10 13:29:00+09:00,-5.489666534652454e-05,0.0,0.9320570570570571,1
2026-07-10 13:30:00+09:00,-0.005343265899145722,0.0,0.9590840840840841,1
2026-07-10 13:31:00+09:00,0.008708134092313892,0.0,0.9725975975975976,1
2026-07-10 13:32:00+09:00,7.805555286456889e-05,0.0,0.9587087087087087,1
2026-07-10 13:33:00+09:00,1.8145119780834844e-05,0.0,0.9316816816816818,1
2026-07-10 13:34:00+09:00,2.8613240675471576e-05,0.0,0.9455705705705706,1
2026-07-10 13:35:00+09:00,-4.265687149729141e-05,0.0,0.9455705705705706,1
2026-07-10 13:36:00+09:00,-4.491181490316044e-05,0.0,0.862987987987988,1
2026-07-10 13:37:00+09:00,-0.005498970246721365,0.0,0.9039039039039038,1
2026-07-10 13:38:00+09:00,0.00887657162892914,0.0,0.9046546546546547,1
2026-07-10 13:39:00+09:00,-6.927028751655091e-05,0.0,0.8772522522522523,1
2026-07-10 13:40:00+09:00,0.00013675638692449733,0.0,0.8772522522522523,1
2026-07-10 13:41:00+09:00,-2.3828190534039314e-05,0.0,0.9320570570570571,1
2026-07-10 13:42:00+09:00,-1.1250987947997308e-05,0.0,0.8768768768768769,1
2026-07-10 13:43:00+09:00,-0.005421206352309118,0.0,0.903903903903904,1
2026-07-10 13:44:00+09:00,0.003558950655047409,0.0,0.9181681681681682,1
2026-07-10 13:45:00+09:00,0.009154956612571456,0.0,0.9042792792792793,1
2026-07-10 13:46:00+09:00,1.372552767771023e-05,0.0,0.7957957957957957,1
2026-07-10 13:47:00+09:00,-2.1997070907865635e-05,0.0,0.9042792792792793,1
2026-07-10 13:48:00+09:00,-0.005291286268173848,0.0,0.9177927927927928,1
2026-07-10 13:49:00+09:00,0.008966747701431847,0.0,0.890015015015015,1
2026-07-10 13:50:00+09:00,-0.0052961642272061965,0.0,0.9046546546546547,1
2026-07-10 13:51:00+09:00,-6.700674307464701e-05,0.0,0.8772522522522521,1
2026-07-10 13:52:00+09:00,0.008859842685270338,0.0,0.9587087087087087,1
2026-07-10 13:53:00+09:00,-3.1410401633912935e-05,0.0,0.9864864864864865,1
2026-07-10 13:54:00+09:00,2.4089254385975435e-05,0.0,0.8915165165165165,1
2026-07-10 13:55:00+09:00,0.00014244826710161382,0.0,0.8911411411411412,1
2026-07-10 13:56:00+09:00,2.1552837393589007e-05,0.0,0.8768768768768769,1
2026-07-10 13:57:00+09:00,-0.00015157788556046823,0.0,0.9725975975975976,1
2026-07-10 13:58:00+09:00,-5.378409395798012e-05,0.0,0.9324324324324323,1
2026-07-10 13:59:00+09:00,2.9362726229422418e-05,0.0,0.9590840840840842,1
2026-07-10 14:00:00+09:00,-4.770270888551745e-05,0.0,0.9725975975975976,1
2026-07-10 14:01:00+09:00,3.5247972809356355e-05,0.0,0.903903903903904,1
2026-07-10 14:02:00+09:00,-0.005267585793309986,0.0,0.9177927927927928,1
2026-07-10 14:03:00+09:00,-3.12402087213784e-05,0.0,0.9042792792792793,1
2026-07-10 14:04:00+09:00,0.008804671935651112,0.0,0.9725975975975976,1
2026-07-10 14:05:00+09:00,-2.3140350269644898e-05,0.0,0.9316816816816818,1
2026-07-10 14:06:00+09:00,-1.2485285276739646e-05,0.0,0.9459459459459459,1
2026-07-10 14:07:00+09:00,4.717935844775145e-05,0.0,0.9177927927927928,1
2026-07-10 14:08:00+09:00,0.00013446587918408904,0.0,0.9046546546546547,1
2026-07-10 14:09:00+09:00,4.221685470346759e-05,0.0,0.9725975975975976,1
2026-07-10 14:10:00+09:00,1.5555824092372653e-05,0.0,0.9725975975975976,1
2026-07-10 14:11:00+09:00,-8.676161298192746e-05,0.0,0.9185435435435436,1
2026-07-10 14:12:00+09:00,5.4930721306211785e-05,0.0,0.9455705705705706,1
2026-07-10 14:13:00+09:00,-9.580655847133608e-05,0.0,0.972972972972973,1
2026-07-10 14:14:00+09:00,-8.385369293668649e-05,0.0,0.8911411411411412,1
2026-07-10 14:15:00+09:00,0.0002085974783168437,0.0,0.9590840840840841,1
2026-07-10 14:16:00+09:00,0.00011964912808783247,0.0,0.9177927927927928,1
2026-07-10 14:17:00+09:00,7.150747860472667e-05,0.0,0.9590840840840841,1
2026-07-10 14:18:00+09:00,-3.2325828577336876e-05,0.0,0.9046546546546546,1
2026-07-10 14:19:00+09:00,-4.492831401418229e-05,0.0,0.9324324324324325,1
2026-07-10 14:20:00+09:00,6.271768584673195e-05,0.0,0.9590840840840841,1
2026-07-10 14:21:00+09:00,-0.00012691360364833207,0.0,0.9725975975975976,1
2026-07-10 14:22:00+09:00,3.4014657952553805e-05,0.0,0.9046546546546548,1
2026-07-10 14:23:00+09:00,1.3072800659452153e-05,0.0,0.9590840840840841,1
2026-07-10 14:24:00+09:00,-3.1097558533685215e-05,0.0,0.972972972972973,1
2026-07-10 14:25:00+09:00,-5.6225710147096684e-05,0.0,0.9313063063063063,1
2026-07-10 14:26:00+09:00,2.167222602445663e-05,0.0,0.945945945945946,1
2026-07-10 14:27:00+09:00,-0.005386364313283279,0.0,0.932057057057057,1
2026-07-10 14:28:00+09:00,-0.00011714722709993634,0.0,0.8911411411411412,1
2026-07-10 14:29:00+09:00,0.003603570030560274,0.0,0.9722222222222223,1
2026-07-10 14:30:00+09:00,0.003544988200565868,0.0,0.9864864864864866,1
2026-07-10 14:31:00+09:00,0.0034214527043093168,0.0,0.9316816816816818,1
2026-07-10 14:32:00+09:00,0.009003845765602833,0.0,0.9448198198198198,1
2026-07-10 14:33:00+09:00,-2.026857192661768e-05,0.0,0.9177927927927928,1
2026-07-10 14:34:00+09:00,-0.00011079187118342618,0.0,0.9590840840840841,1
2026-07-10 14:35:00+09:00,-0.00011937680722756396,0.0,0.9864864864864865,1
2026-07-10 14:36:00+09:00,2.1946585124663636e-05,0.0,0.9451951951951952,1
2026-07-10 14:37:00+09:00,6.535433952129405e-05,0.0,0.9316816816816816,1
2026-07-10 14:38:00+09:00,-8.163058979996783e-05,0.0,0.9864864864864865,1
2026-07-10 14:39:00+09:00,-0.005292197034365282,0.0,0.9313063063063064,1
2026-07-10 14:40:00+09:00,0.00902771503027348,0.0,0.9309309309309309,1
2026-07-10 14:41:00+09:00,-0.00026195180848688303,0.0,0.9459459459459459,1
2026-07-10 14:42:00+09:00,-0.005426202968190625,0.0,0.972972972972973,1
2026-07-10 14:43:00+09:00,-7.52184614092035e-05,0.0,0.90503003003003,1
2026-07-10 14:44:00+09:00,5.754121005400271e-05,0.0,0.9459459459459459,1
2026-07-10 14:45:00+09:00,0.008993890667737437,0.0,0.972972972972973,1
2026-07-10 14:46:00+09:00,-0.005435698642433283,0.0,0.9590840840840841,1
2026-07-10 14:47:00+09:00,0.008937829608690755,0.0,0.930930930930931,1
2026-07-10 14:48:00+09:00,-6.447429141105421e-06,0.0,0.9189189189189189,1
2026-07-10 14:49:00+09:00,-0.00010280663209138868,0.0,0.9861111111111112,1
2026-07-10 14:50:00+09:00,9.955111850318347e-06,0.0,0.9729729729729729,1
2026-07-10 14:51:00+09:00,0.00017503126601755266,0.0,0.9459459459459458,1
2026-07-10 14:52:00+09:00,0.00019187310813039056,0.0,0.9455705705705705,1
2026-07-10 14:53:00+09:00,-0.00010731650670881378,0.0,0.9590840840840842,1
2026-07-10 14:54:00+09:00,0.00010899241975067456,0.0,0.9587087087087087,1
2026-07-10 14:55:00+09:00,0.000116087771883999,0.0,0.9459459459459459,1
2026-07-10 14:56:00+09:00,5.566174811008909e-05,0.0,1.0,1
2026-07-10 14:57:00+09:00,2.8006453731044892e-05,0.0,0.9324324324324325,1
2026-07-10 14:58:00+09:00,5.9127521787987693e-05,0.0,0.9587087087087087,1
2026-07-10 14:59:00+09:00,-9.723839590970957e-06,0.0,0.9729729729729729,1
2026-07-10 15:00:00+09:00,-8.753322456741183e-05,0.0,0.9587087087087087,1
2026-07-10 15:01:00+09:00,5.851441312552175e-05,0.0,0.9590840840840841,1
2026-07-10 15:02:00+09:00,-0.005404030240557059,0.0,0.9729729729729729,1
2026-07-10 15:03:00+09:00,0.008851126906607637,0.0,0.9590840840840841,1
2026-07-10 15:04:00+09:00,0.00029079459873974554,0.0,0.972972972972973,1
2026-07-10 15:05:00+09:00,5.818668147901096e-05,0.0,0.9864864864864864,1
2026-07-10 15:06:00+09:00,0.00018972938100111203,0.0,0.9725975975975977,1
2026-07-10 15:07:00+09:00,-8.754694248599175e-05,0.0,0.9594594594594595,1
2026-07-10 15:08:00+09:00,-0.005518542173219081,0.0,0.945945945945946,1
2026-07-10 15:09:00+09:00,0.009059644343591635,0.0,0.972972972972973,1
2026-07-10 15:10:00+09:00,-0.00024081552672016587,0.0,1.0,1
2026-07-10 15:11:00+09:00,-5.966544899822405e-05,0.0,0.9725975975975976,1
2026-07-10 15:12:00+09:00,-0.005325609031259108,0.0,1.0,1
2026-07-10 15:13:00+09:00,0.00912898436781592,0.0,0.9864864864864865,1
2026-07-10 15:14:00+09:00,-0.0010108807188737871,1.8823378573378573,1.0,1
2026-07-10 15:15:00+09:00,6.508274399526206e-05,0.0,1.0095452595452594,1
2026-07-10 15:16:00+09:00,0.00014175667095922935,0.0,0.9913634413634415,1
2026-07-10 15:17:00+09:00,-0.00018958332086205175,0.0,1.0095452595452594,1
2026-07-10 15:18:00+09:00,-0.00037201309583859317,0.0,1.0183114933114932,1
2026-07-10 15:19:00+09:00,-0.00012034494533303917,0.0,1.0184738309738308,1
2026-07-10 15:20:00+09:00,-0.00040164115271652974,0.0,1.0274024024024024,1
2026-07-10 15:21:00+09:00,0.0006076341071003179,0.0,1.0184738309738308,1
2026-07-10 15:22:00+09:00,6.0459171909629407e-05,0.0,1.0049603174603174,1
2026-07-10 15:23:00+09:00,0.0013056115913001464,0.0,1.0093829218829218,1
2026-07-10 15:24:00+09:00,-0.00020548048048048048,1.0274024024024024,0.0,1
2026-07-10 15:30:00+09:00,0.0,0.0,0.0,1
2026-07-13 09:00:00+09:00,0.0,0.0,0.0,2
2026-07-13 09:01:00+09:00,0.0,0.0,0.0,2
2026-07-13 09:02:00+09:00,0.0,0.0,0.0,2
2026-07-13 09:03:00+09:00,0.0,0.0,0.0,2
2026-07-13 09:04:00+09:00,0.0,0.0,0.0,2
2026-07-13 09:05:00+09:00,0.0,0.0,0.0,2
2026-07-13 09:06:00+09:00,0.0,0.0,0.0,2
2026-07-13 09:07:00+09:00,0.0,0.0,0.0,2
2026-07-13 09:08:00+09:00,0.0,0.0,0.0,2
2026-07-13 09:09:00+09:00,0.0,0.0,0.0,2
2026-07-13 09:10:00+09:00,0.0,0.0,0.0,2
2026-07-13 09:11:00+09:00,0.0,0.0,0.0,2
2026-07-13 09:12:00+09:00,0.0,0.0,0.0,2
2026-07-13 09:13:00+09:00,0.0,0.0,0.0,2
2026-07-13 09:14:00+09:00,0.0,0.0,0.0,2
2026-07-13 09:15:00+09:00,0.00788170509106333,1.0119047619047619,1.0,2
2026-07-13 09:16:00+09:00,-0.00012572387367118114,0.0,0.988095238095238,2
2026-07-13 09:17:00+09:00,-0.0003343830603000957,0.0,0.9759001161440185,2
2026-07-13 09:18:00+09:00,-0.0003499742615123103,0.0,0.9639953542392565,2
2026-07-13 09:19:00+09:00,0.006010946170057715,0.0,0.9761904761904762,2
2026-07-13 09:20:00+09:00,-0.00873753783802463,0.0,0.9759001161440186,2
2026-07-13 09:21:00+09:00,0.20552631655173575,0.0,0.988095238095238,2
2026-07-13 09:22:00+09:00,-0.014342830229635093,0.0,1.0002903600464577,2
2026-07-13 09:23:00+09:00,0.4043304758937293,0.0,0.9880952380952381,2
2026-07-13 09:24:00+09:00,-0.011671602810637146,0.0,0.9878048780487805,2
2026-07-13 09:25:00+09:00,0.005489689138823505,0.0,0.988095238095238,2
2026-07-13 09:26:00+09:00,0.00029664547700999585,0.0,0.9639953542392566,2
2026-07-13 09:27:00+09:00,-0.002788485804705622,0.0,0.9883855981416957,2
2026-07-13 09:28:00+09:00,-0.008023932783352465,0.0,0.9880952380952381,2
2026-07-13 09:29:00+09:00,-0.0001904214132510931,0.0,0.9759001161440186,2
2026-07-13 09:30:00+09:00,0.004581607736054476,0.0,0.9880952380952381,2
2026-07-13 09:31:00+09:00,-0.008456885385093418,0.0,0.9880952380952381,2
2026-07-13 09:32:00+09:00,0.004583537113383534,0.0,0.9520905923344947,2
2026-07-13 09:33:00+09:00,-0.008674276330336697,0.0,1.0002903600464577,2
2026-07-13 09:34:00+09:00,0.004844442948555509,0.0,0.9759001161440186,2
2026-07-13 09:35:00+09:00,-0.008537483265800831,0.0,0.9880952380952381,2
2026-07-13 09:36:00+09:00,0.004778487332927493,0.0,0.9759001161440186,2
2026-07-13 09:37:00+09:00,-0.008359162598224362,0.0,1.0002903600464577,2
2026-07-13 09:38:00+09:00,-0.00013093565985590044,0.0,0.988095238095238,2
2026-07-13 09:39:00+09:00,-0.0006380039702135136,0.0,0.9520905923344947,2
2026-07-13 09:40:00+09:00,0.005019056868055456,0.0,0.976190476190476,2
2026-07-13 09:41:00+09:00,-0.007659185893764403,0.0,1.0002903600464577,2
2026-07-13 09:42:00+09:00,-0.00021230723614390886,0.0,0.9639953542392566,2
2026-07-13 09:43:00+09:00,4.0945035023143045e-05,0.0,0.9520905923344947,2
2026-07-13 09:44:00+09:00,0.000476799873048686,0.0,0.9523809523809523,2
2026-07-13 09:45:00+09:00,0.004551489343740817,0.0,0.9520905923344948,2
2026-07-13 09:46:00+09:00,-0.008246104724053233,0.0,0.9639953542392568,2
2026-07-13 09:47:00+09:00,0.005155732328247818,0.0,0.9398954703832753,2
2026-07-13 09:48:00+09:00,-0.00883372613214469,0.0,0.9639953542392566,2
2026-07-13 09:49:00+09:00,6.353755395090102e-05,0.0,0.9637049941927991,2
2026-07-13 09:50:00+09:00,-0.00035595468233666787,0.0,0.9642857142857143,2
2026-07-13 09:51:00+09:00,-9.419003516866569e-05,0.0,0.9398954703832751,2
2026-07-13 09:52:00+09:00,0.004952381212495765,0.0,0.9880952380952379,2
2026-07-13 09:53:00+09:00,-0.008378185436181098,0.0,0.9523809523809523,2
2026-07-13 09:54:00+09:00,0.005346759789969127,0.0,0.9761904761904763,2
2026-07-13 09:55:00+09:00,-0.003697622585175827,0.0,0.9764808362369337,2
2026-07-13 09:56:00+09:00,-0.00861171571532015,0.0,0.9279907084785134,2
2026-07-13 09:57:00+09:00,-2.6019618700217773e-05,0.0,0.9396051103368175,2
2026-07-13 09:58:00+09:00,0.005169792233746832,0.0,0.976190476190476,2
2026-07-13 09:59:00+09:00,-0.007833759684948587,0.0,0.9523809523809523,2
2026-07-13 10:00:00+09:00,0.005120408773649443,0.0,0.9761904761904762,2
2026-07-13 10:01:00+09:00,0.4133884133424571,0.0,0.9759001161440186,2
2026-07-13 10:02:00+09:00,-0.01197161701048487,0.0,0.9759001161440186,2
2026-07-13 10:03:00+09:00,-0.000500623089459236,0.0,0.9639953542392565,2
2026-07-13 10:04:00+09:00,-0.008414558228636604,0.0,0.9759001161440186,2
2026-07-13 10:05:00+09:00,-0.00044054871852510543,0.0,0.9759001161440186,2
2026-07-13 10:06:00+09:00,0.00011946185357063804,0.0,0.9759001161440186,2
2026-07-13 10:07:00+09:00,-0.007972798273895732,0.0,0.988095238095238,2
2026-07-13 10:08:00+09:00,0.0021128772782163705,0.0,0.9761904761904762,2
2026-07-13 10:09:00+09:00,-0.0033836252234662385,0.0,0.9764808362369337,2
2026-07-13 10:10:00+09:00,8.802084108307604e-05,0.0,0.9396051103368177,2
2026-07-13 10:11:00+09:00,9.857979670915928e-05,0.0,0.9759001161440186,2
2026-07-13 10:12:00+09:00,-0.00023544699087876212,0.0,0.963704994192799,2
2026-07-13 10:13:00+09:00,-0.00011513351012436949,0.0,0.9518002322880371,2
2026-07-13 10:14:00+09:00,0.00028227622594500807,0.0,0.9404761904761905,2
2026-07-13 10:15:00+09:00,-0.00035838510621044866,0.0,0.9396051103368176,2
2026-07-13 10:16:00+09:00,-9.894717882459302e-05,0.0,0.9157955865272939,2
2026-07-13 10:17:00+09:00,0.20004336395269565,0.0,0.9396051103368176,2
2026-07-13 10:18:00+09:00,-0.011114284095753043,0.0,0.9157955865272938,2
2026-07-13 10:19:00+09:00,0.00015480290449737267,0.0,0.9041811846689896,2
2026-07-13 10:20:00+09:00,-5.00416628250932e-05,0.0,0.976190476190476,2
2026-07-13 10:21:00+09:00,0.00023606282866064118,0.0,0.9639953542392568,2
2026-07-13 10:22:00+09:00,0.004649302399520204,0.0,0.9163763066202091,2
2026-07-13 10:23:00+09:00,-0.008236381881367908,0.0,0.9639953542392565,2
2026-07-13 10:24:00+09:00,0.0002954776924849879,0.0,0.9759001161440186,2
2026-07-13 10:25:00+09:00,-0.0006144452639406222,0.0,0.988095238095238,2
2026-07-13 10:26:00+09:00,0.00471399627100742,0.0,0.9160859465737514,2
2026-07-13 10:27:00+09:00,-0.00013835216243103095,0.0,0.9044715447154472,2
2026-07-13 10:28:00+09:00,-0.007968544785949895,0.0,0.9764808362369337,2
2026-07-13 10:29:00+09:00,-0.00034616720520301363,0.0,0.9398954703832753,2
2026-07-13 10:30:00+09:00,-0.0001185320615728128,0.0,0.9639953542392566,2
2026-07-13 10:31:00+09:00,-0.00013899979784601866,0.0,0.951800232288037,2
2026-07-13 10:32:00+09:00,-0.00014058102539788004,0.0,0.9639953542392568,2
2026-07-13 10:33:00+09:00,0.00020801102742729985,0.0,0.988095238095238,2
2026-07-13 10:34:00+09:00,-0.000560654192098748,0.0,0.9639953542392565,2
2026-07-13 10:35:00+09:00,2.1712500742989508e-05,0.0,0.9523809523809523,2
2026-07-13 10:36:00+09:00,0.00028892864564578085,0.0,0.976190476190476,2
2026-07-13 10:37:00+09:00,7.23749971847706e-05,0.0,0.951800232288037,2
2026-07-13 10:38:00+09:00,7.85966810261421e-05,0.0,0.9880952380952379,2
2026-07-13 10:39:00+09:00,0.004898213972729839,0.0,0.988095238095238,2
2026-07-13 10:40:00+09:00,-0.008340676384681805,0.0,1.0002903600464577,2
2026-07-13 10:41:00+09:00,-0.00014518434319916705,0.0,0.9038908246225319,2
2026-07-13 10:42:00+09:00,-0.00014237611408277564,0.0,0.9520905923344947,2
2026-07-13 10:43:00+09:00,-0.00011706858241897924,0.0,0.9761904761904763,2
2026-07-13 10:44:00+09:00,0.004803865190791606,0.0,0.9880952380952379,2
2026-07-13 10:45:00+09:00,-0.00828098158116745,0.0,0.9645760743321719,2
2026-07-13 10:46:00+09:00,0.004860764341499284,0.0,0.9761904761904763,2
2026-07-13 10:47:00+09:00,-0.00857658128769702,0.0,0.9404761904761905,2
2026-07-13 10:48:00+09:00,-0.0001465480711009842,0.0,0.9759001161440185,2
2026-07-13 10:49:00+09:00,3.3106340489372174e-06,0.0,0.9637049941927991,2
2026-07-13 10:50:00+09:00,-0.0006493665736858648,0.0,0.988095238095238,2
2026-07-13 10:51:00+09:00,0.0050742388541220144,0.0,0.9642857142857142,2
2026-07-13 10:52:00+09:00,-0.008017960663997403,0.0,0.9523809523809523,2
2026-07-13 10:53:00+09:00,0.0004543078041070367,0.0,0.9396051103368176,2
2026-07-13 10:54:00+09:00,-3.700086657868748e-05,0.0,0.9637049941927991,2
2026-07-13 10:55:00+09:00,0.0004067076809040025,0.0,0.9160859465737514,2
2026-07-13 10:56:00+09:00,0.004709237613851192,0.0,0.9880952380952381,2
2026-07-13 10:57:00+09:00,-0.008535743213630514,0.0,0.9523809523809523,2
2026-07-13 10:58:00+09:00,0.005330337504103579,0.0,0.9404761904761905,2
2026-07-13 10:59:00+09:00,-0.0039342589021489575,0.0,0.9883855981416957,2
2026-07-13 11:00:00+09:00,-0.008569626906044991,0.0,0.9761904761904762,2
2026-07-13 11:01:00+09:00,0.0001655558987147773,0.0,0.9398954703832753,2
2026-07-13 11:02:00+09:00,-9.227902652057377e-05,0.0,0.9759001161440186,2
2026-07-13 11:03:00+09:00,-6.78014085660168e-05,0.0,0.9396051103368176,2
2026-07-13 11:04:00+09:00,-0.0001316008508346442,0.0,0.9282810685249709,2
2026-07-13 11:05:00+09:00,-0.00029303320947783183,0.0,0.9880952380952381,2
2026-07-13 11:06:00+09:00,-5.673806451706762e-05,0.0,0.9157955865272939,2
2026-07-13 11:07:00+09:00,0.005119123683052508,0.0,0.9520905923344948,2
2026-07-13 11:08:00+09:00,0.0003731708053315368,0.0,0.9759001161440185,2
2026-07-13 11:09:00+09:00,-0.007711102749709691,0.0,0.9883855981416957,2
2026-07-13 11:10:00+09:00,0.004866145305693943,0.0,0.988095238095238,2
2026-07-13 11:11:00+09:00,-3.851211590348244e-05,0.0,0.9398954703832751,2
2026-07-13 11:12:00+09:00,2.5893934745101852e-05,0.0,0.9036004645760742,2
2026-07-13 11:13:00+09:00,-0.008427689325183943,0.0,0.9041811846689896,2
2026-07-13 11:14:00+09:00,0.00028209592679067415,0.0,0.9520905923344947,2
2026-07-13 11:15:00+09:00,0.0046868710294052755,0.0,0.976190476190476,2
2026-07-13 11:16:00+09:00,-0.00032674525949970534,0.0,0.867595818815331,2
2026-07-13 11:17:00+09:00,-0.007821455799240512,0.0,0.9398954703832751,2
2026-07-13 11:18:00+09:00,-0.0031876326104625804,0.0,0.95267131242741,2
2026-07-13 11:19:00+09:00,0.00013789701161775257,0.0,0.9520905923344947,2
2026-07-13 11:20:00+09:00,0.00033780844439341664,0.0,0.9639953542392566,2
2026-07-13 11:21:00+09:00,2.515152955967916e-05,0.0,0.9759001161440186,2
2026-07-13 11:22:00+09:00,-0.007641595542719505,0.0,0.9520905923344948,2
2026-07-13 11:23:00+09:00,0.004706957789730458,0.0,0.9642857142857142,2
2026-07-13 11:24:00+09:00,0.00020810407631567752,0.0,0.9404761904761905,2
2026-07-13 11:25:00+09:00,-0.0003279939779381422,0.0,0.9520905923344947,2
2026-07-13 11:26:00+09:00,-4.574154283525758e-05,0.0,0.9277003484320557,2
2026-07-13 11:27:00+09:00,0.4025917713165443,0.011904761904761904,0.8922764227642277,2
2026-07-13 11:28:00+09:00,-0.006886332767167994,0.023809523809523808,0.9520905923344947,2
2026-07-13 11:29:00+09:00,0.004725737395504816,0.9401858304297328,0.012195121951219513,2
2026-07-13 11:30:00+09:00,-2.4390243902439027e-06,0.012195121951219513,0.0,2
2026-07-13 12:30:00+09:00,0.0014261278977839124,0.9761904761904762,1.024390243902439,2
2026-07-13 12:31:00+09:00,0.4017284844276197,0.0,0.9883855981416957,2
2026-07-13 12:32:00+09:00,-0.011959806978722263,0.0,0.9520905923344947,2
2026-07-13 12:33:00+09:00,-3.1894712024156666e-05,0.011904761904761904,0.9759001161440186,2
2026-07-13 12:34:00+09:00,-0.000457178788897499,0.0,0.9279907084785134,2
2026-07-13 12:35:00+09:00,-8.933379160766556e-05,0.0,0.9398954703832751,2
2026-07-13 12:36:00+09:00,0.004862232553262524,0.0,0.9520905923344948,2
2026-07-13 12:37:00+09:00,-0.007959099362460278,0.0,0.9401858304297328,2
2026-07-13 12:38:00+09:00,0.005215564875888441,0.0,0.9880952380952381,2
2026-07-13 12:39:00+09:00,0.1957020816869862,0.0,1.0002903600464577,2
2026-07-13 12:40:00+09:00,-0.01957429706001372,0.0,0.963704994192799,2
2026-07-13 12:41:00+09:00,-0.000359026842128673,0.0,0.9398954703832751,2
2026-07-13 12:42:00+09:00,-0.0004654476008730113,0.0,0.9637049941927991,2
2026-07-13 12:43:00+09:00,-0.0002799274366943586,0.0,0.9520905923344948,2
2026-07-13 12:44:00+09:00,-0.007582118845202833,0.0,0.9523809523809523,2
2026-07-13 12:45:00+09:00,0.00496208240441574,0.0,0.9880952380952381,2
2026-07-13 12:46:00+09:00,-0.00032821533402419136,0.0,0.8916957026713124,2
2026-07-13 12:47:00+09:00,0.00012153312602856435,0.0,0.8803716608594657,2
2026-07-13 12:48:00+09:00,0.004995473212872358,0.0,0.951800232288037,2
2026-07-13 12:49:00+09:00,0.0003560176450881266,0.0,0.9520905923344948,2
2026-07-13 12:50:00+09:00,-0.008563944173279924,0.0,0.9520905923344948,2
2026-07-13 12:51:00+09:00,-8.689929529784975e-06,0.0,0.9642857142857142,2
2026-07-13 12:52:00+09:00,0.00034370379340008624,0.0,0.9515098722415796,2
2026-07-13 12:53:00+09:00,6.6996536429727265e-06,0.0,0.8925667828106854,2
2026-07-13 12:54:00+09:00,0.19854871102409785,0.0,0.9282810685249709,2
2026-07-13 12:55:00+09:00,-0.019061877741100387,0.0,0.9038908246225319,2
2026-07-13 12:56:00+09:00,0.00471297363592768,0.0,0.9041811846689896,2
2026-07-13 12:57:00+09:00,-8.879665099915847e-05,0.0,0.9520905923344948,2
2026-07-13 12:58:00+09:00,-9.539555517077491e-06,0.0,0.9163763066202091,2
2026-07-13 12:59:00+09:00,5.483106147953409e-05,0.0,0.9277003484320557,2
2026-07-13 13:00:00+09:00,-0.00021110192638183878,0.0,0.9761904761904762,2
2026-07-13 13:01:00+09:00,-0.00023539981770324264,0.0,0.9398954703832751,2
2026-07-13 13:02:00+09:00,0.00013645024410444806,0.0,0.9637049941927991,2
2026-07-13 13:03:00+09:00,0.19855235500689944,0.0,0.9880952380952381,2
2026-07-13 13:04:00+09:00,0.18758897062866137,0.0,0.9277003484320557,2
2026-07-13 13:05:00+09:00,0.39755153267195004,0.0,0.9518002322880372,2
2026-07-13 13:06:00+09:00,-0.00629511120339705,0.0,0.9520905923344948,2
2026-07-13 13:07:00+09:00,-0.008326132741518956,0.0,0.9401858304297328,2
2026-07-13 13:08:00+09:00,0.004962024908116312,0.0,0.9642857142857143,2
2026-07-13 13:09:00+09:00,-0.008620734400964572,0.0,0.9163763066202091,2
2026-07-13 13:10:00+09:00,0.005133316212501227,0.0,0.9759001161440186,2
2026-07-13 13:11:00+09:00,0.00018513666135746155,0.0,0.8191056910569106,2
2026-07-13 13:12:00+09:00,-0.00340063960850859,0.0,0.8806620209059233,2
2026-07-13 13:13:00+09:00,-0.0033362558509903613,0.0,0.9398954703832751,2
2026-07-13 13:14:00+09:00,-0.008467808807970758,0.0,0.9523809523809523,2
2026-07-13 13:15:00+09:00,5.154479974894783e-05,0.0,0.8922764227642276,2
2026-07-13 13:16:00+09:00,0.00027769058732381706,0.0,0.9520905923344948,2
2026-07-13 13:17:00+09:00,8.41536111520865e-05,0.0,0.9398954703832751,2
2026-07-13 13:18:00+09:00,1.78353353977736e-05,0.0,0.9515098722415796,2
2026-07-13 13:19:00+09:00,0.005239511274076569,0.0,0.8437862950058072,2
2026-07-13 13:20:00+09:00,-0.008315686402718559,0.0,0.9523809523809523,2
2026-07-13 13:21:00+09:00,0.00024919518608435963,0.0,0.9279907084785133,2
2026-07-13 13:22:00+09:00,-2.5032454488575013e-05,0.0,0.9038908246225319,2
2026-07-13 13:23:00+09:00,0.00012761525548769578,0.0,0.9518002322880372,2
2026-07-13 13:24:00+09:00,-1.233280447479109e-05,0.0,0.8914053426248548,2
2026-07-13 13:25:00+09:00,-0.00022781092889878068,0.0,0.9639953542392566,2
2026-07-13 13:26:00+09:00,-0.031312976357590123,0.0,0.9277003484320557,2
2026-07-13 13:27:00+09:00,0.008840836038630723,0.0,0.9761904761904762,2
2026-07-13 13:28:00+09:00,0.00017655011715923997,0.0,0.9639953542392566,2
2026-07-13 13:29:00+09:00,0.0002171939816238173,0.0,0.9398954703832751,2
2026-07-13 13:30:00+09:00,5.361719361268652e-06,0.0,0.9520905923344948,2
2026-07-13 13:31:00+09:00,0.006892356773166555,0.0,0.9398954703832754,2
2026-07-13 13:32:00+09:00,-0.004573361544071263,0.0,0.9520905923344948,2
2026-07-13 13:33:00+09:00,0.00016121765127399332,0.0,0.9401858304297328,2
2026-07-13 13:34:00+09:00,5.0425351148558025e-05,0.0,0.9282810685249709,2
2026-07-13 13:35:00+09:00,-4.120052688375194e-05,0.0,0.976190476190476,2
2026-07-13 13:36:00+09:00,0.004790742335570424,0.0,0.9041811846689896,2
2026-07-13 13:37:00+09:00,-0.008295155775587648,0.0,0.9277003484320558,2
2026-07-13 13:38:00+09:00,7.569662839302071e-05,0.0,0.9398954703832751,2
2026-07-13 13:39:00+09:00,-0.0002899231339614313,0.0,0.9041811846689896,2
2026-07-13 13:40:00+09:00,-3.917405325791467e-05,0.0,0.9639953542392568,2
2026-07-13 13:41:00+09:00,-7.066522992772583e-05,0.0,0.8914053426248547,2
2026-07-13 13:42:00+09:00,2.6872479711872425e-05,0.0,0.8925667828106852,2
2026-07-13 13:43:00+09:00,8.347595448588692e-05,0.0,0.8199767711962833,2
2026-07-13 13:44:00+09:00,4.518325208003089e-05,0.0,0.8313008130081301,2
2026-07-13 13:45:00+09:00,-0.0001092042373899973,0.0,0.9155052264808362,2
2026-07-13 13:46:00+09:00,0.00021672144933524253,0.0,0.9157955865272938,2
2026-07-13 13:47:00+09:00,5.614113887985204e-05,0.0,0.9036004645760742,2
2026-07-13 13:48:00+09:00,-0.00013907706341310055,0.0,0.9163763066202091,2
2026-07-13 13:49:00+09:00,0.004750495034166177,0.0,0.867595818815331,2
2026-07-13 13:50:00+09:00,-0.008273782348002369,0.0,0.9639953542392565,2
2026-07-13 13:51:00+09:00,3.684841267860841e-06,0.0,0.8925667828106852,2
2026-07-13 13:52:00+09:00,3.876636034532015e-05,0.0,0.9279907084785133,2
2026-07-13 13:53:00+09:00,5.154858366093181e-05,0.0,0.9160859465737514,2
2026-07-13 13:54:00+09:00,0.00014616833756576705,0.0,0.867595818815331,2
2026-07-13 13:55:00+09:00,-9.999688032298104e-05,0.0,0.9277003484320557,2
2026-07-13 13:56:00+09:00,0.00011486626937816842,0.0,0.9038908246225319,2
2026-07-13 13:57:00+09:00,9.783881284299487e-05,0.0,0.9639953542392566,2
2026-07-13 13:58:00+09:00,-0.00014669170814283366,0.0,0.8554006968641115,2
2026-07-13 13:59:00+09:00,-0.0002561812134604898,0.0,0.9398954703832751,2
2026-07-13 14:00:00+09:00,0.00022389321524742543,0.0,0.9639953542392566,2
2026-07-13 14:01:00+09:00,0.0051445559715836255,0.0,0.9398954703832751,2
2026-07-13 14:02:00+09:00,-0.008368064441994096,0.0,0.9279907084785133,2
2026-07-13 14:03:00+09:00,8.132045851801457e-06,0.0,0.8800813008130082,2
2026-07-13 14:04:00+09:00,0.0001581635208764177,0.0,0.8434959349593496,2
2026-07-13 14:05:00+09:00,-0.00023510962234397497,0.0,0.9523809523809523,2
2026-07-13 14:06:00+09:00,0.005079428765439873,0.0,0.9401858304297328,2
2026-07-13 14:07:00+09:00,-0.003144181491813101,0.0,0.9639953542392566,2
2026-07-13 14:08:00+09:00,0.00020483408993413329,0.0,0.8914053426248548,2
2026-07-13 14:09:00+09:00,0.19130578877550508,0.0,0.9160859465737514,2
2026-07-13 14:10:00+09:00,-0.01136066630498216,0.0,0.9157955865272938,2
2026-07-13 14:11:00+09:00,1.6494682911848007e-05,0.0,0.9518002322880371,2
2026-07-13 14:12:00+09:00,-0.00037627745109630083,0.0,0.9033101045296167,2
2026-07-13 14:13:00+09:00,-0.00013336472334664999,0.0,0.9637049941927991,2
2026-07-13 14:14:00+09:00,0.004615379888822572,0.0,0.9520905923344947,2
2026-07-13 14:15:00+09:00,-0.0034710081770194076,0.0,0.9401858304297328,2
2026-07-13 14:16:00+09:00,-0.008260778269587977,0.0,0.9883855981416956,2
2026-07-13 14:17:00+09:00,-0.00019793075041496186,0.0,0.9401858304297328,2
2026-07-13 14:18:00+09:00,0.004962268780391154,0.0,0.9639953542392566,2
2026-07-13 14:19:00+09:00,-0.00015719594822232333,0.0,0.9157955865272939,2
2026-07-13 14:20:00+09:00,-0.03959509518354004,0.0,0.9645760743321719,2
2026-07-13 14:21:00+09:00,0.008557382119098497,0.0,0.9523809523809524,2
2026-07-13 14:22:00+09:00,4.904580031083514e-05,0.0,0.9759001161440186,2
2026-07-13 14:23:00+09:00,-9.577120798755486e-05,0.0,0.9518002322880371,2
2026-07-13 14:24:00+09:00,0.00015747673294881542,0.0,0.9520905923344948,2
2026-07-13 14:25:00+09:00,0.005229886045018568,0.0,0.9398954703832754,2
2026-07-13 14:26:00+09:00,-0.008265794489565607,0.0,0.9157955865272938,2
2026-07-13 14:27:00+09:00,8.762818120203997e-05,0.0,0.9523809523809523,2
2026-07-13 14:28:00+09:00,-5.9430947918131574e-05,0.0,0.8795005807200929,2
2026-07-13 14:29:00+09:00,-0.0003469340948579572,0.0,0.9518002322880372,2
2026-07-13 14:30:00+09:00,0.00024401730389049926,0.0,0.976190476190476,2
2026-07-13 14:31:00+09:00,0.00035663105068465693,0.0,0.963704994192799,2
2026-07-13 14:32:00+09:00,-0.007607870150121476,0.0,0.9160859465737514,2
2026-07-13 14:33:00+09:00,0.004915933988477107,0.0,0.9883855981416958,2
2026-07-13 14:34:00+09:00,0.0006188441312569211,0.0,0.9642857142857142,2
2026-07-13 14:35:00+09:00,0.0008442787575984449,0.0,0.9761904761904763,2
2026-07-13 14:36:00+09:00,-0.00013138673455020093,0.0,0.9155052264808363,2
2026-07-13 14:37:00+09:00,0.000217960896679298,0.0,0.9637049941927991,2
2026-07-13 14:38:00+09:00,0.0003113558752565372,0.0,0.9642857142857143,2
2026-07-13 14:39:00+09:00,1.2276058460734438e-06,0.0,0.9160859465737514,2
2026-07-13 14:40:00+09:00,0.0044281432445590395,0.0,0.976190476190476,2
2026-07-13 14:41:00+09:00,-0.008111531746758579,0.0,0.9642857142857142,2
2026-07-13 14:42:00+09:00,0.004429640762639962,0.0,0.9637049941927991,2
2026-07-13 14:43:00+09:00,-0.008007325974590421,0.0,0.9883855981416957,2
2026-07-13 14:44:00+09:00,0.00035370965951007655,0.0,0.9396051103368176,2
2026-07-13 14:45:00+09:00,0.004928447407689161,0.0,0.9639953542392565,2
2026-07-13 14:46:00+09:00,-0.00030810089231629996,0.0,0.9398954703832751,2
2026-07-13 14:47:00+09:00,-0.016344097753937328,0.0,0.9764808362369337,2
2026-07-13 14:48:00+09:00,0.0049957485798626106,0.0,0.9642857142857143,2
2026-07-13 14:49:00+09:00,0.0003810509564404873,0.0,0.9761904761904763,2
2026-07-13 14:50:00+09:00,-2.983464136646518e-05,0.0,0.9880952380952381,2
2026-07-13 14:51:00+09:00,-4.973453074198835e-06,0.0,0.9398954703832753,2
2026-07-13 14:52:00+09:00,-0.00017610165782348537,0.0,0.89198606271777,2
2026-07-13 14:53:00+09:00,3.653782331176928e-05,0.0,0.9518002322880372,2
2026-07-13 14:54:00+09:00,0.005252201637879419,0.0,0.9639953542392568,2
2026-07-13 14:55:00+09:00,-0.008365536225204641,0.0,0.9642857142857143,2
2026-07-13 14:56:00+09:00,-3.206750674159813e-05,0.0,0.9518002322880372,2
2026-07-13 14:57:00+09:00,-0.00016283337259376523,0.0,0.9518002322880372,2
2026-07-13 14:58:00+09:00,0.00021354313213971232,0.0,0.9398954703832753,2
2026-07-13 14:59:00+09:00,0.0002519533520352917,0.0,0.9639953542392568,2
2026-07-13 15:00:00+09:00,-0.000331558090010315,0.0,0.976190476190476,2
2026-07-13 15:01:00+09:00,0.00032075845972074794,0.0,0.976190476190476,2
2026-07-13 15:02:00+09:00,-0.0002684335462427614,0.0,0.9518002322880371,2
2026-07-13 15:03:00+09:00,2.0178195031306733e-05,0.0,0.9398954703832753,2
2026-07-13 15:04:00+09:00,-0.0003038949017949658,0.0,0.9759001161440185,2
2026-07-13 15:05:00+09:00,-0.00020485076926896127,0.0,0.9759001161440186,2
2026-07-13 15:06:00+09:00,0.0001813133119393715,0.0,0.9401858304297328,2
2026-07-13 15:07:00+09:00,0.00022819263877826566,0.0,0.9637049941927991,2
2026-07-13 15:08:00+09:00,0.00020243465703325306,0.0,0.9279907084785133,2
2026-07-13 15:09:00+09:00,0.004977771575128549,0.0,0.9642857142857142,2
2026-07-13 15:10:00+09:00,-0.008059539457328995,0.0,0.9764808362369337,2
2026-07-13 15:11:00+09:00,-0.00026639302959678793,0.0,0.9639953542392568,2
2026-07-13 15:12:00+09:00,0.004666648464310656,0.0,0.976190476190476,2
2026-07-13 15:13:00+09:00,-0.008183740461194402,0.0,0.9883855981416957,2
2026-07-13 15:14:00+09:00,-0.0006995881396294144,1.904112554112554,1.0,2
2026-07-13 15:15:00+09:00,0.00025003821844186606,0.0,0.9761904761904763,2
2026-07-13 15:16:00+09:00,0.00015170499814750091,0.0,0.9851190476190477,2
2026-07-13 15:17:00+09:00,8.623130184015225e-05,0.0,0.9758658008658008,2
2026-07-13 15:18:00+09:00,-6.105342886806399e-05,0.0,0.9312229437229437,2
2026-07-13 15:19:00+09:00,-0.003780436862004231,0.0,0.9315476190476191,2
2026-07-13 15:20:00+09:00,0.006194283106552864,0.0,0.9940476190476191,2
2026-07-13 15:21:00+09:00,-2.733532011668441e-05,0.0,1.0029761904761905,2
2026-07-13 15:22:00+09:00,-0.003711920178777261,0.0,0.976190476190476,2
2026-07-13 15:23:00+09:00,0.0033938698510436907,0.0,1.0208333333333335,2
2026-07-13 15:24:00+09:00,0.002212835585624393,1.0029761904761905,0.017857142857142856,2
2026-07-13 15:30:00+09:00,-1.7857142857142857e-06,0.008928571428571428,0.0,2
2026-07-14 09:00:00+09:00,0.0,0.0,0.0,2
2026-07-14 09:01:00+09:00,0.0,0.0,0.0,2
2026-07-14 09:02:00+09:00,0.0,0.0,0.0,2
2026-07-14 09:03:00+09:00,0.0,0.0,0.0,2
2026-07-14 09:04:00+09:00,0.0,0.0,0.0,2
2026-07-14 09:05:00+09:00,0.0,0.0,0.0,2
2026-07-14 09:06:00+09:00,0.0,0.0,0.0,2
2026-07-14 09:07:00+09:00,0.0,0.0,0.0,2
2026-07-14 09:08:00+09:00,0.0,0.0,0.0,2
2026-07-14 09:09:00+09:00,0.0,0.0,0.0,2
2026-07-14 09:10:00+09:00,0.0,0.0,0.0,2
2026-07-14 09:11:00+09:00,0.0,0.0,0.0,2
2026-07-14 09:12:00+09:00,0.0,0.0,0.0,2
2026-07-14 09:13:00+09:00,0.0,0.0,0.0,2
2026-07-14 09:14:00+09:00,0.0,0.0,0.0,2
2026-07-14 09:15:00+09:00,-0.00827961995424567,1.0121951219512195,0.9999999999999999,2
2026-07-14 09:16:00+09:00,0.00020422859604555683,0.0,0.975609756097561,2
2026-07-14 09:17:00+09:00,-0.00011724205965937457,0.0,0.9759001161440186,2
2026-07-14 09:18:00+09:00,0.00012212460020362038,0.0,0.9878048780487805,2
2026-07-14 09:19:00+09:00,0.00019080931827700808,0.0,0.9878048780487805,2
2026-07-14 09:20:00+09:00,-7.2026261171759246e-06,0.0,0.9878048780487805,2
2026-07-14 09:21:00+09:00,0.00021235524734668858,0.0,0.9639953542392565,2
2026-07-14 09:22:00+09:00,6.744276897158177e-05,0.0,0.9878048780487804,2
2026-07-14 09:23:00+09:00,-0.00022068769805604446,0.0,0.9639953542392565,2
2026-07-14 09:24:00+09:00,-8.895266436973148e-05,0.0,0.9878048780487805,2
2026-07-14 09:25:00+09:00,0.00023446765681240167,0.0,0.9878048780487804,2
2026-07-14 09:26:00+09:00,0.00012046981746708541,0.0,0.975609756097561,2
2026-07-14 09:27:00+09:00,-2.3559632790740704e-05,0.0,0.9518002322880371,2
2026-07-14 09:28:00+09:00,-0.00780089055019704,0.0,0.9639953542392566,2
2026-07-14 09:29:00+09:00,0.004755906091330532,0.0,0.988095238095238,2
2026-07-14 09:30:00+09:00,-8.23235593148272e-05,0.0,0.9878048780487805,2
2026-07-14 09:31:00+09:00,0.00011359368875348652,0.0,0.9639953542392565,2
2026-07-14 09:32:00+09:00,-0.00025054099046242215,0.0,0.9759001161440185,2
2026-07-14 09:33:00+09:00,-0.00030135302885702704,0.0,0.9878048780487805,2
2026-07-14 09:34:00+09:00,0.0003534320156870679,0.0,0.9878048780487806,2
2026-07-14 09:35:00+09:00,-0.00011796580667293609,0.0,0.9518002322880371,2
2026-07-14 09:36:00+09:00,-0.00010527856398025742,0.0,0.9639953542392568,2
2026-07-14 09:37:00+09:00,0.0001499645488585203,0.0,0.963704994192799,2
2026-07-14 09:38:00+09:00,0.00016134959819481953,0.0,0.9518002322880371,2
2026-07-14 09:39:00+09:00,-6.833323047210344e-05,0.0,0.9639953542392566,2
2026-07-14 09:40:00+09:00,0.00014799269356604292,0.0,0.9639953542392566,2
2026-07-14 09:41:00+09:00,0.00035037424706111547,0.0,0.9639953542392565,2
2026-07-14 09:42:00+09:00,0.0003251287656862508,0.0,0.9759001161440185,2
2026-07-14 09:43:00+09:00,-0.00017882174190028973,0.0,0.9637049941927989,2
2026-07-14 09:44:00+09:00,-0.00031544188057453827,0.0,0.9520905923344947,2
2026-07-14 09:45:00+09:00,-0.00010554682644136934,0.0,0.9520905923344947,2
2026-07-14 09:46:00+09:00,-0.008092820783287238,0.0,0.9279907084785134,2
2026-07-14 09:47:00+09:00,0.004703547570363042,0.0,0.9520905923344947,2
2026-07-14 09:48:00+09:00,-1.4385093778749621e-05,0.0,0.9398954703832753,2
2026-07-14 09:49:00+09:00,-0.00013561724592671973,0.0,0.9878048780487805,2
2026-07-14 09:50:00+09:00,-0.0003413312867291693,0.0,0.9282810685249709,2
2026-07-14 09:51:00+09:00,-2.6284220839605335e-06,0.0,0.9520905923344947,2
2026-07-14 09:52:00+09:00,0.0001574499985185269,0.0,0.9277003484320556,2
2026-07-14 09:53:00+09:00,-0.00015488507597197123,0.0,0.9401858304297328,2
2026-07-14 09:54:00+09:00,-0.00018498216545882718,0.0,0.9639953542392565,2
2026-07-14 09:55:00+09:00,5.925757068132971e-05,0.0,0.9878048780487805,2
2026-07-14 09:56:00+09:00,-0.0001869530085335179,0.0,0.9878048780487805,2
2026-07-14 09:57:00+09:00,-0.00013871912819683047,0.0,0.9759001161440185,2
2026-07-14 09:58:00+09:00,0.00018289754236573276,0.0,0.9518002322880372,2
2026-07-14 09:59:00+09:00,-0.0004380240235951082,0.0,0.9759001161440186,2
2026-07-14 10:00:00+09:00,0.0001187894954100894,0.0,0.9639953542392566,2
2026-07-14 10:01:00+09:00,-0.00018845900650198797,0.0,0.9637049941927992,2
2026-07-14 10:02:00+09:00,0.0071180200029952794,0.0,0.9520905923344947,2
2026-07-14 10:03:00+09:00,-0.004614125675537692,0.0,0.9875145180023229,2
2026-07-14 10:04:00+09:00,-4.2234117538772514e-05,0.0,0.9759001161440186,2
2026-07-14 10:05:00+09:00,0.0002998239840099283,0.0,0.8925667828106851,2
2026-07-14 10:06:00+09:00,-0.0005300296710422975,0.0,0.9878048780487805,2
2026-07-14 10:07:00+09:00,0.00025179993551224897,0.0,0.9759001161440186,2
2026-07-14 10:08:00+09:00,0.00020722221762544746,0.0,0.9279907084785134,2
2026-07-14 10:09:00+09:00,-0.00016739036114256736,0.0,0.9520905923344947,2
2026-07-14 10:10:00+09:00,3.7356342158603384e-05,0.0,0.9163763066202091,2
2026-07-14 10:11:00+09:00,-6.857537885676416e-05,0.0,0.9279907084785134,2
2026-07-14 10:12:00+09:00,-6.122317227347907e-05,0.0,0.9520905923344947,2
2026-07-14 10:13:00+09:00,0.00029702148463041665,0.0,0.9279907084785134,2
2026-07-14 10:14:00+09:00,6.153757661298933e-05,0.0,0.9878048780487805,2
2026-07-14 10:15:00+09:00,-0.0004706384547622365,0.0,0.9518002322880371,2
2026-07-14 10:16:00+09:00,4.199946028608843e-05,0.0,0.9759001161440184,2
2026-07-14 10:17:00+09:00,-6.847457437024335e-05,0.0,0.9518002322880372,2
2026-07-14 10:18:00+09:00,0.0001077466532389514,0.0,0.8914053426248548,2
2026-07-14 10:19:00+09:00,5.397382258159614e-05,0.0,0.9520905923344947,2
2026-07-14 10:20:00+09:00,-3.873026445440338e-05,0.0,0.9398954703832753,2
2026-07-14 10:21:00+09:00,0.00015678399658456655,0.0,0.9398954703832751,2
2026-07-14 10:22:00+09:00,-0.00012182702205113624,0.0,0.9759001161440186,2
2026-07-14 10:23:00+09:00,0.00020226610209810324,0.0,0.9637049941927991,2
2026-07-14 10:24:00+09:00,-0.00014367613102296613,0.0,0.89198606271777,2
2026-07-14 10:25:00+09:00,7.431340196011279e-06,0.0,0.9396051103368177,2
2026-07-14 10:26:00+09:00,-0.00010924868792088743,0.0,0.9518002322880372,2
2026-07-14 10:27:00+09:00,0.0001262792956665347,0.0,0.9041811846689896,2
2026-07-14 10:28:00+09:00,6.284540667084161e-05,0.0,0.9639953542392566,2
2026-07-14 10:29:00+09:00,6.136352477449727e-05,0.0,0.9401858304297328,2
2026-07-14 10:30:00+09:00,6.416735787660422e-05,0.0,0.9518002322880371,2
2026-07-14 10:31:00+09:00,9.135418985920258e-05,0.0,0.9282810685249709,2
2026-07-14 10:32:00+09:00,-9.191061022532312e-05,0.0,0.9515098722415795,2
2026-07-14 10:33:00+09:00,6.602982866143887e-05,0.0,0.9396051103368177,2
2026-07-14 10:34:00+09:00,4.9891125350729376e-05,0.0,0.9520905923344948,2
2026-07-14 10:35:00+09:00,0.00011345883701584586,0.0,0.9401858304297328,2
2026-07-14 10:36:00+09:00,-6.365305803143724e-05,0.0,0.9520905923344947,2
2026-07-14 10:37:00+09:00,0.0002226159335474555,0.0,0.9637049941927991,2
2026-07-14 10:38:00+09:00,-9.24900765744369e-05,0.0,0.9518002322880371,2
2026-07-14 10:39:00+09:00,8.962197583745254e-05,0.0,0.9041811846689896,2
2026-07-14 10:40:00+09:00,-0.00013848656664530547,0.0,0.9277003484320558,2
2026-07-14 10:41:00+09:00,-5.4061710945341365e-05,0.0,0.9155052264808362,2
2026-07-14 10:42:00+09:00,-0.03104220798397365,0.0,0.9274099883855982,2
2026-07-14 10:43:00+09:00,-0.022426649414273914,0.0,0.9642857142857142,2
2026-07-14 10:44:00+09:00,0.008749016055012103,0.0,0.9398954703832751,2
2026-07-14 10:45:00+09:00,7.006159596564947e-06,0.0,0.8559814169570268,2
2026-07-14 10:46:00+09:00,0.00017030906759760888,0.0,0.8800813008130082,2
2026-07-14 10:47:00+09:00,-7.027427522724136e-06,0.0,0.9155052264808361,2
2026-07-14 10:48:00+09:00,3.380243768206559e-05,0.0,0.9277003484320556,2
2026-07-14 10:49:00+09:00,-0.03101891126634733,0.0,0.8318815331010453,2
2026-07-14 10:50:00+09:00,0.008725589829884145,0.0,0.9639953542392566,2
2026-07-14 10:51:00+09:00,-2.951475261772934e-05,0.0,0.9282810685249709,2
2026-07-14 10:52:00+09:00,0.0002904673578474564,0.0,0.8803716608594656,2
2026-07-14 10:53:00+09:00,-0.0001323238212871818,0.0,0.9279907084785133,2
2026-07-14 10:54:00+09:00,-2.79664390446632e-05,0.0,0.8681765389082463,2
2026-07-14 10:55:00+09:00,0.00015352306509139067,0.0,0.9277003484320556,2
2026-07-14 10:56:00+09:00,2.4768395782788254e-05,0.0,0.9401858304297328,2
2026-07-14 10:57:00+09:00,-7.327697594264717e-05,0.0,0.9155052264808362,2
2026-07-14 10:58:00+09:00,-0.00010982998723727954,0.0,0.9038908246225319,2
2026-07-14 10:59:00+09:00,-2.6624467660350367e-05,0.0,0.9157955865272938,2
2026-07-14 11:00:00+09:00,-0.0002848256754904022,0.0,0.9160859465737514,2
2026-07-14 11:01:00+09:00,4.210386289241062e-05,0.0,0.951800232288037,2
2026-07-14 11:02:00+09:00,0.00015944936198708916,0.0,0.9279907084785133,2
2026-07-14 11:03:00+09:00,0.00015444769222628464,0.0,0.9401858304297328,2
2026-07-14 11:04:00+09:00,-0.008316067613854698,0.0,0.9038908246225319,2
2026-07-14 11:05:00+09:00,0.005059725030755888,0.0,0.9520905923344948,2
2026-07-14 11:06:00+09:00,-2.230541596304744e-05,0.0,0.9398954703832753,2
2026-07-14 11:07:00+09:00,-0.00012383626103790892,0.0,0.9041811846689894,2
2026-07-14 11:08:00+09:00,0.00015768988311474702,0.0,0.8321718931475028,2
2026-07-14 11:09:00+09:00,0.00011421002291428194,0.0,0.9277003484320557,2
2026-07-14 11:10:00+09:00,9.267736500618064e-05,0.0,0.9759001161440184,2
2026-07-14 11:11:00+09:00,3.6386528042023e-05,0.0,0.9155052264808362,2
2026-07-14 11:12:00+09:00,-0.00016843187311325845,0.0,0.9160859465737514,2
2026-07-14 11:13:00+09:00,6.753938024706993e-05,0.0,0.9160859465737514,2
2026-07-14 11:14:00+09:00,3.029929784061157e-05,0.0,0.8803716608594657,2
2026-07-14 11:15:00+09:00,-0.00022053790829184813,0.0,0.9396051103368177,2
2026-07-14 11:16:00+09:00,0.00015977956096888818,0.0,0.9279907084785133,2
2026-07-14 11:17:00+09:00,1.9506706296275354e-05,0.0,0.8914053426248548,2
2026-07-14 11:18:00+09:00,0.00010347587270690232,0.0,0.9398954703832753,2
2026-07-14 11:19:00+09:00,1.2108138840161837e-06,0.0,0.9155052264808362,2
2026-07-14 11:20:00+09:00,-0.00010523593846433689,0.0,0.9282810685249708,2
2026-07-14 11:21:00+09:00,8.844093329546114e-05,0.0,0.8797909407665505,2
2026-07-14 11:22:00+09:00,-0.00024479438282940875,0.0,0.9277003484320557,2
2026-07-14 11:23:00+09:00,0.0002225984232105524,0.0,0.9396051103368176,2
2026-07-14 11:24:00+09:00,2.526092675813283e-06,0.0,0.927409988385598,2
2026-07-14 11:25:00+09:00,-2.975167312162123e-05,0.0,0.9639953542392565,2
2026-07-14 11:26:00+09:00,0.00016368385364295702,0.0,0.8800813008130082,2
2026-07-14 11:27:00+09:00,-8.320830162192211e-05,0.011904761904761904,0.9036004645760743,2
2026-07-14 11:28:00+09:00,-8.977654540215541e-05,0.06039488966318235,0.8434959349593496,2
2026-07-14 11:29:00+09:00,-0.00018310104529616726,0.9155052264808362,0.0,2
2026-07-14 11:30:00+09:00,0.0,0.0,0.0,2
2026-07-14 12:30:00+09:00,-0.0002675842864523431,0.9878048780487805,0.9878048780487803,2
2026-07-14 12:31:00+09:00,-7.281323322792949e-06,0.0,0.9878048780487805,2
2026-07-14 12:32:00+09:00,0.00031542350412934244,0.0,0.9639953542392568,2
2026-07-14 12:33:00+09:00,6.435740079822528e-05,0.0,0.9759001161440186,2
2026-07-14 12:34:00+09:00,-5.2161183185718186e-05,0.0,0.9157955865272938,2
2026-07-14 12:35:00+09:00,9.189672241596956e-05,0.0,0.975609756097561,2
2026-07-14 12:36:00+09:00,2.942807292881141e-06,0.0,0.9157955865272939,2
2026-07-14 12:37:00+09:00,6.961909955373547e-05,0.0,0.9398954703832751,2
2026-07-14 12:38:00+09:00,7.272165409073783e-05,0.0,0.9515098722415796,2
2026-07-14 12:39:00+09:00,9.909415667920793e-05,0.0,0.9518002322880371,2
2026-07-14 12:40:00+09:00,0.00017158982694975088,0.0,0.9637049941927991,2
2026-07-14 12:41:00+09:00,0.00029326950601894937,0.0,0.9157955865272938,2
2026-07-14 12:42:00+09:00,4.025525424551368e-05,0.0,0.9639953542392565,2
2026-07-14 12:43:00+09:00,-0.0001242922540170116,0.0,0.9277003484320557,2
2026-07-14 12:44:00+09:00,0.00015998911448395647,0.0,0.9155052264808361,2
2026-07-14 12:45:00+09:00,0.00683115460197101,0.0,0.9637049941927991,2
2026-07-14 12:46:00+09:00,0.00247618247372151,0.0,0.9398954703832753,2
2026-07-14 12:47:00+09:00,-0.004490852824175155,0.0,0.9518002322880371,2
2026-07-14 12:48:00+09:00,-2.27397839150355e-05,0.0,0.9398954703832753,2
2026-07-14 12:49:00+09:00,-0.00019344990840825706,0.0,0.9398954703832754,2
2026-07-14 12:50:00+09:00,9.038090821070495e-06,0.0,0.9160859465737514,2
2026-07-14 12:51:00+09:00,-4.625500722488607e-05,0.0,0.9160859465737515,2
2026-07-14 12:52:00+09:00,0.0001535906262023186,0.0,0.9157955865272938,2
2026-07-14 12:53:00+09:00,-0.00013772832679485563,0.0,0.8916957026713124,2
2026-07-14 12:54:00+09:00,-6.680226235146017e-05,0.0,0.9518002322880371,2
2026-07-14 12:55:00+09:00,5.564156020879234e-06,0.0,0.9279907084785133,2
2026-07-14 12:56:00+09:00,5.099814131061446e-05,0.0,0.9396051103368176,2
2026-07-14 12:57:00+09:00,5.710798032003413e-06,0.0,0.9041811846689896,2
2026-07-14 12:58:00+09:00,-0.00011333314663606503,0.0,0.9398954703832753,2
2026-07-14 12:59:00+09:00,6.905696203729741e-05,0.0,0.8673054587688734,2
2026-07-14 13:00:00+09:00,0.00013294133201494727,0.0,0.9637049941927991,2
2026-07-14 13:01:00+09:00,-3.7214956810220165e-05,0.0,0.9520905923344947,2
2026-07-14 13:02:00+09:00,-0.00026383582146576355,0.0,0.963704994192799,2
2026-07-14 13:03:00+09:00,-0.030838742051818822,0.0,0.8795005807200929,2
2026-07-14 13:04:00+09:00,0.008792381097240155,0.0,0.9038908246225319,2
2026-07-14 13:05:00+09:00,0.00016478039227822453,0.0,0.9639953542392566,2
2026-07-14 13:06:00+09:00,-0.00013733700766670274,0.0,0.9279907084785133,2
2026-07-14 13:07:00+09:00,5.134056530426068e-05,0.0,0.9038908246225319,2
2026-07-14 13:08:00+09:00,-9.478339363784405e-06,0.0,0.9038908246225319,2
2026-07-14 13:09:00+09:00,6.678217218943167e-05,0.0,0.9155052264808362,2
2026-07-14 13:10:00+09:00,1.6560900014416178e-05,0.0,0.8797909407665504,2
2026-07-14 13:11:00+09:00,-0.030687277680489736,0.0,0.9639953542392566,2
2026-07-14 13:12:00+09:00,0.008623965803093533,0.0,0.9642857142857142,2
2026-07-14 13:13:00+09:00,4.476574714908035e-05,0.0,0.9157955865272938,2
2026-07-14 13:14:00+09:00,-0.030770253078962362,0.0,0.8678861788617885,2
2026-07-14 13:15:00+09:00,0.008742622310692014,0.0,0.9396051103368177,2
2026-07-14 13:16:00+09:00,-1.0343631463521056e-05,0.0,0.8916957026713124,2
2026-07-14 13:17:00+09:00,4.1934236096725045e-05,0.0,0.8797909407665505,2
2026-07-14 13:18:00+09:00,4.2345501235776045e-05,0.0,0.8797909407665505,2
2026-07-14 13:19:00+09:00,-8.452122185791898e-05,0.0,0.8922764227642277,2
2026-07-14 13:20:00+09:00,8.542669533655182e-06,0.0,0.93931475029036,2
2026-07-14 13:21:00+09:00,-1.9586261113160267e-05,0.0,0.9038908246225319,2
2026-07-14 13:22:00+09:00,-5.161951907051105e-05,0.0,0.8803716608594658,2
2026-07-14 13:23:00+09:00,2.308167774163114e-05,0.0,0.8916957026713124,2
2026-07-14 13:24:00+09:00,9.26431979437754e-05,0.0,0.9398954703832753,2
2026-07-14 13:25:00+09:00,-0.00020823821855944522,0.0,0.9157955865272938,2
2026-07-14 13:26:00+09:00,-2.688166797272683e-05,0.0,0.9036004645760742,2
2026-07-14 13:27:00+09:00,0.006887689459419282,0.0,0.9398954703832751,2
2026-07-14 13:28:00+09:00,-0.004487538634201934,0.0,0.8678861788617884,2
2026-07-14 13:29:00+09:00,4.143573481918961e-05,0.0,0.8919860627177699,2
2026-07-14 13:30:00+09:00,4.6133308695990835e-05,0.0,0.9637049941927991,2
2026-07-14 13:31:00+09:00,9.877172262678975e-05,0.0,0.9038908246225319,2
2026-07-14 13:32:00+09:00,9.472665353345642e-05,0.0,0.8916957026713124,2
2026-07-14 13:33:00+09:00,-5.822364478501959e-05,0.0,0.867595818815331,2
2026-07-14 13:34:00+09:00,-6.011503196785711e-05,0.0,0.9279907084785133,2
2026-07-14 13:35:00+09:00,-6.282465731354898e-05,0.0,0.9518002322880372,2
2026-07-14 13:36:00+09:00,-4.0855109425243336e-05,0.0,0.9396051103368177,2
2026-07-14 13:37:00+09:00,6.078265946245152e-05,0.0,0.9163763066202091,2
2026-07-14 13:38:00+09:00,-4.537932687905297e-05,0.0,0.9518002322880371,2
2026-07-14 13:39:00+09:00,6.5827917141134585e-06,0.0,0.9759001161440186,2
2026-07-14 13:40:00+09:00,-1.542481425417624e-05,0.0,0.8559814169570267,2
2026-07-14 13:41:00+09:00,-7.333609665095683e-05,0.0,0.8800813008130081,2
2026-07-14 13:42:00+09:00,-5.741003091179886e-05,0.0,0.9396051103368175,2
2026-07-14 13:43:00+09:00,6.369144160147979e-05,0.0,0.9759001161440185,2
2026-07-14 13:44:00+09:00,0.00014028383149015914,0.0,0.9520905923344947,2
2026-07-14 13:45:00+09:00,-1.2149767000160192e-05,0.0,0.9157955865272938,2
2026-07-14 13:46:00+09:00,9.494144087717899e-05,0.0,0.9157955865272938,2
2026-07-14 13:47:00+09:00,2.0651941047630648e-05,0.0,0.8678861788617886,2
2026-07-14 13:48:00+09:00,3.7374236687460536e-05,0.0,0.8908246225319396,2
2026-07-14 13:49:00+09:00,-4.927703899021402e-05,0.0,0.9157955865272938,2
2026-07-14 13:50:00+09:00,2.2225276450306293e-06,0.0,0.8914053426248547,2
2026-07-14 13:51:00+09:00,0.00013939137221346997,0.0,0.9398954703832751,2
2026-07-14 13:52:00+09:00,0.0003051987541943235,0.0,0.9041811846689894,2
2026-07-14 13:53:00+09:00,-6.982928600005406e-05,0.0,0.9036004645760742,2
2026-07-14 13:54:00+09:00,-0.00011444007240369962,0.0,0.9518002322880372,2
2026-07-14 13:55:00+09:00,-0.00010757348472940583,0.0,0.9639953542392565,2
2026-07-14 13:56:00+09:00,5.438733720208763e-05,0.0,0.9160859465737514,2
2026-07-14 13:57:00+09:00,5.6126840760665764e-05,0.0,0.9277003484320556,2
2026-07-14 13:58:00+09:00,0.006909408202776228,0.0,0.9155052264808361,2
2026-07-14 13:59:00+09:00,-0.004278800898283071,0.0,0.9277003484320557,2
2026-07-14 14:00:00+09:00,8.774011477447902e-05,0.0,0.9398954703832753,2
2026-07-14 14:01:00+09:00,7.51784986870495e-05,0.0,0.8678861788617886,2
2026-07-14 14:02:00+09:00,-4.117281429633847e-05,0.0,0.880081300813008,2
2026-07-14 14:03:00+09:00,-5.324048611351022e-05,0.0,0.9518002322880372,2
2026-07-14 14:04:00+09:00,-4.290709947595028e-05,0.0,0.9160859465737514,2
2026-07-14 14:05:00+09:00,-0.00022390317639555294,0.0,0.9277003484320556,2
2026-07-14 14:06:00+09:00,-9.034708594571197e-05,0.0,0.8792102206736352,2
2026-07-14 14:07:00+09:00,6.653483717228584e-05,0.0,0.9157955865272939,2
2026-07-14 14:08:00+09:00,6.23252910632523e-05,0.0,0.9277003484320556,2
2026-07-14 14:09:00+09:00,-0.00014117646028115726,0.0,0.8914053426248547,2
2026-07-14 14:10:00+09:00,-8.733921008656262e-05,0.0,0.8559814169570268,2
2026-07-14 14:11:00+09:00,4.324163241128847e-07,0.0,0.963704994192799,2
2026-07-14 14:12:00+09:00,-8.466349696037637e-05,0.0,0.9518002322880371,2
2026-07-14 14:13:00+09:00,4.6710543923524146e-05,0.0,0.9160859465737514,2
2026-07-14 14:14:00+09:00,9.923830800443355e-05,0.0,0.9157955865272939,2
2026-07-14 14:15:00+09:00,-4.486799327963238e-05,0.0,0.9518002322880371,2
2026-07-14 14:16:00+09:00,-6.143984468608291e-05,0.0,0.9759001161440186,2
2026-07-14 14:17:00+09:00,0.00013913042782178628,0.0,0.963704994192799,2
2026-07-14 14:18:00+09:00,2.1754618442362136e-05,0.0,0.8556910569105691,2
2026-07-14 14:19:00+09:00,2.086910891355528e-05,0.0,0.9036004645760742,2
2026-07-14 14:20:00+09:00,-7.220997042061466e-05,0.0,0.9157955865272938,2
2026-07-14 14:21:00+09:00,3.792139606136366e-05,0.0,0.9520905923344948,2
2026-07-14 14:22:00+09:00,-9.196648725540502e-05,0.0,0.9277003484320557,2
2026-07-14 14:23:00+09:00,3.809959014113017e-06,0.0,0.7836817653890824,2
2026-07-14 14:24:00+09:00,-0.00015306236046653808,0.0,0.9401858304297328,2
2026-07-14 14:25:00+09:00,-3.385511850442339e-06,0.0,0.9277003484320556,2
2026-07-14 14:26:00+09:00,4.5336463621501895e-05,0.0,0.9520905923344948,2
2026-07-14 14:27:00+09:00,0.00011173062225336006,0.0,0.9038908246225319,2
2026-07-14 14:28:00+09:00,0.00013214343862209008,0.0,0.9160859465737514,2
2026-07-14 14:29:00+09:00,-0.0002785428521449995,0.0,0.8803716608594657,2
2026-07-14 14:30:00+09:00,-8.247533263510843e-05,0.0,0.9401858304297328,2
2026-07-14 14:31:00+09:00,-3.945989268734979e-05,0.0,0.9398954703832751,2
2026-07-14 14:32:00+09:00,2.155596428192628e-05,0.0,0.9038908246225319,2
2026-07-14 14:33:00+09:00,7.939420299871027e-05,0.0,0.9398954703832754,2
2026-07-14 14:34:00+09:00,-6.829833464834338e-05,0.0,0.9520905923344948,2
2026-07-14 14:35:00+09:00,-8.497766949826647e-05,0.0,0.9639953542392565,2
2026-07-14 14:36:00+09:00,-5.869645709984251e-05,0.0,0.8797909407665505,2
2026-07-14 14:37:00+09:00,2.0548152285215095e-05,0.0,0.9036004645760742,2
2026-07-14 14:38:00+09:00,5.585960164752243e-05,0.0,0.9163763066202091,2
2026-07-14 14:39:00+09:00,3.47820505445417e-05,0.0,0.9160859465737514,2
2026-07-14 14:40:00+09:00,0.00011841479780256461,0.0,0.9518002322880371,2
2026-07-14 14:41:00+09:00,-9.810634257978665e-05,0.0,0.9398954703832754,2
2026-07-14 14:42:00+09:00,-0.00014420083070615733,0.0,0.9398954703832753,2
2026-07-14 14:43:00+09:00,8.325164716393512e-05,0.0,0.8916957026713124,2
2026-07-14 14:44:00+09:00,-1.759284624338238e-05,0.0,0.8324622531939604,2
2026-07-14 14:45:00+09:00,-1.1138889511649548e-05,0.0,0.89198606271777,2
2026-07-14 14:46:00+09:00,-4.222615811292084e-05,0.0,0.9163763066202091,2
2026-07-14 14:47:00+09:00,-7.463839747190695e-05,0.0,0.9160859465737514,2
2026-07-14 14:48:00+09:00,2.944712324291266e-05,0.0,0.9277003484320557,2
2026-07-14 14:49:00+09:00,-1.7479840791847952e-05,0.0,0.9277003484320557,2
2026-07-14 14:50:00+09:00,-7.627695007720721e-05,0.0,0.9163763066202091,2
2026-07-14 14:51:00+09:00,-8.203386682435114e-05,0.0,0.9274099883855981,2
2026-07-14 14:52:00+09:00,-8.476225242097773e-05,0.0,0.8803716608594657,2
2026-07-14 14:53:00+09:00,-1.0243614900030787e-05,0.0,0.8916957026713124,2
2026-07-14 14:54:00+09:00,-5.283134197416987e-05,0.0,0.9282810685249709,2
2026-07-14 14:55:00+09:00,4.70010753469314e-05,0.0,0.9160859465737514,2
2026-07-14 14:56:00+09:00,9.976361540569655e-05,0.0,0.9277003484320557,2
2026-07-14 14:57:00+09:00,-0.00010171600498882968,0.0,0.9155052264808362,2
2026-07-14 14:58:00+09:00,-2.3764072890536826e-05,0.0,0.9157955865272938,2
2026-07-14 14:59:00+09:00,-6.771577964511848e-05,0.0,0.9152148664343787,2
2026-07-14 15:00:00+09:00,7.649090056850602e-05,0.0,0.9518002322880372,2
2026-07-14 15:01:00+09:00,2.112227609975598e-05,0.0,0.9277003484320558,2
2026-07-14 15:02:00+09:00,-7.356885212682753e-05,0.0,0.975609756097561,2
2026-07-14 15:03:00+09:00,1.2269833573688794e-06,0.0,0.8922764227642276,2
2026-07-14 15:04:00+09:00,-3.764649335391059e-05,0.0,0.9398954703832751,2
2026-07-14 15:05:00+09:00,-0.00010703574026439772,0.0,0.9518002322880371,2
2026-07-14 15:06:00+09:00,0.00011549117028067241,0.0,0.9157955865272939,2
2026-07-14 15:07:00+09:00,-3.6912641871704085e-05,0.0,0.9279907084785133,2
2026-07-14 15:08:00+09:00,1.1871038636423657e-05,0.0,0.9401858304297328,2
2026-07-14 15:09:00+09:00,8.507311484545928e-05,0.0,0.9637049941927991,2
2026-07-14 15:10:00+09:00,0.007017827318812183,0.0,0.9515098722415796,2
2026-07-14 15:11:00+09:00,-0.0042749112058451,0.0,0.9398954703832751,2
2026-07-14 15:12:00+09:00,-0.00012690633616288543,0.0,0.9518002322880371,2
2026-07-14 15:13:00+09:00,2.9851268397276148e-05,0.0,0.9639953542392565,2
2026-07-14 15:14:00+09:00,-0.0048793990775103605,1.7711323676579083,1.0,2
2026-07-14 15:15:00+09:00,0.0023768197028579264,0.0,1.0082268679829656,2
2026-07-14 15:16:00+09:00,0.0025883041672345357,0.0,0.9680792652490765,2
2026-07-14 15:17:00+09:00,0.002238631440269732,0.0,0.9895336464595552,2
2026-07-14 15:18:00+09:00,0.006244267258123019,0.0,0.9614064626719941,2
2026-07-14 15:19:00+09:00,-0.0031445175796641794,0.0,0.9731365215718644,2
2026-07-14 15:20:00+09:00,0.0029439329341211995,0.0,1.0014384083643173,2
2026-07-14 15:21:00+09:00,0.0026352055759619403,0.0,1.0106976676235764,2
2026-07-14 15:22:00+09:00,0.0025157200745932543,0.009259259259259259,0.9987929057188145,2
2026-07-14 15:23:00+09:00,0.0038270603572368007,0.0,1.0170210641908755,2
2026-07-14 15:24:00+09:00,0.002407095541459801,1.0293908891469867,0.018518518518518517,2
2026-07-14 15:30:00+09:00,-1.8518518518518519e-06,0.009259259259259259,0.0,2
2026-07-15 09:00:00+09:00,0.0,0.0,0.0,2
2026-07-15 09:01:00+09:00,0.0,0.0,0.0,2
2026-07-15 09:02:00+09:00,0.0,0.0,0.0,2
2026-07-15 09:03:00+09:00,0.0,0.0,0.0,2
2026-07-15 09:04:00+09:00,0.0,0.0,0.0,2
2026-07-15 09:05:00+09:00,0.0,0.0,0.0,2
2026-07-15 09:06:00+09:00,0.0,0.0,0.0,2
2026-07-15 09:07:00+09:00,0.0,0.0,0.0,2
2026-07-15 09:08:00+09:00,0.0,0.0,0.0,2
2026-07-15 09:09:00+09:00,0.0,0.0,0.0,2
2026-07-15 09:10:00+09:00,0.0,0.0,0.0,2
2026-07-15 09:11:00+09:00,0.0,0.0,0.0,2
2026-07-15 09:12:00+09:00,0.0,0.0,0.0,2
2026-07-15 09:13:00+09:00,0.0,0.0,0.0,2
2026-07-15 09:14:00+09:00,0.0,0.0,0.0,2
2026-07-15 09:15:00+09:00,0.007815718274042148,1.0113636363636365,1.0,2
2026-07-15 09:16:00+09:00,-1.2508400037683026e-05,0.0,0.9886363636363636,2
2026-07-15 09:17:00+09:00,6.1455200575150825e-06,0.0,0.9886363636363636,2
2026-07-15 09:18:00+09:00,0.0002476099890889651,0.0,0.9659090909090909,2
2026-07-15 09:19:00+09:00,-0.0002107149050336161,0.0,0.965909090909091,2
2026-07-15 09:20:00+09:00,3.854030259285097e-05,0.0,0.9770084566596194,2
2026-07-15 09:21:00+09:00,4.4871555809348115e-05,0.0,0.9770084566596194,2
2026-07-15 09:22:00+09:00,0.00016524369746864068,0.0,0.9540169133192389,2
2026-07-15 09:23:00+09:00,2.785212193089142e-05,0.0,0.9540169133192389,2
2026-07-15 09:24:00+09:00,0.00015429236894926214,0.0,0.9886363636363636,2
2026-07-15 09:25:00+09:00,-2.6613849486092754e-05,0.0,0.9772727272727273,2
2026-07-15 09:26:00+09:00,-0.00011195689265572073,0.0,0.9312896405919662,2
2026-07-15 09:27:00+09:00,-0.00010379625026693933,0.0,0.919661733615222,2
2026-07-15 09:28:00+09:00,-0.00014680910270016787,0.0,0.8971987315010571,2
2026-07-15 09:29:00+09:00,-0.029309447187574333,0.0,0.9082980972515857,2
2026-07-15 09:30:00+09:00,0.008206954289075623,0.0,0.9429175475687104,2
2026-07-15 09:31:00+09:00,6.644011918560283e-05,0.0,0.9312896405919662,2
2026-07-15 09:32:00+09:00,-0.0002840467394454946,0.0,0.954016913319239,2
2026-07-15 09:33:00+09:00,5.5792975754867236e-05,0.0,0.9545454545454546,2
2026-07-15 09:34:00+09:00,3.804802869267146e-05,0.0,0.9312896405919662,2
2026-07-15 09:35:00+09:00,-3.89570894989346e-05,0.0,0.9542811839323467,2
2026-07-15 09:36:00+09:00,-5.575327785441024e-05,0.0,0.9656448202959831,2
2026-07-15 09:37:00+09:00,-0.00023769023971592862,0.0,0.965909090909091,2
2026-07-15 09:38:00+09:00,6.856664842757888e-05,0.0,0.9426532769556026,2
2026-07-15 09:39:00+09:00,3.469857996736807e-05,0.0,0.9542811839323467,2
2026-07-15 09:40:00+09:00,3.218752668441867e-06,0.0,0.9656448202959831,2
2026-07-15 09:41:00+09:00,5.950435092069514e-05,0.0,0.9310253699788584,2
2026-07-15 09:42:00+09:00,0.00022419992756776992,0.0,0.9426532769556025,2
2026-07-15 09:43:00+09:00,-7.992937795525975e-05,0.0,0.9542811839323467,2
2026-07-15 09:44:00+09:00,0.0002560927731177275,0.0,0.9082980972515856,2
2026-07-15 09:45:00+09:00,8.154492027370403e-05,0.0,0.9423890063424947,2
2026-07-15 09:46:00+09:00,-1.3947316874491717e-05,0.0,0.9315539112050741,2
2026-07-15 09:47:00+09:00,-1.6553793149673363e-05,0.0,0.9085623678646935,2
2026-07-15 09:48:00+09:00,-0.00016336097732794154,0.0,0.919661733615222,2
2026-07-15 09:49:00+09:00,-0.0002282639067718659,0.0,0.9080338266384779,2
2026-07-15 09:50:00+09:00,-0.00022617766914863387,0.0,0.9542811839323468,2
2026-07-15 09:51:00+09:00,0.00010065247854989779,0.0,0.9193974630021141,2
2026-07-15 09:52:00+09:00,0.00012396007518920523,0.0,0.9429175475687104,2
2026-07-15 09:53:00+09:00,7.818534214702103e-05,0.0,0.9199260042283299,2
2026-07-15 09:54:00+09:00,0.00013065013532351368,0.0,0.9085623678646935,2
2026-07-15 09:55:00+09:00,-1.5958662448914787e-05,0.0,0.9426532769556026,2
2026-07-15 09:56:00+09:00,-0.007478950740549234,0.0,0.8850422832980973,2
2026-07-15 09:57:00+09:00,0.004652800191369613,0.0,0.9770084566596194,2
2026-07-15 09:58:00+09:00,-2.5428982984290063e-06,0.0,0.9318181818181819,2
2026-07-15 09:59:00+09:00,5.714118747170671e-05,0.0,0.9429175475687104,2
2026-07-15 10:00:00+09:00,2.623635458776279e-05,0.0,0.9542811839323467,2
2026-07-15 10:01:00+09:00,-0.188762428080873,0.0,0.9431818181818182,2
2026-07-15 10:02:00+09:00,0.010960138360558633,0.0,0.9548097251585624,2
2026-07-15 10:03:00+09:00,2.0076555057414086e-05,0.0,0.9312896405919662,2
2026-07-15 10:04:00+09:00,-5.9547749737389946e-05,0.0,0.9542811839323467,2
2026-07-15 10:05:00+09:00,1.6896155035629112e-05,0.0,0.9312896405919662,2
2026-07-15 10:06:00+09:00,-0.00029080140791769955,0.0,0.897463002114165,2
2026-07-15 10:07:00+09:00,-0.00017471992809276574,0.0,0.8969344608879493,2
2026-07-15 10:08:00+09:00,0.00010970715612259501,0.0,0.9082980972515856,2
2026-07-15 10:09:00+09:00,-3.968499409347728e-05,0.0,0.9770084566596194,2
2026-07-15 10:10:00+09:00,-7.86468103269736e-05,0.0,0.8850422832980973,2
2026-07-15 10:11:00+09:00,0.0002499356391422279,0.0,0.9310253699788583,2
2026-07-15 10:12:00+09:00,-2.6087440219203114e-05,0.0,0.9077695560253699,2
2026-07-15 10:13:00+09:00,-8.505969593359284e-05,0.0,0.9423890063424948,2
2026-07-15 10:14:00+09:00,0.00014910890868958574,0.0,0.8736786469344608,2
2026-07-15 10:15:00+09:00,-0.0003026478294358615,0.0,0.9772727272727273,2
2026-07-15 10:16:00+09:00,2.2246271514571816e-06,0.0,0.9085623678646935,2
2026-07-15 10:17:00+09:00,8.487509150130849e-05,0.0,0.919661733615222,2
2026-07-15 10:18:00+09:00,3.117984254467164e-05,0.0,0.9429175475687104,2
2026-07-15 10:19:00+09:00,-6.227135434353596e-05,0.0,0.9312896405919662,2
2026-07-15 10:20:00+09:00,-7.548727862887741e-05,0.0,0.9770084566596196,2
2026-07-15 10:21:00+09:00,0.00019588787810513537,0.0,0.9656448202959831,2
2026-07-15 10:22:00+09:00,-0.00023201147298300632,0.0,0.9307610993657507,2
2026-07-15 10:23:00+09:00,-5.6142381825350675e-06,0.0,0.9656448202959831,2
2026-07-15 10:24:00+09:00,-0.029659787433008778,0.0,0.919661733615222,2
2026-07-15 10:25:00+09:00,0.008476968085143598,0.0,0.9426532769556026,2
2026-07-15 10:26:00+09:00,-3.6095149573906706e-05,0.0,0.931553911205074,2
2026-07-15 10:27:00+09:00,0.00013119768463716955,0.0,0.9537526427061311,2
2026-07-15 10:28:00+09:00,-0.0002569090598994216,0.0,0.9545454545454546,2
2026-07-15 10:29:00+09:00,-0.0001449451431019457,0.0,0.9310253699788583,2
2026-07-15 10:30:00+09:00,9.402150745994527e-05,0.0,0.9770084566596196,2
2026-07-15 10:31:00+09:00,0.0001938074984338008,0.0,0.9199260042283298,2
2026-07-15 10:32:00+09:00,-0.00015093440038834867,0.0,0.9545454545454546,2
2026-07-15 10:33:00+09:00,7.562788035430378e-05,0.0,0.9886363636363636,2
2026-07-15 10:34:00+09:00,-5.7697585109468275e-05,0.0,0.885306553911205,2
2026-07-15 10:35:00+09:00,-4.038661361650415e-05,0.0,0.90776955602537,2
2026-07-15 10:36:00+09:00,-7.897894683431133e-05,0.0,0.9193974630021142,2
2026-07-15 10:37:00+09:00,0.00010979015043791206,0.0,0.8966701902748415,2
2026-07-15 10:38:00+09:00,0.0002035265523691341,0.0,0.9080338266384778,2
2026-07-15 10:39:00+09:00,-0.00012090931619983407,0.0,0.9421247357293869,2
2026-07-15 10:40:00+09:00,-2.1467916706861617e-05,0.0,0.9199260042283298,2
2026-07-15 10:41:00+09:00,-1.3884515598017917e-05,0.0,0.897463002114165,2
2026-07-15 10:42:00+09:00,-0.00010405183816152276,0.0,0.9201902748414377,2
2026-07-15 10:43:00+09:00,-0.0073556547626080345,0.0,0.90776955602537,2
2026-07-15 10:44:00+09:00,0.0043682294968003165,0.0,0.8739429175475687,2
2026-07-15 10:45:00+09:00,4.47375408312185e-05,0.0,0.9199260042283298,2
2026-07-15 10:46:00+09:00,-8.216999371113414e-05,0.0,0.8969344608879493,2
2026-07-15 10:47:00+09:00,0.00014387997251507926,0.0,0.8855708245243129,2
2026-07-15 10:48:00+09:00,3.310740080117e-06,0.0,0.9193974630021142,2
2026-07-15 10:49:00+09:00,-7.253293525249107e-05,0.0,0.8850422832980973,2
2026-07-15 10:50:00+09:00,-2.685291184886011e-05,0.0,0.9204545454545455,2
2026-07-15 10:51:00+09:00,-4.507204455290176e-05,0.0,0.7703488372093024,2
2026-07-15 10:52:00+09:00,-5.680426422894863e-05,0.0,0.9540169133192389,2
2026-07-15 10:53:00+09:00,-5.398744772561679e-05,0.0,0.8847780126849893,2
2026-07-15 10:54:00+09:00,-4.8701098606951414e-05,0.0,0.8514799154334038,2
2026-07-15 10:55:00+09:00,-0.18897712577242534,0.0,0.9429175475687104,2
2026-07-15 10:56:00+09:00,0.010828607651703877,0.0,0.9310253699788584,2
2026-07-15 10:57:00+09:00,-0.007306662901748269,0.0,0.8512156448202961,2
2026-07-15 10:58:00+09:00,0.0045624558700851124,0.0,0.885306553911205,2
2026-07-15 10:59:00+09:00,0.00010627826636487559,0.0,0.8620507399577167,2
2026-07-15 11:00:00+09:00,2.8515469726427886e-06,0.0,0.919661733615222,2
2026-07-15 11:01:00+09:00,0.00010282398417061974,0.0,0.8165961945031712,2
2026-07-15 11:02:00+09:00,5.7893833729152464e-05,0.0,0.8623150105708246,2
2026-07-15 11:03:00+09:00,-0.3895117918241892,0.0,0.8855708245243129,2
2026-07-15 11:04:00+09:00,0.01124116697051969,0.0,0.8966701902748415,2
2026-07-15 11:05:00+09:00,3.636222296156935e-05,0.0,0.885306553911205,2
2026-07-15 11:06:00+09:00,-1.190004302313185e-05,0.0,0.8736786469344608,2
2026-07-15 11:07:00+09:00,3.070361354841429e-05,0.0,0.9085623678646935,2
2026-07-15 11:08:00+09:00,-9.564448792377405e-06,0.0,0.8401162790697676,2
2026-07-15 11:09:00+09:00,-1.7809241097738523e-05,0.0,0.8628435517970401,2
2026-07-15 11:10:00+09:00,-9.560662758414818e-06,0.0,0.8509513742071881,2
2026-07-15 11:11:00+09:00,-0.18909911771985882,0.0,0.9082980972515857,2
2026-07-15 11:12:00+09:00,0.011130887149697328,0.0,0.863107822410148,2
2026-07-15 11:13:00+09:00,-6.566833215452548e-05,0.0,0.8506871035940804,2
2026-07-15 11:14:00+09:00,7.479611872458471e-05,0.0,0.8739429175475688,2
2026-07-15 11:15:00+09:00,-8.611894154600592e-05,0.0,0.8739429175475687,2
2026-07-15 11:16:00+09:00,0.00012045112422804743,0.0,0.7933403805496828,2
2026-07-15 11:17:00+09:00,-0.00018359545341263715,0.0,0.885570824524313,2
2026-07-15 11:18:00+09:00,4.715390224311738e-05,0.0,0.8734143763213531,2
2026-07-15 11:19:00+09:00,-8.494819504867076e-05,0.0,0.8504228329809725,2
2026-07-15 11:20:00+09:00,-3.924365155290637e-05,0.0,0.9199260042283299,2
2026-07-15 11:21:00+09:00,-9.96838399917666e-05,0.0,0.8966701902748415,2
2026-07-15 11:22:00+09:00,0.00019699760506479227,0.0,0.9201902748414377,2
2026-07-15 11:23:00+09:00,-3.4580781753186895e-05,0.0,0.9199260042283299,2
2026-07-15 11:24:00+09:00,-9.965007648678984e-05,0.0,0.8966701902748414,2
2026-07-15 11:25:00+09:00,-5.4803450959573696e-05,0.0,0.8971987315010571,2
2026-07-15 11:26:00+09:00,0.000132161698463619,0.011363636363636364,0.8739429175475688,2
2026-07-15 11:27:00+09:00,0.00016812281298232527,0.022727272727272728,0.8279598308668076,2
2026-07-15 11:28:00+09:00,-0.00019123301915550925,0.06923890063424948,0.8393234672304439,2
2026-07-15 11:29:00+09:00,-0.000177061310782241,0.885306553911205,0.0,2
2026-07-15 11:30:00+09:00,0.0,0.0,0.0,2
2026-07-15 12:30:00+09:00,0.018829266793343482,0.9886363636363636,1.011892177589852,2
2026-07-15 12:31:00+09:00,-0.00013126639878093002,0.0,0.9312896405919662,2
2026-07-15 12:32:00+09:00,-0.00029986989802940293,0.0,0.9772727272727274,2
2026-07-15 12:33:00+09:00,-3.436490534257495e-05,0.0,0.9426532769556026,2
2026-07-15 12:34:00+09:00,-0.00014432096305588068,0.0,0.9429175475687104,2
2026-07-15 12:35:00+09:00,-5.373094635916882e-05,0.0,0.9201902748414377,2
2026-07-15 12:36:00+09:00,-0.00017215050438704394,0.0,0.931553911205074,2
2026-07-15 12:37:00+09:00,3.927471311404158e-06,0.0,0.9429175475687104,2
2026-07-15 12:38:00+09:00,-0.00014176999297091676,0.0,0.9659090909090909,2
2026-07-15 12:39:00+09:00,3.724597119522076e-05,0.0,0.9886363636363636,2
2026-07-15 12:40:00+09:00,0.00015729259001746488,0.0,0.9199260042283298,2
2026-07-15 12:41:00+09:00,2.1059697677204996e-05,0.0,0.9082980972515857,2
2026-07-15 12:42:00+09:00,7.501331915354602e-05,0.0,0.9426532769556026,2
2026-07-15 12:43:00+09:00,4.634073142396156e-05,0.0,0.9085623678646935,2
2026-07-15 12:44:00+09:00,0.00010347133519016626,0.0,0.9426532769556025,2
2026-07-15 12:45:00+09:00,-1.0602097980439791e-05,0.0,0.9426532769556026,2
2026-07-15 12:46:00+09:00,1.3921949470850537e-05,0.0,0.9431818181818181,2
2026-07-15 12:47:00+09:00,3.754533759587279e-05,0.0,0.8742071881606766,2
2026-07-15 12:48:00+09:00,-1.6048161554356372e-05,0.0,0.9082980972515857,2
2026-07-15 12:49:00+09:00,-0.00015114450347947296,0.0,0.919661733615222,2
2026-07-15 12:50:00+09:00,8.14995202678363e-05,0.0,0.9540169133192389,2
2026-07-15 12:51:00+09:00,-1.7535538051696168e-05,0.0,0.8398520084566597,2
2026-07-15 12:52:00+09:00,0.00015617425569464346,0.0,0.897463002114165,2
2026-07-15 12:53:00+09:00,-1.5430565993838926e-06,0.0,0.885306553911205,2
2026-07-15 12:54:00+09:00,-1.4823943928992199e-05,0.0,0.897198731501057,2
2026-07-15 12:55:00+09:00,1.7500079167850266e-05,0.0,0.8736786469344608,2
2026-07-15 12:56:00+09:00,-1.3854197301178135e-05,0.0,0.9082980972515857,2
2026-07-15 12:57:00+09:00,-0.00014255987926450723,0.0,0.9085623678646936,2
2026-07-15 12:58:00+09:00,-2.274868791525848e-05,0.0,0.8850422832980973,2
2026-07-15 12:59:00+09:00,-9.231306988216794e-06,0.0,0.8966701902748415,2
2026-07-15 13:00:00+09:00,7.569054521394635e-05,0.0,0.9199260042283298,2
2026-07-15 13:01:00+09:00,-9.967586117288437e-05,0.0,0.9540169133192389,2
2026-07-15 13:02:00+09:00,-0.00010571824225586768,0.0,0.8628435517970402,2
2026-07-15 13:03:00+09:00,3.771190616646646e-05,0.0,0.9193974630021141,2
2026-07-15 13:04:00+09:00,-2.966242314704847e-05,0.0,0.8964059196617337,2
2026-07-15 13:05:00+09:00,0.00020340574848334397,0.0,0.9431818181818182,2
2026-07-15 13:06:00+09:00,-0.00011628904733061956,0.0,0.885306553911205,2
2026-07-15 13:07:00+09:00,0.00012868017148868127,0.0,0.8855708245243129,2
2026-07-15 13:08:00+09:00,-9.372976543384144e-05,0.0,0.9085623678646935,2
2026-07-15 13:09:00+09:00,-3.3483683387980005e-05,0.0,0.9540169133192389,2
2026-07-15 13:10:00+09:00,-1.736430909350628e-05,0.0,0.9426532769556026,2
2026-07-15 13:11:00+09:00,5.9828495438095975e-05,0.0,0.8398520084566596,2
2026-07-15 13:12:00+09:00,-0.18930368815756707,0.0,0.8969344608879493,2
2026-07-15 13:13:00+09:00,-0.018531524328922445,0.0,0.8739429175475687,2
2026-07-15 13:14:00+09:00,0.008348464341339816,0.0,0.8276955602536997,2
2026-07-15 13:15:00+09:00,2.1312757668187347e-05,0.0,0.9082980972515857,2
2026-07-15 13:16:00+09:00,-2.690733494884457e-05,0.0,0.8964059196617337,2
2026-07-15 13:17:00+09:00,-9.098159382624817e-05,0.0,0.8739429175475688,2
2026-07-15 13:18:00+09:00,-7.896892523756408e-06,0.0,0.8393234672304439,2
2026-07-15 13:19:00+09:00,3.5943443087219955e-05,0.0,0.8279598308668077,2
2026-07-15 13:20:00+09:00,-9.786600397415988e-05,0.0,0.9312896405919662,2
2026-07-15 13:21:00+09:00,-0.0001976192291637533,0.0,0.8160676532769556,2
2026-07-15 13:22:00+09:00,-4.269236078070026e-05,0.0,0.885306553911205,2
2026-07-15 13:23:00+09:00,0.00013228419251871295,0.0,0.885306553911205,2
2026-07-15 13:24:00+09:00,-0.00010960046122034547,0.0,0.8512156448202961,2
2026-07-15 13:25:00+09:00,-3.763370368147286e-05,0.0,0.8969344608879493,2
2026-07-15 13:26:00+09:00,-4.220783416300543e-06,0.0,0.863107822410148,2
2026-07-15 13:27:00+09:00,-2.0896105544658033e-05,0.0,0.9540169133192389,2
2026-07-15 13:28:00+09:00,4.701697644043981e-06,0.0,0.885306553911205,2
2026-07-15 13:29:00+09:00,9.501027716746904e-05,0.0,0.8736786469344608,2
2026-07-15 13:30:00+09:00,9.482903436692356e-05,0.0,0.9312896405919662,2
2026-07-15 13:31:00+09:00,9.189501187441016e-05,0.0,0.8850422832980973,2
2026-07-15 13:32:00+09:00,3.4976801517185037e-07,0.0,0.8398520084566596,2
2026-07-15 13:33:00+09:00,-0.00019980160163848151,0.0,0.885570824524313,2
2026-07-15 13:34:00+09:00,-5.8175149435783454e-05,0.0,0.8966701902748415,2
2026-07-15 13:35:00+09:00,-4.577322407265608e-06,0.0,0.9199260042283299,2
2026-07-15 13:36:00+09:00,4.606085407332569e-06,0.0,0.8047040169133193,2
2026-07-15 13:37:00+09:00,9.229115681249481e-07,0.0,0.7936046511627908,2
2026-07-15 13:38:00+09:00,-5.794235021540844e-05,0.0,0.9080338266384778,2
2026-07-15 13:39:00+09:00,-4.124953344921256e-05,0.0,0.8393234672304439,2
2026-07-15 13:40:00+09:00,-0.0001656621173425608,0.0,0.8964059196617336,2
2026-07-15 13:41:00+09:00,-5.9625622411009254e-05,0.0,0.8969344608879493,2
2026-07-15 13:42:00+09:00,-0.0001235719249808411,0.0,0.873678646934461,2
2026-07-15 13:43:00+09:00,1.747192756004021e-05,0.0,0.9659090909090909,2
2026-07-15 13:44:00+09:00,-7.542240783119564e-06,0.0,0.8850422832980973,2
2026-07-15 13:45:00+09:00,3.0951577093873044e-05,0.0,0.8395877378435518,2
2026-07-15 13:46:00+09:00,-0.006750567811179561,0.0,0.8971987315010571,2
2026-07-15 13:47:00+09:00,0.0042915101023172355,0.0,0.8509513742071881,2
2026-07-15 13:48:00+09:00,3.458112132226045e-05,0.0,0.885306553911205,2
2026-07-15 13:49:00+09:00,6.003929799676446e-05,0.0,0.8284883720930234,2
2026-07-15 13:50:00+09:00,-3.2928182423043584e-05,0.0,0.8282241014799154,2
2026-07-15 13:51:00+09:00,-8.143190723255961e-05,0.0,0.8734143763213531,2
2026-07-15 13:52:00+09:00,-3.0113788369255364e-05,0.0,0.885306553911205,2
2026-07-15 13:53:00+09:00,-0.00010240742473098519,0.0,0.7933403805496828,2
2026-07-15 13:54:00+09:00,-6.970651226256239e-05,0.0,0.8855708245243129,2
2026-07-15 13:55:00+09:00,-5.6894103604483677e-05,0.0,0.885570824524313,2
2026-07-15 13:56:00+09:00,0.00019675627487262764,0.0,0.9421247357293869,2
2026-07-15 13:57:00+09:00,6.916456040197503e-05,0.0,0.8742071881606766,2
2026-07-15 13:58:00+09:00,-1.037158275452304e-06,0.0,0.8506871035940804,2
2026-07-15 13:59:00+09:00,-8.031854673264056e-05,0.0,0.8739429175475688,2
2026-07-15 14:00:00+09:00,-1.0855152408808752e-05,0.0,0.9770084566596194,2
2026-07-15 14:01:00+09:00,-7.318307462879144e-05,0.0,0.9659090909090909,2
2026-07-15 14:02:00+09:00,2.7541268497335638e-05,0.0,0.9201902748414377,2
2026-07-15 14:03:00+09:00,4.854527117986895e-05,0.0,0.8509513742071881,2
2026-07-15 14:04:00+09:00,4.096807269885851e-05,0.0,0.9318181818181819,2
2026-07-15 14:05:00+09:00,-9.825775466423616e-05,0.0,0.9088266384778012,2
2026-07-15 14:06:00+09:00,0.00010820111107041226,0.0,0.9540169133192389,2
2026-07-15 14:07:00+09:00,-0.00012019542526964424,0.0,0.9542811839323467,2
2026-07-15 14:08:00+09:00,-6.28777550398586e-05,0.0,0.8279598308668077,2
2026-07-15 14:09:00+09:00,-8.90772535282236e-05,0.0,0.8850422832980973,2
2026-07-15 14:10:00+09:00,2.905395777555047e-05,0.0,0.8966701902748415,2
2026-07-15 14:11:00+09:00,9.361689319357212e-05,0.0,0.8850422832980973,2
2026-07-15 14:12:00+09:00,0.0001233122796040344,0.0,0.8971987315010571,2
2026-07-15 14:13:00+09:00,2.1060758764995525e-05,0.0,0.8966701902748415,2
2026-07-15 14:14:00+09:00,-6.964645558210389e-05,0.0,0.9082980972515857,2
2026-07-15 14:15:00+09:00,-4.918892428441484e-05,0.0,0.9656448202959832,2
2026-07-15 14:16:00+09:00,3.90778407096168e-05,0.0,0.9542811839323467,2
2026-07-15 14:17:00+09:00,-8.648682891946613e-05,0.0,0.919661733615222,2
2026-07-15 14:18:00+09:00,2.595500931127036e-05,0.0,0.8971987315010571,2
2026-07-15 14:19:00+09:00,-3.422088224983003e-05,0.0,0.9199260042283298,2
2026-07-15 14:20:00+09:00,3.412980185655524e-05,0.0,0.8160676532769556,2
2026-07-15 14:21:00+09:00,-4.9752148702711807e-05,0.0,0.9542811839323467,2
2026-07-15 14:22:00+09:00,2.0769511315141696e-05,0.0,0.9085623678646935,2
2026-07-15 14:23:00+09:00,-0.00014532481128832188,0.0,0.8620507399577167,2
2026-07-15 14:24:00+09:00,1.3370086145675346e-05,0.0,0.9080338266384779,2
2026-07-15 14:25:00+09:00,-8.901069184483505e-05,0.0,0.8506871035940804,2
2026-07-15 14:26:00+09:00,-7.267213076240437e-05,0.0,0.873678646934461,2
2026-07-15 14:27:00+09:00,-2.8739021232542533e-06,0.0,0.9423890063424948,2
2026-07-15 14:28:00+09:00,3.1712569731310934e-05,0.0,0.8847780126849895,2
2026-07-15 14:29:00+09:00,-4.1447036660357494e-05,0.0,0.8964059196617337,2
2026-07-15 14:30:00+09:00,1.285040528308201e-05,0.0,0.885306553911205,2
2026-07-15 14:31:00+09:00,6.617258005713625e-05,0.0,0.897463002114165,2
2026-07-15 14:32:00+09:00,6.786740590487292e-05,0.0,0.8969344608879493,2
2026-07-15 14:33:00+09:00,-0.029585650209987303,0.0,0.9540169133192389,2
2026-07-15 14:34:00+09:00,-0.1802395213819978,0.0,0.8969344608879493,2
2026-07-15 14:35:00+09:00,0.010898639433217694,0.0,0.9199260042283299,2
2026-07-15 14:36:00+09:00,-5.011472553621183e-05,0.0,0.8971987315010571,2
2026-07-15 14:37:00+09:00,-0.00012241280314402383,0.0,0.8742071881606766,2
2026-07-15 14:38:00+09:00,5.112772349920376e-05,0.0,0.8726215644820297,2
2026-07-15 14:39:00+09:00,9.632282142415765e-05,0.0,0.9199260042283299,2
2026-07-15 14:40:00+09:00,-0.0002458334289682695,0.0,0.9088266384778013,2
2026-07-15 14:41:00+09:00,-3.510909973011435e-05,0.0,0.9082980972515857,2
2026-07-15 14:42:00+09:00,5.794897293588771e-05,0.0,0.8393234672304439,2
2026-07-15 14:43:00+09:00,-0.00012285731116601413,0.0,0.9542811839323467,2
2026-07-15 14:44:00+09:00,0.00015945754980264292,0.0,0.8971987315010572,2
2026-07-15 14:45:00+09:00,-4.848491149035642e-06,0.0,0.9080338266384778,2
2026-07-15 14:46:00+09:00,-0.18844188920652416,0.0,0.8850422832980973,2
2026-07-15 14:47:00+09:00,0.010972372686533373,0.0,0.9542811839323468,2
2026-07-15 14:48:00+09:00,-0.006813796558622767,0.0,0.9312896405919662,2
2026-07-15 14:49:00+09:00,0.0043576241746817665,0.0,0.8966701902748414,2
2026-07-15 14:50:00+09:00,4.6373078759861234e-05,0.0,0.9199260042283299,2
2026-07-15 14:51:00+09:00,-3.846345685420069e-05,0.0,0.9545454545454546,2
2026-07-15 14:52:00+09:00,3.7682982515044254e-05,0.0,0.9431818181818182,2
2026-07-15 14:53:00+09:00,-2.852033488705974e-05,0.0,0.8964059196617336,2
2026-07-15 14:54:00+09:00,-8.583251318607552e-05,0.0,0.931553911205074,2
2026-07-15 14:55:00+09:00,6.557495907683126e-06,0.0,0.9542811839323467,2
2026-07-15 14:56:00+09:00,4.620457447189698e-05,0.0,0.9312896405919662,2
2026-07-15 14:57:00+09:00,-3.550759933422801e-05,0.0,0.8739429175475687,2
2026-07-15 14:58:00+09:00,-7.558295559990129e-07,0.0,0.9075052854122622,2
2026-07-15 14:59:00+09:00,-1.560350849468949e-06,0.0,0.9423890063424947,2
2026-07-15 15:00:00+09:00,-2.813523458190309e-05,0.0,0.90776955602537,2
2026-07-15 15:01:00+09:00,3.5740794286437444e-05,0.0,0.9426532769556026,2
2026-07-15 15:02:00+09:00,9.26778069954681e-05,0.0,0.9429175475687104,2
2026-07-15 15:03:00+09:00,0.00023326093117568043,0.0,0.9082980972515857,2
2026-07-15 15:04:00+09:00,7.033267253231348e-05,0.0,0.9429175475687104,2
2026-07-15 15:05:00+09:00,2.1529075312210336e-05,0.0,0.9199260042283299,2
2026-07-15 15:06:00+09:00,0.00011477598669000464,0.0,0.8966701902748415,2
2026-07-15 15:07:00+09:00,7.511081252038668e-05,0.0,0.9659090909090909,2
2026-07-15 15:08:00+09:00,3.952871067134652e-06,0.0,0.9545454545454548,2
2026-07-15 15:09:00+09:00,0.00013733151642521447,0.0,0.9199260042283298,2
2026-07-15 15:10:00+09:00,-5.438309493247004e-05,0.0,0.9653805496828753,2
2026-07-15 15:11:00+09:00,-1.9438294272535724e-05,0.0,0.9656448202959831,2
2026-07-15 15:12:00+09:00,-8.214155519044189e-05,0.0,0.919661733615222,2
2026-07-15 15:13:00+09:00,2.4135928664207157e-05,0.0,0.9307610993657506,2
2026-07-15 15:14:00+09:00,-0.00039533888782408304,1.726784767842789,1.0,2
2026-07-15 15:15:00+09:00,6.844961293995801e-05,0.0,0.9821532994467186,2
2026-07-15 15:16:00+09:00,-0.0001461096977591868,0.0,1.0041882369507524,2
2026-07-15 15:17:00+09:00,-0.00013819157313933736,0.0,0.9819220321016677,2
2026-07-15 15:18:00+09:00,-7.980655092123576e-05,0.0,1.0148265348230927,2
2026-07-15 15:19:00+09:00,4.080933185218299e-05,0.0,1.0039239663376445,2
2026-07-15 15:20:00+09:00,-6.510003418754267e-05,0.0,1.0476980342764608,2
2026-07-15 15:21:00+09:00,1.0302937343350654e-05,0.0,1.0573467230443976,2
2026-07-15 15:22:00+09:00,0.00021786893592084207,0.0,1.0370597364041203,2
2026-07-15 15:23:00+09:00,0.0007347115310568127,0.0,1.0370597364041205,2
2026-07-15 15:24:00+09:00,-0.00021379492600422835,1.0689746300211416,0.0,2
2026-07-15 15:30:00+09:00,0.0,0.0,0.0,2
2026-07-16 09:00:00+09:00,0.0,0.0,0.0,2
2026-07-16 09:01:00+09:00,0.0,0.0,0.0,2
2026-07-16 09:02:00+09:00,0.0,0.0,0.0,2
2026-07-16 09:03:00+09:00,0.0,0.0,0.0,2
2026-07-16 09:04:00+09:00,0.0,0.0,0.0,2
2026-07-16 09:05:00+09:00,0.0,0.0,0.0,2
2026-07-16 09:06:00+09:00,0.0,0.0,0.0,2
2026-07-16 09:07:00+09:00,0.0,0.0,0.0,2
2026-07-16 09:08:00+09:00,0.0,0.0,0.0,2
2026-07-16 09:09:00+09:00,0.0,0.0,0.0,2
2026-07-16 09:10:00+09:00,0.0,0.0,0.0,2
2026-07-16 09:11:00+09:00,0.0,0.0,0.0,2
2026-07-16 09:12:00+09:00,0.0,0.0,0.0,2
2026-07-16 09:13:00+09:00,0.0,0.0,0.0,2
2026-07-16 09:14:00+09:00,0.0,0.0,0.0,2
2026-07-16 09:15:00+09:00,0.0055378660440874306,1.0,1.0,2
2026-07-16 09:16:00+09:00,-0.009122479486709996,0.0,1.0135135135135134,2
2026-07-16 09:17:00+09:00,-0.0003985752131194895,0.0,0.9733285917496444,2
2026-07-16 09:18:00+09:00,-0.000332730283619612,0.0,0.9864864864864864,2
2026-07-16 09:19:00+09:00,-0.00015782195179948923,0.0,0.9736842105263159,2
2026-07-16 09:20:00+09:00,0.0002359232031853932,0.0,0.959815078236131,2
2026-07-16 09:21:00+09:00,0.00013244362302317406,0.0,0.9868421052631577,2
2026-07-16 09:22:00+09:00,0.005575727767890808,0.0,0.9736842105263159,2
2026-07-16 09:23:00+09:00,-0.004089510190500101,0.0,1.0135135135135136,2
2026-07-16 09:24:00+09:00,-0.00932521994082812,0.0,0.9871977240398293,2
2026-07-16 09:25:00+09:00,0.005614296012712684,0.0,0.986842105263158,2
2026-07-16 09:26:00+09:00,-0.009384970560771826,0.0,0.9605263157894737,2
2026-07-16 09:27:00+09:00,0.00023568097482903848,0.0,0.9605263157894737,2
2026-07-16 09:28:00+09:00,-0.21733804554390931,0.0,0.9466571834992887,2
2026-07-16 09:29:00+09:00,0.012440794612463947,0.0,0.986842105263158,2
2026-07-16 09:30:00+09:00,-0.00015413144439906332,0.0,1.0,2
2026-07-16 09:31:00+09:00,1.8760196201599394e-05,0.0,0.986842105263158,2
2026-07-16 09:32:00+09:00,0.005561650973534035,0.0,1.0,2
2026-07-16 09:33:00+09:00,-4.9356069175127764e-05,0.0,0.9470128022759602,2
2026-07-16 09:34:00+09:00,-0.008822002625188475,0.0,1.0135135135135136,2
2026-07-16 09:35:00+09:00,0.005269895731895026,0.0,0.9601706970128023,2
2026-07-16 09:36:00+09:00,-0.003990837074690772,0.0,0.9470128022759602,2
2026-07-16 09:37:00+09:00,-0.009428828754605238,0.0,0.9864864864864866,2
2026-07-16 09:38:00+09:00,-0.00010713976065810128,0.0,0.959815078236131,2
2026-07-16 09:39:00+09:00,-4.082106190651557e-05,0.0,0.9868421052631577,2
2026-07-16 09:40:00+09:00,-4.1718144672913375e-06,0.0,0.9466571834992888,2
2026-07-16 09:41:00+09:00,-6.936962031480059e-05,0.0,0.9733285917496445,2
2026-07-16 09:42:00+09:00,-0.00018483729127214495,0.0,0.9470128022759602,2
2026-07-16 09:43:00+09:00,7.211085017133613e-05,0.0,0.9729729729729729,2
2026-07-16 09:44:00+09:00,0.005396998951370663,0.0,0.9733285917496444,2
2026-07-16 09:45:00+09:00,0.0001957882319343076,0.0,0.933854907539118,2
2026-07-16 09:46:00+09:00,0.00011688314955652545,0.0,0.9071834992887624,2
2026-07-16 09:47:00+09:00,-0.00973145438687608,0.0,0.986842105263158,2
2026-07-16 09:48:00+09:00,-1.9583725662257824e-05,0.0,0.959815078236131,2
2026-07-16 09:49:00+09:00,0.0004343106761189404,0.0,0.9068278805120911,2
2026-07-16 09:50:00+09:00,-0.0002506888926901875,0.0,0.9733285917496444,2
2026-07-16 09:51:00+09:00,9.628038986879116e-05,0.0,0.9470128022759603,2
2026-07-16 09:52:00+09:00,9.584359643150008e-05,0.0,0.9334992887624467,2
2026-07-16 09:53:00+09:00,-8.329471732998609e-05,0.0,0.9334992887624467,2
2026-07-16 09:54:00+09:00,-0.0001511896565714812,0.0,0.9463015647226173,2
2026-07-16 09:55:00+09:00,-6.368143488155063e-05,0.0,0.9470128022759602,2
2026-07-16 09:56:00+09:00,-9.278698386528466e-05,0.0,0.9199857752489331,2
2026-07-16 09:57:00+09:00,0.00588292331279055,0.0,0.9601706970128023,2
2026-07-16 09:58:00+09:00,7.55415941583464e-05,0.0,0.9203413940256046,2
2026-07-16 09:59:00+09:00,-0.009422185856300133,0.0,0.9466571834992888,2
2026-07-16 10:00:00+09:00,0.0001782117692003426,0.0,0.9466571834992887,2
2026-07-16 10:01:00+09:00,-0.0002121145946270637,0.0,0.972972972972973,2
2026-07-16 10:02:00+09:00,0.00545244391506544,0.0,0.972972972972973,2
2026-07-16 10:03:00+09:00,-0.0095554871615816,0.0,0.9463015647226174,2
2026-07-16 10:04:00+09:00,0.005434999092861058,0.0,0.8936699857752489,2
2026-07-16 10:05:00+09:00,-0.00912926801997669,0.0,0.9864864864864865,2
2026-07-16 10:06:00+09:00,4.859342017343859e-05,0.0,0.9203413940256046,2
2026-07-16 10:07:00+09:00,-0.0001872871545994783,0.0,0.9868421052631577,2
2026-07-16 10:08:00+09:00,0.005301680946473558,0.0,0.9733285917496444,2
2026-07-16 10:09:00+09:00,-0.009101703159328666,0.0,0.9342105263157894,2
2026-07-16 10:10:00+09:00,-0.00023612480389333937,0.0,0.9068278805120911,2
2026-07-16 10:11:00+09:00,0.0002552022590265037,0.0,0.972972972972973,2
2026-07-16 10:12:00+09:00,1.089755978475525e-05,0.0,0.933854907539118,2
2026-07-16 10:13:00+09:00,0.005529483001486102,0.0,0.9470128022759603,2
2026-07-16 10:14:00+09:00,3.84275687395142e-05,0.0,0.8808677098150783,2
2026-07-16 10:15:00+09:00,-0.00929011118473647,0.0,0.9733285917496445,2
2026-07-16 10:16:00+09:00,-0.00015045426445799834,0.0,0.9466571834992887,2
2026-07-16 10:17:00+09:00,0.005580253596947084,0.0,0.9601706970128022,2
2026-07-16 10:18:00+09:00,-0.009476376058541307,0.0,1.0,2
2026-07-16 10:19:00+09:00,0.00024575151830150095,0.0,0.8929587482219061,2
2026-07-16 10:20:00+09:00,8.553857668592897e-05,0.0,0.9210526315789475,2
2026-07-16 10:21:00+09:00,-9.44001377973762e-05,0.0,0.9196301564722617,2
2026-07-16 10:22:00+09:00,0.00020061852754670536,0.0,0.8662873399715505,2
2026-07-16 10:23:00+09:00,-2.613801161572665e-05,0.0,0.9199857752489331,2
2026-07-16 10:24:00+09:00,3.2028749348815406e-05,0.0,0.8541963015647226,2
2026-07-16 10:25:00+09:00,1.799192746499765e-06,0.0,0.8534850640113798,2
2026-07-16 10:26:00+09:00,-0.0003587127491745791,0.0,0.9068278805120911,2
2026-07-16 10:27:00+09:00,-0.2174965142953129,0.0,0.8794452347083926,2
2026-07-16 10:28:00+09:00,0.01277443494859956,0.0,0.920697012802276,2
2026-07-16 10:29:00+09:00,3.785277365026309e-05,0.0,0.9331436699857752,2
2026-07-16 10:30:00+09:00,-0.0003246462138616562,0.0,0.9470128022759603,2
2026-07-16 10:31:00+09:00,0.005498324974906742,0.0,0.8805120910384068,2
2026-07-16 10:32:00+09:00,-0.0035665887937009234,0.0,0.9334992887624467,2
2026-07-16 10:33:00+09:00,-0.009186064164949378,0.0,0.9071834992887624,2
2026-07-16 10:34:00+09:00,0.005497125624493553,0.0,0.9068278805120911,2
2026-07-16 10:35:00+09:00,-0.009609251779004124,0.0,0.9466571834992888,2
2026-07-16 10:36:00+09:00,-0.0005401637196981912,0.0,0.9868421052631579,2
2026-07-16 10:37:00+09:00,0.00024410587678781238,0.0,0.9605263157894737,2
2026-07-16 10:38:00+09:00,-0.0001740001723249623,0.0,0.8531294452347084,2
2026-07-16 10:39:00+09:00,0.00025517784644376104,0.0,0.879800853485064,2
2026-07-16 10:40:00+09:00,-1.3955555922101208e-05,0.0,0.8805120910384068,2
2026-07-16 10:41:00+09:00,0.005360184069851843,0.0,0.9466571834992887,2
2026-07-16 10:42:00+09:00,-0.009365230400779833,0.0,0.8805120910384068,2
2026-07-16 10:43:00+09:00,0.0003023964689157106,0.0,0.9068278805120911,2
2026-07-16 10:44:00+09:00,-0.21707630035476203,0.0,0.9463015647226174,2
2026-07-16 10:45:00+09:00,0.018252363069155394,0.0,0.9601706970128023,2
2026-07-16 10:46:00+09:00,-0.003951362645488564,0.0,0.9733285917496444,2
2026-07-16 10:47:00+09:00,-0.009514711485760934,0.0,0.9334992887624467,2
2026-07-16 10:48:00+09:00,0.0001280525646657348,0.0,0.8933143669985775,2
2026-07-16 10:49:00+09:00,0.005625547614058489,0.0,0.9601706970128023,2
2026-07-16 10:50:00+09:00,-0.009657438382854319,0.0,0.9733285917496444,2
2026-07-16 10:51:00+09:00,1.2148979931729599e-05,0.0,0.8669985775248933,2
2026-07-16 10:52:00+09:00,-0.00014279716497366565,0.0,0.9334992887624467,2
2026-07-16 10:53:00+09:00,6.077640122637381e-05,0.0,0.8926031294452346,2
2026-07-16 10:54:00+09:00,0.005575696687255485,0.0,0.8669985775248934,2
2026-07-16 10:55:00+09:00,-0.009515163799100362,0.0,0.9598150782361309,2
2026-07-16 10:56:00+09:00,0.005494355554850218,0.0,0.9334992887624467,2
2026-07-16 10:57:00+09:00,-0.00928746880388039,0.0,0.986842105263158,2
2026-07-16 10:58:00+09:00,-9.538705291007045e-05,0.0,0.9331436699857752,2
2026-07-16 10:59:00+09:00,0.0002791055762581001,0.0,0.8933143669985776,2
2026-07-16 11:00:00+09:00,-4.160732140834782e-05,0.0,0.8666429587482218,2
2026-07-16 11:01:00+09:00,-2.639106332924616e-05,0.0,0.9331436699857752,2
2026-07-16 11:02:00+09:00,0.005595884936394054,0.0,0.9463015647226174,2
2026-07-16 11:03:00+09:00,-0.009629004038722072,0.0,0.879800853485064,2
2026-07-16 11:04:00+09:00,0.0055498725643077845,0.0,0.9061166429587482,2
2026-07-16 11:05:00+09:00,-0.009336503978254272,0.0,0.9064722617354195,2
2026-07-16 11:06:00+09:00,7.548313814704955e-05,0.0,0.9601706970128023,2
2026-07-16 11:07:00+09:00,0.005541822464283403,0.0,0.8929587482219061,2
2026-07-16 11:08:00+09:00,-0.009527196074330946,0.0,0.9342105263157895,2
2026-07-16 11:09:00+09:00,-0.0003917899139881744,0.0,0.8399715504978662,2
2026-07-16 11:10:00+09:00,0.0003360077923906036,0.0,0.9071834992887624,2
2026-07-16 11:11:00+09:00,-0.00025852617792020306,0.0,0.8538406827880511,2
2026-07-16 11:12:00+09:00,0.005781403851374333,0.0,0.9334992887624467,2
2026-07-16 11:13:00+09:00,-0.009404580382651897,0.0,0.9605263157894737,2
2026-07-16 11:14:00+09:00,-3.937420831666754e-05,0.0,0.8805120910384068,2
2026-07-16 11:15:00+09:00,-0.0003452450390636477,0.0,0.9327880512091038,2
2026-07-16 11:16:00+09:00,3.38293051788422e-05,0.0,0.8801564722617355,2
2026-07-16 11:17:00+09:00,0.00020886644128228108,0.0,0.8805120910384068,2
2026-07-16 11:18:00+09:00,-0.0004830321211209731,0.0,0.8399715504978663,2
2026-07-16 11:19:00+09:00,0.00036366284811667493,0.0,0.8801564722617354,2
2026-07-16 11:20:00+09:00,-1.3371529978904864e-05,0.0,0.8538406827880511,2
2026-07-16 11:21:00+09:00,-0.00014237120279245318,0.0,0.8527738264580371,2
2026-07-16 11:22:00+09:00,0.00011393326790191977,0.013157894736842105,0.866642958748222,2
2026-07-16 11:23:00+09:00,-0.0002225844751877257,0.0,0.8666429587482221,2
2026-07-16 11:24:00+09:00,0.0058971621870642634,0.0,0.920697012802276,2
2026-07-16 11:25:00+09:00,-0.0004067642605064753,0.0,0.8794452347083925,2
2026-07-16 11:26:00+09:00,-0.009321811561003457,0.02631578947368421,0.8947368421052632,2
2026-07-16 11:27:00+09:00,5.7135977765909824e-05,0.0,0.8662873399715505,2
2026-07-16 11:28:00+09:00,-2.3201640941743476e-05,0.04054054054054054,0.8399715504978663,2
2026-07-16 11:29:00+09:00,0.005396980445817598,0.9064722617354196,0.013513513513513514,2
2026-07-16 11:30:00+09:00,-2.702702702702703e-06,0.013513513513513514,0.0,2
2026-07-16 12:30:00+09:00,-0.009693871560209117,1.0,1.0135135135135136,2
2026-07-16 12:31:00+09:00,0.0055995448664142985,0.0,0.9864864864864864,2
2026-07-16 12:32:00+09:00,-0.00932208090094462,0.0,0.986842105263158,2
2026-07-16 12:33:00+09:00,0.00027648533671989034,0.0,0.9736842105263158,2
2026-07-16 12:34:00+09:00,0.005857854517300687,0.0,0.9601706970128023,2
2026-07-16 12:35:00+09:00,-0.0039847432777948355,0.0,0.9601706970128023,2
2026-07-16 12:36:00+09:00,-0.00946695604038778,0.0,0.9078947368421053,2
2026-07-16 12:37:00+09:00,-0.000380054922459846,0.0,0.9601706970128023,2
2026-07-16 12:38:00+09:00,0.0002304735755922644,0.0,0.9068278805120911,2
2026-07-16 12:39:00+09:00,0.0052397444392653005,0.0,0.9736842105263158,2
2026-07-16 12:40:00+09:00,-0.009594504226149608,0.0,0.9071834992887624,2
2026-07-16 12:41:00+09:00,-0.21349565121765562,0.0,0.8805120910384068,2
2026-07-16 12:42:00+09:00,0.008895750433024997,0.0,0.9605263157894737,2
2026-07-16 12:43:00+09:00,-0.00924165672761674,0.0,0.9601706970128022,2
2026-07-16 12:44:00+09:00,0.005467153649261786,0.0,0.8662873399715505,2
2026-07-16 12:45:00+09:00,-0.009242863140205924,0.0,0.9598150782361309,2
2026-07-16 12:46:00+09:00,-0.00022730451983831405,0.0,0.9061166429587483,2
2026-07-16 12:47:00+09:00,0.0056043705255937075,0.0,0.9334992887624467,2
2026-07-16 12:48:00+09:00,-0.009433719980986239,0.0,0.9203413940256046,2
2026-07-16 12:49:00+09:00,0.00010208104025608171,0.0,0.8929587482219061,2
2026-07-16 12:50:00+09:00,-1.9015328264921823e-05,0.0,0.9334992887624467,2
2026-07-16 12:51:00+09:00,0.0001025857740210727,0.0,0.9470128022759602,2
2026-07-16 12:52:00+09:00,0.0056385085114817775,0.0,0.8669985775248934,2
2026-07-16 12:53:00+09:00,-8.812327382567685e-05,0.0,0.8534850640113798,2
2026-07-16 12:54:00+09:00,-0.009551542706870505,0.0,0.9331436699857752,2
2026-07-16 12:55:00+09:00,-7.112826204315539e-05,0.0,0.8933143669985775,2
2026-07-16 12:56:00+09:00,-0.4476428438685705,0.0,0.933854907539118,2
2026-07-16 12:57:00+09:00,0.013157541250967481,0.0,0.9071834992887624,2
2026-07-16 12:58:00+09:00,-0.009457970799255982,0.0,0.9071834992887624,2
2026-07-16 12:59:00+09:00,0.00011301974969012322,0.0,0.9210526315789473,2
2026-07-16 13:00:00+09:00,0.005475243974798084,0.0,0.8929587482219061,2
2026-07-16 13:01:00+09:00,-0.00922774085634049,0.0,0.9733285917496444,2
2026-07-16 13:02:00+09:00,-0.00036667596783224594,0.0,0.9459459459459459,2
2026-07-16 13:03:00+09:00,0.00033687578328618964,0.0,0.8794452347083926,2
2026-07-16 13:04:00+09:00,-0.000300618202972379,0.0,0.9071834992887624,2
2026-07-16 13:05:00+09:00,0.005483453762486702,0.0,0.8933143669985776,2
2026-07-16 13:06:00+09:00,-0.009492171508885436,0.0,0.9601706970128023,2
2026-07-16 13:07:00+09:00,-6.982319447516165e-05,0.0,0.8929587482219061,2
2026-07-16 13:08:00+09:00,0.005651927220115243,0.0,0.879800853485064,2
2026-07-16 13:09:00+09:00,-0.009388329761217142,0.0,0.8673541963015647,2
2026-07-16 13:10:00+09:00,4.827435860752084e-05,0.0,0.9203413940256046,2
2026-07-16 13:11:00+09:00,-3.414411502425651e-05,0.0,0.8943812233285917,2
2026-07-16 13:12:00+09:00,-6.04545804177338e-05,0.0,0.8140113798008535,2
2026-07-16 13:13:00+09:00,0.005740297077754517,0.0,0.784850640113798,2
2026-07-16 13:14:00+09:00,-0.009634913038620714,0.0,0.8794452347083925,2
2026-07-16 13:15:00+09:00,-0.4530666129963259,0.0,0.9068278805120911,2
2026-07-16 13:16:00+09:00,0.018334450679124568,0.0,0.8399715504978663,2
2026-07-16 13:17:00+09:00,-0.009295005909886566,0.0,0.906827880512091,2
2026-07-16 13:18:00+09:00,0.005214950228482348,0.0,0.8929587482219061,2
2026-07-16 13:19:00+09:00,-0.009215641513933386,0.0,0.9334992887624467,2
2026-07-16 13:20:00+09:00,-4.2104485021661426e-05,0.0,0.8399715504978662,2
2026-07-16 13:21:00+09:00,-0.0001253852667315353,0.0,0.9334992887624467,2
2026-07-16 13:22:00+09:00,-0.00013756342706308343,0.0,0.9466571834992887,2
2026-07-16 13:23:00+09:00,8.939180898284625e-05,0.0,0.8534850640113798,2
2026-07-16 13:24:00+09:00,-0.00031111025993180424,0.0,0.865931721194879,2
2026-07-16 13:25:00+09:00,0.00017025469700069555,0.0,0.9068278805120911,2
2026-07-16 13:26:00+09:00,1.4114493735989746e-05,0.0,0.9196301564722618,2
2026-07-16 13:27:00+09:00,-6.014610112548929e-07,0.0,0.9061166429587483,2
2026-07-16 13:28:00+09:00,-9.942421040340755e-06,0.0,0.8396159317211949,2
2026-07-16 13:29:00+09:00,0.005461667244382569,0.0,0.8929587482219061,2
2026-07-16 13:30:00+09:00,-3.1693230642354895e-05,0.0,0.839615931721195,2
2026-07-16 13:31:00+09:00,-0.0042062420354720695,0.0,0.8801564722617354,2
2026-07-16 13:32:00+09:00,-0.0037833225635147552,0.0,0.866642958748222,2
2026-07-16 13:33:00+09:00,-0.009495563552377757,0.0,0.8268136557610242,2
2026-07-16 13:34:00+09:00,-0.0003532519784441136,0.0,0.786628733997155,2
2026-07-16 13:35:00+09:00,0.00028161437894745644,0.0,0.9473684210526315,2
2026-07-16 13:36:00+09:00,-6.904456209828045e-05,0.0,0.8406827880512091,2
2026-07-16 13:37:00+09:00,0.005447464958986602,0.0,0.8662873399715505,2
2026-07-16 13:38:00+09:00,0.0004051718923550055,0.0,0.8662873399715505,2
2026-07-16 13:39:00+09:00,-0.009491929783612331,0.0,0.9868421052631577,2
2026-07-16 13:40:00+09:00,-5.7147584261570236e-05,0.0,0.9470128022759602,2
2026-07-16 13:41:00+09:00,0.0055110855139503786,0.0,0.906827880512091,2
2026-07-16 13:42:00+09:00,-0.0001775738939477613,0.0,0.852773826458037,2
2026-07-16 13:43:00+09:00,-0.009282198309776835,0.0,0.9064722617354197,2
2026-07-16 13:44:00+09:00,3.107327805459791e-05,0.0,0.8790896159317212,2
2026-07-16 13:45:00+09:00,6.948871851349876e-05,0.0,0.8805120910384068,2
2026-07-16 13:46:00+09:00,-3.9993746593925864e-05,0.0,0.8403271692745378,2
2026-07-16 13:47:00+09:00,-0.00032315814291064457,0.0,0.8129445234708392,2
2026-07-16 13:48:00+09:00,0.00034227438160405385,0.0,0.866642958748222,2
2026-07-16 13:49:00+09:00,-0.0003001790446381665,0.0,0.8669985775248934,2
2026-07-16 13:50:00+09:00,3.8971937657184654e-05,0.0,0.9196301564722618,2
2026-07-16 13:51:00+09:00,0.00012893955629539425,0.0,0.8929587482219061,2
2026-07-16 13:52:00+09:00,-6.804405158249182e-05,0.0,0.8534850640113798,2
2026-07-16 13:53:00+09:00,-0.22026251918843898,0.0,0.8527738264580369,2
2026-07-16 13:54:00+09:00,0.013075016929820512,0.0,0.8666429587482218,2
2026-07-16 13:55:00+09:00,-0.00026946866356826867,0.0,0.8396159317211949,2
2026-07-16 13:56:00+09:00,0.0002747822593808366,0.0,0.8118776671408251,2
2026-07-16 13:57:00+09:00,0.00010273637912330247,0.0,0.8261024182076815,2
2026-07-16 13:58:00+09:00,-1.5800307151388446e-06,0.0,0.8926031294452348,2
2026-07-16 13:59:00+09:00,4.5650053789246235e-05,0.0,0.9466571834992887,2
2026-07-16 14:00:00+09:00,5.0312255626404344e-05,0.0,0.9064722617354196,2
2026-07-16 14:01:00+09:00,-0.0002782172660197828,0.0,0.8801564722617354,2
2026-07-16 14:02:00+09:00,2.437759707465327e-06,0.0,0.8655761024182077,2
2026-07-16 14:03:00+09:00,0.00025982901995195897,0.0,0.866642958748222,2
2026-07-16 14:04:00+09:00,-0.0002013624781955468,0.0,0.879800853485064,2
2026-07-16 14:05:00+09:00,0.005838689742017987,0.0,0.9192745376955903,2
2026-07-16 14:06:00+09:00,-0.009728967178830665,0.0,0.8406827880512091,2
2026-07-16 14:07:00+09:00,-0.00026562008648036973,0.0,0.9466571834992888,2
2026-07-16 14:08:00+09:00,-0.21930524185962036,0.0,0.8933143669985775,2
2026-07-16 14:09:00+09:00,0.012806660768557096,0.0,0.8527738264580369,2
2026-07-16 14:10:00+09:00,-9.730905873271917e-05,0.0,0.9203413940256044,2
2026-07-16 14:11:00+09:00,-0.0002410027116057482,0.0,0.9196301564722619,2
2026-07-16 14:12:00+09:00,0.00023122889436025888,0.0,0.933854907539118,2
2026-07-16 14:13:00+09:00,2.6784429567689928e-05,0.0,0.972972972972973,2
2026-07-16 14:14:00+09:00,7.23290247230678e-05,0.0,0.8805120910384068,2
2026-07-16 14:15:00+09:00,0.00030279848241316227,0.0,0.9466571834992887,2
2026-07-16 14:16:00+09:00,0.005179824893292878,0.0,0.9327880512091039,2
2026-07-16 14:17:00+09:00,0.0002868156267260315,0.0,0.8396159317211949,2
2026-07-16 14:18:00+09:00,-0.00968695166888748,0.0,0.9064722617354197,2
2026-07-16 14:19:00+09:00,-8.35691285173832e-05,0.0,0.9466571834992888,2
2026-07-16 14:20:00+09:00,0.0003852094470425049,0.0,0.8396159317211949,2
2026-07-16 14:21:00+09:00,-0.00012861090837537506,0.0,0.8399715504978662,2
2026-07-16 14:22:00+09:00,0.00010897375336986236,0.0,0.8794452347083926,2
2026-07-16 14:23:00+09:00,0.0002038011758573235,0.0,0.9078947368421053,2
2026-07-16 14:24:00+09:00,-0.00024579391338171527,0.0,0.8399715504978663,2
2026-07-16 14:25:00+09:00,0.0003217383424930052,0.0,0.9334992887624467,2
2026-07-16 14:26:00+09:00,2.8316946067518477e-06,0.0,0.879800853485064,2
2026-07-16 14:27:00+09:00,-0.00024324767140976376,0.0,0.8534850640113798,2
2026-07-16 14:28:00+09:00,0.0003198849632884998,0.0,0.9327880512091038,2
2026-07-16 14:29:00+09:00,0.005597846467308884,0.0,0.9064722617354197,2
2026-07-16 14:30:00+09:00,-0.009484494281430118,0.0,1.0,2
2026-07-16 14:31:00+09:00,-4.353935763690586e-05,0.0,0.8787339971550497,2
2026-07-16 14:32:00+09:00,-4.369464115630209e-05,0.0,0.9334992887624467,2
2026-07-16 14:33:00+09:00,-0.00033399310402200627,0.0,0.893669985775249,2
2026-07-16 14:34:00+09:00,0.00023059150392477237,0.0,0.9598150782361309,2
2026-07-16 14:35:00+09:00,7.627808097278213e-05,0.0,0.9199857752489331,2
2026-07-16 14:36:00+09:00,-0.0002919901828834793,0.0,0.9061166429587482,2
2026-07-16 14:37:00+09:00,0.00016945970849700082,0.0,0.918918918918919,2
2026-07-16 14:38:00+09:00,-0.000299282118430768,0.0,0.7994310099573257,2
2026-07-16 14:39:00+09:00,-9.131439665370663e-05,0.0,0.9331436699857754,2
2026-07-16 14:40:00+09:00,0.0002028148538736376,0.0,0.9601706970128022,2
2026-07-16 14:41:00+09:00,0.005472120818012686,0.0,0.9463015647226174,2
2026-07-16 14:42:00+09:00,0.0003937557693275509,0.0,0.9199857752489331,2
2026-07-16 14:43:00+09:00,-0.00026605930312624445,0.0,0.8926031294452347,2
2026-07-16 14:44:00+09:00,-0.009270946613167455,0.0,0.9327880512091039,2
2026-07-16 14:45:00+09:00,-0.0002468760006115496,0.0,0.9334992887624467,2
2026-07-16 14:46:00+09:00,0.00027188950836957,0.0,0.9733285917496444,2
2026-07-16 14:47:00+09:00,-0.00023483257472816575,0.0,0.9199857752489331,2
2026-07-16 14:48:00+09:00,0.000187892135354033,0.0,0.9466571834992887,2
2026-07-16 14:49:00+09:00,0.005290362521857636,0.0,0.9331436699857754,2
2026-07-16 14:50:00+09:00,-0.009177080902885675,0.0,0.9331436699857752,2
2026-07-16 14:51:00+09:00,0.005238755282874671,0.0,0.9334992887624467,2
2026-07-16 14:52:00+09:00,-0.009208291378439369,0.0,0.8936699857752489,2
2026-07-16 14:53:00+09:00,-0.0002956802134739089,0.0,0.9061166429587482,2
2026-07-16 14:54:00+09:00,0.00035884214548355744,0.0,0.9864864864864865,2
2026-07-16 14:55:00+09:00,-3.791602727707176e-05,0.0,0.9463015647226174,2
2026-07-16 14:56:00+09:00,-8.105279187989396e-05,0.0,0.9733285917496444,2
2026-07-16 14:57:00+09:00,-3.3050942039741594e-05,0.0,0.9463015647226174,2
2026-07-16 14:58:00+09:00,0.0001849222258005589,0.0,0.9064722617354197,2
2026-07-16 14:59:00+09:00,9.69232216007253e-05,0.0,0.9466571834992887,2
2026-07-16 15:00:00+09:00,0.005529215393033155,0.0,0.9199857752489331,2
2026-07-16 15:01:00+09:00,-0.009616678626821615,0.0,0.9871977240398293,2
2026-07-16 15:02:00+09:00,8.478262447305465e-05,0.0,0.9733285917496444,2
2026-07-16 15:03:00+09:00,5.720633311538897e-05,0.0,0.9068278805120911,2
2026-07-16 15:04:00+09:00,-5.9102420021077446e-05,0.0,0.9601706970128022,2
2026-07-16 15:05:00+09:00,4.828517998254841e-05,0.0,0.9733285917496444,2
2026-07-16 15:06:00+09:00,-0.00020599097662376582,0.0,0.9736842105263158,2
2026-07-16 15:07:00+09:00,0.0002897174908821804,0.0,0.9598150782361308,2
2026-07-16 15:08:00+09:00,-0.00019462396207824996,0.0,1.0,2
2026-07-16 15:09:00+09:00,0.005427455623307154,0.0,0.986842105263158,2
2026-07-16 15:10:00+09:00,-0.0037984424245173,0.0,1.0135135135135136,2
2026-07-16 15:11:00+09:00,-0.009218734166336534,0.0,0.9470128022759602,2
2026-07-16 15:12:00+09:00,0.005278367021457703,0.0,0.9331436699857752,2
2026-07-16 15:13:00+09:00,-0.009273224110526748,0.0,0.8798008534850641,2
2026-07-16 15:14:00+09:00,-0.00024560029014872434,1.8883768561187915,1.0,2
2026-07-16 15:15:00+09:00,6.428656367525845e-05,0.0,0.959805427547363,2
2026-07-16 15:16:00+09:00,8.569056900342206e-05,0.0,0.8960573476702509,2
2026-07-16 15:17:00+09:00,-9.746266916373818e-06,0.0,0.9444444444444444,2
2026-07-16 15:18:00+09:00,0.00019792543880506384,0.0,0.9521249359959036,2
2026-07-16 15:19:00+09:00,1.5741440905783296e-05,0.0,0.9598054275473631,2
2026-07-16 15:20:00+09:00,4.8958285860638405e-05,0.0,0.9599334357398873,2
2026-07-16 15:21:00+09:00,-0.00017874885068166148,0.0,0.9600614439324118,2
2026-07-16 15:22:00+09:00,0.00034194441784958556,0.0,0.9682539682539681,2
2026-07-16 15:23:00+09:00,0.00019384615684725162,0.0,0.9838709677419355,2
2026-07-16 15:24:00+09:00,-0.0002,1.0,0.0,2
2026-07-16 15:30:00+09:00,0.0,0.0,0.0,2
2026-07-17 09:00:00+09:00,0.0,0.0,0.0,2
2026-07-17 09:01:00+09:00,0.0,0.0,0.0,2
2026-07-17 09:02:00+09:00,0.0,0.0,0.0,2
2026-07-17 09:03:00+09:00,0.0,0.0,0.0,2
2026-07-17 09:04:00+09:00,0.0,0.0,0.0,2
2026-07-17 09:05:00+09:00,0.0,0.0,0.0,2
2026-07-17 09:06:00+09:00,0.0,0.0,0.0,2
2026-07-17 09:07:00+09:00,0.0,0.0,0.0,2
2026-07-17 09:08:00+09:00,0.0,0.0,0.0,2
2026-07-17 09:09:00+09:00,0.0,0.0,0.0,2
2026-07-17 09:10:00+09:00,0.0,0.0,0.0,2
2026-07-17 09:11:00+09:00,0.0,0.0,0.0,2
2026-07-17 09:12:00+09:00,0.0,0.0,0.0,2
2026-07-17 09:13:00+09:00,0.0,0.0,0.0,2
2026-07-17 09:14:00+09:00,0.0,0.0,0.0,2
2026-07-17 09:15:00+09:00,-0.008784059507725766,1.0121951219512195,0.9999999999999999,2
2026-07-17 09:16:00+09:00,-0.00039921290028567817,0.0,0.9878048780487805,2
2026-07-17 09:17:00+09:00,-0.00019745038212423804,0.0,0.9878048780487805,2
2026-07-17 09:18:00+09:00,0.00018353869262937962,0.0,0.9515098722415796,2
2026-07-17 09:19:00+09:00,0.0003722281608774632,0.0,0.9878048780487805,2
2026-07-17 09:20:00+09:00,1.9820360215775912e-05,0.0,0.975609756097561,2
2026-07-17 09:21:00+09:00,0.0001885188072756426,0.0,0.975609756097561,2
2026-07-17 09:22:00+09:00,-0.031188591671407993,0.0,0.9759001161440186,2
2026-07-17 09:23:00+09:00,0.008628794844667621,0.0,0.988095238095238,2
2026-07-17 09:24:00+09:00,-9.558921339789812e-05,0.0,0.9637049941927991,2
2026-07-17 09:25:00+09:00,-3.9035789351667175e-05,0.0,0.9518002322880372,2
2026-07-17 09:26:00+09:00,0.00015615162641943964,0.0,0.9634146341463414,2
2026-07-17 09:27:00+09:00,-2.5600454085346373e-05,0.0,0.963704994192799,2
2026-07-17 09:28:00+09:00,8.364304569839515e-05,0.0,0.9515098722415795,2
2026-07-17 09:29:00+09:00,0.00023243657553392475,0.0,0.9634146341463414,2
2026-07-17 09:30:00+09:00,0.0001217706693922267,0.0,0.9878048780487805,2
2026-07-17 09:31:00+09:00,0.00021372923109962998,0.0,0.9639953542392566,2
2026-07-17 09:32:00+09:00,0.0001401913675903988,0.0,0.9759001161440185,2
2026-07-17 09:33:00+09:00,-1.7204174282316592e-05,0.0,0.975609756097561,2
2026-07-17 09:34:00+09:00,0.006841617835354249,0.0,0.975609756097561,2
2026-07-17 09:35:00+09:00,-0.004074047935200792,0.0,0.9997096399535423,2
2026-07-17 09:36:00+09:00,4.8532195658393616e-05,0.0,0.975609756097561,2
2026-07-17 09:37:00+09:00,-2.057010980308547e-05,0.0,0.9759001161440186,2
2026-07-17 09:38:00+09:00,-0.00012175544599163103,0.0,0.9634146341463414,2
2026-07-17 09:39:00+09:00,-6.943249806766119e-05,0.0,0.9759001161440186,2
2026-07-17 09:40:00+09:00,0.00012460748110255961,0.0,0.9396051103368177,2
2026-07-17 09:41:00+09:00,-0.0312046691773088,0.0,0.9759001161440186,2
2026-07-17 09:42:00+09:00,0.008764239784216891,0.0,0.9515098722415796,2
2026-07-17 09:43:00+09:00,2.8154470693226097e-05,0.0,0.9515098722415796,2
2026-07-17 09:44:00+09:00,0.00011696989568268913,0.0,0.9878048780487805,2
2026-07-17 09:45:00+09:00,0.007931831304322283,0.0,0.963704994192799,2
2026-07-17 09:46:00+09:00,-0.004791744077656935,0.0,0.9878048780487805,2
2026-07-17 09:47:00+09:00,-0.00013066121414506132,0.0,0.975609756097561,2
2026-07-17 09:48:00+09:00,-0.03121460229692023,0.0,0.9518002322880372,2
2026-07-17 09:49:00+09:00,0.008640100350728173,0.0,0.9518002322880371,2
2026-07-17 09:50:00+09:00,0.0002845453509382503,0.0,0.9634146341463414,2
2026-07-17 09:51:00+09:00,-0.00011626169475395657,0.0,0.9637049941927991,2
2026-07-17 09:52:00+09:00,-4.1591031490273106e-05,0.0,0.9396051103368177,2
2026-07-17 09:53:00+09:00,8.060774027606896e-05,0.0,0.975609756097561,2
2026-07-17 09:54:00+09:00,0.0001124585701906874,0.0,0.9637049941927991,2
2026-07-17 09:55:00+09:00,-6.758597831086762e-05,0.0,0.9036004645760743,2
2026-07-17 09:56:00+09:00,-8.411854690627255e-06,0.0,0.975609756097561,2
2026-07-17 09:57:00+09:00,4.049370903638648e-07,0.0,0.9634146341463414,2
2026-07-17 09:58:00+09:00,3.7897471309991665e-05,0.0,0.9520905923344947,2
2026-07-17 09:59:00+09:00,0.00020463691164004485,0.0,0.9634146341463414,2
2026-07-17 10:00:00+09:00,3.725156848516721e-05,0.0,0.9878048780487805,2
2026-07-17 10:01:00+09:00,-0.00011974833817737501,0.0,0.9398954703832753,2
2026-07-17 10:02:00+09:00,5.367833166738587e-05,0.0,0.93931475029036,2
2026-07-17 10:03:00+09:00,-6.414541397303477e-05,0.0,0.9639953542392566,2
2026-07-17 10:04:00+09:00,8.558459714945941e-05,0.0,0.9637049941927991,2
2026-07-17 10:05:00+09:00,0.000128478947905316,0.0,0.9515098722415797,2
2026-07-17 10:06:00+09:00,-0.19608678967374854,0.0,0.9277003484320557,2
2026-07-17 10:07:00+09:00,0.011503041446604988,0.0,0.9759001161440185,2
2026-07-17 10:08:00+09:00,5.8252705332562664e-05,0.0,0.9396051103368176,2
2026-07-17 10:09:00+09:00,-0.00024866810487039146,0.0,0.9155052264808361,2
2026-07-17 10:10:00+09:00,-0.00011305337763849352,0.0,0.9639953542392568,2
2026-07-17 10:11:00+09:00,0.00010621564681696053,0.0,0.9398954703832753,2
2026-07-17 10:12:00+09:00,3.0666382441763173e-06,0.0,0.963704994192799,2
2026-07-17 10:13:00+09:00,-7.103905246184126e-06,0.0,0.9637049941927991,2
2026-07-17 10:14:00+09:00,-0.19616095392347085,0.0,0.9515098722415795,2
2026-07-17 10:15:00+09:00,0.011377745051608185,0.0,0.9642857142857143,2
2026-07-17 10:16:00+09:00,-0.00011099541417508658,0.0,0.9398954703832751,2
2026-07-17 10:17:00+09:00,1.2678358435359072e-05,0.0,0.9518002322880371,2
2026-07-17 10:18:00+09:00,-5.689071603677976e-05,0.0,0.9518002322880371,2
2026-07-17 10:19:00+09:00,0.007849941302481813,0.0,0.8797909407665505,2
2026-07-17 10:20:00+09:00,-0.004554405854469204,0.0,0.9515098722415795,2
2026-07-17 10:21:00+09:00,-7.663024420792588e-05,0.0,0.9515098722415796,2
2026-07-17 10:22:00+09:00,-7.232199376411341e-05,0.0,0.9518002322880371,2
2026-07-17 10:23:00+09:00,6.632713235863019e-05,0.0,0.9398954703832753,2
2026-07-17 10:24:00+09:00,-7.018376168313655e-05,0.0,0.9396051103368176,2
2026-07-17 10:25:00+09:00,-2.9494309503713673e-05,0.0,0.9030197444831591,2
2026-07-17 10:26:00+09:00,2.928348665293022e-05,0.0,0.8914053426248548,2
2026-07-17 10:27:00+09:00,3.090950388203754e-05,0.0,0.9634146341463413,2
2026-07-17 10:28:00+09:00,-7.600385912734108e-05,0.0,0.9277003484320558,2
2026-07-17 10:29:00+09:00,-0.4046710840528367,0.0,0.9277003484320556,2
2026-07-17 10:30:00+09:00,0.011831203529361106,0.0,0.9759001161440185,2
2026-07-17 10:31:00+09:00,2.3790057421282157e-06,0.0,0.9033101045296167,2
2026-07-17 10:32:00+09:00,1.311673200244853e-05,0.0,0.9637049941927991,2
2026-07-17 10:33:00+09:00,-0.00014495626684083964,0.0,0.9515098722415796,2
2026-07-17 10:34:00+09:00,0.0001576725206886036,0.0,0.9279907084785133,2
2026-07-17 10:35:00+09:00,-6.384254588734179e-05,0.0,0.9271196283391405,2
2026-07-17 10:36:00+09:00,8.922067912157147e-05,0.0,0.951800232288037,2
2026-07-17 10:37:00+09:00,-0.00010194203514006066,0.0,0.93931475029036,2
2026-07-17 10:38:00+09:00,-8.827581811147744e-05,0.0,0.9634146341463413,2
2026-07-17 10:39:00+09:00,4.6547284465027746e-05,0.0,0.9279907084785133,2
2026-07-17 10:40:00+09:00,1.26234501516935e-05,0.0,0.9038908246225319,2
2026-07-17 10:41:00+09:00,9.968992185644012e-05,0.0,0.8795005807200929,2
2026-07-17 10:42:00+09:00,-0.0002049789030822441,0.0,0.9634146341463414,2
2026-07-17 10:43:00+09:00,-7.157325099560287e-05,0.0,0.9515098722415796,2
2026-07-17 10:44:00+09:00,-8.849871989461097e-05,0.0,0.9398954703832751,2
2026-07-17 10:45:00+09:00,-4.550320611711075e-05,0.0,0.9396051103368176,2
2026-07-17 10:46:00+09:00,7.462558159284316e-05,0.0,0.9274099883855982,2
2026-07-17 10:47:00+09:00,-7.446324948064364e-05,0.0,0.8797909407665505,2
2026-07-17 10:48:00+09:00,-5.912233495554875e-05,0.0,0.8911149825783972,2
2026-07-17 10:49:00+09:00,-5.485064365772857e-05,0.0,0.9157955865272939,2
2026-07-17 10:50:00+09:00,4.610276152736462e-05,0.0,0.9157955865272938,2
2026-07-17 10:51:00+09:00,-4.1741849564888544e-05,0.0,0.8556910569105691,2
2026-07-17 10:52:00+09:00,8.344943848512158e-05,0.0,0.9759001161440185,2
2026-07-17 10:53:00+09:00,-7.029914511855819e-05,0.0,0.9160859465737514,2
2026-07-17 10:54:00+09:00,-1.3818199571718449e-05,0.0,0.8916957026713124,2
2026-07-17 10:55:00+09:00,-1.1596897612603199e-05,0.0,0.8914053426248547,2
2026-07-17 10:56:00+09:00,2.4652164166513134e-05,0.0,0.9518002322880371,2
2026-07-17 10:57:00+09:00,-6.876438593632884e-05,0.0,0.8792102206736352,2
2026-07-17 10:58:00+09:00,6.11243765322279e-05,0.0,0.9157955865272938,2
2026-07-17 10:59:00+09:00,-3.8634520881867827e-05,0.0,0.9152148664343787,2
2026-07-17 11:00:00+09:00,1.2915653902841967e-05,0.0,0.9759001161440185,2
2026-07-17 11:01:00+09:00,-0.00010959993534069145,0.0,0.9401858304297328,2
2026-07-17 11:02:00+09:00,-8.24458707253408e-05,0.0,0.9033101045296168,2
2026-07-17 11:03:00+09:00,-6.421157048781116e-05,0.0,0.8792102206736353,2
2026-07-17 11:04:00+09:00,-6.246253648070989e-05,0.0,0.9160859465737514,2
2026-07-17 11:05:00+09:00,-0.00012773496645840788,0.0,0.9152148664343787,2
2026-07-17 11:06:00+09:00,-3.728610680977535e-05,0.0,0.927409988385598,2
2026-07-17 11:07:00+09:00,-4.097388132562543e-06,0.0,0.9396051103368177,2
2026-07-17 11:08:00+09:00,-0.00012169055171662205,0.0,0.9036004645760742,2
2026-07-17 11:09:00+09:00,-8.74900702843006e-06,0.0,0.9157955865272938,2
2026-07-17 11:10:00+09:00,-4.041169656262724e-05,0.0,0.9271196283391405,2
2026-07-17 11:11:00+09:00,6.54833627683226e-05,0.0,0.9033101045296167,2
2026-07-17 11:12:00+09:00,-0.00012797160925090388,0.0,0.9515098722415796,2
2026-07-17 11:13:00+09:00,0.00016788975928710927,0.0,0.9396051103368175,2
2026-07-17 11:14:00+09:00,-9.688080289688025e-05,0.0,0.93931475029036,2
2026-07-17 11:15:00+09:00,-1.1487699057322105e-05,0.0,0.9155052264808361,2
2026-07-17 11:16:00+09:00,-1.0992889322894839e-05,0.0,0.8795005807200929,2
2026-07-17 11:17:00+09:00,-7.149054207369714e-05,0.0,0.8661440185830429,2
2026-07-17 11:18:00+09:00,-0.0001181856099416344,0.0,0.8554006968641115,2
2026-07-17 11:19:00+09:00,5.329024346177379e-05,0.0,0.9515098722415796,2
2026-07-17 11:20:00+09:00,-5.787277212188648e-05,0.0,0.9277003484320556,2
2026-07-17 11:21:00+09:00,4.3574043304484415e-05,0.0,0.8789198606271776,2
2026-07-17 11:22:00+09:00,9.235600124415342e-05,0.0,0.8434959349593496,2
2026-07-17 11:23:00+09:00,-4.949049531424619e-05,0.0,0.9036004645760742,2
2026-07-17 11:24:00+09:00,-5.8977038210161436e-05,0.0,0.89198606271777,2
2026-07-17 11:25:00+09:00,4.549312386944986e-05,0.0,0.8792102206736353,2
2026-07-17 11:26:00+09:00,6.32251471311048e-05,0.011904761904761904,0.8556910569105691,2
2026-07-17 11:27:00+09:00,0.00011039108963466833,0.0,0.9036004645760742,2
2026-07-17 11:28:00+09:00,-0.0001615193084176221,0.06039488966318235,0.9033101045296168,2
2026-07-17 11:29:00+09:00,-0.00018310104529616726,0.9155052264808362,0.0,2
2026-07-17 11:30:00+09:00,0.0,0.0,0.0,2
2026-07-17 12:30:00+09:00,0.019937031691569546,0.9878048780487805,1.0121951219512195,2
2026-07-17 12:31:00+09:00,0.00010729494829124164,0.0,0.9878048780487805,2
2026-07-17 12:32:00+09:00,-0.0001080006787248184,0.0,0.975609756097561,2
2026-07-17 12:33:00+09:00,0.0002669753241325023,0.0,0.963704994192799,2
2026-07-17 12:34:00+09:00,-6.776820088123066e-07,0.0,0.9515098722415796,2
2026-07-17 12:35:00+09:00,0.00012164997592384186,0.0,0.93931475029036,2
2026-07-17 12:36:00+09:00,0.00011407542291659098,0.0,0.9279907084785133,2
2026-07-17 12:37:00+09:00,-2.8022573672851326e-05,0.0,0.975609756097561,2
2026-07-17 12:38:00+09:00,-1.8150125429419998e-05,0.0,0.9396051103368176,2
2026-07-17 12:39:00+09:00,-0.0001988601464353638,0.0,0.9520905923344947,2
2026-07-17 12:40:00+09:00,-1.5858617800772484e-05,0.0,0.9396051103368175,2
2026-07-17 12:41:00+09:00,-0.4045858181360827,0.0,0.9639953542392566,2
2026-07-17 12:42:00+09:00,0.01185199041467634,0.0,0.9639953542392566,2
2026-07-17 12:43:00+09:00,8.711288912335529e-05,0.0,0.9759001161440185,2
2026-07-17 12:44:00+09:00,-1.8559849242120647e-05,0.0,0.963704994192799,2
2026-07-17 12:45:00+09:00,6.337310402476205e-05,0.0,0.9637049941927991,2
2026-07-17 12:46:00+09:00,5.686139492046206e-06,0.0,0.8914053426248548,2
2026-07-17 12:47:00+09:00,2.441152353949797e-05,0.0,0.9520905923344948,2
2026-07-17 12:48:00+09:00,0.00791479508503952,0.0,0.9274099883855982,2
2026-07-17 12:49:00+09:00,-0.004850340746772124,0.0,0.9515098722415795,2
2026-07-17 12:50:00+09:00,2.6280029847946345e-05,0.0,0.9637049941927991,2
2026-07-17 12:51:00+09:00,-8.303022699193849e-05,0.0,0.9152148664343787,2
2026-07-17 12:52:00+09:00,2.0147267826322767e-05,0.0,0.963704994192799,2
2026-07-17 12:53:00+09:00,-2.5687144002851188e-05,0.0,0.8792102206736354,2
2026-07-17 12:54:00+09:00,-1.353192637589397e-05,0.0,0.9033101045296167,2
2026-07-17 12:55:00+09:00,3.959640998391796e-05,0.0,0.9033101045296167,2
2026-07-17 12:56:00+09:00,5.2116485344643355e-05,0.0,0.9637049941927991,2
2026-07-17 12:57:00+09:00,-0.00018999874480043303,0.0,0.8797909407665505,2
2026-07-17 12:58:00+09:00,7.050873311122904e-05,0.0,0.9393147502903599,2
2026-07-17 12:59:00+09:00,-1.8128457975736046e-06,0.0,0.9157955865272938,2
2026-07-17 13:00:00+09:00,-8.142479531019549e-06,0.0,0.9396051103368176,2
2026-07-17 13:01:00+09:00,3.856745762653374e-05,0.0,0.9520905923344947,2
2026-07-17 13:02:00+09:00,6.696615228291644e-05,0.0,0.975609756097561,2
2026-07-17 13:03:00+09:00,0.00012036899908163113,0.0,0.9759001161440184,2
2026-07-17 13:04:00+09:00,2.4700332096641068e-05,0.0,0.9515098722415796,2
2026-07-17 13:05:00+09:00,4.317365093674765e-06,0.0,0.9398954703832753,2
2026-07-17 13:06:00+09:00,-6.477912173083469e-05,0.0,0.9279907084785133,2
2026-07-17 13:07:00+09:00,-6.520514405442621e-06,0.0,0.9520905923344947,2
2026-07-17 13:08:00+09:00,0.0068881894216864924,0.0,0.9274099883855982,2
2026-07-17 13:09:00+09:00,-0.4091374065850581,0.0,0.975609756097561,2
2026-07-17 13:10:00+09:00,0.011849070667085513,0.0,0.9639953542392566,2
2026-07-17 13:11:00+09:00,-0.00010195382448042491,0.0,0.9398954703832753,2
2026-07-17 13:12:00+09:00,-3.455829581593963e-05,0.0,0.9033101045296166,2
2026-07-17 13:13:00+09:00,-0.19692078966880264,0.0,0.9520905923344947,2
2026-07-17 13:14:00+09:00,-0.0003150171353362467,0.0,0.9999999999999999,2
2026-07-17 13:15:00+09:00,5.0144893982700245e-05,0.0,0.9277003484320556,2
2026-07-17 13:16:00+09:00,-0.0001146833725986695,0.0,0.9033101045296168,2
2026-07-17 13:17:00+09:00,0.00026698325934402736,0.0,0.9038908246225319,2
2026-07-17 13:18:00+09:00,-1.6098274527220015e-05,0.0,0.9152148664343787,2
2026-07-17 13:19:00+09:00,-9.064300934592134e-06,0.0,0.9518002322880371,2
2026-07-17 13:20:00+09:00,-0.0001750883209831834,0.0,0.9277003484320556,2
2026-07-17 13:21:00+09:00,-0.00017006933544424268,0.0,0.9759001161440186,2
2026-07-17 13:22:00+09:00,-0.00014917017166419952,0.0,0.9639953542392565,2
2026-07-17 13:23:00+09:00,-1.684862971454515e-05,0.0,0.9637049941927991,2
2026-07-17 13:24:00+09:00,4.5399878782376136e-05,0.0,0.9518002322880371,2
2026-07-17 13:25:00+09:00,3.439110334392911e-05,0.0,0.9759001161440185,2
2026-07-17 13:26:00+09:00,-1.3303959538645908e-05,0.0,0.9639953542392568,2
2026-07-17 13:27:00+09:00,3.763859268341768e-05,0.0,0.9756097560975608,2
2026-07-17 13:28:00+09:00,3.080098811430085e-05,0.0,0.9637049941927991,2
2026-07-17 13:29:00+09:00,-0.031407236335439216,0.0,0.9271196283391405,2
2026-07-17 13:30:00+09:00,-0.022339530068641866,0.0,0.9515098722415795,2
2026-07-17 13:31:00+09:00,0.008741710495172084,0.0,0.9398954703832751,2
2026-07-17 13:32:00+09:00,-0.0001123825776482531,0.0,0.9637049941927991,2
2026-07-17 13:33:00+09:00,-5.9112887010942546e-05,0.0,0.9396051103368177,2
2026-07-17 13:34:00+09:00,-2.7024719415238706e-05,0.0,0.9155052264808362,2
2026-07-17 13:35:00+09:00,-8.478954256279335e-05,0.0,0.9518002322880372,2
2026-07-17 13:36:00+09:00,6.784589866979637e-06,0.0,0.9759001161440185,2
2026-07-17 13:37:00+09:00,0.00010002972072684947,0.0,0.879500580720093,2
2026-07-17 13:38:00+09:00,-0.00011838625217977846,0.0,0.9759001161440186,2
2026-07-17 13:39:00+09:00,-0.00015057929793434077,0.0,0.9518002322880371,2
2026-07-17 13:40:00+09:00,0.0001103405875226085,0.0,0.9759001161440185,2
2026-07-17 13:41:00+09:00,7.51985514819386e-05,0.0,0.9277003484320558,2
2026-07-17 13:42:00+09:00,8.179846071424842e-06,0.0,0.9878048780487805,2
2026-07-17 13:43:00+09:00,0.006934526265149499,0.0,0.9163763066202091,2
2026-07-17 13:44:00+09:00,0.003975521749465795,0.0,0.963704994192799,2
2026-07-17 13:45:00+09:00,-0.004852865476075222,0.0,0.9753193960511033,2
2026-07-17 13:46:00+09:00,9.830021642834549e-05,0.0,0.9639953542392566,2
2026-07-17 13:47:00+09:00,-2.5885109890963933e-05,0.0,0.9639953542392566,2
2026-07-17 13:48:00+09:00,-3.149758750757666e-05,0.0,0.9520905923344947,2
2026-07-17 13:49:00+09:00,-5.329265125115475e-05,0.0,0.9515098722415796,2
2026-07-17 13:50:00+09:00,1.2355752169145358e-05,0.0,0.9759001161440185,2
2026-07-17 13:51:00+09:00,0.00010982210493678809,0.0,0.9277003484320556,2
2026-07-17 13:52:00+09:00,-2.3307486101745254e-05,0.0,0.9157955865272938,2
2026-07-17 13:53:00+09:00,5.1350455318189396e-05,0.0,0.9033101045296166,2
2026-07-17 13:54:00+09:00,-0.0001740150942812964,0.0,0.927409988385598,2
2026-07-17 13:55:00+09:00,-5.3953718573424115e-05,0.0,0.9277003484320557,2
2026-07-17 13:56:00+09:00,-2.7859617279053087e-05,0.0,0.9518002322880372,2
2026-07-17 13:57:00+09:00,-4.500584310691434e-05,0.0,0.9637049941927991,2
2026-07-17 13:58:00+09:00,-3.481381067503076e-06,0.0,0.8318815331010453,2
2026-07-17 13:59:00+09:00,-9.901227030383554e-05,0.0,0.9157955865272938,2
2026-07-17 14:00:00+09:00,0.00010786921405773117,0.0,0.9639953542392568,2
2026-07-17 14:01:00+09:00,-8.760712898784786e-05,0.0,0.9271196283391405,2
2026-07-17 14:02:00+09:00,0.00830334307884837,0.0,0.9634146341463414,2
2026-07-17 14:03:00+09:00,0.003321053114266915,0.0,0.9634146341463414,2
2026-07-17 14:04:00+09:00,-0.004859369055372947,0.0,0.9518002322880371,2
2026-07-17 14:05:00+09:00,1.5944572025236357e-05,0.0,0.9518002322880371,2
2026-07-17 14:06:00+09:00,0.00011095753114805733,0.0,0.9152148664343785,2
2026-07-17 14:07:00+09:00,-6.664047902474229e-05,0.0,0.9518002322880371,2
2026-07-17 14:08:00+09:00,0.00013027012337465455,0.0,0.9274099883855982,2
2026-07-17 14:09:00+09:00,1.8142085075004425e-05,0.0,0.9398954703832753,2
2026-07-17 14:10:00+09:00,0.00011250689285188797,0.0,0.9637049941927991,2
2026-07-17 14:11:00+09:00,6.657545478506195e-05,0.0,0.951800232288037,2
2026-07-17 14:12:00+09:00,-5.8617751029363236e-05,0.0,0.9036004645760742,2
2026-07-17 14:13:00+09:00,-5.717881637117759e-05,0.0,0.9271196283391405,2
2026-07-17 14:14:00+09:00,2.0252477677561102e-05,0.0,0.9030197444831591,2
2026-07-17 14:15:00+09:00,-5.749413231267498e-06,0.0,0.9401858304297328,2
2026-07-17 14:16:00+09:00,3.273580205699159e-05,0.0,0.8556910569105691,2
2026-07-17 14:17:00+09:00,-8.426547621367066e-05,0.0,0.9036004645760742,2
2026-07-17 14:18:00+09:00,-0.0002046478042492196,0.0,0.951800232288037,2
2026-07-17 14:19:00+09:00,4.154161226515655e-05,0.0,0.9274099883855982,2
2026-07-17 14:20:00+09:00,1.3602152451366767e-07,0.0,0.9396051103368177,2
2026-07-17 14:21:00+09:00,0.00010181077001324655,0.0,0.914924506387921,2
2026-07-17 14:22:00+09:00,2.202445386298739e-05,0.0,0.8916957026713124,2
2026-07-17 14:23:00+09:00,6.216323373855178e-05,0.0,0.9155052264808362,2
2026-07-17 14:24:00+09:00,0.006974036122240787,0.0,0.9398954703832751,2
2026-07-17 14:25:00+09:00,-0.0042994384141162205,0.0,0.9515098722415796,2
2026-07-17 14:26:00+09:00,1.653717205539269e-05,0.0,0.963704994192799,2
2026-07-17 14:27:00+09:00,-7.282597603437129e-07,0.0,0.9163763066202091,2
2026-07-17 14:28:00+09:00,1.529707423114071e-05,0.0,0.9518002322880371,2
2026-07-17 14:29:00+09:00,5.848424952722636e-05,0.0,0.9515098722415796,2
2026-07-17 14:30:00+09:00,-5.9445197723861444e-05,0.0,0.975609756097561,2
2026-07-17 14:31:00+09:00,5.499259061325252e-05,0.0,0.9518002322880371,2
2026-07-17 14:32:00+09:00,-0.0001116097359581191,0.0,0.9155052264808362,2
2026-07-17 14:33:00+09:00,-0.00012052999724514766,0.0,0.8916957026713124,2
2026-07-17 14:34:00+09:00,0.00013755125145489735,0.0,0.975609756097561,2
2026-07-17 14:35:00+09:00,-0.031306624241922196,0.0,0.9155052264808361,2
2026-07-17 14:36:00+09:00,-0.18990711650010653,0.0,0.9878048780487805,2
2026-07-17 14:37:00+09:00,0.011470542009051959,0.0,0.9401858304297328,2
2026-07-17 14:38:00+09:00,0.00701516676006219,0.0,0.9282810685249709,2
2026-07-17 14:39:00+09:00,-0.004468399672994425,0.0,0.9030197444831591,2
2026-07-17 14:40:00+09:00,9.178686629089964e-05,0.0,0.975609756097561,2
2026-07-17 14:41:00+09:00,7.129968064195675e-05,0.0,0.9282810685249709,2
2026-07-17 14:42:00+09:00,-3.521971377774275e-05,0.0,0.9518002322880371,2
2026-07-17 14:43:00+09:00,1.1203882213360288e-06,0.0,0.9512195121951219,2
2026-07-17 14:44:00+09:00,-3.28340068181262e-05,0.0,0.9398954703832753,2
2026-07-17 14:45:00+09:00,-0.19164753659454742,0.0,0.9152148664343785,2
2026-07-17 14:46:00+09:00,-0.4021847881635638,0.0,0.988095238095238,2
2026-07-17 14:47:00+09:00,0.011916208758036735,0.0,0.9639953542392566,2
2026-07-17 14:48:00+09:00,4.482660629392201e-05,0.0,0.9279907084785133,2
2026-07-17 14:49:00+09:00,3.519327110755458e-05,0.0,0.9157955865272939,2
2026-07-17 14:50:00+09:00,9.124944182574765e-05,0.0,0.891114982578397,2
2026-07-17 14:51:00+09:00,-0.4097111327753426,0.0,0.963704994192799,2
2026-07-17 14:52:00+09:00,-0.1865878547433249,0.0,0.9759001161440186,2
2026-07-17 14:53:00+09:00,0.011466900037924697,0.0,0.9404761904761905,2
2026-07-17 14:54:00+09:00,-1.1766832564858854e-05,0.0,0.975609756097561,2
2026-07-17 14:55:00+09:00,-4.2407734271798626e-05,0.0,0.975609756097561,2
2026-07-17 14:56:00+09:00,5.801165081750384e-06,0.0,0.93931475029036,2
2026-07-17 14:57:00+09:00,-9.112526040394014e-05,0.0,0.9274099883855982,2
2026-07-17 14:58:00+09:00,8.845088225144709e-05,0.0,0.9401858304297329,2
2026-07-17 14:59:00+09:00,-0.00019398785105778705,0.0,0.9512195121951219,2
2026-07-17 15:00:00+09:00,-4.7378769508533235e-05,0.0,0.9639953542392566,2
2026-07-17 15:01:00+09:00,2.1246823522380642e-05,0.0,0.9639953542392566,2
2026-07-17 15:02:00+09:00,-8.86111600365994e-06,0.0,0.9393147502903599,2
2026-07-17 15:03:00+09:00,1.7957782190492255e-05,0.0,0.9520905923344948,2
2026-07-17 15:04:00+09:00,4.8948921563968454e-05,0.0,0.9396051103368176,2
2026-07-17 15:05:00+09:00,0.00697637496419715,0.0,0.9401858304297328,2
2026-07-17 15:06:00+09:00,-0.004401503174814917,0.0,0.9512195121951219,2
2026-07-17 15:07:00+09:00,4.3760094383149504e-05,0.0,0.9396051103368176,2
2026-07-17 15:08:00+09:00,-4.393635076048201e-06,0.0,0.9639953542392565,2
2026-07-17 15:09:00+09:00,-0.03123501157353065,0.0,0.9639953542392566,2
2026-07-17 15:10:00+09:00,-0.022246976975282794,0.0,0.9518002322880371,2
2026-07-17 15:11:00+09:00,0.008777761262745098,0.0,1.0,2
2026-07-17 15:12:00+09:00,0.00010356603858366449,0.0,0.9759001161440185,2
2026-07-17 15:13:00+09:00,-3.9327049947049736e-05,0.0,0.9155052264808362,2
2026-07-17 15:14:00+09:00,-0.000824568780385543,1.923873497874206,1.0,2
2026-07-17 15:15:00+09:00,-0.00026316163663949474,0.0,0.9946633825944171,2
2026-07-17 15:16:00+09:00,-0.003688483615698058,0.0,0.9481246218995765,2
2026-07-17 15:17:00+09:00,0.2928955033903095,0.0,0.9826073805202662,2
2026-07-17 15:18:00+09:00,-0.0022739908981571763,0.0,0.9686500734595109,2
2026-07-17 15:19:00+09:00,-6.46729270026549e-06,0.0,1.0032840722495895,2
2026-07-17 15:20:00+09:00,0.00042272313995379845,0.0,1.0119047619047619,2
2026-07-17 15:21:00+09:00,-0.0004575256935364379,0.0,1.0119047619047619,2
2026-07-17 15:22:00+09:00,-0.0007406164001180354,0.0,0.9860426929392446,2
2026-07-17 15:23:00+09:00,-0.0024520549906953504,0.0,1.0119047619047619,2
2026-07-17 15:24:00+09:00,0.0025060348659055602,1.0032840722495895,0.017241379310344827,2
2026-07-17 15:30:00+09:00,-1.724137931034483e-06,0.008620689655172414,0.0,2
