date,decision_date,entry_date,gross,cost,finance,net,turnover,gross_exposure,net_exposure,positions
2024-01-10,2024-01-05,2024-01-09,-0.002944000000000011,9.982715e-05,0.00016624558333333336,-0.003210072733333344,1.996543,1.996543,0.0015960000000000227,67
2024-01-11,2024-01-09,2024-01-10,0.0006444999999999966,0.000107613275,0.00016653275,0.00037035397499999667,2.1522655,1.9986095000000001,0.00021650000000004652,67
2024-01-12,2024-01-10,2024-01-11,-0.011288500000000007,0.000111350225,0.00016549708333333336,-0.01156534730833334,2.2270045,1.992749,0.006783999999999957,68
2024-01-15,2024-01-11,2024-01-12,-0.009824499999999958,0.00012101760000000004,0.0001665779166666667,-0.010112095516666626,2.4203520000000007,1.9968789999999998,-0.002056000000000037,69
2024-01-16,2024-01-12,2024-01-15,-0.00185649999999999,0.00011805342499999999,0.00016634291666666669,-0.0021408963416666565,2.3610684999999996,1.9973114999999997,0.00119650000000001,67
2024-01-17,2024-01-15,2024-01-16,-0.006760499999999995,0.00012675884999999997,0.00016593416666666667,-0.007053193016666662,2.5351769999999996,1.9950575000000002,0.0038475000000000176,69
2024-01-18,2024-01-16,2024-01-17,0.012167000000000015,0.00011972685,0.00016665625,0.011880616900000016,2.394537,1.9984615,-0.0014134999999999565,72
2024-01-19,2024-01-17,2024-01-18,0.009218500000000003,0.00010561862500000001,0.00016649875000000002,0.008946382625000002,2.1123725,1.997316,-0.0006690000000000168,72
2024-01-22,2024-01-18,2024-01-19,0.006401499999999987,0.00011200135,0.000166506,0.006122992649999987,2.240027,1.9985450000000002,0.00047300000000014,68
2024-01-23,2024-01-19,2024-01-22,-0.002587500000000005,0.0001240823,0.00016662333333333337,-0.0028782056333333385,2.481646,1.998525,-0.0009550000000000513,69
2024-01-24,2024-01-22,2024-01-23,-0.00014199999999997965,0.00011567422499999997,0.00016642233333333335,-0.00042409655833331296,2.3134844999999995,1.9982064999999998,0.0011384999999999763,76
2024-01-25,2024-01-23,2024-01-24,-0.004599999999999978,0.00011604772499999999,0.00016642275,-0.0048824704749999785,2.3209544999999996,1.9961560000000005,-0.0009169999999999248,68
2024-01-26,2024-01-24,2024-01-25,0.0007634999999999964,0.000100346575,0.00016658191666666668,0.0004965715083333298,2.0069315,1.9988335,-0.00014950000000005757,71
2024-01-29,2024-01-25,2024-01-26,-0.0009840000000000233,9.529975e-05,0.00016660450000000003,-0.0012459042500000232,1.9059949999999999,1.9992005000000002,-5.3499999999994524e-05,69
2024-01-30,2024-01-26,2024-01-29,0.0043730000000000305,0.00012296865,0.00016640575,0.00408362560000003,2.459373,1.9976515,0.0007824999999999985,67
2024-01-31,2024-01-29,2024-01-30,0.006247500000000003,0.00012059845,0.00016666091666666665,0.005960240633333336,2.411969,1.9978255,-0.002105499999999934,75
2024-02-01,2024-01-30,2024-01-31,-0.012059999999999987,0.00010949597500000003,0.00016611166666666665,-0.012335607641666654,2.1899195000000007,1.9948679999999996,0.0015280000000000502,67
2024-02-02,2024-01-31,2024-02-01,0.0009115000000000057,0.0001179027,0.00016620991666666668,0.000627387383333339,2.358054,1.995963,0.0014440000000000147,71
2024-02-05,2024-02-01,2024-02-02,0.005050000000000009,0.00012342462499999999,0.00016651791666666668,0.0047600574583333425,2.4684924999999995,1.9971164999999997,-0.0010985000000000855,72
2024-02-06,2024-02-02,2024-02-05,-0.001187000000000011,0.000102158025,0.00016649775,-0.0014556557750000111,2.0431605,1.9986090000000003,0.0006359999999999734,74
2024-02-07,2024-02-05,2024-02-06,0.006657499999999985,0.00011653089999999999,0.00016621925000000003,0.006374749849999984,2.330618,1.9964259999999998,0.0017949999999999876,69
2024-02-08,2024-02-06,2024-02-07,-0.012648500000000036,0.00011029260000000001,0.00016639750000000002,-0.012925190100000037,2.205852,1.997091,0.00032099999999998796,67
2024-02-09,2024-02-07,2024-02-08,0.0008749999999999571,0.00011965432499999999,0.00016653991666666667,0.0005888057583332904,2.3930865,1.9989205,0.00044149999999998357,70
2024-02-13,2024-02-08,2024-02-09,0.001730499999999974,0.00011622427500000002,0.00016635524999999998,0.001447920474999974,2.3244855,1.9960899999999997,-0.00017299999999997873,66
2024-02-14,2024-02-09,2024-02-13,0.007355500000000004,0.0001195983,0.000166157,0.007069744700000004,2.391966,1.995905,0.0020209999999999603,69
2024-02-15,2024-02-13,2024-02-14,-0.009286499999999998,0.00013382872499999998,0.00016659483333333333,-0.009586923558333332,2.6765744999999996,1.9987065,-0.0004314999999999389,67
2024-02-16,2024-02-14,2024-02-15,0.015265500000000001,0.00014381037499999999,0.000166587,0.014955102625000003,2.8762074999999996,1.9982130000000002,-0.0008309999999999845,64
2024-02-19,2024-02-15,2024-02-16,0.015947500000000017,0.00012187700000000001,0.00016618575000000005,0.01565943725000002,2.4375400000000003,1.995205,0.0009760000000000046,72
2024-02-20,2024-02-16,2024-02-19,0.009784499999999988,0.00010732177499999999,0.00016641725,0.009510760974999987,2.1464355,1.9981344999999997,0.0011275000000000104,73
2024-02-21,2024-02-19,2024-02-20,-0.0008674999999999893,9.4784525e-05,0.0001661229166666667,-0.0011284074416666558,1.8956905,1.995321,0.001846000000000042,74
2024-02-22,2024-02-20,2024-02-21,0.007029000000000007,0.00012643982499999998,0.00016636733333333335,0.006736192841666673,2.5287965,1.9976425,0.0012345000000000134,70
2024-02-26,2024-02-21,2024-02-22,0.005686500000000016,0.00012026532500000002,0.00016617000000000002,0.005400064675000016,2.4053065000000005,1.994258,0.00021799999999999597,67
2024-02-27,2024-02-22,2024-02-26,0.012598500000000021,0.000110853725,0.0001658754166666667,0.012321770858333353,2.2170745,1.9938674999999995,0.003362500000000025,68
2024-02-28,2024-02-26,2024-02-27,0.005948500000000028,0.00013683395000000002,0.00016649133333333335,0.005645174716666695,2.7366790000000005,1.9978635,-3.249999999998393e-05,66
2024-02-29,2024-02-27,2024-02-28,0.003988999999999996,0.000131408875,0.00016646333333333332,0.0036911277916666626,2.6281775,1.998514,0.0009540000000000104,70
2024-03-01,2024-02-28,2024-02-29,0.0042705,0.00010589077500000004,0.00016651891666666667,0.003998090308333334,2.1178155000000007,1.9977575,-0.0004694999999999838,72
2024-03-04,2024-02-29,2024-03-01,-0.0062789999999999825,0.00011544557500000004,0.00016635483333333334,-0.006560800408333316,2.3089115000000007,1.997609,0.0013510000000000397,70
2024-03-05,2024-03-01,2024-03-04,-0.005789999999999997,0.000124059375,0.0001659616666666667,-0.006080021041666664,2.4811875,1.9939864999999999,0.002446500000000018,73
2024-03-06,2024-03-04,2024-03-05,0.0023885000000000304,0.00012130244999999998,0.00016612441666666666,0.0021010731333333636,2.4260489999999995,1.9952265,0.0017334999999999573,68
2024-03-07,2024-03-05,2024-03-06,-0.005103500000000037,0.00011426972500000002,0.00016658541666666666,-0.005384355141666704,2.2853945,1.995887,-0.003137999999999995,69
2024-03-08,2024-03-06,2024-03-07,-0.004073499999999981,0.00011423467499999999,0.0001664709166666667,-0.004354205591666647,2.2846935,1.9979174999999996,0.00026649999999998897,71
2024-03-11,2024-03-07,2024-03-08,0.008701999999999988,0.00010644404999999999,0.00016661958333333334,0.008428936366666655,2.128881,1.9988035000000002,-0.0006315000000000071,69
2024-03-12,2024-03-08,2024-03-11,0.007430999999999996,9.436605e-05,0.00016629158333333335,0.007170342366666662,1.887321,1.9967715000000004,0.0012725000000000097,70
2024-03-13,2024-03-11,2024-03-12,0.0016744999999999972,0.000118474175,0.00016633458333333335,0.0013896912416666637,2.3694835,1.996735,0.0007200000000000123,73
2024-03-14,2024-03-12,2024-03-13,-0.005672999999999994,0.00012327152500000004,0.000166526,-0.005962797524999995,2.4654305000000005,1.9991275000000002,0.0008155000000000245,64
2024-03-15,2024-03-13,2024-03-14,-0.0006135000000000242,0.0001277227,0.00016658983333333333,-0.0009078125333333575,2.5544540000000002,1.9975965000000002,-0.0014814999999999828,67
2024-03-18,2024-03-14,2024-03-15,-0.0006109999999999956,0.00011907657499999999,0.0001663554166666667,-0.0008964319916666622,2.3815315,1.996903,0.0006379999999999858,71
2024-03-19,2024-03-15,2024-03-18,-0.007271000000000006,9.762530000000001e-05,0.00016614083333333333,-0.007534766133333339,1.952506,1.995697,0.0020070000000000227,69
2024-03-21,2024-03-18,2024-03-19,0.005461499999999975,0.00011658109999999997,0.00016589125,0.005179027649999975,2.3316219999999994,1.9949430000000001,0.004248000000000009,70
2024-03-22,2024-03-19,2024-03-21,-0.009915500000000013,0.00011196729999999997,0.00016632125000000004,-0.010193788550000013,2.2393459999999994,1.996022,0.00016699999999998313,68
2024-03-25,2024-03-21,2024-03-22,9.700000000002369e-05,9.461355e-05,0.00016659741666666668,-0.00016421096666664297,1.8922709999999998,1.9975930000000002,-0.001576000000000008,70
2024-03-26,2024-03-22,2024-03-25,0.005013000000000039,8.998942499999999e-05,0.0001665411666666667,0.0047564694083333725,1.7997884999999998,1.9990024999999998,0.0005085000000000194,73
2024-03-27,2024-03-25,2024-03-26,-0.003553500000000045,9.014289999999999e-05,0.00016625,-0.003809892900000045,1.8028579999999998,1.9973115,0.0023114999999999594,69
2024-03-28,2024-03-26,2024-03-27,0.003699999999999995,0.00011029465000000003,0.00016612625,0.003423579099999995,2.2058930000000005,1.9966985000000004,0.0031834999999999503,72
2024-03-29,2024-03-27,2024-03-28,0.0028025000000000055,0.00011892082499999999,0.00016582716666666667,0.002517752008333339,2.3784164999999997,1.9923970000000002,0.002471000000000008,67
2024-04-01,2024-03-28,2024-03-29,5.499999999976864e-06,0.00010089887500000001,0.00016647541666666669,-0.0002618742916666898,2.0179775,1.9985895000000002,0.0008845000000000207,71
2024-04-02,2024-03-29,2024-04-01,-0.009139999999999988,0.00010350275,0.00016641733333333335,-0.009409920083333322,2.070055,1.9977594999999997,0.0007515000000000438,68
2024-04-03,2024-04-01,2024-04-02,-0.006836499999999982,0.00011890499999999999,0.00016626433333333335,-0.0071216693333333156,2.3781,1.9947464999999998,-0.00042549999999989124,69
2024-04-04,2024-04-02,2024-04-03,0.0025634999999999764,0.00012757877500000004,0.00016657658333333334,0.002269344641666643,2.5515755000000007,1.997508,-0.0014110000000000233,65
2024-04-05,2024-04-03,2024-04-04,-0.0004750000000000084,0.00010343027499999999,0.00016662266666666667,-0.0007450529416666751,2.0686055,1.9964155000000001,-0.0030565000000000453,72
2024-04-08,2024-04-04,2024-04-05,0.00152400000000001,0.0001060203,0.00016586333333333336,0.0012521163666666766,2.120406,1.9951075,0.004747500000000085,70
2024-04-09,2024-04-05,2024-04-08,0.0036354999999999955,0.0001092621,0.0001664204166666667,0.0033598174833333284,2.185242,1.9972084999999995,0.00016349999999999698,71
2024-04-10,2024-04-08,2024-04-09,-0.004281499999999993,0.00010578244999999999,0.00016626183333333334,-0.004553544283333327,2.115649,1.9955365,0.0003945000000000441,73
2024-04-11,2024-04-09,2024-04-10,-0.0054114999999999944,0.00010721057499999999,0.00016624916666666667,-0.005684959741666661,2.1442115,1.996326,0.0013359999999999709,74
2024-04-12,2024-04-10,2024-04-11,-0.0038385000000000277,9.842495000000002e-05,0.00016638291666666667,-0.004103307866666695,1.9684990000000002,1.997785,0.0011900000000000105,67
2024-04-15,2024-04-11,2024-04-12,0.000904500000000033,0.00010395827500000001,0.00016646875000000006,0.0006340729750000329,2.0791655,1.9975705,-5.450000000007879e-05,67
2024-04-16,2024-04-12,2024-04-15,0.009020999999999987,0.000109337,0.00016627541666666668,0.008745387583333321,2.18674,1.9959385,0.0006335000000000021,71
2024-04-17,2024-04-15,2024-04-16,0.0047525000000000145,0.0001228476,0.00016586583333333337,0.004463786566666681,2.456952,1.9947505,0.004360499999999993,73
2024-04-18,2024-04-16,2024-04-17,-0.0029579999999999984,0.00011293727499999999,0.00016654975,-0.003237487024999998,2.2587455,1.998752,0.00015499999999999542,71
2024-04-19,2024-04-17,2024-04-18,-0.0131785,0.0001257224,0.00016565583333333337,-0.013469878233333333,2.514448,1.9929400000000002,0.005070000000000005,64
2024-04-22,2024-04-18,2024-04-19,-0.001951499999999978,0.00013467765000000002,0.00016641100000000002,-0.002252588649999978,2.693553,1.9967519999999999,-0.0001799999999999996,71
2024-04-23,2024-04-19,2024-04-22,-0.0012365000000000245,0.00012159514999999999,0.00016647333333333336,-0.0015245684833333577,2.4319029999999997,1.9971080000000003,-0.0005719999999999111,68
2024-04-24,2024-04-22,2024-04-23,0.0034469999999999865,0.00011007479999999998,0.0001660734166666667,0.0031708517833333202,2.2014959999999997,1.99434,0.0014590000000000228,71
2024-04-25,2024-04-23,2024-04-24,0.0006709999999999736,0.00012229095000000002,0.00016601933333333334,0.00038268971666664017,2.445819,1.994101,0.0018689999999999402,69
2024-04-26,2024-04-24,2024-04-25,0.005560000000000012,0.00010436855,0.00016663583333333335,0.005288995616666679,2.087371,1.9976470000000002,-0.001983000000000009,71
2024-04-30,2024-04-25,2024-04-26,-0.0006375000000000159,0.0001196632,0.00016628108333333337,-0.0009234442833333492,2.393264,1.996541,0.0011679999999999816,69
2024-05-01,2024-04-26,2024-04-30,0.003048000000000023,0.000122174475,0.0001661209166666667,0.0027597046083333563,2.4434895,1.9952954999999999,0.0018444999999999226,68
2024-05-02,2024-04-30,2024-05-01,-0.011044000000000019,0.00012146410000000004,0.00016657491666666668,-0.011332039016666686,2.4292820000000006,1.9986795000000002,-0.00021949999999999574,66
2024-05-07,2024-05-01,2024-05-02,0.0012040000000000206,0.000121577125,0.00016585375,0.0009165691250000205,2.4315425,1.9938660000000001,0.0036209999999999784,73
2024-05-08,2024-05-02,2024-05-07,0.003468999999999989,0.00011564905000000001,0.00016561041666666667,0.0031877405333333225,2.312981,1.99366,0.006335000000000011,70
2024-05-09,2024-05-07,2024-05-08,-1.8499999999988523e-05,0.0001029784,0.0001663125,-0.00028779089999998855,2.059568,1.9974830000000001,0.00173300000000004,71
2024-05-10,2024-05-08,2024-05-09,-0.00779049999999997,0.00012919242500000002,0.00016619683333333335,-0.008085889258333303,2.5838485,1.9934385,-0.0009235000000000215,68
2024-05-13,2024-05-09,2024-05-10,0.00010899999999999614,0.0001202539,0.00016625625,-0.00017751015000000385,2.405078,1.9957925,0.0007175000000000167,69
2024-05-14,2024-05-10,2024-05-13,-0.003433999999999994,0.00011003484999999999,0.00016623925,-0.003710274099999994,2.200697,1.9969805,0.0021095000000001026,67
2024-05-15,2024-05-13,2024-05-14,-0.013558000000000002,0.00012540489999999998,0.00016594833333333337,-0.013849353233333337,2.5080979999999995,1.9947545,0.0033744999999999747,67
2024-05-16,2024-05-14,2024-05-15,0.002091500000000008,0.00012323094999999997,0.00016630391666666667,0.0018019651333333413,2.4646189999999994,1.9969124999999999,0.001265499999999968,71
2024-05-17,2024-05-15,2024-05-16,1.1499999999986415e-05,0.00011549102499999999,0.00016634241666666668,-0.00027033344166668027,2.3098205,1.996077,-3.2000000000025064e-05,69
2024-05-20,2024-05-16,2024-05-17,0.016942999999999993,0.00011402314999999999,0.00016654116666666664,0.016662435683333327,2.2804629999999997,1.99855,5.5999999999983147e-05,66
2024-05-21,2024-05-17,2024-05-20,0.0022584999999999992,0.000101312075,0.00016641491666666668,0.0019907730083333327,2.0262415,1.9970485,6.949999999999318e-05,69
2024-05-22,2024-05-20,2024-05-21,-0.009301500000000022,0.00011587157500000001,0.0001662665,-0.009583638075000022,2.3174315,1.99647,0.0012719999999999954,72
2024-05-23,2024-05-21,2024-05-22,0.002798999999999981,0.00011928412499999998,0.0001662949166666667,0.0025134209583333148,2.3856824999999997,1.9971595,0.001620499999999983,69
2024-05-24,2024-05-22,2024-05-23,-0.0065204999999999985,0.000110181025,0.0001664925,-0.0067971735249999984,2.2036205,1.9948419999999998,-0.0030680000000000013,67
2024-05-27,2024-05-23,2024-05-24,0.005577499999999985,9.816284999999999e-05,0.00016587841666666666,0.005313458733333319,1.9632569999999998,1.994128,0.003586999999999979,68
2024-05-28,2024-05-24,2024-05-27,-0.002598000000000004,9.4192925e-05,0.00016665966666666669,-0.002858852591666671,1.8838585,1.9993365000000003,-0.0005795000000000036,66
2024-05-29,2024-05-27,2024-05-28,-0.0121055,9.90703e-05,0.00016662850000000003,-0.0123711988,1.981406,1.9984614999999997,-0.0010805000000000328,69
2024-05-30,2024-05-28,2024-05-29,-0.0051629999999999905,9.642212500000001e-05,0.00016597100000000003,-0.00542539312499999,1.9284425,1.9948519999999998,0.003200000000000005,67
2024-05-31,2024-05-29,2024-05-30,0.005367499999999987,8.180922500000001e-05,0.00016637041666666669,0.005119320358333321,1.6361845000000002,1.9963005,-0.000144500000000089,65
2024-06-03,2024-05-30,2024-05-31,0.0016689999999999778,0.00010615935000000001,0.00016603358333333333,0.0013968070666666443,2.123187,1.9951675,0.002764500000000003,69
2024-06-04,2024-05-31,2024-06-03,-0.0019700000000000078,0.00011513800000000004,0.00016646425000000001,-0.002251602250000008,2.3027600000000006,1.9981214999999999,0.0005504999999999781,67
2024-06-05,2024-06-03,2024-06-04,-0.00113049999999998,0.00012126217500000001,0.00016641058333333335,-0.0014181727583333133,2.4252435,1.998099,0.0011719999999998884,71
2024-06-06,2024-06-04,2024-06-05,0.0007625000000000205,9.763410000000001e-05,0.0001666355,0.0004982304000000205,1.9526820000000003,1.9971450000000002,-0.0024810000000000387,66
2024-06-07,2024-06-05,2024-06-06,0.0007509999999999969,8.086025e-05,0.0001666615,0.000503478249999997,1.617205,1.997328,-0.0026099999999999665,67
2024-06-10,2024-06-06,2024-06-07,0.004602000000000005,0.0001235274,0.00016627208333333337,0.004312200516666672,2.4705480000000004,1.995834,0.0005690000000000209,69
2024-06-11,2024-06-07,2024-06-10,0.008277999999999994,0.0001107949,0.00016624500000000003,0.008000960099999992,2.215898,1.9972959999999997,0.002355999999999997,65
2024-06-12,2024-06-10,2024-06-11,0.0033285000000000025,0.00012299662500000002,0.00016635125,0.0030391521250000024,2.4599325000000003,1.9980565000000001,0.001841500000000015,70
2024-06-13,2024-06-11,2024-06-12,0.004979999999999991,0.0001096257,0.00016553958333333335,0.004704834716666658,2.192514,1.9880944999999999,0.0016195000000000515,68
2024-06-14,2024-06-12,2024-06-13,0.005905999999999976,0.00012718329999999997,0.00016625133333333337,0.005612565366666643,2.5436659999999995,1.9969155,0.0018995000000000886,63
2024-06-17,2024-06-13,2024-06-14,0.00032649999999999737,9.52554e-05,0.00016611483333333336,6.5129766666664e-05,1.9051079999999998,1.9964595,0.0030815000000000564,72
2024-06-18,2024-06-14,2024-06-17,-0.0008929999999999966,8.9011325e-05,0.00016599833333333337,-0.0011480096583333299,1.7802265,1.995886,0.0039060000000000084,68
2024-06-19,2024-06-17,2024-06-18,0.007788499999999984,0.000116065525,0.00016645016666666667,0.007505984308333317,2.3213105,1.9973455,-5.649999999997324e-05,69
2024-06-20,2024-06-18,2024-06-19,-0.009133499999999989,9.7769825e-05,0.00016599791666666668,-0.009397267741666656,1.9553965,1.995515,0.003540000000000043,64
2024-06-21,2024-06-19,2024-06-20,-0.011097500000000012,0.00011938335,0.0001662226666666667,-0.011383106016666679,2.387667,1.9959099999999999,0.0012380000000000446,68
2024-06-24,2024-06-20,2024-06-21,0.004640000000000007,0.00011341547500000002,0.00016652433333333335,0.004360060191666674,2.2683095000000004,1.9972585,-0.0010334999999999928,68
2024-06-25,2024-06-21,2024-06-24,-0.006046999999999978,0.00012437025,0.00016641416666666667,-0.006337784416666645,2.4874050000000003,1.9979365000000002,0.0009664999999999951,67
2024-06-26,2024-06-24,2024-06-25,0.0030620000000000135,0.0001262362,0.00016662591666666667,0.0027691378833333466,2.524724,1.9992815,-0.00022950000000000054,70
2024-06-27,2024-06-25,2024-06-26,-0.008884499999999995,0.00011001412500000001,0.00016566874999999998,-0.009160182874999995,2.2002825,1.990733,0.002707999999999978,70
2024-06-28,2024-06-26,2024-06-27,0.009481499999999995,0.00012344430000000003,0.00016602291666666666,0.009192032783333328,2.4688860000000004,1.9937060000000002,0.0014310000000000433,70
2024-07-01,2024-06-27,2024-06-28,-0.007162999999999997,0.000112214275,0.00016640758333333333,-0.0074416218583333305,2.2442855,1.9973455000000002,0.00045449999999995147,73
2024-07-02,2024-06-28,2024-07-01,-0.00819000000000002,0.000128769,0.00016637675000000002,-0.008485145750000022,2.57538,1.9982034999999998,0.0016824999999999618,72
2024-07-03,2024-07-01,2024-07-02,0.004132000000000009,0.0001277417,0.00016664783333333335,0.0038376104666666758,2.554834,1.9991755,-0.0005985000000000018,71
2024-07-04,2024-07-02,2024-07-03,-0.0029644999999999962,0.00012169352499999996,0.0001660720833333333,-0.0032522656083333297,2.4338704999999994,1.9953400000000001,0.002474999999999991,68
2024-07-05,2024-07-03,2024-07-04,-0.001830500000000014,0.00011802042499999998,0.00016602925000000002,-0.002114549675000014,2.3604084999999997,1.9950615000000003,0.002710499999999963,69
2024-07-08,2024-07-04,2024-07-05,0.002659000000000031,0.00011994277499999999,0.0001664534166666667,0.0023726038083333643,2.3988555,1.9968169999999998,-0.0006239999999999787,66
2024-07-09,2024-07-05,2024-07-08,-0.004459499999999997,0.00012446757500000002,0.00016657358333333332,-0.004750541158333331,2.4893515,1.9991525,0.00026950000000000585,66
2024-07-10,2024-07-08,2024-07-09,0.0010350000000000023,0.00012614437499999998,0.00016575641666666667,0.0007430992083333357,2.5228874999999995,1.992925,0.003848000000000046,63
2024-07-11,2024-07-09,2024-07-10,-0.005741000000000004,0.00012686724999999997,0.00016614600000000002,-0.006034013250000004,2.5373449999999993,1.9965050000000004,0.0027530000000000124,68
2024-07-12,2024-07-10,2024-07-11,0.013770000000000008,0.00011358222499999999,0.00016650291666666668,0.01348991485833334,2.2716445,1.9977464999999999,-0.00028849999999999015,71
2024-07-16,2024-07-11,2024-07-12,0.006029500000000002,0.00010972054999999998,0.00016650933333333336,0.005753270116666668,2.1944109999999997,1.9979844999999998,-0.0001275000000000026,72
2024-07-17,2024-07-12,2024-07-16,-0.003573000000000006,0.00011305264999999999,0.00016658825000000002,-0.0038526409000000056,2.261053,1.9962495000000005,-0.002809499999999991,69
2024-07-18,2024-07-16,2024-07-17,-0.0009424999999999975,0.00012304019999999997,0.00016663483333333333,-0.0012321750333333307,2.4608039999999995,1.9992845000000001,-0.00033350000000008373,70
2024-07-19,2024-07-17,2024-07-18,-0.005362999999999984,0.00010395535000000003,0.00016543458333333335,-0.005632389933333317,2.0791070000000005,1.9895384999999999,0.0043234999999999975,68
2024-07-22,2024-07-18,2024-07-19,-0.0121005,8.5746875e-05,0.00016651466666666665,-0.012352761541666667,1.7149375,1.9987119999999998,0.0005360000000000781,72
2024-07-23,2024-07-19,2024-07-22,0.01041099999999999,0.00011592259999999998,0.00016615833333333334,0.010128919066666657,2.3184519999999997,1.996791,0.0028910000000000463,70
2024-07-24,2024-07-22,2024-07-23,-0.0009314999999999851,9.150374999999999e-05,0.00016646808333333334,-0.0011894718333333185,1.830075,1.994849,-0.0027679999999999857,74
2024-07-25,2024-07-23,2024-07-24,0.002241000000000005,0.00011950070000000001,0.000166498,0.001955001300000005,2.3900140000000003,1.9982090000000001,0.00023300000000007343,65
2024-07-26,2024-07-24,2024-07-25,0.007284499999999988,0.00010683614999999997,0.00016561416666666665,0.007012049683333322,2.1367229999999995,1.9928350000000001,0.005464999999999961,66
2024-07-29,2024-07-25,2024-07-26,0.0068095000000000004,0.0001062533,0.0001663855,0.0065368612,2.125066,1.998093,0.0014669999999999475,73
2024-07-30,2024-07-26,2024-07-29,0.0010485000000000028,0.00012102577500000001,0.00016660658333333332,0.0007608676416666694,2.4205155,1.9977065,-0.00157250000000006,68
2024-07-31,2024-07-29,2024-07-30,0.010787999999999996,0.000130861925,0.0001661054166666667,0.01049103265833333,2.6172385,1.9955529999999997,0.0022880000000000053,66
2024-08-01,2024-07-30,2024-07-31,0.009597000000000015,0.00011090685,0.00016584000000000002,0.009320253150000015,2.218137,1.99428,0.0041999999999999885,71
2024-08-02,2024-07-31,2024-08-01,-0.009038999999999995,0.00012414909999999997,0.00016631416666666667,-0.009329463266666662,2.4829819999999994,1.9970149999999998,0.0012450000000000516,64
2024-08-05,2024-08-01,2024-08-02,-0.010667999999999983,0.00011495727499999999,0.00016646116666666665,-0.01094941844166665,2.2991455,1.9976225,8.85000000000781e-05,70
2024-08-06,2024-08-02,2024-08-05,0.0070704999999999935,0.0001291782,0.00016620924999999998,0.006775112549999993,2.5835639999999995,1.9959545,0.0014435000000000628,73
2024-08-07,2024-08-05,2024-08-06,0.018660999999999997,0.0001109927,0.00016642391666666671,0.018383583383333332,2.219854,1.9981595,0.0010725000000000595,72
2024-08-08,2024-08-06,2024-08-07,-0.0017140000000000128,0.00011334204999999999,0.00016628791666666671,-0.0019936299666666797,2.266841,1.9975895000000001,0.0021345000000000357,71
2024-08-09,2024-08-07,2024-08-08,2.9000000000001843e-05,0.00011956387499999998,0.00016662808333333333,-0.00025719195833333146,2.3912774999999997,1.997574,-0.001963000000000036,69
2024-08-13,2024-08-08,2024-08-09,0.016439500000000013,0.000116945925,0.00016650433333333334,0.016156049741666678,2.3389185,1.9989995,0.0009475000000000039,70
2024-08-14,2024-08-09,2024-08-13,0.0030239999999999933,0.00010536542500000001,0.00016560875000000004,0.0027530258249999933,2.1073085000000003,1.9914910000000003,0.004186000000000002,71
2024-08-15,2024-08-13,2024-08-14,0.017192500000000006,0.00011024754999999997,0.00016634175,0.016915910700000005,2.2049509999999994,1.9977599999999995,0.0016590000000000459,70
2024-08-16,2024-08-14,2024-08-15,-0.014583999999999942,0.000107005175,0.00016660425000000002,-0.014857609424999942,2.1401035,1.9992235000000003,-2.750000000004138e-05,68
2024-08-19,2024-08-15,2024-08-16,0.007161000000000016,0.00011711445000000001,0.0001664841666666667,0.00687740138333335,2.342289,1.9981865,0.00037649999999996714,73
2024-08-20,2024-08-16,2024-08-19,0.0011225000000000271,0.00011873195000000001,0.00016639808333333335,0.0008373699666666937,2.374639,1.9969565,0.00017950000000002686,65
2024-08-21,2024-08-19,2024-08-20,-0.0015744999999999698,0.0001221838,0.00016666391666666667,-0.0018633477166666364,2.443676,1.9981474999999997,-0.00181949999999996,65
2024-08-22,2024-08-20,2024-08-21,-0.006092500000000053,0.00012587225000000002,0.00016633433333333334,-0.0063847065833333855,2.5174450000000004,1.9959054999999999,-0.0001064999999999261,66
2024-08-23,2024-08-21,2024-08-22,-0.008991000000000032,0.00012385769999999997,0.00016576375000000002,-0.009280621450000033,2.4771539999999996,1.9943485,0.005183500000000021,64
2024-08-26,2024-08-22,2024-08-23,-0.0016689999999999908,9.503425e-05,0.0001659115,-0.001929945749999991,1.9006850000000002,1.9949125,0.003974500000000023,65
2024-08-27,2024-08-23,2024-08-26,-0.00430150000000002,0.00010410059999999998,0.00016596875000000002,-0.0045715693500000204,2.0820119999999998,1.9956645,0.004039499999999974,64
2024-08-28,2024-08-26,2024-08-27,0.0007400000000000108,9.221337500000001e-05,0.00016655333333333332,0.00048123329166667754,1.8442675000000002,1.9984909999999996,-0.00014899999999992176,69
2024-08-29,2024-08-27,2024-08-28,-0.001667500000000003,7.780207499999998e-05,0.0001660204166666667,-0.0019113224916666696,1.5560414999999996,1.9958635,0.003618500000000118,65
2024-08-30,2024-08-28,2024-08-29,0.008824,9.148795e-05,0.00016649666666666667,0.008566015383333334,1.829759,1.9988835,0.000923499999999966,72
2024-09-02,2024-08-29,2024-08-30,-0.0037454999999999863,9.186697500000001e-05,0.00016646516666666666,-0.004003832141666653,1.8373395000000001,1.998636,0.0010539999999999716,71
2024-09-03,2024-08-30,2024-09-02,-0.006297499999999976,0.000113189575,0.00016655291666666666,-0.006577242491666643,2.2637915,1.9972465000000001,-0.0013884999999999662,68
2024-09-04,2024-09-02,2024-09-03,-0.02808149999999999,0.00010942832500000004,0.00016621883333333334,-0.02835714715833332,2.1885665000000007,1.9945830000000002,-4.299999999994239e-05,71
2024-09-05,2024-09-03,2024-09-04,-0.008477,9.626099999999999e-05,0.00016618975,-0.00873945075,1.92522,1.996392,0.002114999999999992,72
2024-09-06,2024-09-04,2024-09-05,-0.0065265000000000175,7.883275e-05,0.00016607433333333334,-0.006771407083333351,1.5766550000000001,1.995798,0.0029060000000000336,74
2024-09-09,2024-09-05,2024-09-06,-0.01625249999999996,8.545002500000001e-05,0.00016615833333333337,-0.016504108358333294,1.7090005000000001,1.9961825000000002,0.0022825000000000206,72
2024-09-10,2024-09-06,2024-09-09,-0.010689999999999995,9.0766675e-05,0.00016655791666666668,-0.010947324591666661,1.8153335000000002,1.9981649999999997,-0.0005299999999999246,75
2024-09-11,2024-09-09,2024-09-10,-0.0063870000000000055,9.978102500000001e-05,0.00016639708333333333,-0.006653178108333339,1.9956205,1.9978764999999996,0.0011114999999999597,69
2024-09-12,2024-09-10,2024-09-11,0.008656499999999996,8.328435000000001e-05,0.00016624075000000002,0.008406974899999996,1.6656870000000001,1.9952735,0.0003844999999999786,72
2024-09-13,2024-09-11,2024-09-12,0.0036514999999999963,9.349795e-05,0.0001663844166666667,0.0033916176333333298,1.869959,1.9978215,0.001208500000000029,72
2024-09-17,2024-09-12,2024-09-13,-0.009876000000000003,9.9239675e-05,0.00016653866666666668,-0.01014177834166667,1.9847935,1.998417,-4.700000000001231e-05,69
2024-09-18,2024-09-13,2024-09-17,0.013928999999999997,0.000106793625,0.00016665925,0.013655547124999997,2.1358725,1.9989525000000001,-0.0009584999999998969,72
2024-09-19,2024-09-17,2024-09-18,0.006314000000000022,0.000110851775,0.00016640483333333334,0.0060367433916666885,2.2170355,1.995672,-0.0011860000000000204,70
2024-09-20,2024-09-18,2024-09-19,0.016990500000000006,0.000120750125,0.00016642541666666666,0.01670332445833334,2.4150025,1.9976715000000003,0.0005665000000000045,71
2024-09-24,2024-09-19,2024-09-20,-0.006421000000000004,0.00011561209999999997,0.00016653991666666667,-0.00670315201666667,2.3122419999999995,1.9978715,-0.0006075000000000386,71
2024-09-25,2024-09-20,2024-09-24,0.0026950000000000125,9.558227500000002e-05,0.00016666616666666668,0.0024327515583333456,1.9116455000000003,1.999038,-0.000956000000000002,69
2024-09-26,2024-09-24,2024-09-25,-0.009310500000000029,0.00012794742500000004,0.00016617883333333336,-0.009604626258333363,2.5589485000000005,1.9965485,0.0024024999999999637,71
2024-09-27,2024-09-25,2024-09-26,0.004566000000000019,0.0001346279,0.00016629125000000003,0.004265080850000019,2.692558,1.9975984999999998,0.0021034999999999457,70
2024-09-30,2024-09-26,2024-09-27,-0.01990800000000001,0.0001247388,0.00016616808333333336,-0.020198906883333343,2.494776,1.9969034999999997,0.0028865000000000487,69
2024-10-01,2024-09-27,2024-09-30,0.01090200000000002,0.00014706332500000001,0.0001662264166666667,0.010588710258333352,2.9412665000000002,1.9962529999999998,0.001536000000000027,68
2024-10-02,2024-09-30,2024-10-01,0.0006674999999999944,0.000124837,0.00016628425,0.0003763787499999943,2.49674,1.995632,0.00022100000000004408,70
2024-10-03,2024-10-01,2024-10-02,0.005818499999999986,9.12865e-05,0.00016587425,0.005561339249999986,1.82573,1.995031,0.004539999999999999,70
2024-10-04,2024-10-02,2024-10-03,-0.0014840000000000213,8.394135e-05,0.00016614875,-0.0017340901000000215,1.678827,1.9958760000000002,0.0020909999999999904,70
2024-10-07,2024-10-03,2024-10-04,0.007780000000000044,9.952729999999999e-05,0.0001665616666666667,0.007513911033333378,1.990546,1.9987890000000001,4.9000000000042065e-05,69
2024-10-08,2024-10-04,2024-10-07,-0.0076099999999999874,0.000103455525,0.00016656750000000004,-0.007880023024999988,2.0691105,1.9989535,0.00014350000000001514,69
2024-10-09,2024-10-07,2024-10-08,0.003162000000000012,0.00012023387500000004,0.0001665416666666667,0.0028752244583333452,2.404677500000001,1.996746,-0.001753999999999964,71
2024-10-10,2024-10-08,2024-10-09,-0.004971500000000024,0.0001129436,0.00016619208333333335,-0.005250635683333357,2.2588719999999998,1.9960390000000001,0.001734000000000003,67
2024-10-11,2024-10-09,2024-10-10,0.002358500000000014,9.4307475e-05,0.00016621166666666668,0.0020979808583333473,1.8861495,1.9965385000000002,0.0019985000000000003,69
2024-10-15,2024-10-10,2024-10-11,0.00966099999999999,0.00010319539999999998,0.00016660975000000003,0.00939119484999999,2.0639079999999996,1.9991705,-0.00014649999999995222,69
2024-10-16,2024-10-11,2024-10-15,-0.008773000000000027,0.00012956445,0.0001661266666666667,-0.009068691116666694,2.5912889999999997,1.9948885000000003,0.0013684999999999427,63
2024-10-17,2024-10-15,2024-10-16,0.008058999999999983,0.00012002379999999999,0.0001666209166666667,0.007772355283333316,2.400476,1.9994645,1.3500000000048196e-05,70
2024-10-18,2024-10-16,2024-10-17,0.00020900000000000622,0.000103397175,0.00016645525,-6.0852424999993795e-05,2.0679435,1.9985480000000002,0.0010849999999999645,71
2024-10-21,2024-10-17,2024-10-18,0.0020964999999999816,0.00010366970000000002,0.000166665,0.0018261652999999815,2.0733940000000004,1.9993670000000001,-0.0006130000000000024,65
2024-10-22,2024-10-18,2024-10-21,0.0008515,0.00012456419999999998,0.00016665608333333337,0.0005602797166666667,2.491284,1.998081,-0.0017920000000000262,63
2024-10-23,2024-10-21,2024-10-22,-0.003007500000000028,0.0001145603,0.00016665091666666668,-0.0032887112166666947,2.291206,1.998522,-0.001288999999999995,66
2024-10-24,2024-10-22,2024-10-23,-0.0047655000000000145,0.00010229299999999999,0.00016634241666666665,-0.005034135416666681,2.04586,1.9965439999999999,0.0004350000000000326,69
2024-10-25,2024-10-23,2024-10-24,-0.0017494999999999841,9.293242499999998e-05,0.00016641125,-0.002008843674999984,1.8586484999999997,1.9968625000000002,-7.249999999998924e-05,70
2024-10-28,2024-10-24,2024-10-25,0.005027999999999972,9.674465e-05,0.00016582166666666666,0.004765433683333305,1.934893,1.9949154999999998,0.0050554999999999906,66
2024-10-29,2024-10-25,2024-10-28,0.0018629999999999938,9.806492499999999e-05,0.0001664455,0.0015984895749999938,1.9612984999999998,1.998614,0.0012680000000000417,68
2024-10-30,2024-10-28,2024-10-29,0.008202999999999993,0.00011775505000000004,0.00016632133333333336,0.00791892361666666,2.3551010000000008,1.997029,0.0011730000000000629,68
2024-10-31,2024-10-29,2024-10-30,-0.0038494999999999675,0.00010533365000000003,0.00016656058333333336,-0.004121394233333301,2.1066730000000007,1.9989729999999999,0.00024599999999993377,71
2024-11-01,2024-10-30,2024-10-31,-0.0017080000000000194,0.00010865345,0.00016632875,-0.0019829822000000195,2.173069,1.9958320000000003,-0.00011300000000005056,69
2024-11-05,2024-10-31,2024-11-01,0.0030705000000000177,0.00014861847500000002,0.00016606666666666667,0.002755814858333351,2.9723695,1.9957185,0.0029185000000000842,73
2024-11-06,2024-11-01,2024-11-05,0.013426500000000013,0.00014092385,0.00016638525000000002,0.013119190900000013,2.818477,1.9977245000000001,0.001101499999999967,69
2024-11-07,2024-11-05,2024-11-06,0.0007704999999999895,0.00011975264999999999,0.00016652700000000003,0.0004842203499999895,2.395053,1.9979035,-0.00042050000000006665,70
2024-11-08,2024-11-06,2024-11-07,-0.0051664999999999975,0.000123662975,0.00016595166666666668,-0.005456114641666664,2.4732595,1.994564,0.00314399999999998,64
2024-11-11,2024-11-07,2024-11-08,0.004980500000000013,0.00010847812499999998,0.0001664851666666667,0.004705536708333346,2.1695624999999996,1.9983735,0.0005515000000000034,69
2024-11-12,2024-11-08,2024-11-11,-0.0064300000000000225,0.000104574175,0.00016663916666666666,-0.006701213341666689,2.0914835,1.9986079999999997,-0.0010620000000000004,67
2024-11-13,2024-11-11,2024-11-12,0.0034269999999999943,0.00012326805,0.00016597341666666667,0.0031377585333333276,2.4653609999999997,1.994134,0.0024530000000000385,70
2024-11-14,2024-11-12,2024-11-13,2.2999999999998255e-05,0.00010982542500000001,0.00016615466666666668,-0.00025298009166666843,2.1965085,1.9944975,0.0006415000000000726,70
2024-11-15,2024-11-13,2024-11-14,0.004141000000000035,0.00012879507500000001,0.00016637733333333334,0.0038458275916667018,2.5759015,1.995663,-0.0008649999999999214,74
2024-11-18,2024-11-14,2024-11-15,0.005698500000000001,0.0001133222,0.00016661600000000002,0.005418561800000002,2.266444,1.9989569999999999,-0.0004349999999999632,69
2024-11-19,2024-11-15,2024-11-18,-0.0009784999999999876,9.511625000000002e-05,0.00016646475,-0.0012400809999999875,1.9023250000000003,1.9978080000000003,0.00023100000000000898,67
2024-11-20,2024-11-18,2024-11-19,0.0003110000000000065,0.000122926275,0.00016638833333333335,2.1685391666673127e-05,2.4585255,1.9972625,0.0006025000000000197,70
2024-11-21,2024-11-19,2024-11-20,0.0024485000000000166,0.00010451610000000001,0.0001664656666666667,0.0021775182333333503,2.090322,1.9984515,0.0008635000000000049,67
2024-11-22,2024-11-20,2024-11-21,-0.0033484999999999947,0.00010128827500000002,0.00016664500000000001,-0.0036164332749999946,2.0257655000000003,1.997131,-0.002609000000000042,67
2024-11-25,2024-11-21,2024-11-22,0.0032410000000000125,0.00011192255,0.00016656558333333335,0.002962511866666679,2.238451,1.9982119999999999,-0.0005750000000000408,69
2024-11-26,2024-11-22,2024-11-25,-0.00041950000000002304,9.7940225e-05,0.00016600791666666667,-0.0006834481416666897,1.9588045,1.9946395,0.0025444999999999704,70
2024-11-27,2024-11-25,2024-11-26,0.0006929999999999812,0.00011539665,0.00016656883333333335,0.0004110345166666478,2.307933,1.9957384999999999,-0.0030874999999999653,65
2024-11-28,2024-11-26,2024-11-27,0.0016304999999999948,9.08922e-05,0.00016638650000000004,0.0013732212999999947,1.817844,1.9967324999999998,9.449999999996961e-05,72
2024-11-29,2024-11-27,2024-11-28,-0.004766999999999983,0.00010821594999999999,0.00016617125,-0.005041387199999983,2.164319,1.9960795,0.0020245000000000176,73
2024-12-02,2024-11-28,2024-11-29,-0.0025335000000000353,0.00010182755000000001,0.00016630958333333333,-0.0028016371333333687,2.0365510000000002,1.9968145,0.0010994999999999824,73
2024-12-03,2024-11-29,2024-12-02,4.800000000000149e-05,0.00010325467500000001,0.0001662115,-0.0002214661749999985,2.0650935,1.996924,0.0023859999999999992,69
2024-12-04,2024-12-02,2024-12-03,-0.0023835000000000054,9.3108325e-05,0.00016648391666666668,-0.0026430922416666724,1.8621665,1.9984985000000002,0.0006914999999999838,69
2024-12-05,2024-12-03,2024-12-04,-0.005567000000000049,0.000118706375,0.000166075,-0.00585178137500005,2.3741275,1.996094,0.0031939999999999885,69
2024-12-06,2024-12-04,2024-12-05,-0.0021660000000000112,0.00011666620000000001,0.00016619991666666668,-0.002448866116666678,2.333324,1.9952060000000003,0.0008069999999999692,70
2024-12-09,2024-12-05,2024-12-06,-0.006671999999999999,9.692440000000001e-05,0.0001660525,-0.006934976899999999,1.9384880000000002,1.9956820000000002,0.003051999999999999,65
2024-12-10,2024-12-06,2024-12-09,0.0036544999999999837,0.000109322925,0.00016665216666666665,0.003378524908333317,2.1864585,1.9981404999999999,-0.0016854999999999995,71
2024-12-11,2024-12-09,2024-12-10,0.007764000000000028,0.00011699847499999998,0.00016653400000000003,0.007480467525000027,2.3399694999999996,1.9972139999999996,-0.0011940000000000839,62
2024-12-12,2024-12-10,2024-12-11,-0.0006229999999999944,0.000115557475,0.00016592425,-0.0009044817249999944,2.3111495,1.9932064999999999,0.002115500000000048,64
2024-12-13,2024-12-11,2024-12-12,-0.0011529999999999787,0.00011498205000000001,0.00016558708333333337,-0.001433569133333312,2.2996410000000003,1.9927625000000002,0.005717499999999931,66
2024-12-16,2024-12-12,2024-12-13,-0.00851849999999997,9.675607499999999e-05,0.00016662791666666667,-0.008781883991666637,1.9351215,1.9997529999999997,0.00021800000000000638,70
2024-12-17,2024-12-13,2024-12-16,0.007391499999999999,0.00012346155,0.00016589016666666669,0.0071021482833333325,2.469231,1.994769,0.004087000000000049,70
2024-12-18,2024-12-16,2024-12-17,0.014315999999999975,0.000108939125,0.00016619041666666667,0.014040870458333308,2.1787825,1.9912515000000004,-0.0030335000000000292,66
2024-12-19,2024-12-17,2024-12-18,0.0009234999999999816,0.000119612,0.00016615625000000002,0.0006377317499999815,2.39224,1.9957535,0.0018784999999999774,66
2024-12-20,2024-12-18,2024-12-19,-0.000642499999999986,0.000113780825,0.00016664125,-0.000922922074999986,2.2756165,1.9987439999999999,-0.0009509999999999796,72
2024-12-23,2024-12-19,2024-12-20,0.005439000000000003,0.00011323457499999996,0.00016656333333333335,0.00515920209166667,2.264691499999999,1.9982954999999998,-0.00046450000000003433,72
2024-12-24,2024-12-20,2024-12-23,0.00045150000000002567,0.00010707185,0.00016636050000000003,0.00017806765000002563,2.141437,1.9952455,-0.0010805000000000536,73
2024-12-25,2024-12-23,2024-12-24,-0.001610000000000006,0.00010518779999999998,0.00016630791666666668,-0.0018814957166666726,2.1037559999999997,1.9978295000000001,0.002134499999999928,73
2024-12-26,2024-12-24,2024-12-25,0.0016254999999999954,0.00010235535,0.0001657149166666667,0.0013574297333333288,2.047107,1.9928855,0.004306500000000012,68
2024-12-27,2024-12-25,2024-12-26,0.017777500000000012,9.36276e-05,0.000166563,0.01751730940000001,1.872552,1.9974004999999997,-0.0013554999999999956,71
2024-12-30,2024-12-26,2024-12-27,0.003923500000000001,0.00010765082499999998,0.00016649583333333334,0.0036493533416666673,2.1530164999999997,1.998604,0.0006540000000000087,69
2025-01-07,2024-12-27,2024-12-30,0.0011760490986303862,0.00011711910000000001,0.00016658708333333334,0.0008923429152970528,2.342382,1.9972280000000002,-0.001817000000000013,68
2025-01-08,2024-12-30,2025-01-07,-0.0018650000000000008,0.00013105630000000002,0.00016634375000000001,-0.0021624000500000008,2.6211260000000003,1.997903,0.001777999999999967,69
2025-01-09,2025-01-07,2025-01-08,0.0027765000000000155,0.000118308325,0.0001665549166666667,0.0024916367583333486,2.3661665,1.9993065,0.0006475000000000231,72
2025-01-10,2025-01-08,2025-01-09,0.007047000000000021,7.863425000000001e-05,0.00016660974999999997,0.006801756000000021,1.572685,1.9994334999999999,0.00011649999999994998,72
2025-01-14,2025-01-09,2025-01-10,0.0022504999999999934,9.252802499999999e-05,0.00016617041666666665,0.0019918015583333267,1.8505604999999998,1.99496,0.0009150000000000824,71
2025-01-15,2025-01-10,2025-01-14,-0.003705999999999986,9.9942425e-05,0.00016623141666666667,-0.003972173841666653,1.9988485,1.9970145000000001,0.002237500000000038,65
2025-01-16,2025-01-14,2025-01-15,0.011335499999999983,9.67942e-05,0.00016613483333333332,0.01107257096666665,1.935884,1.9957264999999997,0.0021084999999999715,70
2025-01-17,2025-01-15,2025-01-16,-0.006631499999999999,7.917942499999999e-05,0.00016654708333333333,-0.006877226508333333,1.5835884999999998,1.9975879999999997,-0.0009769999999999779,69
2025-01-20,2025-01-16,2025-01-17,0.0018854999999999896,8.471257499999999e-05,0.00016591758333333334,0.0016348698416666565,1.6942514999999998,1.9932064999999999,0.0021954999999999787,69
2025-01-21,2025-01-17,2025-01-20,0.00129799999999999,8.027085e-05,0.00016597575000000002,0.0010517533999999898,1.6054169999999999,1.9955765,0.0038675000000000584,66
2025-01-22,2025-01-20,2025-01-21,0.009363000000000014,8.8308375e-05,0.00016660333333333335,0.00910808829166668,1.7661675000000001,1.999143,-9.69999999998819e-05,66
2025-01-23,2025-01-21,2025-01-22,-0.0009350000000000058,6.7029325e-05,0.00016621300000000004,-0.001168242325000006,1.3405865,1.9966655000000002,0.0021094999999999517,66
2025-01-24,2025-01-22,2025-01-23,0.008405500000000003,7.180847500000001e-05,0.0001665145,0.008167177025000003,1.4361695000000003,1.9982549999999997,8.099999999996998e-05,68
2025-01-27,2025-01-23,2025-01-24,-0.014614000000000002,8.170404999999998e-05,0.00016635541666666667,-0.01486205946666667,1.6340809999999997,1.996759,0.0004940000000001124,70
2025-01-28,2025-01-24,2025-01-27,-0.004340500000000023,8.0613625e-05,0.00016627316666666667,-0.004587386791666689,1.6122725,1.9974565000000002,0.002178499999999972,74
2025-01-29,2025-01-27,2025-01-28,-0.0029819999999999855,8.3452625e-05,0.00016657925,-0.0032320318749999855,1.6690525,1.9986140000000003,-0.0003370000000000456,68
2025-01-30,2025-01-28,2025-01-29,0.011534500000000005,5.8563125e-05,0.00016659041666666665,0.01130934645833334,1.1712624999999999,1.9985634999999997,-0.0005215000000000636,72
2025-01-31,2025-01-29,2025-01-30,0.0010044999999999993,6.329370000000001e-05,0.00016625083333333336,0.0007749554666666659,1.2658740000000002,1.9956665000000002,0.0006565000000000251,70
2025-02-03,2025-01-30,2025-01-31,-0.0012049999999999917,6.5756275e-05,0.0001664961666666667,-0.0014372524416666583,1.3151255,1.997432,-0.0005219999999999669,68
2025-02-04,2025-01-31,2025-02-03,0.0011684999999999938,9.092935e-05,0.00016617441666666666,0.0009113962333333271,1.818587,1.9969989999999997,0.0029059999999999434,70
2025-02-05,2025-02-03,2025-02-04,-0.008286500000000004,9.5446425e-05,0.00016663150000000002,-0.008548577925000004,1.9089285,1.9990695000000003,-0.0005084999999999812,71
2025-02-06,2025-02-04,2025-02-05,0.012602999999999986,7.0514775e-05,0.00016590941666666666,0.012366575808333318,1.4102955000000001,1.9928249999999998,0.0019120000000000803,70
2025-02-07,2025-02-05,2025-02-06,0.005962999999999978,5.7913100000000006e-05,0.00016615433333333333,0.005738932566666645,1.1582620000000001,1.9957960000000001,0.0019439999999999874,68
2025-02-10,2025-02-06,2025-02-07,0.02510600000000002,8.059417499999997e-05,0.00016649191666666667,0.024858913908333353,1.6118834999999996,1.9968085,-0.0010945000000000052,67
2025-02-12,2025-02-07,2025-02-10,-0.004047000000000006,7.15024e-05,0.00016652758333333332,-0.00428502998333334,1.430048,1.9974975000000004,-0.0008334999999999732,70
2025-02-13,2025-02-10,2025-02-12,0.00941549999999997,7.02044e-05,0.00016655933333333336,0.009178736266666638,1.404088,1.9993465,0.0006344999999999892,71
2025-02-14,2025-02-12,2025-02-13,-0.009861999999999977,5.5240325e-05,0.000166596,-0.010083836324999977,1.1048065,1.998919,-0.00023300000000002485,66
2025-02-17,2025-02-13,2025-02-14,0.004607999999999978,7.13742e-05,0.00016631966666666665,0.004370306133333311,1.427484,1.996875,0.0010390000000000139,74
2025-02-18,2025-02-14,2025-02-17,0.006945000000000009,6.6210625e-05,0.00016664875,0.006712140625000009,1.3242125,1.9994664999999998,-0.0003184999999999924,71
2025-02-19,2025-02-17,2025-02-18,-0.0016609999999999932,7.063845000000001e-05,0.000166195,-0.0018978334499999932,1.4127690000000004,1.9954915000000002,0.001151499999999979,67
2025-02-20,2025-02-18,2025-02-19,0.0018105000000000334,6.684345e-05,0.00016639783333333334,0.0015772587166667002,1.336869,1.9973005,0.0005265000000000339,71
2025-02-21,2025-02-19,2025-02-20,0.0025180000000000133,6.473815e-05,0.0001662915,0.002286970350000013,1.2947629999999999,1.9947005,-0.0007975000000000343,74
2025-02-25,2025-02-20,2025-02-21,-0.019689499999999978,8.913069999999999e-05,0.0001666146666666667,-0.019945245366666642,1.7826139999999997,1.9995985,0.00022250000000003517,73
2025-02-26,2025-02-21,2025-02-25,0.004552999999999993,9.6337325e-05,0.000166397,0.004290265674999992,1.9267465,1.9957719999999997,-0.0009919999999999443,70
2025-02-27,2025-02-25,2025-02-26,0.0044330000000000255,9.3827375e-05,0.00016638949999999998,0.004172783125000025,1.8765475,1.9976565,0.0009824999999999695,72
2025-02-28,2025-02-26,2025-02-27,-0.0019299999999999836,6.390415e-05,0.000166049,-0.002159953149999984,1.278083,1.9953984999999999,0.0028104999999999727,71
2025-03-03,2025-02-27,2025-02-28,0.0030424999999999988,8.2983525e-05,0.00016662125000000002,0.0027928952249999988,1.6596705,1.999337,-0.00011800000000001566,75
2025-03-04,2025-02-28,2025-03-03,0.0030979999999999814,7.316055e-05,0.00016596208333333334,0.002858877366666648,1.4632109999999998,1.9937610000000001,0.002216000000000072,66
2025-03-05,2025-03-03,2025-03-04,0.010687999999999979,9.1292725e-05,0.00016622175000000002,0.010430485524999977,1.8258545,1.9968195,0.0021585000000000354,72
2025-03-06,2025-03-04,2025-03-05,-0.0017059999999999864,8.4451025e-05,0.00016582541666666664,-0.001956276441666653,1.6890205,1.993884,0.003978999999999969,68
2025-03-07,2025-03-05,2025-03-06,-0.007051999999999991,9.4904725e-05,0.00016663225000000003,-0.00731353697499999,1.8980945,1.9981324999999999,-0.0014545000000000148,74
2025-03-10,2025-03-06,2025-03-07,-0.00262899999999999,9.60638e-05,0.0001662709166666667,-0.0028913347166666563,1.921276,1.9959885000000002,0.0007374999999999465,72
2025-03-11,2025-03-07,2025-03-10,0.0033019999999999968,7.679652499999999e-05,0.00016612933333333334,0.0030590741416666634,1.5359304999999999,1.993216,-0.0003360000000000099,69
2025-03-12,2025-03-10,2025-03-11,0.009750499999999978,0.00010097295,0.00016644275,0.009483084299999977,2.019459,1.997489,0.00017599999999999213,71
2025-03-13,2025-03-11,2025-03-12,0.008922500000000009,9.29499e-05,0.00016666549999999999,0.008662884600000009,1.8589980000000002,1.999856,-0.00013000000000004674,70
2025-03-14,2025-03-12,2025-03-13,0.002271500000000013,0.00012146705,0.00016663633333333333,0.0019833966166666796,2.429341,1.9994349999999999,-0.00020099999999997203,68
2025-03-17,2025-03-13,2025-03-14,0.005614499999999991,8.567235e-05,0.00016655533333333335,0.005362272316666658,1.713447,1.999299,0.0006349999999999065,73
2025-03-18,2025-03-14,2025-03-17,-0.0015620000000000137,9.011972500000001e-05,0.00016654408333333334,-0.001818663808333347,1.8023945000000001,1.9982725,-0.0002564999999999512,75
2025-03-19,2025-03-17,2025-03-18,-0.000820000000000011,7.123762499999999e-05,0.00016599458333333333,-0.0010572322083333445,1.4247524999999999,1.9948,0.0028649999999999856,72
2025-03-21,2025-03-18,2025-03-19,0.0032120000000000187,9.094262500000001e-05,0.0001665776666666667,0.002954479708333352,1.8188525000000002,1.9981904999999998,-0.000741500000000006,67
2025-03-24,2025-03-19,2025-03-21,-0.006296499999999979,9.1961325e-05,0.00016649350000000001,-0.006554954824999979,1.8392264999999999,1.9969860000000001,-0.0009359999999999646,72
2025-03-25,2025-03-21,2025-03-24,-0.008282500000000019,6.567597499999999e-05,0.00016664108333333335,-0.008514817058333353,1.3135195,1.9991135,-0.0005795000000000244,65
2025-03-26,2025-03-24,2025-03-25,-0.005450499999999992,8.915535000000001e-05,0.0001665944166666667,-0.005706249766666658,1.7831070000000002,1.9973575000000003,-0.001775500000000034,74
2025-03-27,2025-03-25,2025-03-26,-0.007859499999999976,9.7473425e-05,0.00016649508333333335,-0.00812346850833331,1.9494685,1.994925,-0.0030160000000000672,70
2025-03-28,2025-03-26,2025-03-27,0.005083500000000001,9.5131875e-05,0.00016641033333333335,0.004821957791666668,1.9026374999999998,1.9977854999999998,0.0008615000000000428,67
2025-03-31,2025-03-27,2025-03-28,-0.004425999999999999,7.9016575e-05,0.00016583250000000002,-0.004670849075,1.5803315,1.994726,0.00473599999999999,69
2025-04-01,2025-03-28,2025-03-31,-0.007309500000000014,9.053235e-05,0.0001666566666666667,-0.007566689016666681,1.8106470000000001,1.997885,-0.00199499999999999,68
2025-04-02,2025-03-31,2025-04-01,0.010539499999999988,8.978852499999999e-05,0.00016628658333333332,0.010283424891666655,1.7957704999999997,1.9932225000000001,-0.0022164999999999928,70
2025-04-03,2025-04-01,2025-04-02,-0.009534500000000001,9.074259999999997e-05,0.0001665255,-0.009791768100000002,1.8148519999999995,1.9975825,-0.0007235000000000713,71
2025-04-04,2025-04-02,2025-04-03,-0.016398999999999983,6.632477499999999e-05,0.00016622108333333335,-0.01663154585833332,1.3264954999999998,1.99654,0.0018869999999999443,67
2025-04-07,2025-04-03,2025-04-04,-0.031333,8.567384999999998e-05,0.00016657358333333334,-0.03158524743333334,1.7134769999999997,1.998929,4.600000000001825e-05,72
2025-04-08,2025-04-04,2025-04-07,0.045616999999999984,8.3045275e-05,0.00016647791666666667,0.04536747680833332,1.6609055000000001,1.9981255,0.0003904999999999846,73
2025-04-09,2025-04-07,2025-04-08,-0.017071999999999997,8.128287500000003e-05,0.00016613008333333335,-0.017319412958333332,1.6256575000000004,1.9938900000000002,0.000328999999999989,74
2025-04-10,2025-04-08,2025-04-09,0.0028454999999999956,8.18754e-05,0.0001665180833333333,0.002597106516666662,1.637508,1.997565,-0.0006519999999999651,73
2025-04-11,2025-04-09,2025-04-10,0.003766999999999994,7.3019875e-05,0.00016619175,0.0035277883749999937,1.4603975,1.9971154999999998,0.0028144999999999004,70
2025-04-14,2025-04-10,2025-04-11,-0.0005334999999999935,8.365659999999999e-05,0.0001665849166666667,-0.0007837415166666602,1.6731319999999998,1.9964504999999997,-0.0025684999999999736,73
2025-04-15,2025-04-11,2025-04-14,0.00016999999999998665,9.96079e-05,0.00016656374999999998,-9.617165000001334e-05,1.992158,1.9981425000000002,-0.0006224999999999911,73
2025-04-16,2025-04-14,2025-04-15,-0.011901999999999982,0.00010213582499999998,0.00016630658333333334,-0.012170442408333315,2.0427164999999996,1.997384,0.0017049999999999912,71
2025-04-17,2025-04-15,2025-04-16,0.015581499999999983,8.736309999999999e-05,0.0001665884166666667,0.015327548483333316,1.7472619999999999,1.99925,0.00018900000000002248,70
2025-04-18,2025-04-16,2025-04-17,-0.001339000000000012,6.0607975000000005e-05,0.00016575991666666664,-0.0015653678916666787,1.2121595,1.9941805,0.005061499999999976,71
2025-04-21,2025-04-17,2025-04-18,-0.00466500000000002,7.02604e-05,0.00016562833333333337,-0.004900888733333353,1.4052079999999998,1.9914725,0.003932499999999985,70
2025-04-22,2025-04-18,2025-04-21,-0.005725500000000002,7.464602500000001e-05,0.00016600775,-0.005966153775000002,1.4929205000000003,1.9951480000000001,0.0030549999999999883,69
2025-04-23,2025-04-21,2025-04-22,-0.00048250000000001937,6.87985e-05,0.00016661783333333334,-0.0007179163333333526,1.37597,1.9986710000000003,-0.0007430000000000145,68
2025-04-24,2025-04-22,2025-04-23,0.008994999999999989,5.98487e-05,0.00016631125000000002,0.008768840049999988,1.196974,1.9964299999999997,0.0006949999999999595,71
2025-04-25,2025-04-23,2025-04-24,0.0022430000000000284,6.916800000000001e-05,0.00016663050000000003,0.0020072015000000285,1.3833600000000001,1.9989970000000001,-0.0005690000000000625,75
2025-04-28,2025-04-24,2025-04-25,0.0027890000000000094,7.35065e-05,0.0001664209166666667,0.002549072583333343,1.4701300000000002,1.9979380000000002,0.0008870000000000822,72
2025-04-30,2025-04-25,2025-04-28,0.00935699999999999,8.198715e-05,0.000166615,0.00910839784999999,1.639743,1.9994,1.9999999999992246e-05,72
2025-05-01,2025-04-28,2025-04-30,-0.0075439999999999665,8.810664999999999e-05,0.00016657758333333335,-0.0077986842333333,1.762133,1.9979649999999998,-0.0009659999999999669,71
2025-05-02,2025-04-30,2025-05-01,-0.0006315000000000168,9.7863225e-05,0.00016598950000000002,-0.0008953527250000168,1.9572645,1.9957405000000001,0.003866500000000009,71
2025-05-07,2025-05-01,2025-05-02,0.0019439999999999946,9.598409999999999e-05,0.00016623333333333333,0.0016817825666666612,1.9196819999999999,1.9968565000000003,0.0020565000000001,69
2025-05-08,2025-05-02,2025-05-07,0.009748999999999964,7.9635175e-05,0.00016658058333333332,0.009502784241666631,1.5927035,1.9991789999999998,0.00021200000000001773,68
2025-05-09,2025-05-07,2025-05-08,0.003907499999999993,0.00010290702499999999,0.00016631275000000001,0.0036382802249999924,2.0581405,1.9964324999999998,0.0006794999999999926,74
2025-05-12,2025-05-08,2025-05-09,-0.005948499999999972,9.719997500000001e-05,0.00016576583333333334,-0.006211465808333306,1.9439995000000003,1.9941,0.004909999999999914,72
2025-05-13,2025-05-09,2025-05-12,-0.004100999999999978,9.920035000000001e-05,0.00016657916666666667,-0.004366779516666645,1.984007,1.998848,-0.00010200000000001874,70
2025-05-14,2025-05-12,2025-05-13,0.00031050000000001053,9.1594e-05,0.00016614441666666668,5.276158333334383e-05,1.83188,1.996508,0.002775000000000045,71
2025-05-15,2025-05-13,2025-05-14,0.004936499999999962,0.00010223870000000001,0.00016647316666666668,0.004667788133333295,2.0447740000000003,1.9986490000000001,0.0009709999999999719,70
2025-05-16,2025-05-14,2025-05-15,0.010781999999999995,9.296735e-05,0.00016650583333333336,0.01052252681666666,1.859347,1.9988150000000002,0.0007450000000000061,70
2025-05-19,2025-05-15,2025-05-16,-0.0022789999999999885,8.154065000000001e-05,0.0001663306666666667,-0.0025268713166666555,1.6308130000000003,1.9970690000000004,0.0011009999999999492,69
2025-05-20,2025-05-16,2025-05-19,0.00765600000000001,0.00010188405,0.00016633475000000004,0.00738778120000001,2.037681,1.9971160000000001,0.0010989999999999472,72
2025-05-21,2025-05-19,2025-05-20,0.002013500000000011,8.863410000000003e-05,0.00016645558333333336,0.0017584103166666777,1.7726820000000005,1.996571,-0.0008959999999999316,66
2025-05-22,2025-05-20,2025-05-21,0.0074179999999999845,0.00010234204999999998,0.00016663050000000003,0.007149027449999985,2.0468409999999997,1.9973079999999996,-0.0022580000000000447,69
2025-05-23,2025-05-21,2025-05-22,0.0003265000000000261,8.693072500000001e-05,0.00016630775000000004,7.326152500002604e-05,1.7386145000000002,1.9972665,0.001573499999999995,76
2025-05-26,2025-05-22,2025-05-23,0.0005749999999999803,9.075799999999999e-05,0.00016646508333333334,0.00031777691666664697,1.8151599999999997,1.9968005,-0.0007804999999999757,72
2025-05-27,2025-05-23,2025-05-26,0.005782499999999994,8.16564e-05,0.00016657125000000002,0.005534272349999994,1.6331280000000001,1.9983905,-0.00046450000000002045,74
2025-05-28,2025-05-26,2025-05-27,0.0020275000000000046,8.2712925e-05,0.00016659933333333332,0.0017781877416666713,1.6542584999999999,1.996806,-0.0023859999999999992,70
2025-05-29,2025-05-27,2025-05-28,-0.0050464999999999885,8.495605e-05,0.00016660175,-0.005298057799999989,1.6991209999999999,1.997608,-0.0016130000000000241,68
2025-05-30,2025-05-28,2025-05-29,0.004824000000000004,7.347555000000001e-05,0.0001665599166666667,0.004583964533333337,1.4695110000000002,1.9970670000000001,-0.001651999999999973,69
2025-06-02,2025-05-29,2025-05-30,0.010285000000000034,8.685472499999998e-05,0.00016640666666666671,0.010031738608333366,1.7370944999999998,1.9968474999999999,-3.249999999999087e-05,66
2025-06-03,2025-05-30,2025-06-02,0.005933999999999964,8.7493925e-05,0.00016607241666666666,0.005680433658333296,1.7498785,1.996099,0.003229999999999955,72
2025-06-04,2025-06-02,2025-06-03,0.002663999999999997,8.159522499999999e-05,0.00016646550000000003,0.0024159392749999974,1.6319044999999999,1.9985745000000001,0.0009884999999999686,71
2025-06-05,2025-06-03,2025-06-04,-0.0010514999999999973,9.467300000000002e-05,0.00016662833333333337,-0.0013128013333333307,1.8934600000000004,1.9976715,-0.0018685000000000507,69
2025-06-06,2025-06-04,2025-06-05,0.00029050000000002576,6.472025000000001e-05,0.000166498,5.928175000002574e-05,1.294405,1.9964884999999999,-0.0014875000000000305,70
2025-06-09,2025-06-05,2025-06-06,-0.001322500000000013,8.636270000000002e-05,0.00016583625,-0.001574698950000013,1.7272540000000003,1.9930234999999998,0.0029884999999999773,65
2025-06-10,2025-06-06,2025-06-09,0.002318500000000002,9.095449999999999e-05,0.0001663875,0.002061158000000002,1.8190899999999999,1.9975464999999997,0.0008964999999999737,71
2025-06-11,2025-06-09,2025-06-10,-0.004023999999999997,0.00010415415000000002,0.00016655366666666667,-0.004294707816666664,2.0830830000000002,1.9972255000000003,-0.0014184999999999892,68
2025-06-12,2025-06-10,2025-06-11,0.012466000000000001,8.502012500000001e-05,0.00016647658333333333,0.012214503291666668,1.7004025000000003,1.998859,0.0011399999999999536,66
2025-06-13,2025-06-11,2025-06-12,0.014294499999999979,7.6736475e-05,0.00016594166666666668,0.014051821858333311,1.5347295,1.9938995,0.0025994999999999664,73
2025-06-16,2025-06-12,2025-06-13,0.0015570000000000189,7.936905e-05,0.00016635108333333334,0.0013112798666666855,1.587381,1.9958325000000001,-0.0003804999999999642,67
2025-06-17,2025-06-13,2025-06-16,-0.002216500000000016,7.8029125e-05,0.00016580083333333335,-0.002460329958333349,1.5605825,1.9905989999999998,0.0009890000000000038,70
2025-06-18,2025-06-16,2025-06-17,-0.003026499999999991,9.017649999999999e-05,0.00016622708333333334,-0.0032829035833333246,1.8035299999999999,1.9963210000000002,0.0015959999999999724,70
2025-06-19,2025-06-17,2025-06-18,0.006490500000000004,7.669915e-05,0.00016565999999999998,0.0062481408500000045,1.533983,1.993692,0.005771999999999972,65
2025-06-20,2025-06-18,2025-06-19,-0.0032975000000000044,8.027497499999999e-05,0.0001664925,-0.0035442674750000044,1.6054994999999999,1.9982885000000001,0.0003784999999999483,62
2025-06-23,2025-06-19,2025-06-20,0.004490999999999996,8.292975e-05,0.00016631583333333332,0.0042417544166666625,1.658595,1.9973885000000002,0.0015985000000000651,68
2025-06-24,2025-06-20,2025-06-23,0.009694499999999998,7.391360000000001e-05,0.00016664741666666668,0.009453938983333332,1.4782720000000003,1.9958804999999997,-0.0038885000000000447,62
2025-06-25,2025-06-23,2025-06-24,0.0029554999999999946,9.469925000000001e-05,0.00016635833333333334,0.0026944424166666613,1.8939850000000003,1.9968255000000001,0.0005254999999999288,68
2025-06-26,2025-06-24,2025-06-25,-0.011041000000000006,6.1112125e-05,0.00016620141666666665,-0.011268313541666672,1.2222425,1.996736,0.002319000000000071,67
2025-06-27,2025-06-25,2025-06-26,0.0014089999999999806,8.06115e-05,0.00016616791666666667,0.001162220583333314,1.61223,1.9956800000000001,0.0016649999999999582,65
2025-06-30,2025-06-26,2025-06-27,-0.009784999999999976,7.252745e-05,0.00016642991666666667,-0.010023957366666643,1.4505489999999999,1.9984800000000003,0.0013210000000000305,71
2025-07-01,2025-06-27,2025-06-30,0.00017699999999997026,8.036995000000001e-05,0.00016663475000000002,-7.000470000002977e-05,1.6073990000000002,1.996655,-0.002962000000000027,66
2025-07-02,2025-06-30,2025-07-01,-0.011781999999999987,7.949195e-05,0.00016646141666666665,-0.012027953366666653,1.589839,1.9984229999999998,0.000885999999999991,71
2025-07-03,2025-07-01,2025-07-02,0.008094500000000017,8.00757e-05,0.00016624416666666668,0.007848180133333351,1.601514,1.997434,0.002504000000000013,69
2025-07-04,2025-07-02,2025-07-03,-0.002406500000000025,8.41725e-05,0.00016613183333333333,-0.0026568043333333583,1.68345,1.995712,0.002129999999999993,65
2025-07-07,2025-07-03,2025-07-04,0.004183000000000038,7.766012500000001e-05,0.00016577250000000002,0.003939567375000038,1.5532025000000003,1.9945075,0.005237499999999954,70
2025-07-08,2025-07-04,2025-07-07,0.00225399999999998,8.688495e-05,0.00016591666666666667,0.0020011983833333135,1.737699,1.9953575,0.004357500000000049,67
2025-07-09,2025-07-07,2025-07-08,0.001873500000000021,9.122667500000001e-05,0.00016659833333333335,0.0016156749916666877,1.8245335000000003,1.9979539999999998,-0.0012260000000000396,65
2025-07-10,2025-07-08,2025-07-09,0.0036974999999999825,6.395312499999999e-05,0.0001665381666666667,0.003467008708333316,1.2790624999999998,1.9970935000000003,-0.0013645000000000185,68
2025-07-11,2025-07-09,2025-07-10,-0.012901500000000007,7.743660000000001e-05,0.0001662174166666667,-0.013145154016666672,1.5487320000000002,1.9966285000000001,0.002019500000000011,70
2025-07-14,2025-07-10,2025-07-11,0.0025845000000000178,7.168854999999998e-05,0.00016638283333333332,0.0023464286166666845,1.4337709999999997,1.9967305,0.00013649999999998386,65
2025-07-15,2025-07-11,2025-07-14,0.00880800000000001,9.626095e-05,0.000165715,0.00854602405000001,1.925219,1.9923195,0.0037395000000000622,68
2025-07-16,2025-07-14,2025-07-15,0.0014654999999999863,0.00010508307500000001,0.0001666051666666667,0.0011938117583333197,2.1016615,1.9979559999999998,-0.0013060000000000016,71
2025-07-17,2025-07-15,2025-07-16,0.008598999999999989,8.703854999999999e-05,0.00016665283333333332,0.008345308616666656,1.7407709999999998,1.9970759999999999,-0.0027580000000000243,72
2025-07-18,2025-07-16,2025-07-17,-0.002347999999999982,8.077094999999999e-05,0.00016642000000000002,-0.002595190949999982,1.6154189999999997,1.9951620000000003,-0.0018779999999999873,67
2025-07-22,2025-07-17,2025-07-18,0.01404700000000002,8.660505000000002e-05,0.00016657,0.01379382495000002,1.7321010000000003,1.994782,-0.004057999999999964,65
2025-07-23,2025-07-18,2025-07-22,-0.010509000000000004,7.3095175e-05,0.00016664891666666668,-0.01074874409166667,1.4619034999999998,1.9975075000000002,-0.0022794999999999413,68
2025-07-24,2025-07-22,2025-07-23,0.0032799999999999687,5.5733075e-05,0.00016606366666666668,0.0030582032583333025,1.1146615,1.995894,0.0031300000000000078,68
2025-07-25,2025-07-23,2025-07-24,0.010577500000000016,8.736452499999999e-05,0.0001665895,0.010323545975000016,1.7472904999999999,1.9985104999999999,-0.0005635000000000258,65
2025-07-28,2025-07-24,2025-07-25,-0.0015874999999999715,9.909575e-05,0.0001664656666666667,-0.0018530614166666383,1.9819149999999999,1.9968575000000002,-0.000730499999999995,63
2025-07-29,2025-07-25,2025-07-28,0.00029399999999999717,8.980637500000002e-05,0.00016654541666666668,3.7648208333330475e-05,1.7961275000000003,1.9987149999999998,0.0001700000000001145,62
2025-07-30,2025-07-28,2025-07-29,0.02248400000000003,0.00010655925,0.00016657575,0.02221086500000003,2.131185,1.9965270000000002,-0.002381999999999964,70
2025-07-31,2025-07-29,2025-07-30,0.009791499999999988,8.26596e-05,0.00016649741666666668,0.009542342983333322,1.653192,1.996287,-0.001682000000000015,69
2025-08-01,2025-07-30,2025-07-31,0.0018749999999999837,9.1318425e-05,0.00016658,0.0016171015749999837,1.8263685,1.9994155,0.0004554999999999282,66
2025-08-04,2025-07-31,2025-08-01,0.008518500000000003,7.754984999999999e-05,0.00016654708333333336,0.00827440306666667,1.5509969999999997,1.9967875,-0.001777500000000043,70
2025-08-05,2025-08-01,2025-08-04,0.004043499999999996,9.80643e-05,0.00016638041666666668,0.0037790552833333294,1.9612859999999999,1.9977955,0.0012304999999999955,72
2025-08-06,2025-08-04,2025-08-05,-0.003100999999999979,9.659757499999998e-05,0.00016661666666666666,-0.003364214241666646,1.9319514999999996,1.9977910000000003,-0.0016090000000000201,66
2025-08-07,2025-08-05,2025-08-06,0.005993000000000001,6.883197500000003e-05,0.00016661874999999998,0.005757549275000001,1.3766395000000005,1.9977654999999999,-0.0016594999999999804,74
2025-08-08,2025-08-06,2025-08-07,-0.016732999999999994,7.967484999999999e-05,0.0001663825,-0.016979057349999993,1.5934969999999997,1.9954094999999998,-0.001180500000000001,67
2025-08-12,2025-08-07,2025-08-08,0.016313000000000022,9.055505e-05,0.00016649266666666669,0.016055952283333355,1.811101,1.9966275000000002,-0.0012845000000000356,68
2025-08-13,2025-08-08,2025-08-12,0.012658499999999994,8.915819999999999e-05,0.00016637725000000003,0.012402964549999994,1.7831639999999997,1.9980935,0.0015665000000000123,66
2025-08-14,2025-08-12,2025-08-13,0.005126500000000001,0.000108196,0.00016623616666666666,0.0048520678333333345,2.16392,1.9973375,0.002503500000000075,68
2025-08-15,2025-08-13,2025-08-14,-0.0064110000000000295,8.670865e-05,0.00016604091666666667,-0.006663749566666695,1.734173,1.9957915000000002,0.0033005000000000673,62
2025-08-18,2025-08-14,2025-08-15,0.007050500000000001,9.9971025e-05,0.00016628000000000001,0.0067842489750000005,1.9994205,1.9971449999999997,0.0017850000000000088,62
2025-08-19,2025-08-15,2025-08-18,-0.0022169999999999664,8.293714999999999e-05,0.00016652758333333332,-0.0024664647333333,1.6587429999999999,1.9989789999999998,0.0006479999999999889,70
2025-08-20,2025-08-18,2025-08-19,-0.00865049999999999,9.1558875e-05,0.00016658841666666665,-0.008908647291666657,1.8311775,1.9973195000000001,-0.0017414999999999063,69
2025-08-21,2025-08-19,2025-08-20,-0.0002980000000000137,0.00010958332500000001,0.00016646041666666667,-0.0005740437416666803,2.1916665,1.996915,-0.0006100000000000237,67
2025-08-22,2025-08-20,2025-08-21,0.012587000000000006,9.782445e-05,0.00016665141666666666,0.012322524133333339,1.956489,1.99879,-0.001027000000000021,65
2025-08-25,2025-08-21,2025-08-22,0.003884000000000005,8.9159375e-05,0.000166395,0.003628445625000005,1.7831875,1.9969945000000002,0.00025450000000004636,66
2025-08-26,2025-08-22,2025-08-25,-0.0018564999999999899,8.616130000000001e-05,0.00016628608333333334,-0.0021089473833333233,1.7232260000000001,1.9955125000000002,7.950000000001012e-05,71
2025-08-27,2025-08-25,2025-08-26,-0.00032999999999998943,0.00010587804999999997,0.00016655,-0.0006024280499999894,2.1175609999999994,1.9964094999999997,-0.0021904999999999286,67
2025-08-28,2025-08-26,2025-08-27,0.004170999999999983,0.00010306245,0.00016612333333333333,0.0039018142166666494,2.061249,1.9951285,0.0016485000000000319,62
2025-08-29,2025-08-27,2025-08-28,0.0014214999999999705,8.58658e-05,0.00016574725000000003,0.0011698869499999706,1.7173159999999998,1.9944385000000002,0.005471500000000004,67
2025-09-01,2025-08-28,2025-08-29,-0.005057000000000028,9.36974e-05,0.00016646233333333335,-0.005317159733333361,1.873948,1.9985225,0.0009745000000000309,70
2025-09-02,2025-08-29,2025-09-01,-0.018266000000000008,0.00010560087500000002,0.00016567891666666667,-0.018537279791666673,2.1120175000000003,1.993742,0.005595000000000072,66
2025-09-03,2025-09-01,2025-09-02,-0.007347999999999999,0.000109171625,0.00016660041666666665,-0.007623772041666665,2.1834325,1.9977735,-0.0014314999999999814,66
2025-09-04,2025-09-02,2025-09-03,-0.001075000000000006,7.429249999999998e-05,0.00016648441666666666,-0.0013157769166666727,1.4858499999999997,1.9987344999999999,0.0009215000000000265,69
2025-09-05,2025-09-03,2025-09-04,-0.0029980000000000145,7.385005e-05,0.00016640875,-0.0032382588000000145,1.477001,1.9982495,0.0013444999999999985,66
2025-09-08,2025-09-04,2025-09-05,0.004696000000000011,7.39528e-05,0.00016564000000000002,0.004456407200000011,1.4790560000000001,1.9929335000000001,0.005253500000000022,66
2025-09-09,2025-09-05,2025-09-08,-0.0019935000000000096,0.00010630005,0.00016540008333333333,-0.002265200133333343,2.126001,1.9910535,0.006252500000000088,66
2025-09-10,2025-09-08,2025-09-09,-0.003220500000000002,9.845697499999999e-05,0.0001666634166666667,-0.0034856203916666683,1.9691394999999998,1.99787,-0.0020910000000000373,72
2025-09-11,2025-09-09,2025-09-10,0.00839150000000001,8.9310375e-05,0.00016659216666666665,0.008135597458333343,1.7862075,1.9991185000000002,1.2499999999998623e-05,66
2025-09-12,2025-09-10,2025-09-11,-0.0004925000000000066,0.00010042770000000001,0.000166061,-0.0007589887000000066,2.008554,1.9927465000000002,1.4500000000005828e-05,65
2025-09-16,2025-09-11,2025-09-12,-0.009787999999999982,9.222662499999999e-05,0.00016660766666666668,-0.01004683429166665,1.8445325,1.9985299999999997,-0.0007620000000000647,67
2025-09-17,2025-09-12,2025-09-16,-0.007491499999999979,9.6030825e-05,0.00016597833333333335,-0.007753509158333312,1.9206165,1.9930765,0.0013364999999999627,65
2025-09-18,2025-09-16,2025-09-17,-0.006015499999999979,9.59044e-05,0.00016610625000000002,-0.006277510649999979,1.918088,1.9950245,0.0017494999999999872,68
2025-09-19,2025-09-17,2025-09-18,0.025726500000000013,9.953582499999998e-05,0.00016648875000000002,0.025460475425000014,1.9907164999999998,1.998885,0.0010199999999999654,67
2025-09-22,2025-09-18,2025-09-19,-0.003983000000000039,6.917445e-05,0.00016666533333333335,-0.0042188397833333715,1.383489,1.999877,-0.0001070000000000515,60
2025-09-24,2025-09-19,2025-09-22,0.012036499999999997,9.5416875e-05,0.00016659941666666666,0.01177448370833333,1.9083374999999998,1.9984675,-0.0007255000000000213,63
2025-09-25,2025-09-22,2025-09-24,-0.0007500000000000111,0.000117588475,0.00016620091666666667,-0.0010337893916666778,2.3517695,1.9964450000000002,0.0020339999999999803,68
2025-09-26,2025-09-24,2025-09-25,-0.00534399999999998,0.000126922375,0.00016636375,-0.005637286124999979,2.5384475,1.9953984999999999,-0.0009664999999999882,67
2025-09-29,2025-09-25,2025-09-26,0.014969999999999966,0.00011042422500000002,0.00016604825,0.014693527524999965,2.2084845000000004,1.9959920000000002,0.0034130000000000132,68
2025-09-30,2025-09-26,2025-09-29,-0.003071499999999993,7.1452125e-05,0.00016666108333333334,-0.0033096132083333266,1.4290424999999998,1.9994395000000003,-0.000493499999999935,68
2025-10-01,2025-09-29,2025-09-30,-0.009645500000000026,0.00012020119999999998,0.00016633133333333335,-0.009932032533333359,2.4040239999999997,1.9958975,-7.850000000000912e-05,66
2025-10-02,2025-09-30,2025-10-01,-0.0065809999999999974,0.00010708975,0.000166655,-0.006854744749999997,2.141795,1.9939395,-0.00592049999999994,64
2025-10-03,2025-10-01,2025-10-02,-0.010612000000000014,0.00010665249999999999,0.00016664949999999998,-0.010885302000000013,2.13305,1.9973185000000002,-0.0024755000000000194,66
2025-10-06,2025-10-02,2025-10-03,0.019967500000000013,0.00011350717500000003,0.00016618508333333333,0.01968780774166668,2.2701435000000005,1.996844,0.0026229999999999865,65
2025-10-07,2025-10-03,2025-10-06,0.003869000000000005,8.234787499999999e-05,0.0001663641666666667,0.0036202879583333383,1.6469574999999999,1.9975945000000002,0.0012245000000000728,64
2025-10-08,2025-10-06,2025-10-07,0.006428000000000014,8.353095000000001e-05,0.00016628583333333334,0.006178183216666681,1.670619,1.9955335000000003,0.00010350000000006188,62
2025-10-09,2025-10-07,2025-10-08,-0.005998000000000013,9.734857500000001e-05,0.00016656333333333332,-0.006261911908333346,1.9469715000000003,1.9970150000000004,-0.0017449999999999827,67
2025-10-10,2025-10-08,2025-10-09,-0.003259000000000014,0.00010397510000000001,0.00016662708333333335,-0.0035296021833333474,2.079502,1.999749,0.00022399999999991177,59
2025-10-14,2025-10-09,2025-10-10,-0.014966500000000002,0.00011209992500000002,0.00016629308333333335,-0.015244893008333335,2.2419985000000002,1.9975865,0.0020694999999999464,66
2025-10-15,2025-10-10,2025-10-14,0.01619149999999999,0.000106027475,0.0001662605,0.01591921202499999,2.1205495,1.9956270000000003,0.0005010000000001194,61
2025-10-16,2025-10-14,2025-10-15,0.0016890000000000052,9.4744e-05,0.00016618458333333334,0.001428071416666672,1.89488,1.9936779999999998,-0.0005370000000000097,64
2025-10-17,2025-10-15,2025-10-16,-0.01009599999999999,0.00011354424999999999,0.00016630433333333336,-0.010375848583333324,2.270885,1.9971290000000002,0.0014769999999999506,65
2025-10-20,2025-10-16,2025-10-17,-0.0005494999999999792,0.00010012080000000001,0.000166622,-0.0008162427999999792,2.002416,1.9995699999999998,0.00010600000000001233,63
2025-10-21,2025-10-17,2025-10-20,-0.008302499999999992,7.271697500000001e-05,0.00016643858333333336,-0.008541655558333324,1.4543395000000001,1.9970605000000001,-0.00020249999999998047,65
2025-10-22,2025-10-20,2025-10-21,0.000652000000000025,9.90503e-05,0.0001659941666666667,0.0003869555333333582,1.981006,1.9937195000000003,0.001789500000000055,61
2025-10-23,2025-10-21,2025-10-22,0.008565499999999969,8.028675000000001e-05,0.00016646125000000002,0.00831875199999997,1.6057350000000001,1.9979505,0.0004155000000000131,60
2025-10-24,2025-10-22,2025-10-23,-0.005380499999999985,9.732744999999999e-05,0.00016635708333333335,-0.0056441845333333185,1.9465489999999999,1.9979744999999998,0.0016894999999999862,65
2025-10-27,2025-10-23,2025-10-24,-0.0005885000000000013,8.153247499999998e-05,0.00016641791666666665,-0.0008364503916666679,1.6306494999999996,1.996668,-0.0003469999999999515,67
2025-10-28,2025-10-24,2025-10-27,0.007617999999999989,0.00010613227499999999,0.0001666254166666667,0.0073452423083333225,2.1226455,1.9997124999999998,0.0002074999999999716,63
2025-10-29,2025-10-27,2025-10-28,-0.0064195000000000155,6.647720000000001e-05,0.00016658150000000002,-0.006652558700000016,1.3295440000000003,1.9988715000000001,-0.00010649999999999549,64
2025-10-30,2025-10-28,2025-10-29,0.006941500000000007,9.2915725e-05,0.00016635166666666666,0.00668223260833334,1.8583145,1.994606,-0.0016140000000000182,67
2025-10-31,2025-10-29,2025-10-30,-0.004031999999999968,0.00010383777499999998,0.00016597708333333333,-0.004301814858333301,2.0767554999999995,1.9942665,0.0025414999999999605,67
2025-11-04,2025-10-30,2025-10-31,-0.005236499999999997,9.080377500000001e-05,0.00016661091666666668,-0.005493914691666664,1.8160755000000002,1.9993390000000002,8.000000000021878e-06,65
2025-11-05,2025-10-31,2025-11-04,-0.006193499999999994,0.00010867657500000001,0.00016654341666666664,-0.006468719991666661,2.1735315,1.9972644999999998,-0.0012565000000000492,66
2025-11-06,2025-11-04,2025-11-05,-0.017873500000000004,0.00010596022499999999,0.00016652858333333334,-0.018145988808333336,2.1192045,1.9972539999999999,-0.0010889999999999858,66
2025-11-07,2025-11-05,2025-11-06,-0.0015105000000000003,9.038012499999999e-05,0.00016666108333333334,-0.0017675412083333337,1.8076024999999998,1.9990425,-0.0008904999999999573,66
2025-11-10,2025-11-06,2025-11-07,-0.004765500000000008,7.60482e-05,0.00016616316666666665,-0.005007711366666674,1.520964,1.9945085,0.0005505000000000232,67
2025-11-11,2025-11-07,2025-11-10,-0.010106999999999996,8.877827500000001e-05,0.00016618,-0.010361958274999996,1.7755655000000001,1.996402,0.0022420000000000218,66
2025-11-12,2025-11-10,2025-11-11,-0.003549500000000007,0.000117611975,0.0001663679166666667,-0.003833479891666674,2.3522395,1.9967215,0.00030649999999990754,63
2025-11-13,2025-11-11,2025-11-12,0.014772499999999968,9.37627e-05,0.0001666206666666667,0.014512116633333301,1.875254,1.9985024999999996,-0.0009454999999999325,62
2025-11-14,2025-11-12,2025-11-13,0.0023525000000000013,0.00010550237499999999,0.00016664,0.002080357625000001,2.1100475,1.9995129999999999,-0.00016700000000006293,65
2025-11-17,2025-11-13,2025-11-14,-0.013385500000000009,9.86011e-05,0.00016638850000000001,-0.013650489600000008,1.972022,1.996569,-9.299999999998546e-05,66
2025-11-18,2025-11-14,2025-11-17,0.00043749999999999865,0.00011219164999999997,0.00016642241666666664,0.00015888593333333203,2.2438329999999995,1.998056,0.0009869999999999601,64
2025-11-19,2025-11-17,2025-11-18,-0.006184500000000006,0.00012087855,0.00016567333333333335,-0.006471051883333339,2.417571,1.9923010000000003,0.004220999999999957,62
2025-11-20,2025-11-18,2025-11-19,-0.00093199999999998,0.00010842594999999999,0.00016653458333333335,-0.0012069605333333133,2.168519,1.9988080000000001,0.00039300000000004436,70
2025-11-21,2025-11-19,2025-11-20,-0.007897999999999992,0.00010632897500000001,0.00016666041666666667,-0.00817098939166666,2.1265795,1.9985895,-0.0013354999999998715,62
2025-11-25,2025-11-20,2025-11-21,0.00023099999999999965,9.7775725e-05,0.00016665066666666668,-3.342639166666704e-05,1.9555144999999998,1.9974140000000002,-0.002394000000000042,70
2025-11-26,2025-11-21,2025-11-25,0.008108500000000006,0.00010631309999999998,0.00016661291666666668,0.00783557398333334,2.1262619999999997,1.9995100000000001,0.00015500000000007175,65
2025-11-27,2025-11-25,2025-11-26,-0.0027115000000000073,0.00011248662499999999,0.0001652875,-0.002989274125000007,2.2497325,1.9905894999999998,0.007139499999999965,60
2025-11-28,2025-11-26,2025-11-27,0.005208000000000022,0.00010322942499999998,0.00016616041666666669,0.004938610158333355,2.0645884999999997,1.9960430000000002,0.0021179999999999186,65
2025-12-01,2025-11-27,2025-11-28,-0.004220499999999985,9.038022500000001e-05,0.00016619875,-0.004477078974999984,1.8076045,1.9959665,0.001581500000000017,66
2025-12-02,2025-11-28,2025-12-01,0.0014169999999999754,8.1620325e-05,0.00016663458333333336,0.001168745091666642,1.6324064999999999,1.9974579999999995,-0.0021569999999999905,67
2025-12-03,2025-12-01,2025-12-02,0.009272999999999995,9.662675e-05,0.00016624775,0.009010125499999995,1.9325350000000001,1.994591,-0.00038200000000004897,64
2025-12-04,2025-12-02,2025-12-03,0.001086999999999993,8.647087500000002e-05,0.00016643625,0.000834092874999993,1.7294175000000003,1.9981815000000003,0.0009464999999999404,63
2025-12-05,2025-12-03,2025-12-04,0.004351500000000015,0.000123582675,0.00016657083333333335,0.004061346491666682,2.4716535,1.997567,-0.0012830000000000064,64
2025-12-08,2025-12-04,2025-12-05,0.0013470000000000177,9.0056775e-05,0.00016664700000000002,0.0010902962250000177,1.8011355,1.9985925,-0.0011714999999999885,65
2025-12-09,2025-12-05,2025-12-08,-0.006215500000000021,0.000106888175,0.000166226,-0.006488614175000022,2.1377635,1.9961179999999998,0.0014059999999999281,67
2025-12-10,2025-12-08,2025-12-09,-0.0078375,0.000122081275,0.00016575583333333332,-0.008125337108333333,2.4416255,1.9941895000000003,0.0051195000000000285,65
2025-12-11,2025-12-09,2025-12-10,-0.010622000000000017,8.135445000000001e-05,0.0001666525,-0.010870006950000016,1.6270890000000002,1.9988935,-0.0009364999999999773,65
2025-12-12,2025-12-10,2025-12-11,0.0006280000000000031,0.000100989825,0.00016647700000000003,0.0003605331750000031,2.0197965,1.9977800000000001,5.599999999997447e-05,61
2025-12-15,2025-12-11,2025-12-12,-0.002814499999999984,9.559805e-05,0.00016657,-0.003076668049999984,1.911961,1.999213,0.0003730000000000018,60
2025-12-16,2025-12-12,2025-12-15,0.00013099999999999,8.469775e-05,0.00016616500000000002,-0.00011986275000001001,1.693955,1.9936479999999999,-0.00033200000000001284,63
2025-12-17,2025-12-15,2025-12-16,0.001997999999999992,0.00010328112499999998,0.00016639583333333334,0.0017283230416666588,2.0656224999999995,1.9955255,-0.0012245000000000034,62
2025-12-18,2025-12-16,2025-12-17,-0.00017500000000000198,0.00010652032499999999,0.00016600375,-0.00044752407500000196,2.1304065,1.9929100000000002,0.0008649999999999491,62
2025-12-19,2025-12-17,2025-12-18,-0.004920000000000018,0.00010031522500000001,0.00016627583333333334,-0.005186591058333351,2.0063045,1.9968685,0.001558500000000098,63
2025-12-22,2025-12-18,2025-12-19,0.016850499999999984,9.4919375e-05,0.0001665149166666667,0.01658906570833332,1.8983875,1.995002,-0.0031769999999999576,60
2025-12-23,2025-12-19,2025-12-22,0.005912500000000023,0.00010804265,0.00016659975,0.005637857600000022,2.160853,1.9983229999999998,-0.0008740000000000119,67
2025-12-24,2025-12-22,2025-12-23,0.004827000000000033,0.00010947049999999999,0.00016657116666666668,0.004550958333333366,2.1894099999999996,1.99709,-0.0017640000000000017,64
2025-12-25,2025-12-23,2025-12-24,0.0018420000000000185,0.00010237622499999999,0.00016600624999999999,0.0015736175250000185,2.0475244999999997,1.9956285,0.00355350000000002,63
2025-12-26,2025-12-24,2025-12-25,-0.0031314999999999802,0.00011488550000000002,0.00016652458333333333,-0.0034129100833333137,2.2977100000000004,1.9986134999999998,0.00031850000000002016,65
2025-12-29,2025-12-25,2025-12-26,0.002829999999999993,0.00010511912499999998,0.00016617625000000003,0.0025587046249999934,2.1023824999999996,1.9959970000000002,0.0018820000000000087,65
2025-12-30,2025-12-26,2025-12-29,-0.0027760000000000336,0.000101753275,0.00016642083333333332,-0.003044174108333367,2.0350655,1.9954925000000001,-0.00155749999999992,56
2026-01-06,2025-12-29,2025-12-30,0.0025959340615014457,0.000102197875,0.00016654308333333338,0.0023271931031681125,2.0439575,1.99673,-0.0017870000000000108,64
2026-01-07,2025-12-30,2026-01-06,0.012414500000000016,9.9938325e-05,0.00016636116666666668,0.012148200508333349,1.9987665000000001,1.9973525,0.0010185000000000055,64
2026-01-08,2026-01-06,2026-01-07,0.004203000000000004,0.00011089312500000001,0.00016628291666666666,0.003925823958333337,2.2178625000000003,1.995524,0.00012900000000002493,66
2026-01-09,2026-01-07,2026-01-08,0.004146499999999992,9.090425e-05,0.00016574508333333334,0.0038898506666666588,1.818085,1.992527,0.0035860000000000614,64
2026-01-13,2026-01-08,2026-01-09,-0.0006480000000000306,0.00011875139999999999,0.00016607458333333335,-0.0009328259833333639,2.375028,1.9962589999999998,0.0033640000000000475,62
2026-01-14,2026-01-09,2026-01-13,0.011365499999999999,0.00011442762499999999,0.00016635491666666666,0.011084717458333332,2.2885524999999998,1.9975265,0.0012674999999999735,69
2026-01-15,2026-01-13,2026-01-14,0.004803500000000008,9.132707499999999e-05,0.00016555675000000004,0.004546616175000008,1.8265414999999998,1.9905549999999999,0.00387400000000002,66
2026-01-16,2026-01-14,2026-01-15,0.0007610000000000086,7.323435e-05,0.0001665979166666667,0.0005211677333333419,1.4646869999999999,1.9991510000000001,-2.3999999999996247e-05,68
2026-01-19,2026-01-15,2026-01-16,-0.0025119999999999813,0.00011425840000000003,0.00016637775000000004,-0.0027926361499999814,2.2851680000000005,1.9965330000000001,2.0816681711721685e-17,67
2026-01-20,2026-01-16,2026-01-19,-0.00593799999999998,0.00010176727499999998,0.000165855,-0.00620562227499998,2.0353454999999996,1.9938175,0.0035575000000000346,65
2026-01-21,2026-01-19,2026-01-20,0.007244999999999976,0.00010163945000000001,0.0001666095,0.006976751049999977,2.032789,1.9981535,-0.0011605000000000573,66
2026-01-22,2026-01-20,2026-01-21,-0.015084999999999994,0.00010423165,0.00016635658333333332,-0.015355588233333326,2.084633,1.9947495,-0.0015294999999999996,67
2026-01-23,2026-01-21,2026-01-22,0.0008284999999999673,8.674445e-05,0.00016552483333333334,0.000576230716666634,1.734889,1.9921855,0.005887499999999962,67
2026-01-26,2026-01-22,2026-01-23,0.015859500000000016,8.7622525e-05,0.00016585133333333333,0.015606026141666682,1.7524505,1.993962,0.0037459999999999993,62
2026-01-27,2026-01-23,2026-01-26,0.0050610000000000195,0.000120279925,0.00016587833333333332,0.004774841741666686,2.4055985,1.9926795,0.0021395000000000164,66
2026-01-28,2026-01-26,2026-01-27,-0.0018269999999999858,9.482165000000001e-05,0.00016658233333333335,-0.0020884039833333192,1.8964330000000003,1.9985105,-0.00047749999999996406,64
2026-01-29,2026-01-27,2026-01-28,-0.000763499999999991,9.3464e-05,0.00016630941666666665,-0.0010232734166666577,1.86928,1.9976335,0.00192049999999999,61
2026-01-30,2026-01-28,2026-01-29,-0.006510000000000004,7.562687500000001e-05,0.00016646625000000005,-0.006752093125000004,1.5125375,1.9964829999999996,-0.0011119999999999464,61
2026-02-02,2026-01-29,2026-01-30,-0.008646499999999984,9.923972499999999e-05,0.00016647675,-0.008912216474999984,1.9847944999999998,1.9980555000000002,0.00033450000000000146,65
2026-02-03,2026-01-30,2026-02-02,-0.011241000000000001,0.000112235425,0.0001660856666666667,-0.011519321091666666,2.2447084999999998,1.994003,0.0009750000000000106,66
2026-02-04,2026-02-02,2026-02-03,-0.012435499999999976,0.00010530422499999999,0.00016661100000000002,-0.012707415224999977,2.1060844999999997,1.9964884999999999,-0.0028435000000000005,65
2026-02-05,2026-02-03,2026-02-04,-0.0027984999999999998,8.227485e-05,0.00016663358333333337,-0.003047408433333333,1.645497,1.9987495000000002,-0.0008535000000000018,69
2026-02-06,2026-02-04,2026-02-05,0.009762499999999995,9.125417500000001e-05,0.00016647466666666667,0.00950477115833333,1.8250835,1.9982470000000003,0.0005509999999999907,63
2026-02-09,2026-02-05,2026-02-06,0.032174499999999995,0.00010444894999999999,0.00016613183333333333,0.03190391921666666,2.0889789999999997,1.994685,0.0011029999999999894,67
2026-02-10,2026-02-06,2026-02-09,0.012059500000000018,0.00011341284999999998,0.00016665583333333334,0.011779431316666686,2.2682569999999997,1.996648,-0.003222000000000058,64
2026-02-12,2026-02-09,2026-02-10,0.0058245000000000016,0.00012200412499999998,0.00016665083333333334,0.005535845041666668,2.4400824999999995,1.9995475000000003,-0.0002625000000000266,61
2026-02-13,2026-02-10,2026-02-12,0.005118500000000017,9.635604999999999e-05,0.00016653416666666666,0.00485560978333335,1.9271209999999999,1.9944045,-0.004005500000000092,65
2026-02-16,2026-02-12,2026-02-13,0.012648500000000007,9.820672500000002e-05,0.000166264,0.012384029275000008,1.9641345000000003,1.9952450000000004,7.699999999990353e-05,67
2026-02-17,2026-02-13,2026-02-16,-0.0001729999999999618,0.00011050205000000002,0.00016655008333333335,-0.0004500521333332952,2.2100410000000004,1.997892,-0.0007090000000000152,67
2026-02-18,2026-02-16,2026-02-17,0.01749299999999999,0.000140847975,0.00016656483333333334,0.017185587191666657,2.8169595,1.9993745,0.0005964999999999391,58
2026-02-19,2026-02-17,2026-02-18,0.004583000000000021,0.0001394112,0.0001666304166666667,0.004276958383333355,2.788224,1.9992234999999998,-0.00034150000000005357,65
2026-02-20,2026-02-18,2026-02-19,-0.0031590000000000108,8.536777499999999e-05,0.00016661533333333335,-0.0034109831083333443,1.7073554999999998,1.9987460000000001,-0.0006379999999999997,64
2026-02-24,2026-02-19,2026-02-20,-0.0051875000000000185,8.290917500000001e-05,0.00016617125,-0.005436580425000019,1.6581835,1.9963825000000002,0.002327500000000038,64
2026-02-25,2026-02-20,2026-02-24,-0.0005160000000000034,0.00011685277500000002,0.00016630666666666663,-0.0007991594416666701,2.3370555000000004,1.9971609999999997,0.0014810000000000656,61
2026-02-26,2026-02-24,2026-02-25,0.015770999999999986,0.00011607030000000003,0.00016659891666666665,0.01548833078333332,2.3214060000000005,1.9967629999999996,-0.0024240000000000303,63
2026-02-27,2026-02-25,2026-02-26,0.0035389999999999827,9.897832500000002e-05,0.00016662683333333337,0.0032733948416666494,1.9795665000000002,1.9985665000000001,-0.0009555000000000501,63
2026-03-02,2026-02-26,2026-02-27,0.0035640000000000047,8.660737500000001e-05,0.00016661266666666668,0.003310779958333338,1.7321475000000002,1.9955030000000002,-0.003849000000000005,66
2026-03-03,2026-02-27,2026-03-02,-0.011648999999999993,9.020355000000001e-05,0.00016657275,-0.011905776299999992,1.8040710000000004,1.9977450000000003,-0.001128000000000004,61
2026-03-04,2026-03-02,2026-03-03,-0.008813999999999992,0.00014321874999999998,0.00016664483333333335,-0.009123863583333326,2.864375,1.9998310000000001,9.300000000002362e-05,66
2026-03-05,2026-03-03,2026-03-04,0.017218000000000018,0.00012067585000000001,0.00016650725,0.016930816900000017,2.413517,1.995637,-0.0024500000000000355,64
2026-03-06,2026-03-04,2026-03-05,-0.0009424999999999847,0.00010281002500000001,0.0001658525,-0.0012111625249999847,2.0562005,1.9946385,0.004408499999999982,68
2026-03-09,2026-03-05,2026-03-06,-0.001001499999999997,9.5184325e-05,0.00016611983333333333,-0.0012628041583333304,1.9036865,1.9944979999999999,0.0010600000000000123,65
2026-03-10,2026-03-06,2026-03-09,0.0011524999999999784,0.00013145615,0.00016628608333333337,0.0008547577666666451,2.629123,1.9966089999999999,0.0011759999999999705,59
2026-03-11,2026-03-09,2026-03-10,0.010830999999999992,0.00011812425,0.00016532066666666666,0.010547555083333325,2.362485,1.989669,0.0058210000000000275,70
2026-03-12,2026-03-10,2026-03-11,-0.008682499999999998,0.00010380817500000001,0.00016622233333333337,-0.00895253050833333,2.0761635000000003,1.9913185000000002,-0.0033495000000000018,67
2026-03-13,2026-03-11,2026-03-12,0.005428500000000044,9.571442500000001e-05,0.00016665333333333335,0.005166132241666711,1.9142885,1.9958529999999999,-0.003987000000000018,64
2026-03-16,2026-03-12,2026-03-13,-0.0034380000000000144,7.4491375e-05,0.00016663483333333336,-0.003679126208333348,1.4898274999999999,1.9978434999999999,-0.0017744999999999601,66
2026-03-17,2026-03-13,2026-03-16,-0.003266500000000003,0.00012601145,0.00016638125,-0.003558892700000003,2.520229,1.9979345000000002,0.0013595000000000898,69
2026-03-18,2026-03-16,2026-03-17,0.008191500000000015,0.00013786955000000004,0.00016652783333333333,0.007887102616666683,2.7573910000000006,1.9989124999999999,0.0005784999999999957,66
2026-03-19,2026-03-17,2026-03-18,0.004929499999999996,0.00011195804999999999,0.00016584091666666667,0.004651701033333329,2.2391609999999997,1.9948994999999996,0.004808500000000021,70
2026-03-23,2026-03-18,2026-03-19,-0.016514000000000015,9.5105775e-05,0.00016595341666666668,-0.01677505919166668,1.9021154999999998,1.99418,0.002739000000000033,64
2026-03-24,2026-03-19,2026-03-23,0.009736999999999971,9.8051675e-05,0.00016649491666666667,0.009472453408333305,1.9610334999999999,1.9989495,0.001010500000000067,66
2026-03-25,2026-03-23,2026-03-24,0.00862949999999999,0.000112384675,0.00016602216666666668,0.008351093158333323,2.2476935,1.9949,0.002633999999999956,71
2026-03-26,2026-03-24,2026-03-25,-0.0014869999999999979,0.00012092252500000001,0.00016661100000000002,-0.001774533524999998,2.4184505,1.9982455,-0.0010864999999999798,67
2026-03-27,2026-03-25,2026-03-26,-0.003278000000000012,9.230042500000002e-05,0.00016549533333333336,-0.0035357957583333453,1.8460085000000004,1.9921650000000002,0.006221000000000039,65
2026-03-30,2026-03-26,2026-03-27,-0.004100000000000002,9.7884925e-05,0.00016632233333333335,-0.004364207258333335,1.9576985,1.9973625,0.0014945000000000895,59
2026-03-31,2026-03-27,2026-03-30,0.005093000000000011,0.00012007575000000002,0.000165975,0.004806949250000011,2.4015150000000003,1.9931274999999997,0.0014275000000000537,67
2026-04-01,2026-03-30,2026-03-31,0.021316500000000023,0.00012098725000000002,0.00016648425,0.021029028500000022,2.4197450000000003,1.9977725000000002,-3.849999999997605e-05,66
2026-04-02,2026-03-31,2026-04-01,-0.0038065000000000095,0.0001032538,0.00016620125,-0.004075955050000009,2.065076,1.9960944999999999,0.0016795000000000022,66
2026-04-03,2026-04-01,2026-04-02,0.008822500000000025,9.199355e-05,0.00016657591666666667,0.008563930533333357,1.8398709999999998,1.9989175000000003,6.49999999994752e-06,67
2026-04-06,2026-04-02,2026-04-03,0.007077999999999989,0.000115476925,0.00016599641666666668,0.0067965266583333225,2.3095385,1.995295,0.0033380000000000076,64
2026-04-07,2026-04-03,2026-04-06,-0.0016075000000000082,0.00012637375,0.0001661009166666667,-0.001899974666666675,2.527475,1.9965020000000002,0.003290999999999971,68
2026-04-08,2026-04-06,2026-04-07,0.023718999999999987,0.0001234171,0.0001666455,0.02342893739999999,2.468342,1.998463,-0.001283000000000048,69
2026-04-09,2026-04-07,2026-04-08,-0.0013930000000000084,0.00011847924999999999,0.00016633566666666668,-0.001677814916666675,2.369585,1.9972589999999997,0.001230999999999989,66
2026-04-10,2026-04-08,2026-04-09,-0.0006419999999999967,0.000102174875,0.00016572441666666668,-0.0009098992916666634,2.0434975,1.9936414999999998,0.0049484999999999495,66
2026-04-13,2026-04-09,2026-04-10,-0.002237499999999982,9.9480175e-05,0.0001648556666666667,-0.0025018358416666487,1.9896034999999999,1.9873480000000001,0.009079999999999989,65
2026-04-14,2026-04-10,2026-04-13,0.015843999999999994,0.00010868107500000001,0.00016586849999999999,0.015569450424999996,2.1736215000000003,1.9944475,0.004025499999999991,68
2026-04-15,2026-04-13,2026-04-14,-0.01310950000000001,0.00010579752500000002,0.00016647750000000003,-0.01338177502500001,2.1159505000000003,1.996572,-0.0011580000000000479,65
2026-04-16,2026-04-14,2026-04-15,0.003983999999999972,9.5332625e-05,0.00016611566666666666,0.003722551708333305,1.9066524999999999,1.9951005,0.0017125000000000057,64
2026-04-17,2026-04-15,2026-04-16,0.002241000000000008,8.7138e-05,0.00016646316666666668,0.0019873988333333416,1.74276,1.9942505,-0.003307500000000038,65
2026-04-20,2026-04-16,2026-04-17,-0.0042919999999999885,9.333894999999999e-05,0.00016658258333333335,-0.0045519215333333215,1.8667789999999997,1.9982675,-0.000723499999999988,64
2026-04-21,2026-04-17,2026-04-20,0.008608499999999984,0.00011893574999999998,0.00016631358333333334,0.008323250666666651,2.3787149999999997,1.9960975,0.0003345000000000639,66
2026-04-22,2026-04-20,2026-04-21,0.003271999999999984,0.00012391432499999998,0.0001666095,0.002981476174999984,2.4782865,1.998298,-0.0010160000000000238,68
2026-04-23,2026-04-21,2026-04-22,0.01285700000000001,0.00011123422499999995,0.00016653458333333335,0.012579231191666677,2.224684499999999,1.9988705,0.0004555000000000236,66
2026-04-24,2026-04-22,2026-04-23,0.0006740000000000012,0.00010639779999999999,0.00016550416666666668,0.0004020980333333345,2.1279559999999997,1.9925095,0.006459499999999983,68
2026-04-27,2026-04-23,2026-04-24,0.0014525000000000113,0.00011806742500000004,0.00016612866666666667,0.0011683039083333446,2.361348500000001,1.9964080000000002,0.0028639999999999916,65
2026-04-28,2026-04-24,2026-04-27,0.0011294999999999964,0.00012980642499999998,0.00016605258333333335,0.0008336409916666631,2.5961285,1.9953165,0.0026854999999999934,64
2026-04-30,2026-04-27,2026-04-28,-0.0039079999999999965,0.00013899205,0.00016644283333333335,-0.0042134348833333295,2.779841,1.9982354999999998,0.0009214999999999883,61
2026-05-01,2026-04-28,2026-04-30,0.0038934999999999916,0.00011795432499999998,0.00016649325,0.0036090524249999915,2.3590864999999996,1.99651,-0.0014089999999999693,66
2026-05-08,2026-04-30,2026-05-01,0.0069827032260430825,0.0001100474,0.00016665408333333334,0.006706001742709748,2.200948,1.9982029999999997,-0.0016460000000001179,67
2026-05-11,2026-05-01,2026-05-08,0.0031284999999999664,0.00010357337499999998,0.00016650241666666668,0.0028584242083333,2.0714675,1.9956735,-0.002355499999999972,66
2026-05-12,2026-05-08,2026-05-11,0.022049000000000034,0.00012694669999999998,0.00016601008333333333,0.0217560432166667,2.538934,1.9932775,0.0011565000000000047,64
2026-05-13,2026-05-11,2026-05-12,0.019908000000000002,0.00011582202500000001,0.0001662201666666667,0.019625957808333334,2.3164405,1.997258,0.002616000000000002,68
2026-05-14,2026-05-12,2026-05-13,-0.008097499999999971,0.00011451317500000003,0.00016648183333333336,-0.008378495008333306,2.2902635000000005,1.9987005,0.0009184999999999818,61
2026-05-15,2026-05-13,2026-05-14,0.0035055000000000073,0.000109060825,0.00016641733333333335,0.003230021841666674,2.1812165,1.99484,-0.0021680000000000033,66
2026-05-18,2026-05-14,2026-05-15,-0.011634499999999985,0.00012638055000000002,0.0001666116666666667,-0.011927492216666651,2.5276110000000003,1.998113,-0.001226999999999999,66
2026-05-19,2026-05-15,2026-05-18,0.0032195000000000027,0.00012085034999999997,0.00016633566666666665,0.002932313983333336,2.4170069999999995,1.997128,0.0010999999999999448,67
2026-05-20,2026-05-18,2026-05-19,-0.004300500000000005,8.6593725e-05,0.00016592291666666666,-0.004553016641666672,1.7318745,1.9904305,-0.0006445000000000548,68
2026-05-21,2026-05-19,2026-05-20,0.017418500000000024,0.00010179157500000002,0.00016657383333333332,0.017150134591666692,2.0358315000000005,1.997209,-0.0016770000000000326,67
2026-05-22,2026-05-20,2026-05-21,0.00286950000000003,0.00010166790000000001,0.00016577216666666667,0.002602059933333363,2.033358,1.994096,0.004830000000000011,67
2026-05-25,2026-05-21,2026-05-22,0.013790999999999993,9.312092499999999e-05,0.00016601974999999998,0.013531859324999992,1.8624185,1.9948765,0.0026394999999999804,65
2026-05-26,2026-05-22,2026-05-25,0.0017904999999999857,0.0001287255,0.00016577066666666668,0.0014960038333333189,2.57451,1.9931715,0.0039234999999999964,64
2026-05-27,2026-05-25,2026-05-26,-0.024975000000000018,0.00011659879999999999,0.00016655200000000004,-0.025258150800000018,2.3319759999999996,1.9980635,-0.0005604999999999916,61
2026-05-28,2026-05-26,2026-05-27,-0.012647999999999987,0.000115187825,0.00016658083333333338,-0.012929768658333321,2.3037565,1.99409,-0.004880000000000034,65
2026-05-29,2026-05-27,2026-05-28,0.004753500000000043,0.00011219229999999998,0.00016591341666666665,0.0044753942833333765,2.2438459999999996,1.9950150000000004,0.004053999999999992,66
2026-06-01,2026-05-28,2026-05-29,0.012937999999999995,0.00011449287499999999,0.00016662900000000003,0.012656878124999995,2.2898574999999997,1.9988585,-0.0006894999999999575,69
2026-06-02,2026-05-29,2026-06-01,-0.014923500000000008,0.00012635795,0.0001664975,-0.015216355450000007,2.527159,1.9979415,-2.850000000009789e-05,62
2026-06-03,2026-06-01,2026-06-02,-0.015930999999999987,0.0001271575,0.00016649133333333335,-0.01622464883333332,2.5431500000000002,1.9956315,-0.0022645000000000373,63
2026-06-04,2026-06-02,2026-06-03,0.0003364999999999976,0.000107894175,0.00016655825000000003,6.204757499999759e-05,2.1578835,1.998503,-0.00019600000000000173,67
2026-06-05,2026-06-03,2026-06-04,0.005211500000000002,9.281965e-05,0.00016559091666666666,0.004953089433333335,1.856393,1.989439,0.002348000000000041,65
2026-06-08,2026-06-04,2026-06-05,-0.006479500000000006,9.4688975e-05,0.00016636916666666667,-0.006740558141666673,1.8937795000000002,1.9954045,-0.0010254999999999813,65
2026-06-09,2026-06-05,2026-06-08,-0.003106499999999986,0.00012002192500000001,0.0001666501666666667,-0.0033931720916666524,2.4004385000000004,1.9996329999999998,-0.0001690000000000927,68
2026-06-10,2026-06-08,2026-06-09,-0.012799500000000017,0.00011089247500000001,0.00016641583333333333,-0.01307680830833335,2.2178495000000003,1.9938824999999998,-0.0031075000000000443,65
2026-06-11,2026-06-09,2026-06-10,-0.0014879999999999874,8.9549e-05,0.00016645033333333333,-0.0017439993333333206,1.79098,1.9970304999999997,-0.0003734999999999485,65
2026-06-12,2026-06-10,2026-06-11,-0.01829750000000001,0.00010607842500000002,0.00016664725000000002,-0.01857022567500001,2.1215685000000004,1.9981650000000004,-0.0016019999999999507,63
2026-06-15,2026-06-11,2026-06-12,0.01096549999999997,0.00010818144999999999,0.00016665725000000002,0.01069066129999997,2.163629,1.999214,-0.0006729999999999306,65
2026-06-16,2026-06-12,2026-06-15,0.008515999999999989,0.00010057475,0.00016628525000000002,0.008249139999999988,2.011495,1.9965220000000001,0.0010989999999999854,66
2026-06-17,2026-06-15,2026-06-16,0.008400000000000001,0.00011127535000000002,0.00016658591666666666,0.008122138733333334,2.2255070000000003,1.9961259999999998,-0.0029050000000000204,63
2026-06-18,2026-06-16,2026-06-17,0.004130499999999993,0.00011809365,0.00016627550000000002,0.003846130849999993,2.361873,1.9970640000000004,0.0017579999999999818,59
2026-06-19,2026-06-17,2026-06-18,0.009071500000000008,0.0001144485,0.00016666558333333333,0.008790385916666676,2.28897,1.998693,-0.00129400000000004,70
2026-06-22,2026-06-18,2026-06-19,0.0072570000000000065,0.00010580132499999999,0.00016616416666666666,0.00698503450833334,2.1160265,1.9956444999999998,0.0016744999999999677,64
2026-06-23,2026-06-19,2026-06-22,-0.009524499999999983,0.00012379484999999998,0.000165393,-0.009813687849999982,2.475897,1.9912684999999999,0.006552499999999947,65
2026-06-24,2026-06-22,2026-06-23,0.0005994999999999759,0.00011772665,0.00016649933333333334,0.0003152740166666426,2.354533,1.9987995,0.0008074999999999888,64
2026-06-25,2026-06-23,2026-06-24,0.007578999999999995,9.634985000000001e-05,0.00016522358333333334,0.007317426566666662,1.9269970000000003,1.9844815,0.0017984999999999148,65
2026-06-26,2026-06-24,2026-06-25,-0.0068459999999999945,9.7814625e-05,0.00016647658333333336,-0.007110291208333328,1.9562925000000002,1.996801,-0.0009180000000000611,67
2026-06-29,2026-06-25,2026-06-26,0.01737500000000005,0.00011113662500000001,0.00016647258333333335,0.017097390791666715,2.2227325,1.9983035,0.0006324999999999803,57
2026-06-30,2026-06-26,2026-06-29,-0.016145500000000042,0.00012879752499999998,0.00016657858333333337,-0.016440876108333374,2.5759505,1.997027,-0.0019159999999999854,58
2026-07-01,2026-06-29,2026-06-30,-0.005445500000000025,0.00012556422499999996,0.00016612950000000003,-0.005737193725000025,2.5112844999999995,1.9927215,-0.0008324999999999305,66
2026-07-02,2026-06-30,2026-07-01,0.0014035000000000163,0.000112447475,0.00016660825,0.0011244442750000163,2.2489495,1.9995759999999998,0.0002770000000000272,63
2026-07-03,2026-07-01,2026-07-02,-0.007811000000000009,0.000115449175,0.00016611500000000002,-0.00809256417500001,2.3089835,1.9958215,0.002441500000000041,61
2026-07-06,2026-07-02,2026-07-03,-0.00917200000000002,0.00010693945,0.00016626133333333336,-0.009445200783333354,2.138789,1.9964305,0.001294499999999997,65
2026-07-07,2026-07-03,2026-07-06,-0.004088999999999999,0.000111433275,0.00016647458333333336,-0.004366907858333333,2.2286655,1.9973020000000001,-0.0003930000000000461,65
2026-07-08,2026-07-06,2026-07-07,0.0020850000000000057,0.00012465489999999998,0.00016638858333333333,0.0017939565166666723,2.493098,1.997336,0.000673000000000059,67
2026-07-09,2026-07-07,2026-07-08,-0.00415099999999999,8.806677500000001e-05,0.00016625058333333335,-0.004405317358333324,1.7613355000000004,1.9959135,0.0009065000000000566,66
2026-07-10,2026-07-08,2026-07-09,0.0149465,8.797524999999999e-05,0.0001663626666666667,0.014692162083333333,1.7595049999999999,1.9969235,0.0005714999999999748,65
2026-07-13,2026-07-09,2026-07-10,-0.020278999999999995,9.109020000000001e-05,0.0001658781666666667,-0.020535968366666664,1.8218040000000002,1.9951425,0.004604499999999942,65
2026-07-14,2026-07-10,2026-07-13,-0.0008320000000000155,9.861625e-05,0.00016653891666666668,-0.0010971551666666822,1.9723249999999999,1.9991205000000003,0.0006534999999999805,67
2026-07-15,2026-07-13,2026-07-14,0.0011930000000000426,0.0001013029,0.0001664861666666667,0.0009252109333333758,2.026058,1.9986685000000002,0.0008345000000000088,63
2026-07-16,2026-07-14,2026-07-15,-0.012415999999999991,7.712525e-05,0.00016639208333333333,-0.012659517333333325,1.5425049999999998,1.9980075000000002,0.001302499999999998,61
2026-07-17,2026-07-15,2026-07-16,-0.014013999999999974,0.00010936245,0.00016618316666666672,-0.014289545616666642,2.187249,1.9891565000000002,-0.005041500000000063,62
2026-07-21,2026-07-16,2026-07-17,0.01179950000000001,9.868012499999999e-05,0.00016627133333333333,0.011534548541666675,1.9736024999999997,1.9969419999999998,0.001686000000000066,62
2026-07-22,2026-07-17,2026-07-21,0.007854999999999994,0.00010528847500000003,0.00016640625000000002,0.007583305274999994,2.1057695000000005,1.9960345000000002,-0.0008405000000000495,64
2026-07-23,2026-07-21,2026-07-22,0.003762500000000015,0.00011713972500000002,0.00016642675000000002,0.003478933525000015,2.3427945000000006,1.997687,0.0005660000000000248,69
2026-07-24,2026-07-22,2026-07-23,-0.01590400000000001,8.495795e-05,0.00016650008333333333,-0.01615545803333334,1.699159,1.996111,-0.0018899999999999785,65
2026-07-27,2026-07-23,2026-07-24,-0.00843150000000002,8.8864025e-05,0.000166199,-0.00868656302500002,1.7772805,1.9959595,0.0015715000000000034,66
2026-07-28,2026-07-24,2026-07-27,-0.021144999999999994,9.55876e-05,0.00016654550000000002,-0.021407133099999993,1.9117520000000001,1.9987465000000002,0.00020050000000001317,67
2026-07-29,2026-07-27,2026-07-28,-0.022680000000000002,0.00012160294999999999,0.00016661166666666666,-0.02296821461666667,2.4320589999999997,1.9964415000000002,-0.0028984999999999653,62
2026-07-30,2026-07-28,2026-07-29,0.009267999999999995,0.00011358580000000002,0.00016639,0.008988024199999995,2.2717160000000005,1.9972345,0.0005544999999999682,70
