timestamp,net_return,turnover,gross_exposure
2026-06-01 09:00:00+09:00,0.0,0.0,0.0
2026-06-01 09:05:00+09:00,0.0,0.0,0.0
2026-06-01 09:10:00+09:00,0.0,0.0,0.0
2026-06-01 09:15:00+09:00,0.0,0.0,0.0
2026-06-01 09:20:00+09:00,0.0,0.0,0.0
2026-06-01 09:25:00+09:00,0.0,0.0,0.0
2026-06-01 09:30:00+09:00,0.0001520851916960942,1.0,1.0
2026-06-01 09:35:00+09:00,-0.0015952823104392274,0.0,1.0
2026-06-01 09:40:00+09:00,-0.0010121304008575045,0.0,1.0
2026-06-01 09:45:00+09:00,0.00030315370181245214,0.0,1.0
2026-06-01 09:50:00+09:00,-0.0007987253751678192,0.0,1.0
2026-06-01 09:55:00+09:00,-0.0003297558432203541,0.0,1.0
2026-06-01 10:00:00+09:00,0.00016894673509570442,0.0,1.0
2026-06-01 10:05:00+09:00,-0.001512618803850334,0.0,1.0
2026-06-01 10:10:00+09:00,-0.0004308069901960813,0.006024096385542169,0.9879518072289156
2026-06-01 10:15:00+09:00,-0.00029397106169730007,0.0,0.9939759036144578
2026-06-01 10:20:00+09:00,0.0005651862453323177,0.0,0.9879518072289156
2026-06-01 10:25:00+09:00,-0.00022434468021183233,0.0,0.9939759036144578
2026-06-01 10:30:00+09:00,-2.4060042364386528e-05,0.0,0.9939759036144578
2026-06-01 10:35:00+09:00,0.000847289724936265,0.0,0.9760470453241538
2026-06-01 10:40:00+09:00,-0.0011302977468413695,0.0,0.9819994262765347
2026-06-01 10:45:00+09:00,-0.0011164169555246037,0.0,0.9939759036144578
2026-06-01 10:50:00+09:00,-0.0005230599052153678,0.0,0.9880235226620768
2026-06-01 10:55:00+09:00,-4.3643157704365e-05,0.0,0.9939759036144578
2026-06-01 11:00:00+09:00,3.1949941203579235e-05,0.0,0.9880235226620768
2026-06-01 11:05:00+09:00,-0.0010435209372838471,0.0,0.9880235226620768
2026-06-01 11:10:00+09:00,0.00030941933134179944,0.0,0.9880235226620768
2026-06-01 11:15:00+09:00,-0.0010073067186161138,0.0,0.9879518072289156
2026-06-01 11:20:00+09:00,-0.00019879518072289158,0.9939759036144579,0.0
2026-06-01 11:25:00+09:00,0.0,0.0,0.0
2026-06-01 12:30:00+09:00,0.0,0.0,0.0
2026-06-01 12:35:00+09:00,0.0,0.0,0.0
2026-06-01 12:40:00+09:00,0.0,0.0,0.0
2026-06-01 12:45:00+09:00,0.0,0.0,0.0
2026-06-01 12:50:00+09:00,0.0,0.0,0.0
2026-06-01 12:55:00+09:00,0.0,0.0,0.0
2026-06-01 13:00:00+09:00,-0.0001912582169633908,1.0,1.0
2026-06-01 13:05:00+09:00,-0.0002719185305196936,0.0,0.9939759036144579
2026-06-01 13:10:00+09:00,0.0002132010415951746,0.0,0.9880235226620768
2026-06-01 13:15:00+09:00,-0.0009159396612379383,0.0,0.9700229489386116
2026-06-01 13:20:00+09:00,-0.00021737784299778886,0.0,0.9820711417096959
2026-06-01 13:25:00+09:00,-0.0007811425601975563,0.0,0.9939759036144578
2026-06-01 13:30:00+09:00,0.0003024109739438997,0.0,0.9880952380952379
2026-06-01 13:35:00+09:00,-0.00030261712750326384,0.0,0.976118760757315
2026-06-01 13:40:00+09:00,-0.00028529477479292693,0.0,0.9639988525530694
2026-06-01 13:45:00+09:00,0.0003139189554693989,0.0,0.9880235226620769
2026-06-01 13:50:00+09:00,0.00019583950670456793,0.0,0.9879518072289155
2026-06-01 13:55:00+09:00,0.00036050701839557037,0.0,0.9700946643717728
2026-06-01 14:00:00+09:00,-4.432245884688059e-06,0.0,0.9939759036144579
2026-06-01 14:05:00+09:00,-9.524064949006004e-06,0.0,0.9700229489386114
2026-06-01 14:10:00+09:00,-0.0006047354474371101,0.0,0.9820711417096958
2026-06-01 14:15:00+09:00,0.00024521561248041693,0.0,0.9939759036144578
2026-06-01 14:20:00+09:00,-0.0003708674436952076,0.0,0.9880235226620769
2026-06-01 14:25:00+09:00,8.874184838091201e-05,0.0,0.9819277108433735
2026-06-01 14:30:00+09:00,-0.0001217186505114709,0.0,0.9940476190476191
2026-06-01 14:35:00+09:00,2.76494301805409e-05,0.0,0.9700229489386116
2026-06-01 14:40:00+09:00,0.00033542856490258746,0.0,0.9760470453241538
2026-06-01 14:45:00+09:00,7.545922080703643e-05,0.0,0.9940476190476191
2026-06-01 14:50:00+09:00,-0.0002756471029733606,0.0,0.9880952380952381
2026-06-01 14:55:00+09:00,0.00026603679432989557,0.0,0.9880235226620768
2026-06-01 15:00:00+09:00,-0.00021874978444069205,0.0,0.9880235226620768
2026-06-01 15:05:00+09:00,-0.00012338064846301676,0.0,1.0
2026-06-01 15:10:00+09:00,9.853906711179813e-05,0.006024096385542169,0.9819994262765348
2026-06-01 15:15:00+09:00,-0.00019879518072289158,0.9939759036144579,0.0
2026-06-01 15:20:00+09:00,0.0,0.0,0.0
2026-06-02 09:00:00+09:00,0.0,0.0,0.0
2026-06-02 09:05:00+09:00,0.0,0.0,0.0
2026-06-02 09:10:00+09:00,0.0,0.0,0.0
2026-06-02 09:15:00+09:00,0.0,0.0,0.0
2026-06-02 09:20:00+09:00,0.0,0.0,0.0
2026-06-02 09:25:00+09:00,0.0,0.0,0.0
2026-06-02 09:30:00+09:00,-0.0010182604348021131,1.0,1.0
2026-06-02 09:35:00+09:00,0.0005010401367231402,0.0,0.9939759036144579
2026-06-02 09:40:00+09:00,-0.001415080813524312,0.0,1.0
2026-06-02 09:45:00+09:00,-0.0018342170393564345,0.0,1.0
2026-06-02 09:50:00+09:00,0.0007382640654952212,0.0,0.9939024390243903
2026-06-02 09:55:00+09:00,0.001589058248556461,0.0,0.9939024390243903
2026-06-02 10:00:00+09:00,-0.00040195909945690264,0.0,1.0
2026-06-02 10:05:00+09:00,0.0007670433880484331,0.0,0.9939759036144579
2026-06-02 10:10:00+09:00,0.00025782526204567096,0.0,1.0
2026-06-02 10:15:00+09:00,0.0012684520653515581,0.0,0.9939759036144579
2026-06-02 10:20:00+09:00,-0.0002084642828587447,0.0,0.9939759036144579
2026-06-02 10:25:00+09:00,-0.001636349802028262,0.0,0.9879518072289157
2026-06-02 10:30:00+09:00,-0.0019069863914355362,0.0,0.981854246253306
2026-06-02 10:35:00+09:00,0.0003635008015072894,0.0,1.0
2026-06-02 10:40:00+09:00,-0.0014391483134004739,0.0,0.9939024390243903
2026-06-02 10:45:00+09:00,-0.00026770400354104036,0.0,1.0
2026-06-02 10:50:00+09:00,-0.00027406551172716844,0.0,1.0
2026-06-02 10:55:00+09:00,-0.00044298959712962447,0.0,0.9939024390243902
2026-06-02 11:00:00+09:00,0.00010678937963556507,0.0,0.9939024390243903
2026-06-02 11:05:00+09:00,0.0007123862880372268,0.006024096385542169,0.9879518072289157
2026-06-02 11:10:00+09:00,0.0011392685199290275,0.018145753746694096,0.9697325888921541
2026-06-02 11:15:00+09:00,-0.0004776956696840763,0.012195121951219513,0.9636350279165442
2026-06-02 11:20:00+09:00,-0.00019272700558330887,0.9636350279165443,0.0
2026-06-02 11:25:00+09:00,0.0,0.0,0.0
2026-06-02 12:30:00+09:00,0.0,0.0,0.0
2026-06-02 12:35:00+09:00,0.0,0.0,0.0
2026-06-02 12:40:00+09:00,0.0,0.0,0.0
2026-06-02 12:45:00+09:00,0.0,0.0,0.0
2026-06-02 12:50:00+09:00,0.0,0.0,0.0
2026-06-02 12:55:00+09:00,0.0,0.0,0.0
2026-06-02 13:00:00+09:00,7.478222971428429e-06,1.0,1.0
2026-06-02 13:05:00+09:00,-0.0009916825371596913,0.0,1.0
2026-06-02 13:10:00+09:00,-0.000419833317313679,0.0,0.9939759036144579
2026-06-02 13:15:00+09:00,-0.0009356973084196745,0.0,0.9635615633264766
2026-06-02 13:20:00+09:00,0.00010677548671914481,0.0,0.987878342638848
2026-06-02 13:25:00+09:00,0.0013557875347119637,0.0,1.0
2026-06-02 13:30:00+09:00,-0.0008760203768226699,0.0,0.987878342638848
2026-06-02 13:35:00+09:00,-0.00010759077445303288,0.0,1.0
2026-06-02 13:40:00+09:00,-0.0003503181201900698,0.0,0.981854246253306
2026-06-02 13:45:00+09:00,-0.0006753083449725901,0.0,0.9878783426388481
2026-06-02 13:50:00+09:00,-0.0006203768081710634,0.0,0.9878783426388481
2026-06-02 13:55:00+09:00,-0.0005090637638944852,0.0,0.9759036144578314
2026-06-02 14:00:00+09:00,-0.00012875566836490225,0.0,0.9939024390243902
2026-06-02 14:05:00+09:00,-0.00019841531790889308,0.0,0.9939759036144579
2026-06-02 14:10:00+09:00,-0.000763158570421141,0.0,0.981854246253306
2026-06-02 14:15:00+09:00,-0.0008980033012855401,0.0,0.987878342638848
2026-06-02 14:20:00+09:00,-0.0004486505135467731,0.0,0.9879518072289158
2026-06-02 14:25:00+09:00,-0.00030244109016744683,0.0,0.981854246253306
2026-06-02 14:30:00+09:00,0.00043826554320201025,0.0,0.9698060534822215
2026-06-02 14:35:00+09:00,-0.001074766893030796,0.0,0.9757566852776962
2026-06-02 14:40:00+09:00,0.0005717265736167977,0.0,0.9698795180722891
2026-06-02 14:45:00+09:00,0.0014432440058291317,0.0,0.9939024390243903
2026-06-02 14:50:00+09:00,-0.00024478070556624605,0.0,0.993975903614458
2026-06-02 14:55:00+09:00,-0.0007020770380886208,0.0,0.9939759036144578
2026-06-02 15:00:00+09:00,-0.00042799763466001075,0.0,0.9939759036144579
2026-06-02 15:05:00+09:00,0.0003587162436842036,0.0,0.9939759036144579
2026-06-02 15:10:00+09:00,-0.0004664241628397625,0.0,1.0
2026-06-02 15:15:00+09:00,-0.0002,1.0,0.0
2026-06-02 15:20:00+09:00,0.0,0.0,0.0
2026-06-03 09:00:00+09:00,0.0,0.0,0.0
2026-06-03 09:05:00+09:00,0.0,0.0,0.0
2026-06-03 09:10:00+09:00,0.0,0.0,0.0
2026-06-03 09:15:00+09:00,0.0,0.0,0.0
2026-06-03 09:20:00+09:00,0.0,0.0,0.0
2026-06-03 09:25:00+09:00,0.0,0.0,0.0
2026-06-03 09:30:00+09:00,0.00042284180748149733,1.0,1.0
2026-06-03 09:35:00+09:00,0.0010810901301760735,0.0,1.0
2026-06-03 09:40:00+09:00,0.0010487211649280032,0.0,0.9754591990364347
2026-06-03 09:45:00+09:00,-0.000509422133786975,0.0,0.9938271604938271
2026-06-03 09:50:00+09:00,0.0005451191580947005,0.0,0.9877295995182174
2026-06-03 09:55:00+09:00,0.0002938311200833445,0.0,0.9877295995182174
2026-06-03 10:00:00+09:00,-0.000994200995666337,0.0,0.9877295995182174
2026-06-03 10:05:00+09:00,-0.0005433468610531584,0.0,0.9939024390243902
2026-06-03 10:10:00+09:00,0.0008649825545750486,0.0,0.9877295995182174
2026-06-03 10:15:00+09:00,-0.0003577728481583585,0.0,0.9754591990364347
2026-06-03 10:20:00+09:00,0.00043804527623113424,0.0,0.9939024390243902
2026-06-03 10:25:00+09:00,0.00018127401115550503,0.0,0.9877295995182174
2026-06-03 10:30:00+09:00,0.0005401639643991391,0.0,0.9999999999999999
2026-06-03 10:35:00+09:00,0.00035715432653801786,0.0,0.9938271604938271
2026-06-03 10:40:00+09:00,0.0001335822926979218,0.0,0.9938271604938271
2026-06-03 10:45:00+09:00,-0.0005878046441253643,0.0,1.0
2026-06-03 10:50:00+09:00,0.000536796331932605,0.0,0.9939024390243902
2026-06-03 10:55:00+09:00,0.0002536734762135294,0.0,1.0
2026-06-03 11:00:00+09:00,0.00025776563251840725,0.0,0.9939024390243901
2026-06-03 11:05:00+09:00,-0.00039648657536759893,0.0,0.9753839205058716
2026-06-03 11:10:00+09:00,0.00011700337095156316,0.006097560975609756,0.9877295995182174
2026-06-03 11:15:00+09:00,-0.0001469635151085414,0.018443239987955433,0.9631887985546522
2026-06-03 11:20:00+09:00,-0.00019509183980728696,0.9754591990364347,0.0
2026-06-03 11:25:00+09:00,0.0,0.0,0.0
2026-06-03 12:30:00+09:00,0.0,0.0,0.0
2026-06-03 12:35:00+09:00,0.0,0.0,0.0
2026-06-03 12:40:00+09:00,0.0,0.0,0.0
2026-06-03 12:45:00+09:00,0.0,0.0,0.0
2026-06-03 12:50:00+09:00,0.0,0.0,0.0
2026-06-03 12:55:00+09:00,0.0,0.0,0.0
2026-06-03 13:00:00+09:00,0.00019534405021075034,1.0,0.9999999999999999
2026-06-03 13:05:00+09:00,8.450157186730058e-05,0.0,0.9938271604938271
2026-06-03 13:10:00+09:00,-0.0006633751822999999,0.0,0.9876543209876542
2026-06-03 13:15:00+09:00,-0.00021959324516808914,0.0,0.987577160493827
2026-06-03 13:20:00+09:00,8.352764746178063e-06,0.0,0.9937499999999999
2026-06-03 13:25:00+09:00,0.00027963122359348034,0.0,0.9753086419753085
2026-06-03 13:30:00+09:00,-1.315158540010257e-05,0.0,1.0
2026-06-03 13:35:00+09:00,4.2608779629148745e-05,0.0,0.9999999999999999
2026-06-03 13:40:00+09:00,-0.000238078584072998,0.0,1.0
2026-06-03 13:45:00+09:00,0.00027022066804671,0.0,0.9814814814814814
2026-06-03 13:50:00+09:00,-5.5400918927442614e-05,0.0,0.9938271604938271
2026-06-03 13:55:00+09:00,7.188189122481789e-05,0.0,0.9876543209876543
2026-06-03 14:00:00+09:00,8.457703435420693e-05,0.0,1.0
2026-06-03 14:05:00+09:00,-0.00017510275431461306,0.0,0.9814043209876543
2026-06-03 14:10:00+09:00,-9.083209947024209e-05,0.0,0.9876543209876543
2026-06-03 14:15:00+09:00,-9.813201307418532e-06,0.0,0.987577160493827
2026-06-03 14:20:00+09:00,0.0005183988133675008,0.0,0.9938271604938271
2026-06-03 14:25:00+09:00,0.0003416992797443825,0.0,0.987577160493827
2026-06-03 14:30:00+09:00,-0.0001718416589945182,0.0,1.0
2026-06-03 14:35:00+09:00,0.0001749857818268819,0.0,0.9999999999999999
2026-06-03 14:40:00+09:00,-0.0002786022523898097,0.0,1.0
2026-06-03 14:45:00+09:00,0.0001597295607393979,0.0,0.9876543209876543
2026-06-03 14:50:00+09:00,-0.00019068059273584048,0.0,0.9999999999999999
2026-06-03 14:55:00+09:00,1.4729439535799535e-05,0.0,0.9814043209876542
2026-06-03 15:00:00+09:00,9.113821539524902e-05,0.0,1.0
2026-06-03 15:05:00+09:00,-2.907257255494868e-05,0.0,0.9999999999999999
2026-06-03 15:10:00+09:00,0.00028101793910192057,0.0,0.9937499999999999
2026-06-03 15:15:00+09:00,-0.0002,1.0,0.0
2026-06-03 15:20:00+09:00,0.0,0.0,0.0
2026-06-04 09:00:00+09:00,0.0,0.0,0.0
2026-06-04 09:05:00+09:00,0.0,0.0,0.0
2026-06-04 09:10:00+09:00,0.0,0.0,0.0
2026-06-04 09:15:00+09:00,0.0,0.0,0.0
2026-06-04 09:20:00+09:00,0.0,0.0,0.0
2026-06-04 09:25:00+09:00,0.0,0.0,0.0
2026-06-04 09:30:00+09:00,0.0012434428447388756,1.0,1.0
2026-06-04 09:35:00+09:00,-0.0003274810700308544,0.0,0.993975903614458
2026-06-04 09:40:00+09:00,0.0003142962787924669,0.0,0.9878048780487806
2026-06-04 09:45:00+09:00,0.0003256170298049428,0.0,0.9879518072289157
2026-06-04 09:50:00+09:00,-7.969235646756836e-05,0.0,0.9879518072289157
2026-06-04 09:55:00+09:00,0.00010151925074987082,0.0,0.993975903614458
2026-06-04 10:00:00+09:00,-0.0017124456106746503,0.0,0.993975903614458
2026-06-04 10:05:00+09:00,0.00015773139547957198,0.0,0.9878783426388482
2026-06-04 10:10:00+09:00,0.0005945639779491129,0.0,0.9939024390243903
2026-06-04 10:15:00+09:00,-0.00029755168473379924,0.0,0.9939024390243902
2026-06-04 10:20:00+09:00,-0.00048364493443785525,0.0,0.9939759036144579
2026-06-04 10:25:00+09:00,-0.00038829237495203404,0.0,0.9939759036144578
2026-06-04 10:30:00+09:00,0.00016748825953307386,0.0,0.9939024390243903
2026-06-04 10:35:00+09:00,0.00017633399968271373,0.0,0.9878783426388481
2026-06-04 10:40:00+09:00,-0.0012000988916365727,0.0,0.9817807816632383
2026-06-04 10:45:00+09:00,0.0003756106114091204,0.0,1.0
2026-06-04 10:50:00+09:00,0.00022925729057900472,0.0,1.0
2026-06-04 10:55:00+09:00,8.520509633851833e-05,0.0,0.981854246253306
2026-06-04 11:00:00+09:00,7.255172555623132e-05,0.0,0.9939024390243902
2026-06-04 11:05:00+09:00,0.00014204873254987076,0.0,0.9817807816632383
2026-06-04 11:10:00+09:00,2.0602062937761082e-05,0.006097560975609756,0.9756832206876287
2026-06-04 11:15:00+09:00,-0.00030472937853715356,0.01807228915662651,0.9515133705553923
2026-06-04 11:20:00+09:00,-0.00019516602997355275,0.9758301498677637,0.0
2026-06-04 11:25:00+09:00,0.0,0.0,0.0
2026-06-04 12:30:00+09:00,0.0,0.0,0.0
2026-06-04 12:35:00+09:00,0.0,0.0,0.0
2026-06-04 12:40:00+09:00,0.0,0.0,0.0
2026-06-04 12:45:00+09:00,0.0,0.0,0.0
2026-06-04 12:50:00+09:00,0.0,0.0,0.0
2026-06-04 12:55:00+09:00,0.0,0.0,0.0
2026-06-04 13:00:00+09:00,-0.0003146257014962616,1.0,1.0
2026-06-04 13:05:00+09:00,3.0941366928943116e-05,0.0,0.9752314814814815
2026-06-04 13:10:00+09:00,-5.981594054954634e-05,0.0,0.9938271604938271
2026-06-04 13:15:00+09:00,-0.0003838580248961726,0.0,0.9876543209876543
2026-06-04 13:20:00+09:00,-0.0004174314732053633,0.0,0.9938271604938271
2026-06-04 13:25:00+09:00,-0.00021389979097516444,0.0,0.9813271604938272
2026-06-04 13:30:00+09:00,-4.7626820741557136e-05,0.0,0.9750771604938271
2026-06-04 13:35:00+09:00,-5.395010049712422e-05,0.0,0.9937499999999999
2026-06-04 13:40:00+09:00,-0.00032245439475316344,0.0,0.9814043209876542
2026-06-04 13:45:00+09:00,6.475069686196545e-05,0.0,0.981327160493827
2026-06-04 13:50:00+09:00,-0.0002414706525506429,0.0,0.9626543209876542
2026-06-04 13:55:00+09:00,0.0007156225755360299,0.0,0.9689043209876542
2026-06-04 14:00:00+09:00,0.00021361891240601432,0.0,0.9938271604938271
2026-06-04 14:05:00+09:00,0.00014294737228949327,0.0,0.9938271604938271
2026-06-04 14:10:00+09:00,-0.00010362900966805952,0.0,0.987577160493827
2026-06-04 14:15:00+09:00,-3.747638440502224e-05,0.0,1.0
2026-06-04 14:20:00+09:00,-0.00047899133942371695,0.0,0.9626543209876541
2026-06-04 14:25:00+09:00,1.532917887436805e-05,0.0,0.9814043209876542
2026-06-04 14:30:00+09:00,0.000406041627385988,0.0,0.9876543209876543
2026-06-04 14:35:00+09:00,0.00030580037354239825,0.0,0.9814043209876542
2026-06-04 14:40:00+09:00,0.0002113429781245069,0.0,1.0
2026-06-04 14:45:00+09:00,-0.00010409873598350387,0.0,0.9938271604938271
2026-06-04 14:50:00+09:00,0.0002957928461634703,0.0,0.9875771604938269
2026-06-04 14:55:00+09:00,-1.6763212577710516e-05,0.0,0.9876543209876543
2026-06-04 15:00:00+09:00,-0.0001476085150351935,0.0,0.9938271604938271
2026-06-04 15:05:00+09:00,0.000310646784373615,0.00625,0.9874999999999998
2026-06-04 15:10:00+09:00,-0.0001387444064207473,0.0,0.987577160493827
2026-06-04 15:15:00+09:00,-0.00019875,0.99375,0.0
2026-06-04 15:20:00+09:00,0.0,0.0,0.0
2026-06-05 09:00:00+09:00,0.0,0.0,0.0
2026-06-05 09:05:00+09:00,0.0,0.0,0.0
2026-06-05 09:10:00+09:00,0.0,0.0,0.0
2026-06-05 09:15:00+09:00,0.0,0.0,0.0
2026-06-05 09:20:00+09:00,0.0,0.0,0.0
2026-06-05 09:25:00+09:00,0.0,0.0,0.0
2026-06-05 09:30:00+09:00,-0.0010233559046024508,1.0,1.0
2026-06-05 09:35:00+09:00,0.0003664833320665845,0.0,1.0
2026-06-05 09:40:00+09:00,-7.875338316937948e-05,0.0,0.9938271604938271
2026-06-05 09:45:00+09:00,0.00010966374825655163,0.0,0.9814814814814814
2026-06-05 09:50:00+09:00,2.0344856360250948e-05,0.0,1.0
2026-06-05 09:55:00+09:00,-0.00032082468679426424,0.0,1.0
2026-06-05 10:00:00+09:00,-0.00016286769885768507,0.0,1.0
2026-06-05 10:05:00+09:00,-0.00017212672055133988,0.0,0.9938271604938271
2026-06-05 10:10:00+09:00,-0.00029724481771083286,0.0,0.9815567600120445
2026-06-05 10:15:00+09:00,0.0004171021008183444,0.0,0.9876543209876543
2026-06-05 10:20:00+09:00,-8.948607509312987e-06,0.0,0.9815567600120445
2026-06-05 10:25:00+09:00,-0.00028132332014965065,0.0,0.9876543209876544
2026-06-05 10:30:00+09:00,0.00015375254054515443,0.0,0.9692110809996989
2026-06-05 10:35:00+09:00,5.048588924853078e-06,0.0,0.9938271604938271
2026-06-05 10:40:00+09:00,2.9242823189712026e-05,0.0,0.9876543209876543
2026-06-05 10:45:00+09:00,0.0006400638770505247,0.0,0.9877295995182174
2026-06-05 10:50:00+09:00,-4.1772579444316265e-05,0.0,0.9876543209876543
2026-06-05 10:55:00+09:00,-0.0002798689653107455,0.0,0.9939024390243902
2026-06-05 11:00:00+09:00,3.735402446932832e-06,0.0,0.9938271604938271
2026-06-05 11:05:00+09:00,-0.0003735492997340036,0.0,0.9877295995182174
2026-06-05 11:10:00+09:00,-0.0003696725924717439,0.006097560975609756,0.9877295995182174
2026-06-05 11:15:00+09:00,0.0004288629988680645,0.018443239987955433,0.9631887985546522
2026-06-05 11:20:00+09:00,-0.00019509183980728696,0.9754591990364347,0.0
2026-06-05 11:25:00+09:00,0.0,0.0,0.0
2026-06-05 12:30:00+09:00,0.0,0.0,0.0
2026-06-05 12:35:00+09:00,0.0,0.0,0.0
2026-06-05 12:40:00+09:00,0.0,0.0,0.0
2026-06-05 12:45:00+09:00,0.0,0.0,0.0
2026-06-05 12:50:00+09:00,0.0,0.0,0.0
2026-06-05 12:55:00+09:00,0.0,0.0,0.0
2026-06-05 13:00:00+09:00,-0.00015776400313548635,1.0,1.0
2026-06-05 13:05:00+09:00,0.0005170586066767517,0.0,0.9750000000000001
2026-06-05 13:10:00+09:00,-0.00011172866325684707,0.0,0.9874999999999999
2026-06-05 13:15:00+09:00,0.00011516630134355668,0.0,0.981327160493827
2026-06-05 13:20:00+09:00,-3.774498274318559e-07,0.0,0.9876543209876543
2026-06-05 13:25:00+09:00,-0.0002952397393258236,0.0,0.9937499999999999
2026-06-05 13:30:00+09:00,0.0006374277076648505,0.0,0.9689814814814814
2026-06-05 13:35:00+09:00,0.0003551789444567401,0.0,0.9875
2026-06-05 13:40:00+09:00,0.00017104063298647938,0.0,0.9874999999999999
2026-06-05 13:45:00+09:00,0.00016269517617946677,0.0,0.98125
2026-06-05 13:50:00+09:00,0.00017652853316139485,0.0,0.9999999999999999
2026-06-05 13:55:00+09:00,-0.0002179531258894771,0.0,0.9999999999999999
2026-06-05 14:00:00+09:00,-0.0001816226362626956,0.0,0.9999999999999999
2026-06-05 14:05:00+09:00,0.00030310549349804995,0.0,0.993827160493827
2026-06-05 14:10:00+09:00,0.00035058374371247026,0.0,0.987577160493827
2026-06-05 14:15:00+09:00,4.490514608870998e-05,0.0,0.987577160493827
2026-06-05 14:20:00+09:00,-0.0005127226166534484,0.0,0.9875
2026-06-05 14:25:00+09:00,0.0003378700265874578,0.0,0.99375
2026-06-05 14:30:00+09:00,0.000339923711108869,0.0,0.9937499999999999
2026-06-05 14:35:00+09:00,-0.0001647544224828269,0.0,0.9937499999999999
2026-06-05 14:40:00+09:00,-0.0005715093787926098,0.0,0.9813271604938272
2026-06-05 14:45:00+09:00,-0.00042388319382921506,0.0,0.9937499999999999
2026-06-05 14:50:00+09:00,1.8553748024226894e-05,0.0,0.9874999999999998
2026-06-05 14:55:00+09:00,0.00041548216635810297,0.0,0.9875771604938272
2026-06-05 15:00:00+09:00,1.7110530344231876e-05,0.0,0.9813271604938272
2026-06-05 15:05:00+09:00,-0.00036132390120862176,0.0,0.993827160493827
2026-06-05 15:10:00+09:00,-9.949633225593782e-06,0.0,0.9875771604938272
2026-06-05 15:15:00+09:00,-0.0002,1.0,0.0
2026-06-05 15:20:00+09:00,0.0,0.0,0.0
2026-06-08 09:00:00+09:00,0.0,0.0,0.0
2026-06-08 09:05:00+09:00,0.0,0.0,0.0
2026-06-08 09:10:00+09:00,0.0,0.0,0.0
2026-06-08 09:15:00+09:00,0.0,0.0,0.0
2026-06-08 09:20:00+09:00,0.0,0.0,0.0
2026-06-08 09:25:00+09:00,0.0,0.0,0.0
2026-06-08 09:30:00+09:00,-0.0030959902701361256,1.0,1.0
2026-06-08 09:35:00+09:00,0.0020303370361615856,0.0,1.0
2026-06-08 09:40:00+09:00,-9.296235871150357e-06,0.0,0.993975903614458
2026-06-08 09:45:00+09:00,-0.00019093366570192415,0.0,1.0
2026-06-08 09:50:00+09:00,-0.00038718371888707805,0.0,1.0
2026-06-08 09:55:00+09:00,0.0005322636528170098,0.0,1.0
2026-06-08 10:00:00+09:00,-2.0456042687966957e-05,0.0,0.9939759036144579
2026-06-08 10:05:00+09:00,-0.0003857064437956683,0.0,0.993975903614458
2026-06-08 10:10:00+09:00,0.001139694266580031,0.0,0.9939759036144579
2026-06-08 10:15:00+09:00,0.0016490878294728583,0.0,0.9818542462533059
2026-06-08 10:20:00+09:00,0.0007172551860336921,0.0,1.0000000000000002
2026-06-08 10:25:00+09:00,0.0002196715965151996,0.0,0.9879518072289156
2026-06-08 10:30:00+09:00,0.00020790238265255717,0.0,1.0
2026-06-08 10:35:00+09:00,-0.0016838679989197311,0.0,0.9879518072289157
2026-06-08 10:40:00+09:00,0.0005214529355411503,0.0,0.9819277108433735
2026-06-08 10:45:00+09:00,-0.00037993941060857626,0.0,1.0000000000000002
2026-06-08 10:50:00+09:00,-0.0008806991698880101,0.006024096385542169,0.9939759036144578
2026-06-08 10:55:00+09:00,-0.0005972117702346855,0.0,0.981854246253306
2026-06-08 11:00:00+09:00,0.000552746501187788,0.0,0.9879518072289157
2026-06-08 11:05:00+09:00,-0.00047648134704847005,0.0,0.993975903614458
2026-06-08 11:10:00+09:00,0.0008243701041900756,0.006024096385542169,0.9758301498677638
2026-06-08 11:15:00+09:00,-0.0006337161569178787,0.0,0.9759036144578312
2026-06-08 11:20:00+09:00,-0.00019759036144578314,0.9879518072289157,0.0
2026-06-08 11:25:00+09:00,0.0,0.0,0.0
2026-06-08 12:30:00+09:00,0.0,0.0,0.0
2026-06-08 12:35:00+09:00,0.0,0.0,0.0
2026-06-08 12:40:00+09:00,0.0,0.0,0.0
2026-06-08 12:45:00+09:00,0.0,0.0,0.0
2026-06-08 12:50:00+09:00,0.0,0.0,0.0
2026-06-08 12:55:00+09:00,0.0,0.0,0.0
2026-06-08 13:00:00+09:00,0.00023897758337434574,1.0,1.0
2026-06-08 13:05:00+09:00,-9.305573355520175e-05,0.0,0.9876543209876543
2026-06-08 13:10:00+09:00,0.00026935606694671683,0.0,0.9814814814814814
2026-06-08 13:15:00+09:00,-0.0003324991868943447,0.0,0.9815567600120445
2026-06-08 13:20:00+09:00,-0.000250683657340778,0.0,0.9939024390243902
2026-06-08 13:25:00+09:00,8.293545486249941e-05,0.0,0.9876543209876543
2026-06-08 13:30:00+09:00,-0.0001974046955386217,0.0,1.0
2026-06-08 13:35:00+09:00,-7.204937139381081e-05,0.0,1.0
2026-06-08 13:40:00+09:00,0.00020236928963047253,0.0,0.9815567600120445
2026-06-08 13:45:00+09:00,0.00012920408725453008,0.0,0.9938271604938271
2026-06-08 13:50:00+09:00,0.00011588749380627806,0.0,1.0
2026-06-08 13:55:00+09:00,-5.2786033962008504e-05,0.0,0.9938271604938271
2026-06-08 14:00:00+09:00,-1.9320924471693498e-05,0.0,0.9877295995182174
2026-06-08 14:05:00+09:00,0.00022929943478338185,0.0,0.9938271604938271
2026-06-08 14:10:00+09:00,-6.27129984510748e-05,0.0,1.0
2026-06-08 14:15:00+09:00,-0.0002209015172257469,0.0,0.9939024390243902
2026-06-08 14:20:00+09:00,0.00031954203824615117,0.0,0.9938271604938271
2026-06-08 14:25:00+09:00,0.0002433802487384899,0.0,1.0
2026-06-08 14:30:00+09:00,0.00020512628620532298,0.0,1.0
2026-06-08 14:35:00+09:00,6.060346561351107e-05,0.0,1.0
2026-06-08 14:40:00+09:00,-7.096745941990431e-05,0.0,1.0
2026-06-08 14:45:00+09:00,0.00018218119926933252,0.0,0.9938271604938271
2026-06-08 14:50:00+09:00,7.506959610290194e-05,0.0,1.0
2026-06-08 14:55:00+09:00,-0.00017610865072985999,0.0,0.9815567600120445
2026-06-08 15:00:00+09:00,0.0001686872972698899,0.0,0.9938271604938271
2026-06-08 15:05:00+09:00,0.00020603328523554788,0.0,1.0
2026-06-08 15:10:00+09:00,0.00017096310346929408,0.0,1.0
2026-06-08 15:15:00+09:00,-0.0002,1.0,0.0
2026-06-08 15:20:00+09:00,0.0,0.0,0.0
2026-06-09 09:00:00+09:00,0.0,0.0,0.0
2026-06-09 09:05:00+09:00,0.0,0.0,0.0
2026-06-09 09:10:00+09:00,0.0,0.0,0.0
2026-06-09 09:15:00+09:00,0.0,0.0,0.0
2026-06-09 09:20:00+09:00,0.0,0.0,0.0
2026-06-09 09:25:00+09:00,0.0,0.0,0.0
2026-06-09 09:30:00+09:00,0.00011070715297520043,1.0,1.0
2026-06-09 09:35:00+09:00,-0.0021316734026057722,0.0,1.0
2026-06-09 09:40:00+09:00,4.9947595701329425e-05,0.0,0.9937500000000001
2026-06-09 09:45:00+09:00,-0.0017626336953616539,0.0,1.0
2026-06-09 09:50:00+09:00,0.0007890050779751777,0.0,0.9875771604938272
2026-06-09 09:55:00+09:00,5.366950306383442e-05,0.0,0.9875771604938273
2026-06-09 10:00:00+09:00,-0.000770859782575146,0.0,0.9751543209876543
2026-06-09 10:05:00+09:00,0.0013132751916919729,0.0,0.98125
2026-06-09 10:10:00+09:00,0.0005299333557755139,0.0,1.0
2026-06-09 10:15:00+09:00,0.0002836665180640875,0.0,0.9937499999999999
2026-06-09 10:20:00+09:00,-0.0025336381568767012,0.0,0.9938271604938272
2026-06-09 10:25:00+09:00,0.0021477917872074967,0.0,0.9937500000000001
2026-06-09 10:30:00+09:00,0.0012582897347113307,0.0,0.9875771604938272
2026-06-09 10:35:00+09:00,7.918164858748178e-05,0.0,0.98125
2026-06-09 10:40:00+09:00,0.00041731172217123505,0.0,0.9938271604938271
2026-06-09 10:45:00+09:00,-0.0021341998763534965,0.0,0.9750000000000001
2026-06-09 10:50:00+09:00,-0.0005076479642959356,0.0,0.9875
2026-06-09 10:55:00+09:00,0.0008712447287841107,0.0,0.9814043209876542
2026-06-09 11:00:00+09:00,0.0015939475621932796,0.0,0.9624999999999999
2026-06-09 11:05:00+09:00,7.978829961831717e-05,0.0,0.9813271604938272
2026-06-09 11:10:00+09:00,0.00029724003513971324,0.006172839506172839,0.987577160493827
2026-06-09 11:15:00+09:00,-0.0009515633202423854,0.01242283950617284,0.9564814814814815
2026-06-09 11:20:00+09:00,-0.00019628086419753088,0.9814043209876543,0.0
2026-06-09 11:25:00+09:00,0.0,0.0,0.0
2026-06-09 12:30:00+09:00,0.0,0.0,0.0
2026-06-09 12:35:00+09:00,0.0,0.0,0.0
2026-06-09 12:40:00+09:00,0.0,0.0,0.0
2026-06-09 12:45:00+09:00,0.0,0.0,0.0
2026-06-09 12:50:00+09:00,0.0,0.0,0.0
2026-06-09 12:55:00+09:00,0.0,0.0,0.0
2026-06-09 13:00:00+09:00,-0.0012639896808735848,1.0,1.0
2026-06-09 13:05:00+09:00,0.00122746690863164,0.0,0.9814814814814815
2026-06-09 13:10:00+09:00,-0.002884518147522886,0.0,0.9876543209876544
2026-06-09 13:15:00+09:00,0.0014091788539906949,0.0,0.9938271604938272
2026-06-09 13:20:00+09:00,0.0005968289102266442,0.0,0.9938271604938272
2026-06-09 13:25:00+09:00,-0.0008312347539349546,0.0,0.9938271604938272
2026-06-09 13:30:00+09:00,-0.0011369554407506576,0.0,0.9753086419753088
2026-06-09 13:35:00+09:00,-0.00035381275838370973,0.0,0.9814814814814814
2026-06-09 13:40:00+09:00,-7.893733697869983e-05,0.0,0.9814814814814815
2026-06-09 13:45:00+09:00,0.0008512853625568588,0.0,0.9753086419753086
2026-06-09 13:50:00+09:00,0.0005003120070227986,0.0,1.0
2026-06-09 13:55:00+09:00,-0.0008231110509997511,0.0,0.9691358024691359
2026-06-09 14:00:00+09:00,0.00043144557810598845,0.0,0.9691358024691358
2026-06-09 14:05:00+09:00,-0.001040294914117439,0.0,0.9876543209876544
2026-06-09 14:10:00+09:00,7.597593625028513e-05,0.0,0.9753086419753088
2026-06-09 14:15:00+09:00,0.003322185404297111,0.0,0.9753086419753086
2026-06-09 14:20:00+09:00,0.0007779620429717425,0.0,1.0
2026-06-09 14:25:00+09:00,-0.0018534923051261281,0.0,0.9814814814814815
2026-06-09 14:30:00+09:00,0.0008862468901340161,0.0,0.9938271604938271
2026-06-09 14:35:00+09:00,-0.0007181761951118575,0.0,0.9691358024691359
2026-06-09 14:40:00+09:00,-0.0008541533066911859,0.0,0.9876543209876544
2026-06-09 14:45:00+09:00,-0.00013028142802375847,0.0,0.9876543209876543
2026-06-09 14:50:00+09:00,-0.00044129668832917446,0.0,0.9876543209876544
2026-06-09 14:55:00+09:00,-3.787384531800481e-05,0.0,1.0
2026-06-09 15:00:00+09:00,0.00044679192916937175,0.0,0.9938271604938271
2026-06-09 15:05:00+09:00,-0.00014603725638631036,0.0,0.9753086419753086
2026-06-09 15:10:00+09:00,-0.0008462392312308593,0.024691358024691357,0.9753086419753086
2026-06-09 15:15:00+09:00,-0.00019506172839506175,0.9753086419753086,0.0
2026-06-09 15:20:00+09:00,0.0,0.0,0.0
2026-06-10 09:00:00+09:00,0.0,0.0,0.0
2026-06-10 09:05:00+09:00,0.0,0.0,0.0
2026-06-10 09:10:00+09:00,0.0,0.0,0.0
2026-06-10 09:15:00+09:00,0.0,0.0,0.0
2026-06-10 09:20:00+09:00,0.0,0.0,0.0
2026-06-10 09:25:00+09:00,0.0,0.0,0.0
2026-06-10 09:30:00+09:00,-0.002046926358265688,1.0,1.0
2026-06-10 09:35:00+09:00,0.0014438604600563547,0.0,0.9939024390243902
2026-06-10 09:40:00+09:00,0.0009256781789576603,0.0,1.0
2026-06-10 09:45:00+09:00,0.0011416166619210542,0.0,0.9938271604938271
2026-06-10 09:50:00+09:00,0.003010080019379774,0.0,1.0
2026-06-10 09:55:00+09:00,0.0012848549310885025,0.0,0.9877295995182174
2026-06-10 10:00:00+09:00,0.00012549982538084494,0.0,1.0
2026-06-10 10:05:00+09:00,0.0014380189883172044,0.0,0.9939024390243902
2026-06-10 10:10:00+09:00,-1.160810921936038e-05,0.0,0.9938271604938271
2026-06-10 10:15:00+09:00,0.000378185610148591,0.0,0.9939024390243902
2026-06-10 10:20:00+09:00,0.0005007936774734267,0.0,0.9939024390243902
2026-06-10 10:25:00+09:00,0.00026921993576029777,0.0,0.9753086419753086
2026-06-10 10:30:00+09:00,0.0003097619891723374,0.0,0.9876543209876543
2026-06-10 10:35:00+09:00,-0.0006080570879334527,0.0,0.993827160493827
2026-06-10 10:40:00+09:00,-0.00010094591980544613,0.0,0.9939024390243902
2026-06-10 10:45:00+09:00,-5.724480162450535e-05,0.0,0.9939024390243902
2026-06-10 10:50:00+09:00,-0.0008100034053184105,0.0,1.0
2026-06-10 10:55:00+09:00,-0.0007294426378017523,0.0,0.9876543209876543
2026-06-10 11:00:00+09:00,-0.0007122642797166366,0.0,0.9938271604938271
2026-06-10 11:05:00+09:00,-0.00018128009584155813,0.0,0.9817073170731707
2026-06-10 11:10:00+09:00,-0.00028362957320710876,0.006097560975609756,0.9878048780487805
2026-06-10 11:15:00+09:00,-4.669491774350598e-05,0.012270400481782595,0.9755344775669978
2026-06-10 11:20:00+09:00,-0.00019632640770852154,0.9816320385426076,0.0
2026-06-10 11:25:00+09:00,0.0,0.0,0.0
2026-06-10 12:30:00+09:00,0.0,0.0,0.0
2026-06-10 12:35:00+09:00,0.0,0.0,0.0
2026-06-10 12:40:00+09:00,0.0,0.0,0.0
2026-06-10 12:45:00+09:00,0.0,0.0,0.0
2026-06-10 12:50:00+09:00,0.0,0.0,0.0
2026-06-10 12:55:00+09:00,0.0,0.0,0.0
2026-06-10 13:00:00+09:00,-0.0005522705868187582,1.0,0.9999999999999999
2026-06-10 13:05:00+09:00,-0.0008569312948218059,0.0,1.0
2026-06-10 13:10:00+09:00,-0.00022874991808737944,0.0,1.0
2026-06-10 13:15:00+09:00,-0.0007427486191735953,0.0,0.9815567600120446
2026-06-10 13:20:00+09:00,-0.002247041733502709,0.0,0.9816320385426076
2026-06-10 13:25:00+09:00,-0.00047205653053608435,0.0,0.9814814814814815
2026-06-10 13:30:00+09:00,0.0006777504896717254,0.006097560975609756,0.9753839205058716
2026-06-10 13:35:00+09:00,-0.0014432476944468363,0.0,0.9816320385426076
2026-06-10 13:40:00+09:00,0.0006577883954413668,0.0,0.9877295995182173
2026-06-10 13:45:00+09:00,0.002160163662206787,0.0,0.9815567600120445
2026-06-10 13:50:00+09:00,-0.0019474209267176146,0.0,0.9815567600120445
2026-06-10 13:55:00+09:00,0.00039705677358704627,0.0,0.9939024390243902
2026-06-10 14:00:00+09:00,0.0001590357524168875,0.0,0.9939024390243901
2026-06-10 14:05:00+09:00,-0.0009264383717674984,0.0,0.9753839205058717
2026-06-10 14:10:00+09:00,-0.00310617201698417,0.0,0.9815567600120445
2026-06-10 14:15:00+09:00,0.0007928775205799831,0.0,0.9939024390243902
2026-06-10 14:20:00+09:00,0.0013676844516009856,0.0,0.9877295995182174
2026-06-10 14:25:00+09:00,4.977857984610616e-06,0.0,0.9939024390243902
2026-06-10 14:30:00+09:00,0.0005914238221048107,0.0,0.9753839205058716
2026-06-10 14:35:00+09:00,-0.0003229576302903441,0.0,0.9753839205058716
2026-06-10 14:40:00+09:00,-0.0014144261936341355,0.0,0.9692110809996989
2026-06-10 14:45:00+09:00,0.0013081022793434529,0.0,0.9939024390243902
2026-06-10 14:50:00+09:00,0.0007604469181146339,0.0,0.9939024390243902
2026-06-10 14:55:00+09:00,0.00033330781402841073,0.0,0.9815567600120444
2026-06-10 15:00:00+09:00,-0.00016819864614522044,0.0,0.9939024390243902
2026-06-10 15:05:00+09:00,0.000719588531660483,0.0,0.9877295995182174
2026-06-10 15:10:00+09:00,-0.0003769062494533826,0.0,0.9939024390243902
2026-06-10 15:15:00+09:00,-0.00019878048780487805,0.9939024390243902,0.0
2026-06-10 15:20:00+09:00,0.0,0.0,0.0
2026-06-11 09:00:00+09:00,0.0,0.0,0.0
2026-06-11 09:05:00+09:00,0.0,0.0,0.0
2026-06-11 09:10:00+09:00,0.0,0.0,0.0
2026-06-11 09:15:00+09:00,0.0,0.0,0.0
2026-06-11 09:20:00+09:00,0.0,0.0,0.0
2026-06-11 09:25:00+09:00,0.0,0.0,0.0
2026-06-11 09:30:00+09:00,-0.00014767628654008093,1.0,0.9999999999999999
2026-06-11 09:35:00+09:00,-0.003158947627669745,0.0,0.9878048780487805
2026-06-11 09:40:00+09:00,-0.0020733885630870473,0.0,1.0
2026-06-11 09:45:00+09:00,0.0013450513326536432,0.0,0.9999999999999999
2026-06-11 09:50:00+09:00,0.000941920691967186,0.0,0.9939024390243902
2026-06-11 09:55:00+09:00,-0.003178364082946301,0.0,0.9878048780487805
2026-06-11 10:00:00+09:00,-0.0005737144334282947,0.0,0.9817073170731707
2026-06-11 10:05:00+09:00,-0.0007839720203637056,0.0,0.975609756097561
2026-06-11 10:10:00+09:00,-0.0006249300600284902,0.0,1.0
2026-06-11 10:15:00+09:00,0.0005444359035678693,0.0,0.9939024390243902
2026-06-11 10:20:00+09:00,-0.0005322187194280142,0.0,0.9817073170731706
2026-06-11 10:25:00+09:00,0.0018101466624869582,0.0,0.9695121951219512
2026-06-11 10:30:00+09:00,0.0008800582179967545,0.0,0.9695121951219512
2026-06-11 10:35:00+09:00,-0.000599418130999782,0.0,0.9939024390243902
2026-06-11 10:40:00+09:00,-0.000809024084033813,0.0,0.9878048780487805
2026-06-11 10:45:00+09:00,0.0016036700059404113,0.0,0.9817073170731707
2026-06-11 10:50:00+09:00,0.001155844239552724,0.0,1.0
2026-06-11 10:55:00+09:00,-0.0026554068209429225,0.0,1.0
2026-06-11 11:00:00+09:00,-0.00013823567860674687,0.0,0.9817073170731707
2026-06-11 11:05:00+09:00,0.0008433433931506615,0.0,0.9999999999999999
2026-06-11 11:10:00+09:00,0.0005721954997945902,0.006097560975609756,0.9634146341463414
2026-06-11 11:15:00+09:00,0.0017811603714506295,0.012195121951219513,0.9695121951219512
2026-06-11 11:20:00+09:00,-0.00019634146341463416,0.9817073170731707,0.0
2026-06-11 11:25:00+09:00,0.0,0.0,0.0
2026-06-11 12:30:00+09:00,0.0,0.0,0.0
2026-06-11 12:35:00+09:00,0.0,0.0,0.0
2026-06-11 12:40:00+09:00,0.0,0.0,0.0
2026-06-11 12:45:00+09:00,0.0,0.0,0.0
2026-06-11 12:50:00+09:00,0.0,0.0,0.0
2026-06-11 12:55:00+09:00,0.0,0.0,0.0
2026-06-11 13:00:00+09:00,-0.0006609121653993596,1.0,0.9999999999999999
2026-06-11 13:05:00+09:00,0.00033823329252014717,0.0,0.9878048780487805
2026-06-11 13:10:00+09:00,0.00046844123127653953,0.0,0.945046672688949
2026-06-11 13:15:00+09:00,-0.001061632007515577,0.0,0.9571665161096056
2026-06-11 13:20:00+09:00,0.00023007420733942865,0.0,0.9878048780487804
2026-06-11 13:25:00+09:00,-3.0482639221379998e-05,0.0,0.975609756097561
2026-06-11 13:30:00+09:00,-0.0010883935318945076,0.0,0.969361638060825
2026-06-11 13:35:00+09:00,-0.0007016702412908295,0.0,0.9938271604938271
2026-06-11 13:40:00+09:00,0.00033206845469303635,0.0,0.9756097560975608
2026-06-11 13:45:00+09:00,-8.061139823588533e-05,0.0,0.9816320385426076
2026-06-11 13:50:00+09:00,0.0010288819817742237,0.0,0.9878048780487804
2026-06-11 13:55:00+09:00,-0.0007259122605151582,0.0,0.9694369165913882
2026-06-11 14:00:00+09:00,0.0002808068959288194,0.0,0.9878048780487805
2026-06-11 14:05:00+09:00,0.000771635275990636,0.0,0.9939024390243901
2026-06-11 14:10:00+09:00,-0.0018006534541597323,0.0,0.9876543209876544
2026-06-11 14:15:00+09:00,-0.000859846230289275,0.0,0.9756097560975608
2026-06-11 14:20:00+09:00,0.0021403754523704,0.0,0.9695121951219512
2026-06-11 14:25:00+09:00,-0.001020525078666703,0.0,0.975609756097561
2026-06-11 14:30:00+09:00,0.00011803395699809238,0.0,0.9817073170731707
2026-06-11 14:35:00+09:00,-0.00034124560718319506,0.0,0.9817073170731706
2026-06-11 14:40:00+09:00,0.0008573761566276419,0.0,0.9694369165913881
2026-06-11 14:45:00+09:00,0.0011774462221265612,0.0,0.9694369165913881
2026-06-11 14:50:00+09:00,-0.00020353418205298662,0.0,0.9817073170731707
2026-06-11 14:55:00+09:00,0.00024193718447926925,0.0,0.9999999999999999
2026-06-11 15:00:00+09:00,0.000816829557813486,0.0,0.9939024390243901
2026-06-11 15:05:00+09:00,-0.00087956671628804,0.0,0.9938271604938271
2026-06-11 15:10:00+09:00,-5.615679222339278e-06,0.006097560975609756,0.9755344775669978
2026-06-11 15:15:00+09:00,-0.00019878048780487805,0.9939024390243902,0.0
2026-06-11 15:20:00+09:00,0.0,0.0,0.0
2026-06-12 09:00:00+09:00,0.0,0.0,0.0
2026-06-12 09:05:00+09:00,0.0,0.0,0.0
2026-06-12 09:10:00+09:00,0.0,0.0,0.0
2026-06-12 09:15:00+09:00,0.0,0.0,0.0
2026-06-12 09:20:00+09:00,0.0,0.0,0.0
2026-06-12 09:25:00+09:00,0.0,0.0,0.0
2026-06-12 09:30:00+09:00,0.0006355719295904827,1.0,1.0
2026-06-12 09:35:00+09:00,0.0004964865009267932,0.0,1.0
2026-06-12 09:40:00+09:00,-0.0018702955300500604,0.0,1.0
2026-06-12 09:45:00+09:00,-0.00040876239129262185,0.0,0.9877295995182174
2026-06-12 09:50:00+09:00,-0.00033047205195570206,0.0,0.9939024390243902
2026-06-12 09:55:00+09:00,0.0022161186162299017,0.0,0.9878048780487805
2026-06-12 10:00:00+09:00,0.0009194127104152055,0.0,1.0
2026-06-12 10:05:00+09:00,-5.640948521868328e-06,0.0,0.9938271604938271
2026-06-12 10:10:00+09:00,0.0018162069324574289,0.0,0.9939024390243902
2026-06-12 10:15:00+09:00,0.0010044214128058122,0.0,1.0
2026-06-12 10:20:00+09:00,0.001827501218105167,0.0,0.9816320385426076
2026-06-12 10:25:00+09:00,-0.001949966788166306,0.0,0.9999999999999999
2026-06-12 10:30:00+09:00,-0.0006056288915011515,0.0,0.9938271604938271
2026-06-12 10:35:00+09:00,-0.0024293269939116243,0.0,0.9939024390243902
2026-06-12 10:40:00+09:00,-0.0016397843855147024,0.0,0.9939024390243902
2026-06-12 10:45:00+09:00,0.000381286008542631,0.0,0.9938271604938271
2026-06-12 10:50:00+09:00,0.0002953377158266691,0.0,0.9938271604938271
2026-06-12 10:55:00+09:00,-0.00035011001607415323,0.0,0.975534477566998
2026-06-12 11:00:00+09:00,0.001273087780162624,0.0,0.9939024390243902
2026-06-12 11:05:00+09:00,-4.137478314409025e-05,0.0,1.0
2026-06-12 11:10:00+09:00,-0.0003648054338022095,0.0,0.9939024390243902
2026-06-12 11:15:00+09:00,-0.0005758561277194954,0.012270400481782595,0.9631887985546521
2026-06-12 11:20:00+09:00,-0.0001975459199036435,0.9877295995182174,0.0
2026-06-12 11:25:00+09:00,0.0,0.0,0.0
2026-06-12 12:30:00+09:00,0.0,0.0,0.0
2026-06-12 12:35:00+09:00,0.0,0.0,0.0
2026-06-12 12:40:00+09:00,0.0,0.0,0.0
2026-06-12 12:45:00+09:00,0.0,0.0,0.0
2026-06-12 12:50:00+09:00,0.0,0.0,0.0
2026-06-12 12:55:00+09:00,0.0,0.0,0.0
2026-06-12 13:00:00+09:00,-2.532597201027524e-05,1.0,1.0
2026-06-12 13:05:00+09:00,0.0008647460478994452,0.0,0.9938271604938271
2026-06-12 13:10:00+09:00,-1.9564348748733754e-05,0.0,0.9876543209876543
2026-06-12 13:15:00+09:00,-0.00035556941460365433,0.0,0.9999999999999999
2026-06-12 13:20:00+09:00,0.00039133570094420777,0.0,0.9938271604938271
2026-06-12 13:25:00+09:00,-0.0004521296612158958,0.0,0.9815567600120445
2026-06-12 13:30:00+09:00,-0.00037563146279297004,0.0,0.9938271604938271
2026-06-12 13:35:00+09:00,-7.96218689791776e-05,0.0,0.9938271604938271
2026-06-12 13:40:00+09:00,0.00023383878481574448,0.0,0.9815567600120445
2026-06-12 13:45:00+09:00,0.0004357912465348325,0.0,0.9816320385426076
2026-06-12 13:50:00+09:00,-6.593146415081517e-05,0.0,0.9753086419753085
2026-06-12 13:55:00+09:00,-0.0002043458275507933,0.0,0.9815567600120445
2026-06-12 14:00:00+09:00,0.0003553535494519268,0.0,0.9999999999999999
2026-06-12 14:05:00+09:00,0.00027271051555073205,0.0,0.969361638060825
2026-06-12 14:10:00+09:00,-8.832219829244404e-05,0.0,0.9753839205058716
2026-06-12 14:15:00+09:00,-0.00021845229485289704,0.0,0.9939024390243901
2026-06-12 14:20:00+09:00,0.00016004743592083783,0.0,0.9816320385426076
2026-06-12 14:25:00+09:00,-0.0005380857873177575,0.0,0.9876543209876543
2026-06-12 14:30:00+09:00,-4.2499441608145655e-05,0.0,0.9939024390243902
2026-06-12 14:35:00+09:00,0.00011289091080713166,0.0,1.0
2026-06-12 14:40:00+09:00,-0.00014732325693032027,0.0,0.9939024390243901
2026-06-12 14:45:00+09:00,0.0005403072215365419,0.0,0.9815567600120445
2026-06-12 14:50:00+09:00,-0.00047398768001820287,0.0,0.9999999999999999
2026-06-12 14:55:00+09:00,0.0002903878083575635,0.0,0.9938271604938271
2026-06-12 15:00:00+09:00,-0.000275658091796711,0.0,0.9938271604938271
2026-06-12 15:05:00+09:00,-0.00029860426531180237,0.0,0.9999999999999999
2026-06-12 15:10:00+09:00,-5.403461301132091e-05,0.006172839506172839,0.9938271604938271
2026-06-12 15:15:00+09:00,-0.00019876543209876546,0.9938271604938271,0.0
2026-06-12 15:20:00+09:00,0.0,0.0,0.0
2026-06-15 09:00:00+09:00,0.0,0.0,0.0
2026-06-15 09:05:00+09:00,0.0,0.0,0.0
2026-06-15 09:10:00+09:00,0.0,0.0,0.0
2026-06-15 09:15:00+09:00,0.0,0.0,0.0
2026-06-15 09:20:00+09:00,0.0,0.0,0.0
2026-06-15 09:25:00+09:00,0.0,0.0,0.0
2026-06-15 09:30:00+09:00,-0.0005690268397789076,1.0,0.9999999999999999
2026-06-15 09:35:00+09:00,-0.0002871427456007506,0.0,0.9813271604938272
2026-06-15 09:40:00+09:00,0.0006199322800413747,0.0,0.99375
2026-06-15 09:45:00+09:00,0.0008911218878974,0.0,1.0
2026-06-15 09:50:00+09:00,0.0005493057498297874,0.0,0.9937499999999999
2026-06-15 09:55:00+09:00,-0.00047723329475451136,0.0,0.9876543209876543
2026-06-15 10:00:00+09:00,0.0002996786521994398,0.0,0.9999999999999999
2026-06-15 10:05:00+09:00,0.0002637171132490943,0.0,0.9814814814814814
2026-06-15 10:10:00+09:00,3.8474578048215466e-05,0.0,0.9814043209876542
2026-06-15 10:15:00+09:00,-0.0001551749331856193,0.0,0.987577160493827
2026-06-15 10:20:00+09:00,0.0004647245800759213,0.0,0.99375
2026-06-15 10:25:00+09:00,-0.0003317063770018406,0.0,0.9876543209876543
2026-06-15 10:30:00+09:00,0.0008020691690971048,0.0,0.993827160493827
2026-06-15 10:35:00+09:00,0.00044786560285811844,0.0,0.9937499999999999
2026-06-15 10:40:00+09:00,0.00011518034851654312,0.0,0.9813271604938271
2026-06-15 10:45:00+09:00,-0.00020069841474870613,0.0,0.9689043209876542
2026-06-15 10:50:00+09:00,-0.00023689491490081524,0.0,0.9874999999999999
2026-06-15 10:55:00+09:00,0.0003704665632916256,0.0,0.9938271604938271
2026-06-15 11:00:00+09:00,-0.0003053816637115989,0.0,0.9752314814814815
2026-06-15 11:05:00+09:00,0.0005921380916628397,0.0,0.9813271604938271
2026-06-15 11:10:00+09:00,-8.328632671881098e-05,0.00625,0.9751543209876543
2026-06-15 11:15:00+09:00,-0.00010335534573650802,0.02484567901234568,0.9689043209876542
2026-06-15 11:20:00+09:00,-0.00019378086419753087,0.9689043209876543,0.0
2026-06-15 11:25:00+09:00,0.0,0.0,0.0
2026-06-15 12:30:00+09:00,0.0,0.0,0.0
2026-06-15 12:35:00+09:00,0.0,0.0,0.0
2026-06-15 12:40:00+09:00,0.0,0.0,0.0
2026-06-15 12:45:00+09:00,0.0,0.0,0.0
2026-06-15 12:50:00+09:00,0.0,0.0,0.0
2026-06-15 12:55:00+09:00,0.0,0.0,0.0
2026-06-15 13:00:00+09:00,-0.00016877904190880816,1.0,1.0
2026-06-15 13:05:00+09:00,0.00029165386360686057,0.0,0.9813271604938272
2026-06-15 13:10:00+09:00,-0.0005156696971138388,0.0,1.0
2026-06-15 13:15:00+09:00,-0.00013222144680802438,0.0,1.0
2026-06-15 13:20:00+09:00,-0.00022271969548880884,0.0,0.987577160493827
2026-06-15 13:25:00+09:00,-0.00033634801307220807,0.0,1.0
2026-06-15 13:30:00+09:00,0.00015491060223271584,0.0,0.9938271604938271
2026-06-15 13:35:00+09:00,2.1788426857539524e-06,0.0,0.9938271604938272
2026-06-15 13:40:00+09:00,9.796174510604179e-05,0.0,1.0
2026-06-15 13:45:00+09:00,0.0001385927329367424,0.0,0.9875
2026-06-15 13:50:00+09:00,0.00022304757316402233,0.0,0.9937499999999999
2026-06-15 13:55:00+09:00,2.7111016264728596e-05,0.0,1.0
2026-06-15 14:00:00+09:00,0.0005006739685088151,0.0,0.987577160493827
2026-06-15 14:05:00+09:00,3.4842558113250144e-05,0.0,0.9999999999999999
2026-06-15 14:10:00+09:00,5.723474671306459e-05,0.0,1.0
2026-06-15 14:15:00+09:00,-5.905162448633756e-05,0.0,0.9937499999999999
2026-06-15 14:20:00+09:00,0.00025730310321459454,0.0,0.9937499999999999
2026-06-15 14:25:00+09:00,-0.00019710337053970055,0.0,1.0
2026-06-15 14:30:00+09:00,0.00017530447536617892,0.0,1.0
2026-06-15 14:35:00+09:00,-0.00010640610605234733,0.0,1.0
2026-06-15 14:40:00+09:00,-8.656871254603222e-05,0.0,0.987577160493827
2026-06-15 14:45:00+09:00,0.00040517136069089335,0.0,0.9750771604938271
2026-06-15 14:50:00+09:00,0.00015587497459674458,0.0,1.0
2026-06-15 14:55:00+09:00,-3.70607766160879e-05,0.0,0.9938271604938271
2026-06-15 15:00:00+09:00,-0.0004069363432158592,0.0,0.9937499999999999
2026-06-15 15:05:00+09:00,0.00023624960336728456,0.0,0.9938271604938271
2026-06-15 15:10:00+09:00,-0.00017917034679404827,0.0,0.9937499999999999
2026-06-15 15:15:00+09:00,-0.0002,1.0,0.0
2026-06-15 15:20:00+09:00,0.0,0.0,0.0
2026-06-16 09:00:00+09:00,0.0,0.0,0.0
2026-06-16 09:05:00+09:00,0.0,0.0,0.0
2026-06-16 09:10:00+09:00,0.0,0.0,0.0
2026-06-16 09:15:00+09:00,0.0,0.0,0.0
2026-06-16 09:20:00+09:00,0.0,0.0,0.0
2026-06-16 09:25:00+09:00,0.0,0.0,0.0
2026-06-16 09:30:00+09:00,0.00035459669040930887,1.0,1.0
2026-06-16 09:35:00+09:00,0.0011856544567663693,0.0,0.9939024390243903
2026-06-16 09:40:00+09:00,0.0010891684842361156,0.0,0.9878048780487806
2026-06-16 09:45:00+09:00,0.0003981379682722084,0.0,0.9879518072289157
2026-06-16 09:50:00+09:00,7.342692252451099e-05,0.0,0.9878783426388482
2026-06-16 09:55:00+09:00,-0.00033612344825125406,0.0,0.9756832206876286
2026-06-16 10:00:00+09:00,-0.00026865744082642354,0.0,0.9878048780487807
2026-06-16 10:05:00+09:00,0.0004294775230692413,0.006097560975609756,0.9817807816632383
2026-06-16 10:10:00+09:00,-0.00033348034121616766,0.0,0.9696591243020865
2026-06-16 10:15:00+09:00,0.00014990924579559903,0.0,0.9637084925066118
2026-06-16 10:20:00+09:00,-0.00012896850130284006,0.0,0.969732588892154
2026-06-16 10:25:00+09:00,0.00011309048801379199,0.0,0.9695856597120189
2026-06-16 10:30:00+09:00,-7.782300596083236e-06,0.0,0.9817807816632385
2026-06-16 10:35:00+09:00,-1.4786651057561438e-05,0.0,0.9878783426388482
2026-06-16 10:40:00+09:00,-5.051370915494699e-05,0.0,0.9393917131942404
2026-06-16 10:45:00+09:00,-8.280224380420832e-05,0.0,0.9756832206876287
2026-06-16 10:50:00+09:00,0.00018999838002732014,0.006097560975609756,0.9757566852776962
2026-06-16 10:55:00+09:00,-8.795522996534808e-05,0.0,0.9636350279165442
2026-06-16 11:00:00+09:00,7.854142842365105e-05,0.0,0.9696591243020863
2026-06-16 11:05:00+09:00,0.0006402998413919088,0.0,0.9636350279165443
2026-06-16 11:10:00+09:00,-8.316596597401328e-05,0.0,0.9574640023508669
2026-06-16 11:15:00+09:00,7.695053570123264e-05,0.006024096385542169,0.9636350279165442
2026-06-16 11:20:00+09:00,-0.0001963561563326477,0.9817807816632383,0.0
2026-06-16 11:25:00+09:00,0.0,0.0,0.0
2026-06-16 12:30:00+09:00,0.0,0.0,0.0
2026-06-16 12:35:00+09:00,0.0,0.0,0.0
2026-06-16 12:40:00+09:00,0.0,0.0,0.0
2026-06-16 12:45:00+09:00,0.0,0.0,0.0
2026-06-16 12:50:00+09:00,0.0,0.0,0.0
2026-06-16 12:55:00+09:00,0.0,0.0,0.0
2026-06-16 13:00:00+09:00,-0.0005056956534860841,1.0,1.0
2026-06-16 13:05:00+09:00,8.036799139723594e-05,0.0,0.9938271604938271
2026-06-16 13:10:00+09:00,2.7100329530987907e-05,0.0,0.9878048780487805
2026-06-16 13:15:00+09:00,-0.0005368772121659664,0.0,0.9816320385426077
2026-06-16 13:20:00+09:00,0.00010731488357328645,0.0,1.0
2026-06-16 13:25:00+09:00,-0.0002591991724787218,0.0,0.9816320385426076
2026-06-16 13:30:00+09:00,-0.0003772172878665102,0.0,0.9815567600120445
2026-06-16 13:35:00+09:00,0.00041983298940814,0.0,0.9939024390243902
2026-06-16 13:40:00+09:00,0.0012906434056669312,0.0,0.9816320385426077
2026-06-16 13:45:00+09:00,0.000897556228665992,0.0,0.9816320385426076
2026-06-16 13:50:00+09:00,0.000287138180948516,0.0,1.0
2026-06-16 13:55:00+09:00,0.00016813094343062706,0.0,0.9755344775669978
2026-06-16 14:00:00+09:00,0.00016678043002579714,0.0,1.0
2026-06-16 14:05:00+09:00,0.0005621085328042941,0.0,0.9817073170731707
2026-06-16 14:10:00+09:00,-0.00027113885183153096,0.0,0.9876543209876543
2026-06-16 14:15:00+09:00,0.0002583993406493772,0.0,0.9816320385426077
2026-06-16 14:20:00+09:00,0.0008045157864664875,0.0,0.9877295995182174
2026-06-16 14:25:00+09:00,4.099757962856128e-05,0.0,0.9878048780487805
2026-06-16 14:30:00+09:00,0.0003608719867671294,0.0,0.9755344775669978
2026-06-16 14:35:00+09:00,0.0011392538525471084,0.0,0.975609756097561
2026-06-16 14:40:00+09:00,-9.94053725282899e-05,0.0,0.9877295995182174
2026-06-16 14:45:00+09:00,0.0006688853087103149,0.0,0.9816320385426076
2026-06-16 14:50:00+09:00,0.00022523888727832525,0.0,0.9878048780487805
2026-06-16 14:55:00+09:00,-0.0004804597452496408,0.0,0.9754591990364347
2026-06-16 15:00:00+09:00,-0.00010877533810590463,0.0,0.9878048780487805
2026-06-16 15:05:00+09:00,5.063703269580368e-05,0.0,0.9878048780487805
2026-06-16 15:10:00+09:00,0.0006956944129310029,0.012195121951219513,0.9816320385426076
2026-06-16 15:15:00+09:00,-0.00019756097560975612,0.9878048780487805,0.0
2026-06-16 15:20:00+09:00,0.0,0.0,0.0
2026-06-17 09:00:00+09:00,0.0,0.0,0.0
2026-06-17 09:05:00+09:00,0.0,0.0,0.0
2026-06-17 09:10:00+09:00,0.0,0.0,0.0
2026-06-17 09:15:00+09:00,0.0,0.0,0.0
2026-06-17 09:20:00+09:00,0.0,0.0,0.0
2026-06-17 09:25:00+09:00,0.0,0.0,0.0
2026-06-17 09:30:00+09:00,-9.60690344790242e-05,1.0,1.0
2026-06-17 09:35:00+09:00,0.0010730239150444412,0.0,0.9815567600120446
2026-06-17 09:40:00+09:00,-0.001461218435153178,0.0,0.9939024390243902
2026-06-17 09:45:00+09:00,-0.000443338434797231,0.0,1.0
2026-06-17 09:50:00+09:00,-8.449610715078212e-05,0.0,0.9939024390243902
2026-06-17 09:55:00+09:00,-0.0009097364408128341,0.0,0.9754591990364347
2026-06-17 10:00:00+09:00,4.5459499405213824e-05,0.0,0.9876543209876543
2026-06-17 10:05:00+09:00,-5.2224323255685715e-05,0.0,0.9939024390243902
2026-06-17 10:10:00+09:00,0.0002790705067581415,0.0,0.9878048780487804
2026-06-17 10:15:00+09:00,-0.0006058986381199419,0.0,0.9877295995182175
2026-06-17 10:20:00+09:00,-0.0006540549159025911,0.0,0.975609756097561
2026-06-17 10:25:00+09:00,-0.0007944023360615035,0.0,0.9816320385426076
2026-06-17 10:30:00+09:00,-0.0004943619994497052,0.006172839506172839,0.9877295995182174
2026-06-17 10:35:00+09:00,-0.00024423584360461925,0.0,0.9754591990364347
2026-06-17 10:40:00+09:00,-0.0003756226645446352,0.0,0.9816320385426076
2026-06-17 10:45:00+09:00,0.0003040828015444806,0.0,0.9877295995182174
2026-06-17 10:50:00+09:00,-0.0006278398480228387,0.0,0.9938271604938271
2026-06-17 10:55:00+09:00,0.0009510504116618096,0.006097560975609756,0.9632640770852153
2026-06-17 11:00:00+09:00,-0.0005826756297457728,0.0,0.9754591990364349
2026-06-17 11:05:00+09:00,-0.00024220149609534636,0.0,0.9815567600120445
2026-06-17 11:10:00+09:00,0.0004154688506538544,0.006172839506172839,0.9569406805179161
2026-06-17 11:15:00+09:00,-0.0005350220034435835,0.04290876242095754,0.938647997591087
2026-06-17 11:20:00+09:00,-0.0001877295995182174,0.938647997591087,0.0
2026-06-17 11:25:00+09:00,0.0,0.0,0.0
2026-06-17 12:30:00+09:00,0.0,0.0,0.0
2026-06-17 12:35:00+09:00,0.0,0.0,0.0
2026-06-17 12:40:00+09:00,0.0,0.0,0.0
2026-06-17 12:45:00+09:00,0.0,0.0,0.0
2026-06-17 12:50:00+09:00,0.0,0.0,0.0
2026-06-17 12:55:00+09:00,0.0,0.0,0.0
2026-06-17 13:00:00+09:00,-0.00038256720412295785,1.0,1.0
2026-06-17 13:05:00+09:00,0.0001456955316999927,0.0,0.9755344775669978
2026-06-17 13:10:00+09:00,-0.00010615437808464683,0.0,0.9631887985546521
2026-06-17 13:15:00+09:00,0.0001221106593892162,0.0,0.9877295995182174
2026-06-17 13:20:00+09:00,0.00018527875831172286,0.0,0.9816320385426076
2026-06-17 13:25:00+09:00,-0.00023361566087786606,0.0,0.9877295995182173
2026-06-17 13:30:00+09:00,0.00017605400514689244,0.0,0.9877295995182174
2026-06-17 13:35:00+09:00,0.0007246103301133542,0.0,0.969361638060825
2026-06-17 13:40:00+09:00,-4.349374886182953e-05,0.0,0.9939024390243902
2026-06-17 13:45:00+09:00,-0.0002294532706576904,0.0,0.9816320385426076
2026-06-17 13:50:00+09:00,-0.00012224290907708764,0.0,0.9572417946401686
2026-06-17 13:55:00+09:00,-8.803245918871175e-05,0.0,0.9939024390243902
2026-06-17 14:00:00+09:00,0.00020381702764974845,0.0,0.9754591990364347
2026-06-17 14:05:00+09:00,0.00027265447419917244,0.0,0.9878048780487805
2026-06-17 14:10:00+09:00,-6.289041228724688e-05,0.0,0.9632640770852152
2026-06-17 14:15:00+09:00,9.07462029036359e-06,0.0,0.9877295995182173
2026-06-17 14:20:00+09:00,-2.6097940202933647e-05,0.0,0.9938271604938271
2026-06-17 14:25:00+09:00,8.660644208217693e-05,0.0,0.9755344775669978
2026-06-17 14:30:00+09:00,0.0001667982445021097,0.0,0.9816320385426076
2026-06-17 14:35:00+09:00,8.887515482764985e-05,0.0,0.9938271604938271
2026-06-17 14:40:00+09:00,3.0690641301335826e-05,0.0,0.9816320385426076
2026-06-17 14:45:00+09:00,-5.989917367363288e-05,0.0,0.9754591990364349
2026-06-17 14:50:00+09:00,-0.0002261229766401539,0.0,0.9755344775669978
2026-06-17 14:55:00+09:00,-0.00028167046101092955,0.0,0.9938271604938271
2026-06-17 15:00:00+09:00,-0.00013804776927222088,0.0,0.9877295995182174
2026-06-17 15:05:00+09:00,-0.00017574062324796753,0.0,0.9939024390243902
2026-06-17 15:10:00+09:00,-0.00010954678112287408,0.006172839506172839,0.9877295995182174
2026-06-17 15:15:00+09:00,-0.00019876543209876546,0.9938271604938271,0.0
2026-06-17 15:20:00+09:00,0.0,0.0,0.0
2026-06-18 09:00:00+09:00,0.0,0.0,0.0
2026-06-18 09:05:00+09:00,0.0,0.0,0.0
2026-06-18 09:10:00+09:00,0.0,0.0,0.0
2026-06-18 09:15:00+09:00,0.0,0.0,0.0
2026-06-18 09:20:00+09:00,0.0,0.0,0.0
2026-06-18 09:25:00+09:00,0.0,0.0,0.0
2026-06-18 09:30:00+09:00,-0.0007116770271810199,1.0,1.0
2026-06-18 09:35:00+09:00,0.0007595968369298068,0.0,0.9878048780487805
2026-06-18 09:40:00+09:00,0.0008572929247552586,0.0,1.0
2026-06-18 09:45:00+09:00,-0.00054705933984409,0.0,0.969361638060825
2026-06-18 09:50:00+09:00,0.0007110068618532057,0.0,0.9878048780487805
2026-06-18 09:55:00+09:00,0.0006092171420557914,0.0,1.0
2026-06-18 10:00:00+09:00,0.00012960760358910159,0.0,0.9815567600120445
2026-06-18 10:05:00+09:00,-0.0008402570116253715,0.0,0.9938271604938271
2026-06-18 10:10:00+09:00,-7.546431199672644e-05,0.0,0.9939024390243902
2026-06-18 10:15:00+09:00,0.00013136392556490945,0.0,0.9755344775669978
2026-06-18 10:20:00+09:00,0.0003191253390470179,0.0,0.9939024390243902
2026-06-18 10:25:00+09:00,-0.0004044027961051046,0.0,0.9939024390243902
2026-06-18 10:30:00+09:00,8.854603558474358e-05,0.0,0.9817073170731707
2026-06-18 10:35:00+09:00,-0.0007088975293121815,0.0,0.9816320385426076
2026-06-18 10:40:00+09:00,0.00010956660455696838,0.0,0.9878048780487805
2026-06-18 10:45:00+09:00,0.0002911196734806535,0.0,0.9939024390243902
2026-06-18 10:50:00+09:00,-0.0005929428749049387,0.0,0.9938271604938271
2026-06-18 10:55:00+09:00,-0.00011214952783321655,0.0,0.9817073170731707
2026-06-18 11:00:00+09:00,-0.00018760649487249196,0.0,0.9999999999999999
2026-06-18 11:05:00+09:00,0.00014124141685493855,0.0,0.9938271604938271
2026-06-18 11:10:00+09:00,-0.0003620984351683601,0.0,0.9755344775669978
2026-06-18 11:15:00+09:00,-0.00015612573331329243,0.012195121951219513,0.9817073170731707
2026-06-18 11:20:00+09:00,-0.00019756097560975612,0.9878048780487805,0.0
2026-06-18 11:25:00+09:00,0.0,0.0,0.0
2026-06-18 12:30:00+09:00,0.0,0.0,0.0
2026-06-18 12:35:00+09:00,0.0,0.0,0.0
2026-06-18 12:40:00+09:00,0.0,0.0,0.0
2026-06-18 12:45:00+09:00,0.0,0.0,0.0
2026-06-18 12:50:00+09:00,0.0,0.0,0.0
2026-06-18 12:55:00+09:00,0.0,0.0,0.0
2026-06-18 13:00:00+09:00,-0.0002583330223927392,1.0,1.0
2026-06-18 13:05:00+09:00,6.988401227859616e-05,0.0,0.9634146341463414
2026-06-18 13:10:00+09:00,0.00041500218031915146,0.0,0.9817073170731707
2026-06-18 13:15:00+09:00,0.0001425012927153471,0.0,0.9817073170731707
2026-06-18 13:20:00+09:00,-2.385845544994351e-05,0.0,1.0
2026-06-18 13:25:00+09:00,-0.00034260927252187785,0.0,0.9695121951219512
2026-06-18 13:30:00+09:00,0.0007078337181665851,0.0,0.9878048780487805
2026-06-18 13:35:00+09:00,9.20327230962779e-05,0.0,0.9695121951219512
2026-06-18 13:40:00+09:00,-0.00018986287257707636,0.0,0.9939024390243902
2026-06-18 13:45:00+09:00,-0.00019754791757217865,0.0,0.9633393556157783
2026-06-18 13:50:00+09:00,0.00015338384196927752,0.0,0.9817073170731707
2026-06-18 13:55:00+09:00,-0.00032248976324322873,0.0,0.975609756097561
2026-06-18 14:00:00+09:00,0.00012475535143587229,0.0,0.9816320385426076
2026-06-18 14:05:00+09:00,9.345990744957214e-05,0.0,0.9816320385426076
2026-06-18 14:10:00+09:00,-0.00021540246984804405,0.0,0.9817073170731707
2026-06-18 14:15:00+09:00,0.00018793891984177855,0.0,0.9695121951219512
2026-06-18 14:20:00+09:00,0.00026732236557841147,0.0,0.9573170731707317
2026-06-18 14:25:00+09:00,-0.00027089071372700743,0.0,0.9817073170731707
2026-06-18 14:30:00+09:00,0.0005808227594532442,0.0,0.9939024390243902
2026-06-18 14:35:00+09:00,-0.00032824967590846225,0.0,1.0
2026-06-18 14:40:00+09:00,0.0004732290532947706,0.0,0.9634146341463414
2026-06-18 14:45:00+09:00,0.00023788396121378992,0.0,0.9817073170731707
2026-06-18 14:50:00+09:00,0.00020558385706037348,0.0,0.9878048780487805
2026-06-18 14:55:00+09:00,-0.0001196085081317989,0.0,0.9878048780487805
2026-06-18 15:00:00+09:00,0.00040676491501837563,0.0,0.9878048780487805
2026-06-18 15:05:00+09:00,-0.00013181689838903877,0.006097560975609756,0.9878048780487805
2026-06-18 15:10:00+09:00,-0.00011812666327619504,0.0,0.9817073170731707
2026-06-18 15:15:00+09:00,-0.00019878048780487805,0.9939024390243902,0.0
2026-06-18 15:20:00+09:00,0.0,0.0,0.0
2026-06-19 09:00:00+09:00,0.0,0.0,0.0
2026-06-19 09:05:00+09:00,0.0,0.0,0.0
2026-06-19 09:10:00+09:00,0.0,0.0,0.0
2026-06-19 09:15:00+09:00,0.0,0.0,0.0
2026-06-19 09:20:00+09:00,0.0,0.0,0.0
2026-06-19 09:25:00+09:00,0.0,0.0,0.0
2026-06-19 09:30:00+09:00,0.00015623111420380776,1.0,1.0
2026-06-19 09:35:00+09:00,-0.0003704218510166184,0.0,1.0
2026-06-19 09:40:00+09:00,-0.0004775883124490486,0.0,1.0
2026-06-19 09:45:00+09:00,-7.814285837364892e-05,0.0,1.0
2026-06-19 09:50:00+09:00,0.00019856286573268752,0.0,0.9939024390243903
2026-06-19 09:55:00+09:00,0.00039550857322903724,0.0,1.0
2026-06-19 10:00:00+09:00,-0.0007025469276819578,0.0,1.0
2026-06-19 10:05:00+09:00,-0.0006316011939568053,0.0,1.0000000000000002
2026-06-19 10:10:00+09:00,6.338008512011002e-05,0.0,0.993975903614458
2026-06-19 10:15:00+09:00,0.0008159172247694997,0.0,0.9939024390243905
2026-06-19 10:20:00+09:00,0.0001900893110161563,0.0,0.9939024390243905
2026-06-19 10:25:00+09:00,0.00013224052701221758,0.0,0.9878048780487807
2026-06-19 10:30:00+09:00,-0.001151413004637035,0.0,0.981854246253306
2026-06-19 10:35:00+09:00,0.00023443669643239572,0.0,0.9939024390243902
2026-06-19 10:40:00+09:00,-0.00014938532136816773,0.0,0.9878048780487805
2026-06-19 10:45:00+09:00,3.2897119898284626e-05,0.0,1.0
2026-06-19 10:50:00+09:00,0.00015378627447428647,0.0,1.0
2026-06-19 10:55:00+09:00,7.541337387501517e-05,0.0,0.9939024390243902
2026-06-19 11:00:00+09:00,-0.00032103606580187265,0.0,1.0
2026-06-19 11:05:00+09:00,0.00026225442043982685,0.006097560975609756,0.9939024390243902
2026-06-19 11:10:00+09:00,-0.0004447516774811145,0.0,0.9878048780487805
2026-06-19 11:15:00+09:00,0.0007164750139380064,0.0,0.9939024390243902
2026-06-19 11:20:00+09:00,-0.00019878048780487808,0.9939024390243902,0.0
2026-06-19 11:25:00+09:00,0.0,0.0,0.0
2026-06-19 12:30:00+09:00,0.0,0.0,0.0
2026-06-19 12:35:00+09:00,0.0,0.0,0.0
2026-06-19 12:40:00+09:00,0.0,0.0,0.0
2026-06-19 12:45:00+09:00,0.0,0.0,0.0
2026-06-19 12:50:00+09:00,0.0,0.0,0.0
2026-06-19 12:55:00+09:00,0.0,0.0,0.0
2026-06-19 13:00:00+09:00,0.0003189911764094226,1.0,0.9999999999999999
2026-06-19 13:05:00+09:00,-0.0005505481043896657,0.0,0.9814814814814814
2026-06-19 13:10:00+09:00,8.860174795367807e-05,0.0,0.9753839205058716
2026-06-19 13:15:00+09:00,0.00011638631440042772,0.0,0.9815567600120445
2026-06-19 13:20:00+09:00,0.00029097681695491705,0.0,0.9939024390243902
2026-06-19 13:25:00+09:00,-0.00043717381554171105,0.0,0.9754591990364347
2026-06-19 13:30:00+09:00,0.000251288622634306,0.0,0.9877295995182174
2026-06-19 13:35:00+09:00,-0.0005209234317877929,0.0,0.9753839205058717
2026-06-19 13:40:00+09:00,-0.00012899217857639293,0.0,1.0
2026-06-19 13:45:00+09:00,-0.0003983635273977497,0.0,0.9877295995182174
2026-06-19 13:50:00+09:00,0.0004564253806943663,0.0,0.9816320385426076
2026-06-19 13:55:00+09:00,0.00018490515997424137,0.0,0.9877295995182174
2026-06-19 14:00:00+09:00,0.000281613145388337,0.0,0.9939024390243902
2026-06-19 14:05:00+09:00,0.0005291514887699644,0.0,0.9877295995182174
2026-06-19 14:10:00+09:00,-9.874550493639499e-06,0.0,0.9815567600120445
2026-06-19 14:15:00+09:00,-0.0003279050843644117,0.0,0.9816320385426076
2026-06-19 14:20:00+09:00,0.0007224643443129406,0.0,0.9692863595302619
2026-06-19 14:25:00+09:00,-0.00041584151586435814,0.0,0.9939024390243902
2026-06-19 14:30:00+09:00,0.000125483227331248,0.0,0.9877295995182174
2026-06-19 14:35:00+09:00,9.053694489320543e-05,0.0,0.9939024390243902
2026-06-19 14:40:00+09:00,-9.883513483170315e-05,0.0,0.969361638060825
2026-06-19 14:45:00+09:00,2.031763189331677e-05,0.0,0.9878048780487805
2026-06-19 14:50:00+09:00,0.00017602499094551005,0.0,0.9877295995182174
2026-06-19 14:55:00+09:00,0.0001310429599545437,0.0,0.9939024390243902
2026-06-19 15:00:00+09:00,7.086844326850136e-05,0.0,0.9938271604938271
2026-06-19 15:05:00+09:00,-0.0001902874670415618,0.0,0.9939024390243902
2026-06-19 15:10:00+09:00,-0.0001215703094536837,0.006097560975609756,0.9877295995182174
2026-06-19 15:15:00+09:00,-0.00019878048780487805,0.9939024390243902,0.0
2026-06-19 15:20:00+09:00,0.0,0.0,0.0
2026-06-22 09:00:00+09:00,0.0,0.0,0.0
2026-06-22 09:05:00+09:00,0.0,0.0,0.0
2026-06-22 09:10:00+09:00,0.0,0.0,0.0
2026-06-22 09:15:00+09:00,0.0,0.0,0.0
2026-06-22 09:20:00+09:00,0.0,0.0,0.0
2026-06-22 09:25:00+09:00,0.0,0.0,0.0
2026-06-22 09:30:00+09:00,-0.00024286503029298108,1.0,1.0
2026-06-22 09:35:00+09:00,-1.3080730106182082e-06,0.0,0.9939024390243903
2026-06-22 09:40:00+09:00,-0.0010708154550949365,0.0,1.0
2026-06-22 09:45:00+09:00,-0.000733398867405165,0.0,0.993975903614458
2026-06-22 09:50:00+09:00,-2.5369668360106084e-05,0.0,0.9759036144578314
2026-06-22 09:55:00+09:00,-0.00023199287904853937,0.0,0.9638554216867471
2026-06-22 10:00:00+09:00,-0.00021228290953092488,0.0,0.993975903614458
2026-06-22 10:05:00+09:00,-0.0005843712348994264,0.0,0.981854246253306
2026-06-22 10:10:00+09:00,0.00026842574349044687,0.0,0.9819277108433736
2026-06-22 10:15:00+09:00,-5.215923630216013e-05,0.0,0.9759036144578315
2026-06-22 10:20:00+09:00,-0.00033295132957894416,0.0,1.0
2026-06-22 10:25:00+09:00,6.304888047850046e-05,0.0,0.993975903614458
2026-06-22 10:30:00+09:00,-0.0003511234123404495,0.0,0.9819277108433736
2026-06-22 10:35:00+09:00,-0.0004324979634803752,0.0,0.9698060534822217
2026-06-22 10:40:00+09:00,-0.00017691910989457425,0.0,0.963855421686747
2026-06-22 10:45:00+09:00,-0.00041579998258366277,0.0,0.9698795180722892
2026-06-22 10:50:00+09:00,-3.174526337597534e-05,0.0,0.9698795180722892
2026-06-22 10:55:00+09:00,-0.000260477662413333,0.0,0.9698795180722892
2026-06-22 11:00:00+09:00,0.0005665444539931599,0.0,0.9637819570966795
2026-06-22 11:05:00+09:00,-0.00027506917645784645,0.0,0.9819277108433737
2026-06-22 11:10:00+09:00,-4.222065873873611e-05,0.018145753746694096,0.9757566852776962
2026-06-22 11:15:00+09:00,-5.730903784522083e-05,0.018145753746694096,0.9214663532177492
2026-06-22 11:20:00+09:00,-0.0001927416985013224,0.9637084925066118,0.0
2026-06-22 11:25:00+09:00,0.0,0.0,0.0
2026-06-22 12:30:00+09:00,0.0,0.0,0.0
2026-06-22 12:35:00+09:00,0.0,0.0,0.0
2026-06-22 12:40:00+09:00,0.0,0.0,0.0
2026-06-22 12:45:00+09:00,0.0,0.0,0.0
2026-06-22 12:50:00+09:00,0.0,0.0,0.0
2026-06-22 12:55:00+09:00,0.0,0.0,0.0
2026-06-22 13:00:00+09:00,-0.0002503576851490185,1.0,0.9999999999999999
2026-06-22 13:05:00+09:00,-0.00039060814217059834,0.0,0.9878048780487806
2026-06-22 13:10:00+09:00,-0.00017048830238033266,0.0,0.9939024390243903
2026-06-22 13:15:00+09:00,-0.00011966371865941111,0.0,1.0
2026-06-22 13:20:00+09:00,-4.293110744203974e-05,0.0,0.9756097560975611
2026-06-22 13:25:00+09:00,-0.00048073912271773695,0.0,0.9939024390243902
2026-06-22 13:30:00+09:00,-0.00016447023327127662,0.0,0.9939024390243902
2026-06-22 13:35:00+09:00,0.00011704949123691894,0.0,0.9635615633264767
2026-06-22 13:40:00+09:00,-8.808530199367817e-05,0.0,0.9878783426388482
2026-06-22 13:45:00+09:00,0.0001075939863621465,0.0,0.9939024390243903
2026-06-22 13:50:00+09:00,-0.0005194404065195531,0.0,0.9757566852776962
2026-06-22 13:55:00+09:00,-0.00028134494481918507,0.0,0.981854246253306
2026-06-22 14:00:00+09:00,0.00016585990425837345,0.0,0.9817807816632383
2026-06-22 14:05:00+09:00,-0.000286981590232464,0.0,0.9879518072289157
2026-06-22 14:10:00+09:00,-0.0003193462004154593,0.0,0.9939024390243903
2026-06-22 14:15:00+09:00,-0.0002948574658967924,0.0,0.9634146341463415
2026-06-22 14:20:00+09:00,-4.021431741249963e-05,0.0,1.0
2026-06-22 14:25:00+09:00,5.2591315529497555e-06,0.0,0.9573905377607994
2026-06-22 14:30:00+09:00,0.00014184992789129455,0.0,0.993975903614458
2026-06-22 14:35:00+09:00,0.00024307948884061436,0.0,0.9817807816632385
2026-06-22 14:40:00+09:00,-5.8817593783094704e-05,0.0,0.9817807816632385
2026-06-22 14:45:00+09:00,-0.0002442068487448662,0.0,1.0
2026-06-22 14:50:00+09:00,-5.8060546969520224e-05,0.0,0.9695856597120188
2026-06-22 14:55:00+09:00,-0.0001563320053157772,0.0,0.975609756097561
2026-06-22 15:00:00+09:00,-5.761990628137671e-05,0.0,0.9817073170731707
2026-06-22 15:05:00+09:00,-0.00012508814057736958,0.0,0.9817807816632383
2026-06-22 15:10:00+09:00,-0.00012366306377424417,0.0,0.9878048780487806
2026-06-22 15:15:00+09:00,-0.0002,1.0,0.0
2026-06-22 15:20:00+09:00,0.0,0.0,0.0
2026-06-23 09:00:00+09:00,0.0,0.0,0.0
2026-06-23 09:05:00+09:00,0.0,0.0,0.0
2026-06-23 09:10:00+09:00,0.0,0.0,0.0
2026-06-23 09:15:00+09:00,0.0,0.0,0.0
2026-06-23 09:20:00+09:00,0.0,0.0,0.0
2026-06-23 09:25:00+09:00,0.0,0.0,0.0
2026-06-23 09:30:00+09:00,-0.0007700906920096454,1.0,1.0
2026-06-23 09:35:00+09:00,0.0002895524233410128,0.0,0.9817073170731708
2026-06-23 09:40:00+09:00,0.0019881090588930233,0.0,0.9635615633264767
2026-06-23 09:45:00+09:00,0.00012206712701789708,0.0,0.9634146341463415
2026-06-23 09:50:00+09:00,0.00028403674955299106,0.0,0.9635615633264766
2026-06-23 09:55:00+09:00,0.0008355274004213214,0.0,0.9878048780487805
2026-06-23 10:00:00+09:00,-0.0003150393841067717,0.0,0.9817807816632385
2026-06-23 10:05:00+09:00,-0.00033310040154643664,0.0,0.9756832206876287
2026-06-23 10:10:00+09:00,-9.966420947087446e-05,0.0,0.9330737584484279
2026-06-23 10:15:00+09:00,-0.000218704624498481,0.0,0.9817073170731708
2026-06-23 10:20:00+09:00,-0.00012068484740344033,0.0,0.9634880987364091
2026-06-23 10:25:00+09:00,-0.0006831342897260912,0.0,0.9573905377607994
2026-06-23 10:30:00+09:00,-0.0006971575206128858,0.0,0.9695856597120188
2026-06-23 10:35:00+09:00,-0.0018079273207533128,0.0,0.9695856597120189
2026-06-23 10:40:00+09:00,-0.002153506693707004,0.0,0.9635615633264767
2026-06-23 10:45:00+09:00,-0.0007801707515178628,0.0,0.9878783426388481
2026-06-23 10:50:00+09:00,-0.0005387421482771445,0.0,0.981854246253306
2026-06-23 10:55:00+09:00,0.0006517757532548246,0.0,0.9695856597120189
2026-06-23 11:00:00+09:00,-0.0014247300510343843,0.0,0.9817073170731708
2026-06-23 11:05:00+09:00,0.0011490328489635712,0.006097560975609756,0.9695121951219512
2026-06-23 11:10:00+09:00,0.0007852437500370674,0.018219218336761683,0.9573905377607993
2026-06-23 11:15:00+09:00,0.00029044728597439997,0.04253599764913312,0.8965618571848369
2026-06-23 11:20:00+09:00,-0.0001866294446076991,0.9331472230384955,0.0
2026-06-23 11:25:00+09:00,0.0,0.0,0.0
2026-06-23 12:30:00+09:00,0.0,0.0,0.0
2026-06-23 12:35:00+09:00,0.0,0.0,0.0
2026-06-23 12:40:00+09:00,0.0,0.0,0.0
2026-06-23 12:45:00+09:00,0.0,0.0,0.0
2026-06-23 12:50:00+09:00,0.0,0.0,0.0
2026-06-23 12:55:00+09:00,0.0,0.0,0.0
2026-06-23 13:00:00+09:00,-0.0005036716863247963,1.0,1.0
2026-06-23 13:05:00+09:00,0.000254081612067717,0.0,0.9877295995182174
2026-06-23 13:10:00+09:00,-9.440026390567518e-05,0.0,0.9878048780487805
2026-06-23 13:15:00+09:00,0.000237534497603361,0.0,0.9815567600120445
2026-06-23 13:20:00+09:00,0.00018438963711615345,0.0,0.9938271604938271
2026-06-23 13:25:00+09:00,-0.00011772251287267858,0.0,0.969361638060825
2026-06-23 13:30:00+09:00,-8.926437252421009e-05,0.0,0.9877295995182175
2026-06-23 13:35:00+09:00,-0.00012135784558443474,0.0,0.9938271604938271
2026-06-23 13:40:00+09:00,-0.00020957564489692754,0.0,0.9877295995182174
2026-06-23 13:45:00+09:00,-0.00041752091849613717,0.0,0.9938271604938271
2026-06-23 13:50:00+09:00,0.00013395159837514934,0.0,1.0
2026-06-23 13:55:00+09:00,2.242323950874325e-06,0.0,0.9877295995182174
2026-06-23 14:00:00+09:00,-4.6737178357471936e-05,0.0,0.9817073170731706
2026-06-23 14:05:00+09:00,-8.040490732533104e-05,0.0,0.9753839205058716
2026-06-23 14:10:00+09:00,-0.00031653745372500563,0.0,0.9816320385426077
2026-06-23 14:15:00+09:00,-4.3776926644562314e-05,0.0,0.9816320385426076
2026-06-23 14:20:00+09:00,-0.000421754921166856,0.0,0.9878048780487804
2026-06-23 14:25:00+09:00,-0.00012530481965123379,0.0,0.9999999999999998
2026-06-23 14:30:00+09:00,0.00037833134350541506,0.0,0.9999999999999998
2026-06-23 14:35:00+09:00,0.0004752693273410533,0.0,0.9999999999999999
2026-06-23 14:40:00+09:00,-0.0005464365279855465,0.0,0.9876543209876544
2026-06-23 14:45:00+09:00,0.00016419922096574705,0.0,0.9999999999999998
2026-06-23 14:50:00+09:00,-0.00022711517479018237,0.0,0.9939024390243902
2026-06-23 14:55:00+09:00,-0.00012615952892672692,0.0,0.9999999999999999
2026-06-23 15:00:00+09:00,-0.00019615869943038962,0.0,0.9939024390243901
2026-06-23 15:05:00+09:00,0.00012458797832632181,0.0,0.9999999999999999
2026-06-23 15:10:00+09:00,-0.00014521287729425144,0.0,0.9999999999999999
2026-06-23 15:15:00+09:00,-0.0002,1.0,0.0
2026-06-23 15:20:00+09:00,0.0,0.0,0.0
2026-06-24 09:00:00+09:00,0.0,0.0,0.0
2026-06-24 09:05:00+09:00,0.0,0.0,0.0
2026-06-24 09:10:00+09:00,0.0,0.0,0.0
2026-06-24 09:15:00+09:00,0.0,0.0,0.0
2026-06-24 09:20:00+09:00,0.0,0.0,0.0
2026-06-24 09:25:00+09:00,0.0,0.0,0.0
2026-06-24 09:30:00+09:00,0.0014994418911346717,1.0,0.9999999999999999
2026-06-24 09:35:00+09:00,0.0007803853204610886,0.0,0.9815567600120445
2026-06-24 09:40:00+09:00,0.0022725685645406954,0.0,0.9939024390243902
2026-06-24 09:45:00+09:00,0.000981379014591296,0.0,0.9816320385426076
2026-06-24 09:50:00+09:00,-0.0013025449722547662,0.0,0.9939024390243902
2026-06-24 09:55:00+09:00,0.0018948427508473902,0.0,0.9876543209876543
2026-06-24 10:00:00+09:00,-0.0002764223967654473,0.0,1.0
2026-06-24 10:05:00+09:00,-0.000529604269559989,0.0,1.0
2026-06-24 10:10:00+09:00,0.00284464369301313,0.0,0.9816320385426076
2026-06-24 10:15:00+09:00,-0.001734205056831642,0.0,0.9695121951219512
2026-06-24 10:20:00+09:00,0.0004743672552397464,0.0,0.9939024390243902
2026-06-24 10:25:00+09:00,-8.590270751242165e-05,0.0,0.9817073170731707
2026-06-24 10:30:00+09:00,0.0005498547952049534,0.0,0.9816320385426076
2026-06-24 10:35:00+09:00,0.0005220390169081485,0.0,0.9815567600120445
2026-06-24 10:40:00+09:00,-0.0005590109342964855,0.0,0.9815567600120445
2026-06-24 10:45:00+09:00,-0.001008537499763194,0.0,0.9816320385426076
2026-06-24 10:50:00+09:00,-0.00033606997018894555,0.0,0.9877295995182174
2026-06-24 10:55:00+09:00,-0.0012941717366560166,0.0,0.9877295995182174
2026-06-24 11:00:00+09:00,4.46132702621644e-05,0.0,0.9939024390243902
2026-06-24 11:05:00+09:00,0.00036074521126638534,0.012195121951219513,0.9817073170731707
2026-06-24 11:10:00+09:00,0.0009364002368366,0.006097560975609756,0.9447455585666968
2026-06-24 11:15:00+09:00,0.0009009844235963193,0.006097560975609756,0.9634146341463414
2026-06-24 11:20:00+09:00,-0.0001951219512195122,0.975609756097561,0.0
2026-06-24 11:25:00+09:00,0.0,0.0,0.0
2026-06-24 12:30:00+09:00,0.0,0.0,0.0
2026-06-24 12:35:00+09:00,0.0,0.0,0.0
2026-06-24 12:40:00+09:00,0.0,0.0,0.0
2026-06-24 12:45:00+09:00,0.0,0.0,0.0
2026-06-24 12:50:00+09:00,0.0,0.0,0.0
2026-06-24 12:55:00+09:00,0.0,0.0,0.0
2026-06-24 13:00:00+09:00,-7.034254176004833e-05,1.0,0.9999999999999999
2026-06-24 13:05:00+09:00,-0.0009574012004028951,0.0,0.9750000000000001
2026-06-24 13:10:00+09:00,-0.0016238116144117309,0.0,0.98125
2026-06-24 13:15:00+09:00,-0.0021778518250409377,0.0,0.9875771604938272
2026-06-24 13:20:00+09:00,-0.00013348110800365964,0.0,1.0
2026-06-24 13:25:00+09:00,0.0015532280803686514,0.0,0.98125
2026-06-24 13:30:00+09:00,0.0003312330445247567,0.0,0.9812500000000001
2026-06-24 13:35:00+09:00,0.0010541208791913133,0.0,0.9813271604938272
2026-06-24 13:40:00+09:00,-0.0004855065551021937,0.0,0.99375
2026-06-24 13:45:00+09:00,0.0001500394167782697,0.0,0.98125
2026-06-24 13:50:00+09:00,0.0018119225576434517,0.0,0.975
2026-06-24 13:55:00+09:00,0.0016487383439501378,0.0,0.987577160493827
2026-06-24 14:00:00+09:00,0.001062693175647353,0.0,0.9875
2026-06-24 14:05:00+09:00,0.0006666679082913465,0.0,0.9875
2026-06-24 14:10:00+09:00,0.0014163930237619954,0.0,0.9750771604938271
2026-06-24 14:15:00+09:00,0.0010483838565796266,0.0,0.9875
2026-06-24 14:20:00+09:00,-0.0009320668815151215,0.0,0.99375
2026-06-24 14:25:00+09:00,0.0006208670611255207,0.0,0.975
2026-06-24 14:30:00+09:00,0.0015582039007402,0.0,0.975
2026-06-24 14:35:00+09:00,2.112740621127913e-05,0.0,0.9875
2026-06-24 14:40:00+09:00,0.0001709234678974836,0.0,0.98125
2026-06-24 14:45:00+09:00,-0.0009927494286771903,0.0,1.0
2026-06-24 14:50:00+09:00,-0.0006548090499145563,0.0,0.9813271604938272
2026-06-24 14:55:00+09:00,-0.000633146104468098,0.0,0.9999999999999999
2026-06-24 15:00:00+09:00,0.0004393616388964164,0.0,0.98125
2026-06-24 15:05:00+09:00,-0.00076763852533158,0.00625,0.9874999999999999
2026-06-24 15:10:00+09:00,-0.0006460271145668534,0.00625,0.9749999999999999
2026-06-24 15:15:00+09:00,-0.0001975,0.9875,0.0
2026-06-24 15:20:00+09:00,0.0,0.0,0.0
2026-06-25 09:00:00+09:00,0.0,0.0,0.0
2026-06-25 09:05:00+09:00,0.0,0.0,0.0
2026-06-25 09:10:00+09:00,0.0,0.0,0.0
2026-06-25 09:15:00+09:00,0.0,0.0,0.0
2026-06-25 09:20:00+09:00,0.0,0.0,0.0
2026-06-25 09:25:00+09:00,0.0,0.0,0.0
2026-06-25 09:30:00+09:00,0.00015587371686584729,1.0,1.0
2026-06-25 09:35:00+09:00,-0.0007263605047411933,0.0,0.9938271604938271
2026-06-25 09:40:00+09:00,0.0005666183352308184,0.0,0.9753086419753086
2026-06-25 09:45:00+09:00,0.0007016433914256532,0.0,1.0
2026-06-25 09:50:00+09:00,-5.106920872863773e-05,0.0,0.9814814814814814
2026-06-25 09:55:00+09:00,-0.0009190184958268343,0.0,0.9876543209876543
2026-06-25 10:00:00+09:00,-0.0003635380334859786,0.0,0.9814814814814814
2026-06-25 10:05:00+09:00,0.00034350666127480655,0.0,0.9814814814814814
2026-06-25 10:10:00+09:00,0.0003950436741536457,0.0,0.9938271604938271
2026-06-25 10:15:00+09:00,-0.0013765027891389794,0.0,0.9754591990364347
2026-06-25 10:20:00+09:00,-8.523772730407409e-05,0.0,0.9876543209876544
2026-06-25 10:25:00+09:00,0.0004204188077218353,0.0,0.9691358024691358
2026-06-25 10:30:00+09:00,0.0005661118528166517,0.0,0.963038241493526
2026-06-25 10:35:00+09:00,-5.302213960509994e-05,0.0,0.9815567600120445
2026-06-25 10:40:00+09:00,0.00015697088566692,0.0,0.9876543209876543
2026-06-25 10:45:00+09:00,-0.00010909228605899522,0.0,0.9629629629629629
2026-06-25 10:50:00+09:00,-0.0004556218267200455,0.0,0.9814814814814814
2026-06-25 10:55:00+09:00,0.0005514933641389901,0.0,0.9815567600120445
2026-06-25 11:00:00+09:00,-0.0002578796641829503,0.0,0.9753086419753086
2026-06-25 11:05:00+09:00,-0.0004855414278438626,0.006172839506172839,0.9692110809996989
2026-06-25 11:10:00+09:00,0.0005440051647292987,0.0,0.9814814814814815
2026-06-25 11:15:00+09:00,0.00036323787897038945,0.018443239987955433,0.9568654019873531
2026-06-25 11:20:00+09:00,-0.00019507678410117437,0.9753839205058717,0.0
2026-06-25 11:25:00+09:00,0.0,0.0,0.0
2026-06-25 12:30:00+09:00,0.0,0.0,0.0
2026-06-25 12:35:00+09:00,0.0,0.0,0.0
2026-06-25 12:40:00+09:00,0.0,0.0,0.0
2026-06-25 12:45:00+09:00,0.0,0.0,0.0
2026-06-25 12:50:00+09:00,0.0,0.0,0.0
2026-06-25 12:55:00+09:00,0.0,0.0,0.0
2026-06-25 13:00:00+09:00,-2.6669198213087408e-05,1.0,1.0
2026-06-25 13:05:00+09:00,0.00016878810245373997,0.0,0.9750771604938271
2026-06-25 13:10:00+09:00,-0.00046324848594800556,0.0,0.9813271604938272
2026-06-25 13:15:00+09:00,0.00029337374653296477,0.0,0.9938271604938271
2026-06-25 13:20:00+09:00,-0.00028493034657518665,0.0,0.9875771604938272
2026-06-25 13:25:00+09:00,-0.0004087415327486537,0.0,0.9876543209876543
2026-06-25 13:30:00+09:00,-0.00010025787096096668,0.0,0.9814043209876543
2026-06-25 13:35:00+09:00,0.0003541908561960926,0.0,0.9690586419753087
2026-06-25 13:40:00+09:00,0.0005916069019711347,0.0,0.9751543209876543
2026-06-25 13:45:00+09:00,0.00018094707208223036,0.0,0.9999999999999999
2026-06-25 13:50:00+09:00,0.00020413948231729772,0.0,0.9876543209876543
2026-06-25 13:55:00+09:00,9.257222076431012e-05,0.0,0.9751543209876543
2026-06-25 14:00:00+09:00,0.0001837534104803727,0.0,0.9876543209876543
2026-06-25 14:05:00+09:00,-1.3464445148808679e-05,0.0,0.9814043209876544
2026-06-25 14:10:00+09:00,-0.00022165149963638696,0.0,0.9814043209876543
2026-06-25 14:15:00+09:00,4.243876944931483e-05,0.0,1.0
2026-06-25 14:20:00+09:00,8.666493395820618e-05,0.0,0.9875771604938273
2026-06-25 14:25:00+09:00,0.00045603094774523744,0.0,0.9752314814814813
2026-06-25 14:30:00+09:00,-0.00016918324756898912,0.0,1.0
2026-06-25 14:35:00+09:00,0.00037265805648566293,0.0,0.9813271604938271
2026-06-25 14:40:00+09:00,9.573630571575239e-05,0.0,0.9938271604938271
2026-06-25 14:45:00+09:00,-0.00026496044916777606,0.0,0.9938271604938271
2026-06-25 14:50:00+09:00,0.0005119817796722142,0.0,0.9689814814814814
2026-06-25 14:55:00+09:00,0.00027919994973855326,0.0,1.0
2026-06-25 15:00:00+09:00,0.00042730469150583235,0.0,0.9938271604938271
2026-06-25 15:05:00+09:00,3.298634292846823e-05,0.0,0.9937499999999999
2026-06-25 15:10:00+09:00,-2.5782867709922067e-05,0.0,1.0
2026-06-25 15:15:00+09:00,-0.0002,1.0,0.0
2026-06-25 15:20:00+09:00,0.0,0.0,0.0
2026-06-26 09:00:00+09:00,0.0,0.0,0.0
2026-06-26 09:05:00+09:00,0.0,0.0,0.0
2026-06-26 09:10:00+09:00,0.0,0.0,0.0
2026-06-26 09:15:00+09:00,0.0,0.0,0.0
2026-06-26 09:20:00+09:00,0.0,0.0,0.0
2026-06-26 09:25:00+09:00,0.0,0.0,0.0
2026-06-26 09:30:00+09:00,0.0006388434616664665,1.0,1.0
2026-06-26 09:35:00+09:00,-0.00025249300614638473,0.0,0.9573905377607993
2026-06-26 09:40:00+09:00,0.00024205328477502512,0.0,0.9939759036144579
2026-06-26 09:45:00+09:00,-0.0005001660626019858,0.0,0.9939024390243902
2026-06-26 09:50:00+09:00,0.000693616735841068,0.0,0.9878783426388482
2026-06-26 09:55:00+09:00,0.0006109313126204448,0.0,0.9939024390243902
2026-06-26 10:00:00+09:00,-0.00048020538592714006,0.0,1.0
2026-06-26 10:05:00+09:00,0.00032917378652771886,0.0,0.9939024390243902
2026-06-26 10:10:00+09:00,0.0002913733037351059,0.0,0.975609756097561
2026-06-26 10:15:00+09:00,-0.0004112929802405652,0.0,0.9878048780487805
2026-06-26 10:20:00+09:00,-0.00029477274020351063,0.0,0.9695121951219512
2026-06-26 10:25:00+09:00,-0.0003003737105819376,0.0,0.9635615633264767
2026-06-26 10:30:00+09:00,6.957246724064181e-05,0.0,1.0
2026-06-26 10:35:00+09:00,-2.7305691295068173e-05,0.0,0.9817807816632383
2026-06-26 10:40:00+09:00,8.584377087220266e-05,0.0,0.9878783426388481
2026-06-26 10:45:00+09:00,-0.0005021227942794184,0.0,0.9817073170731707
2026-06-26 10:50:00+09:00,-0.00037578397624209186,0.0,0.9695121951219512
2026-06-26 10:55:00+09:00,-0.00030279659288962203,0.0,0.9878048780487806
2026-06-26 11:00:00+09:00,9.216500816766318e-05,0.0,0.9757566852776962
2026-06-26 11:05:00+09:00,-4.109243302559717e-05,0.006097560975609756,0.9878048780487805
2026-06-26 11:10:00+09:00,0.00021996164148226313,0.0,0.9634146341463415
2026-06-26 11:15:00+09:00,0.00015741294908581791,0.02424331472230385,0.9635615633264767
2026-06-26 11:20:00+09:00,-0.0001939318248604173,0.9696591243020865,0.0
2026-06-26 11:25:00+09:00,0.0,0.0,0.0
2026-06-26 12:30:00+09:00,0.0,0.0,0.0
2026-06-26 12:35:00+09:00,0.0,0.0,0.0
2026-06-26 12:40:00+09:00,0.0,0.0,0.0
2026-06-26 12:45:00+09:00,0.0,0.0,0.0
2026-06-26 12:50:00+09:00,0.0,0.0,0.0
2026-06-26 12:55:00+09:00,0.0,0.0,0.0
2026-06-26 13:00:00+09:00,0.00036127036999979986,1.0,1.0
2026-06-26 13:05:00+09:00,3.3372023371515665e-05,0.0,0.9817807816632383
2026-06-26 13:10:00+09:00,0.00025638828457051437,0.0,0.9817807816632385
2026-06-26 13:15:00+09:00,-0.0003891403258818605,0.0,0.9939759036144579
2026-06-26 13:20:00+09:00,0.00035991245791456346,0.0,0.9878783426388482
2026-06-26 13:25:00+09:00,-0.00022724881367595034,0.0,0.9636350279165442
2026-06-26 13:30:00+09:00,-0.00035340691410839343,0.0,0.9817073170731708
2026-06-26 13:35:00+09:00,0.00039434392312770597,0.0,0.9878783426388481
2026-06-26 13:40:00+09:00,0.00012065234327428764,0.0,0.9939024390243902
2026-06-26 13:45:00+09:00,-7.195983577609005e-05,0.0,0.9939759036144578
2026-06-26 13:50:00+09:00,0.0003230456399558085,0.0,0.9939759036144578
2026-06-26 13:55:00+09:00,-0.00037479545875629535,0.0,0.9575374669409344
2026-06-26 14:00:00+09:00,0.00018601637072733018,0.0,0.9817807816632383
2026-06-26 14:05:00+09:00,0.0002700634293402882,0.0,0.9939759036144579
2026-06-26 14:10:00+09:00,8.800552151110189e-05,0.0,0.9817807816632383
2026-06-26 14:15:00+09:00,-0.00021260276842620225,0.0,0.9939024390243902
2026-06-26 14:20:00+09:00,0.00027991089689997684,0.0,0.9757566852776961
2026-06-26 14:25:00+09:00,0.00042902981050408815,0.0,0.9878048780487805
2026-06-26 14:30:00+09:00,-6.97424474112544e-05,0.0,0.9879518072289156
2026-06-26 14:35:00+09:00,-0.00037092911983545155,0.0,0.9817807816632383
2026-06-26 14:40:00+09:00,-0.00018253298022782177,0.0,0.9878783426388482
2026-06-26 14:45:00+09:00,0.00029632684661963694,0.0,0.9939759036144579
2026-06-26 14:50:00+09:00,-7.532996084212246e-05,0.0,0.9878048780487805
2026-06-26 14:55:00+09:00,-0.0001053582655131659,0.0,0.9939024390243903
2026-06-26 15:00:00+09:00,0.00013460757251899596,0.0,0.9939759036144579
2026-06-26 15:05:00+09:00,9.270076047367598e-05,0.0,0.9817807816632382
2026-06-26 15:10:00+09:00,-3.8462646575388755e-07,0.006097560975609756,0.9817073170731708
2026-06-26 15:15:00+09:00,-0.00019878048780487808,0.9939024390243902,0.0
2026-06-26 15:20:00+09:00,0.0,0.0,0.0
2026-06-29 09:00:00+09:00,0.0,0.0,0.0
2026-06-29 09:05:00+09:00,0.0,0.0,0.0
2026-06-29 09:10:00+09:00,0.0,0.0,0.0
2026-06-29 09:15:00+09:00,0.0,0.0,0.0
2026-06-29 09:20:00+09:00,0.0,0.0,0.0
2026-06-29 09:25:00+09:00,0.0,0.0,0.0
2026-06-29 09:30:00+09:00,-0.0025295908072586744,1.0,1.0
2026-06-29 09:35:00+09:00,0.006320174511812093,0.0,1.0
2026-06-29 09:40:00+09:00,0.002304526629286448,0.0,0.9940476190476191
2026-06-29 09:45:00+09:00,0.004144132813591437,0.0,1.0
2026-06-29 09:50:00+09:00,0.003954575476599194,0.0,0.9940476190476191
2026-06-29 09:55:00+09:00,-0.0009629676356732727,0.0,0.994047619047619
2026-06-29 10:00:00+09:00,0.0007408194567879642,0.0,0.9999999999999999
2026-06-29 10:05:00+09:00,-0.0009038394037488067,0.0,1.0
2026-06-29 10:10:00+09:00,-0.001770424612718789,0.0,0.9879518072289157
2026-06-29 10:15:00+09:00,-0.0021597625720703485,0.0,0.9939759036144578
2026-06-29 10:20:00+09:00,-0.0021451448025160197,0.0,0.9880952380952381
2026-06-29 10:25:00+09:00,0.004771468618624807,0.0,0.9940476190476191
2026-06-29 10:30:00+09:00,0.004700053130775443,0.0,1.0
2026-06-29 10:35:00+09:00,0.0010606332737780621,0.0,0.994047619047619
2026-06-29 10:40:00+09:00,-0.002281941519873394,0.0,0.9880235226620769
2026-06-29 10:45:00+09:00,-0.0012140741880611403,0.0,0.9999999999999999
2026-06-29 10:50:00+09:00,-0.0008939304347792185,0.0,1.0
2026-06-29 10:55:00+09:00,-0.0030813499557054216,0.0,1.0
2026-06-29 11:00:00+09:00,-0.0009906263406006105,0.0,1.0
2026-06-29 11:05:00+09:00,-0.003209686521579044,0.0,0.9819994262765347
2026-06-29 11:10:00+09:00,0.002202676716522221,0.0,1.0
2026-06-29 11:15:00+09:00,0.0007358148577744149,0.02402467010900746,0.9759753298909926
2026-06-29 11:20:00+09:00,-0.0001951950659781985,0.9759753298909926,0.0
2026-06-29 11:25:00+09:00,0.0,0.0,0.0
2026-06-29 12:30:00+09:00,0.0,0.0,0.0
2026-06-29 12:35:00+09:00,0.0,0.0,0.0
2026-06-29 12:40:00+09:00,0.0,0.0,0.0
2026-06-29 12:45:00+09:00,0.0,0.0,0.0
2026-06-29 12:50:00+09:00,0.0,0.0,0.0
2026-06-29 12:55:00+09:00,0.0,0.0,0.0
2026-06-29 13:00:00+09:00,0.0002539947867893894,1.0,1.0
2026-06-29 13:05:00+09:00,0.0005716427461670743,0.0,0.993975903614458
2026-06-29 13:10:00+09:00,5.678201254293825e-05,0.0,0.9939024390243902
2026-06-29 13:15:00+09:00,-0.0001106031383053558,0.0,0.9635615633264766
2026-06-29 13:20:00+09:00,0.00044677807501661336,0.0,0.969732588892154
2026-06-29 13:25:00+09:00,0.00014373620328465877,0.0,0.9575374669409344
2026-06-29 13:30:00+09:00,0.00017771079377040786,0.0,0.9756832206876287
2026-06-29 13:35:00+09:00,-7.9459341711504e-05,0.0,0.9756832206876287
2026-06-29 13:40:00+09:00,-0.00036498200649471327,0.0,0.9332206876285631
2026-06-29 13:45:00+09:00,0.0005897501219612702,0.0,0.9697325888921541
2026-06-29 13:50:00+09:00,0.00039551838286991316,0.0,0.9453423449897151
2026-06-29 13:55:00+09:00,0.00024122226348294624,0.0,0.9817073170731709
2026-06-29 14:00:00+09:00,-0.0003137695855243625,0.0,0.9879518072289157
2026-06-29 14:05:00+09:00,-0.0003899513084683001,0.0,0.9878783426388482
2026-06-29 14:10:00+09:00,2.0981274571500567e-05,0.0,0.9636350279165442
2026-06-29 14:15:00+09:00,-0.00032012387277454546,0.0,0.9454158095797826
2026-06-29 14:20:00+09:00,8.459384196644388e-05,0.0,0.9334410813987658
2026-06-29 14:25:00+09:00,-0.0007449592019361154,0.0,0.9818542462533059
2026-06-29 14:30:00+09:00,-0.00015418237694021008,0.0,0.9939024390243902
2026-06-29 14:35:00+09:00,-0.0009997684662640764,0.0,0.981854246253306
2026-06-29 14:40:00+09:00,-0.00033209613067824317,0.0,0.9698060534822215
2026-06-29 14:45:00+09:00,-0.0008981946818919185,0.0,0.9879518072289157
2026-06-29 14:50:00+09:00,-0.000624258504784876,0.0,0.993975903614458
2026-06-29 14:55:00+09:00,-0.00012509069787268868,0.006097560975609756,0.9939024390243905
2026-06-29 15:00:00+09:00,0.00018513207395367388,0.0,0.9817807816632385
2026-06-29 15:05:00+09:00,-0.0002443800103664093,0.0,0.981854246253306
2026-06-29 15:10:00+09:00,-0.00014952276578430153,0.0,0.9817807816632385
2026-06-29 15:15:00+09:00,-0.00019878048780487808,0.9939024390243902,0.0
2026-06-29 15:20:00+09:00,0.0,0.0,0.0
2026-06-30 09:00:00+09:00,0.0,0.0,0.0
2026-06-30 09:05:00+09:00,0.0,0.0,0.0
2026-06-30 09:10:00+09:00,0.0,0.0,0.0
2026-06-30 09:15:00+09:00,0.0,0.0,0.0
2026-06-30 09:20:00+09:00,0.0,0.0,0.0
2026-06-30 09:25:00+09:00,0.0,0.0,0.0
2026-06-30 09:30:00+09:00,7.382113440936128e-05,1.0,1.0
2026-06-30 09:35:00+09:00,-9.810037285625265e-05,0.0,1.0
2026-06-30 09:40:00+09:00,0.000702614338757443,0.0,0.9817073170731707
2026-06-30 09:45:00+09:00,0.0013498500385048155,0.0,1.0
2026-06-30 09:50:00+09:00,-0.00045532238138584725,0.0,1.0
2026-06-30 09:55:00+09:00,-0.0008193330198728943,0.0,0.9939759036144579
2026-06-30 10:00:00+09:00,-0.00014593638419613136,0.0,1.0
2026-06-30 10:05:00+09:00,0.00021078735212457205,0.0,0.993975903614458
2026-06-30 10:10:00+09:00,0.0005114168018603869,0.0,1.0
2026-06-30 10:15:00+09:00,0.0008304105315287262,0.0,0.987878342638848
2026-06-30 10:20:00+09:00,0.0006379346132019987,0.0,1.0
2026-06-30 10:25:00+09:00,0.00010924796836221503,0.0,0.9939024390243902
2026-06-30 10:30:00+09:00,-0.0003895415485315592,0.0,1.0
2026-06-30 10:35:00+09:00,-0.0003683185201947962,0.0,1.0
2026-06-30 10:40:00+09:00,-0.0007245144543443271,0.0,1.0
2026-06-30 10:45:00+09:00,0.0010094093831510558,0.0,0.9939024390243902
2026-06-30 10:50:00+09:00,0.00045323281459325063,0.0,0.9939024390243902
2026-06-30 10:55:00+09:00,0.0002761070287146565,0.0,0.9756832206876286
2026-06-30 11:00:00+09:00,-2.831232028880708e-05,0.0,0.9939759036144579
2026-06-30 11:05:00+09:00,5.0932846080442914e-06,0.0,0.9817073170731708
2026-06-30 11:10:00+09:00,5.790239035066235e-05,0.006097560975609756,0.9939024390243902
2026-06-30 11:15:00+09:00,0.000878883154329016,0.006024096385542169,0.9696591243020865
2026-06-30 11:20:00+09:00,-0.00019757566852776962,0.9878783426388481,0.0
2026-06-30 11:25:00+09:00,0.0,0.0,0.0
2026-06-30 12:30:00+09:00,0.0,0.0,0.0
2026-06-30 12:35:00+09:00,0.0,0.0,0.0
2026-06-30 12:40:00+09:00,0.0,0.0,0.0
2026-06-30 12:45:00+09:00,0.0,0.0,0.0
2026-06-30 12:50:00+09:00,0.0,0.0,0.0
2026-06-30 12:55:00+09:00,0.0,0.0,0.0
2026-06-30 13:00:00+09:00,4.995046790627551e-05,1.0,0.9999999999999999
2026-06-30 13:05:00+09:00,-9.245968906755226e-05,0.0,0.9939024390243902
2026-06-30 13:10:00+09:00,-0.00035850954125319983,0.0,0.9817073170731707
2026-06-30 13:15:00+09:00,-1.8613714642786164e-05,0.0,0.9816320385426076
2026-06-30 13:20:00+09:00,-0.0005593478717699325,0.0,0.9817073170731707
2026-06-30 13:25:00+09:00,0.0001316525263538647,0.0,0.9755344775669978
2026-06-30 13:30:00+09:00,4.614731407393844e-05,0.0,0.9816320385426076
2026-06-30 13:35:00+09:00,0.00022704189657044087,0.0,0.9876543209876543
2026-06-30 13:40:00+09:00,0.000514082306292501,0.0,0.9754591990364347
2026-06-30 13:45:00+09:00,-0.00029305097888884525,0.0,0.9816320385426076
2026-06-30 13:50:00+09:00,-8.612900593024688e-05,0.0,0.9877295995182174
2026-06-30 13:55:00+09:00,-9.269322611608167e-05,0.0,0.969361638060825
2026-06-30 14:00:00+09:00,0.000359430742274419,0.0,0.9878048780487805
2026-06-30 14:05:00+09:00,0.0004798309547592201,0.0,0.9753086419753085
2026-06-30 14:10:00+09:00,0.0002518613661749355,0.0,0.9570159590484794
2026-06-30 14:15:00+09:00,-7.904733749265327e-05,0.0,0.963038241493526
2026-06-30 14:20:00+09:00,0.000501977021804802,0.0,0.9816320385426076
2026-06-30 14:25:00+09:00,-9.604709956712833e-05,0.0,0.9999999999999999
2026-06-30 14:30:00+09:00,0.00017721386841591,0.0,0.9938271604938271
2026-06-30 14:35:00+09:00,-0.00021978498525882222,0.0,0.993827160493827
2026-06-30 14:40:00+09:00,-0.00017874064719887106,0.0,0.9632640770852152
2026-06-30 14:45:00+09:00,0.0003004803266785784,0.0,0.9570912375790424
2026-06-30 14:50:00+09:00,0.0003632292582897483,0.0,0.9877295995182174
2026-06-30 14:55:00+09:00,0.00029236086551758097,0.0,0.9877295995182174
2026-06-30 15:00:00+09:00,0.00027286439400480355,0.0,1.0
2026-06-30 15:05:00+09:00,0.00020896008651339294,0.0,0.9939024390243901
2026-06-30 15:10:00+09:00,0.00047213493325865967,0.0,1.0
2026-06-30 15:15:00+09:00,-0.0002,1.0,0.0
2026-06-30 15:20:00+09:00,0.0,0.0,0.0
2026-07-01 09:00:00+09:00,0.0,0.0,0.0
2026-07-01 09:05:00+09:00,0.0,0.0,0.0
2026-07-01 09:10:00+09:00,0.0,0.0,0.0
2026-07-01 09:15:00+09:00,0.0,0.0,0.0
2026-07-01 09:20:00+09:00,0.0,0.0,0.0
2026-07-01 09:25:00+09:00,0.0,0.0,0.0
2026-07-01 09:30:00+09:00,-0.0003289572266913449,1.0,1.0
2026-07-01 09:35:00+09:00,-0.0003571227663284959,0.0,1.0
2026-07-01 09:40:00+09:00,-8.735163015864454e-05,0.0,0.9815567600120445
2026-07-01 09:45:00+09:00,0.0002616900641674149,0.0,0.9939024390243902
2026-07-01 09:50:00+09:00,0.00039823600392109614,0.0,0.9939024390243902
2026-07-01 09:55:00+09:00,0.0007010484303252029,0.0,1.0
2026-07-01 10:00:00+09:00,-0.00046669074518361454,0.0,1.0
2026-07-01 10:05:00+09:00,0.0007181305696109132,0.0,0.9815567600120445
2026-07-01 10:10:00+09:00,-4.2725965757721415e-05,0.0,0.9816320385426076
2026-07-01 10:15:00+09:00,-0.00012167983285350514,0.0,0.9878048780487805
2026-07-01 10:20:00+09:00,-0.0006923322542726143,0.0,0.9755344775669978
2026-07-01 10:25:00+09:00,0.0006916054498862282,0.0,0.9816320385426076
2026-07-01 10:30:00+09:00,0.0003752339051416283,0.0,0.9816320385426076
2026-07-01 10:35:00+09:00,0.0004436661681713696,0.0,0.969361638060825
2026-07-01 10:40:00+09:00,0.0006528488947990823,0.0,0.9878048780487805
2026-07-01 10:45:00+09:00,-0.00035426329218523917,0.0,0.9878048780487805
2026-07-01 10:50:00+09:00,-0.0003810602931502962,0.0,0.9877295995182174
2026-07-01 10:55:00+09:00,0.001516301717363513,0.0,0.9877295995182174
2026-07-01 11:00:00+09:00,0.00030328640875272166,0.0,0.9939024390243902
2026-07-01 11:05:00+09:00,-0.0002751009780859163,0.0,0.9878048780487805
2026-07-01 11:10:00+09:00,-0.0004052620233957409,0.012345679012345678,0.9631135200240891
2026-07-01 11:15:00+09:00,-0.0007409772675534013,0.04290876242095754,0.9264528756398676
2026-07-01 11:20:00+09:00,-0.00018894911171333937,0.9447455585666967,0.0
2026-07-01 11:25:00+09:00,0.0,0.0,0.0
2026-07-01 12:30:00+09:00,0.0,0.0,0.0
2026-07-01 12:35:00+09:00,0.0,0.0,0.0
2026-07-01 12:40:00+09:00,0.0,0.0,0.0
2026-07-01 12:45:00+09:00,0.0,0.0,0.0
2026-07-01 12:50:00+09:00,0.0,0.0,0.0
2026-07-01 12:55:00+09:00,0.0,0.0,0.0
2026-07-01 13:00:00+09:00,0.00047897772833484643,1.0,1.0
2026-07-01 13:05:00+09:00,0.0007429454046910121,0.0,0.9754591990364349
2026-07-01 13:10:00+09:00,-0.0005223037244580005,0.0,0.9817073170731707
2026-07-01 13:15:00+09:00,-0.00016694877237106624,0.0,0.9877295995182174
2026-07-01 13:20:00+09:00,-0.0006449503149282887,0.0,0.9877295995182174
2026-07-01 13:25:00+09:00,0.00013901654418363871,0.0,0.969286359530262
2026-07-01 13:30:00+09:00,-0.00018895558243918253,0.0,0.9938271604938271
2026-07-01 13:35:00+09:00,-0.0008502055380340554,0.0,0.9816320385426076
2026-07-01 13:40:00+09:00,-0.0004210529440905114,0.0,0.9753839205058716
2026-07-01 13:45:00+09:00,-0.0003455004517721768,0.0,0.9878048780487804
2026-07-01 13:50:00+09:00,0.0006963327135286223,0.0,0.9877295995182174
2026-07-01 13:55:00+09:00,0.00027134820200597,0.0,0.9877295995182174
2026-07-01 14:00:00+09:00,-0.000664173077205231,0.0,0.975609756097561
2026-07-01 14:05:00+09:00,0.00022188917479770305,0.0,0.9877295995182174
2026-07-01 14:10:00+09:00,0.0002549021139707234,0.0,0.9939024390243902
2026-07-01 14:15:00+09:00,-0.00023492719180738235,0.0,0.9878048780487806
2026-07-01 14:20:00+09:00,-0.0002753721203256589,0.0,0.9877295995182174
2026-07-01 14:25:00+09:00,-0.00030886894171095044,0.0,0.9877295995182174
2026-07-01 14:30:00+09:00,0.0005930402816002107,0.0,0.9816320385426076
2026-07-01 14:35:00+09:00,3.0934681001169515e-06,0.0,0.9817073170731707
2026-07-01 14:40:00+09:00,-0.0005533918269181206,0.0,0.9939024390243902
2026-07-01 14:45:00+09:00,0.00032647314631585475,0.0,0.9877295995182175
2026-07-01 14:50:00+09:00,0.0007547373091304412,0.0,0.9877295995182174
2026-07-01 14:55:00+09:00,-0.00044829187516779286,0.0,0.9939024390243902
2026-07-01 15:00:00+09:00,-0.0002986471501785528,0.0,1.0
2026-07-01 15:05:00+09:00,0.00014839989497478245,0.0,0.9938271604938271
2026-07-01 15:10:00+09:00,-0.00014035757499563184,0.0,0.9878048780487806
2026-07-01 15:15:00+09:00,-0.0002,1.0,0.0
2026-07-01 15:20:00+09:00,0.0,0.0,0.0
2026-07-02 09:00:00+09:00,0.0,0.0,0.0
2026-07-02 09:05:00+09:00,0.0,0.0,0.0
2026-07-02 09:10:00+09:00,0.0,0.0,0.0
2026-07-02 09:15:00+09:00,0.0,0.0,0.0
2026-07-02 09:20:00+09:00,0.0,0.0,0.0
2026-07-02 09:25:00+09:00,0.0,0.0,0.0
2026-07-02 09:30:00+09:00,-0.0013896707467444857,1.0,1.0
2026-07-02 09:35:00+09:00,-0.0010409400699575102,0.0,0.9939024390243902
2026-07-02 09:40:00+09:00,0.0009034355065487042,0.0,0.9939024390243903
2026-07-02 09:45:00+09:00,0.0005034646894874502,0.0,1.0
2026-07-02 09:50:00+09:00,0.0009723443404334633,0.0,0.9878783426388481
2026-07-02 09:55:00+09:00,0.0008386161989459783,0.0,1.0000000000000002
2026-07-02 10:00:00+09:00,0.0016108098768229618,0.0,0.9939759036144579
2026-07-02 10:05:00+09:00,0.0014456641468257084,0.0,0.9939024390243903
2026-07-02 10:10:00+09:00,0.00010288028248480301,0.0,0.9939024390243903
2026-07-02 10:15:00+09:00,0.0009670745617676988,0.0,0.981854246253306
2026-07-02 10:20:00+09:00,0.00039958477331008776,0.0,0.9756832206876286
2026-07-02 10:25:00+09:00,-0.0016053466447943487,0.0,0.993975903614458
2026-07-02 10:30:00+09:00,0.0012177009713356427,0.0,0.993975903614458
2026-07-02 10:35:00+09:00,0.00031204012366490164,0.0,0.9878783426388482
2026-07-02 10:40:00+09:00,0.0010158025727050575,0.0,0.9758301498677637
2026-07-02 10:45:00+09:00,-0.0005019260498560157,0.0,0.9757566852776962
2026-07-02 10:50:00+09:00,3.886339543119148e-05,0.0,0.9757566852776962
2026-07-02 10:55:00+09:00,0.0002920394288534672,0.0,0.9879518072289157
2026-07-02 11:00:00+09:00,-0.00031299818411977074,0.0,0.9879518072289157
2026-07-02 11:05:00+09:00,0.0012327086069543985,0.0,0.9878783426388482
2026-07-02 11:10:00+09:00,-0.0008504914086411549,0.0,0.9697325888921541
2026-07-02 11:15:00+09:00,-2.7373373886642228e-05,0.03636497208345578,0.9575374669409346
2026-07-02 11:20:00+09:00,-0.00019272700558330887,0.9636350279165443,0.0
2026-07-02 11:25:00+09:00,0.0,0.0,0.0
2026-07-02 12:30:00+09:00,0.0,0.0,0.0
2026-07-02 12:35:00+09:00,0.0,0.0,0.0
2026-07-02 12:40:00+09:00,0.0,0.0,0.0
2026-07-02 12:45:00+09:00,0.0,0.0,0.0
2026-07-02 12:50:00+09:00,0.0,0.0,0.0
2026-07-02 12:55:00+09:00,0.0,0.0,0.0
2026-07-02 13:00:00+09:00,-2.232599791416821e-05,1.0,1.0
2026-07-02 13:05:00+09:00,7.266891629210028e-05,0.0,0.9938271604938271
2026-07-02 13:10:00+09:00,-0.00032100321912936476,0.0,0.9938271604938272
2026-07-02 13:15:00+09:00,-3.144417626702257e-05,0.0,0.9938271604938272
2026-07-02 13:20:00+09:00,-0.00038745210975801376,0.0,0.98125
2026-07-02 13:25:00+09:00,0.00044700230607251987,0.0,0.9938271604938271
2026-07-02 13:30:00+09:00,0.00012530509885223473,0.0,1.0
2026-07-02 13:35:00+09:00,-0.00037629670884560025,0.0,0.9999999999999999
2026-07-02 13:40:00+09:00,8.183213204354809e-05,0.0,0.9874999999999999
2026-07-02 13:45:00+09:00,-3.581267176306172e-05,0.0,0.9938271604938271
2026-07-02 13:50:00+09:00,6.332692608694476e-05,0.0,0.9626543209876544
2026-07-02 13:55:00+09:00,-8.705611414370453e-05,0.0,0.98125
2026-07-02 14:00:00+09:00,0.0005188260449026484,0.0,0.9814043209876544
2026-07-02 14:05:00+09:00,-0.0001937419694137144,0.0,0.9938271604938271
2026-07-02 14:10:00+09:00,0.00022668259692419358,0.0,1.0
2026-07-02 14:15:00+09:00,6.226730178651813e-06,0.0,0.99375
2026-07-02 14:20:00+09:00,0.0006650179423236968,0.0,0.9937499999999999
2026-07-02 14:25:00+09:00,8.823466719025779e-06,0.0,0.9875771604938272
2026-07-02 14:30:00+09:00,-1.8839243360146017e-05,0.0,0.9875
2026-07-02 14:35:00+09:00,0.0004244044835213966,0.0,0.99375
2026-07-02 14:40:00+09:00,4.208655617393673e-05,0.0,0.9999999999999999
2026-07-02 14:45:00+09:00,0.0003067888782042775,0.0,1.0
2026-07-02 14:50:00+09:00,0.00010069556482507141,0.0,0.99375
2026-07-02 14:55:00+09:00,0.00030081801968854767,0.0,0.9938271604938271
2026-07-02 15:00:00+09:00,-0.0002283290310566881,0.0,0.9937499999999999
2026-07-02 15:05:00+09:00,5.823468597613634e-05,0.0,1.0
2026-07-02 15:10:00+09:00,0.00016028615516740127,0.0,0.9938271604938271
2026-07-02 15:15:00+09:00,-0.0002,1.0,0.0
2026-07-02 15:20:00+09:00,0.0,0.0,0.0
2026-07-03 09:00:00+09:00,0.0,0.0,0.0
2026-07-03 09:05:00+09:00,0.0,0.0,0.0
2026-07-03 09:10:00+09:00,0.0,0.0,0.0
2026-07-03 09:15:00+09:00,0.0,0.0,0.0
2026-07-03 09:20:00+09:00,0.0,0.0,0.0
2026-07-03 09:25:00+09:00,0.0,0.0,0.0
2026-07-03 09:30:00+09:00,0.0019815772645732127,1.0,1.0
2026-07-03 09:35:00+09:00,0.0002574644312641693,0.0,0.9876543209876543
2026-07-03 09:40:00+09:00,0.0008291376077499356,0.0,1.0
2026-07-03 09:45:00+09:00,0.00014648833272103498,0.0,0.9815567600120445
2026-07-03 09:50:00+09:00,0.0006295267187496761,0.0,0.9938271604938271
2026-07-03 09:55:00+09:00,0.002628645740143989,0.0,1.0
2026-07-03 10:00:00+09:00,0.0017872184592094386,0.0,0.9939024390243902
2026-07-03 10:05:00+09:00,-0.0007226496052408695,0.0,0.9938271604938271
2026-07-03 10:10:00+09:00,0.0007489864169549659,0.0,1.0
2026-07-03 10:15:00+09:00,0.0020545805597444546,0.0,0.9876543209876543
2026-07-03 10:20:00+09:00,-0.0004902908720142183,0.0,0.9630382414935261
2026-07-03 10:25:00+09:00,-0.000709848169834544,0.0,0.9878048780487805
2026-07-03 10:30:00+09:00,0.00041443261175542134,0.0,0.9938271604938271
2026-07-03 10:35:00+09:00,0.0005035330809760753,0.0,0.9814814814814814
2026-07-03 10:40:00+09:00,-0.0006488716621119247,0.0,1.0
2026-07-03 10:45:00+09:00,0.00032174176458595977,0.0,0.9814814814814814
2026-07-03 10:50:00+09:00,0.00025757727043319845,0.0,0.9692110809996989
2026-07-03 10:55:00+09:00,0.0009582866395955061,0.0,0.9815567600120445
2026-07-03 11:00:00+09:00,0.001514482725374131,0.0,0.9753839205058717
2026-07-03 11:05:00+09:00,-0.0013198413765120407,0.0,1.0
2026-07-03 11:10:00+09:00,-0.0009828452446408245,0.006172839506172839,0.9938271604938271
2026-07-03 11:15:00+09:00,0.0004587261331383518,0.018443239987955433,0.963113520024089
2026-07-03 11:20:00+09:00,-0.00019507678410117437,0.9753839205058717,0.0
2026-07-03 11:25:00+09:00,0.0,0.0,0.0
2026-07-03 12:30:00+09:00,0.0,0.0,0.0
2026-07-03 12:35:00+09:00,0.0,0.0,0.0
2026-07-03 12:40:00+09:00,0.0,0.0,0.0
2026-07-03 12:45:00+09:00,0.0,0.0,0.0
2026-07-03 12:50:00+09:00,0.0,0.0,0.0
2026-07-03 12:55:00+09:00,0.0,0.0,0.0
2026-07-03 13:00:00+09:00,-0.0005349979840807541,1.0,1.0
2026-07-03 13:05:00+09:00,-0.0001834601970136187,0.0,0.9751543209876543
2026-07-03 13:10:00+09:00,-0.00039811510074478,0.0,0.9875771604938273
2026-07-03 13:15:00+09:00,-4.003999184654073e-05,0.0,0.9688271604938271
2026-07-03 13:20:00+09:00,-2.9985151047230328e-05,0.0,0.9874999999999999
2026-07-03 13:25:00+09:00,0.00016313774784951573,0.0,0.9874999999999999
2026-07-03 13:30:00+09:00,-0.000702594796857842,0.0,0.9937499999999999
2026-07-03 13:35:00+09:00,0.00025035895958198197,0.0,0.987577160493827
2026-07-03 13:40:00+09:00,0.0008110239975767466,0.0,0.9875
2026-07-03 13:45:00+09:00,-0.00026838127459912414,0.0,0.9876543209876544
2026-07-03 13:50:00+09:00,-0.0008678635983062063,0.0,0.9814814814814815
2026-07-03 13:55:00+09:00,-0.00021264797580377318,0.0,0.9814814814814814
2026-07-03 14:00:00+09:00,0.0001844164751991186,0.0,0.987577160493827
2026-07-03 14:05:00+09:00,0.00020466492535124484,0.0,0.9689814814814813
2026-07-03 14:10:00+09:00,0.00021636982589279112,0.0,0.9814814814814814
2026-07-03 14:15:00+09:00,-0.00014346355939549824,0.0,0.9814814814814814
2026-07-03 14:20:00+09:00,-0.0005825269461617356,0.0,0.9689043209876544
2026-07-03 14:25:00+09:00,-0.00045519004201685106,0.0,1.0
2026-07-03 14:30:00+09:00,-0.0001750931657336856,0.0,0.9813271604938272
2026-07-03 14:35:00+09:00,0.0005060200387460427,0.0,1.0
2026-07-03 14:40:00+09:00,-5.0832165330787584e-05,0.0,0.9938271604938271
2026-07-03 14:45:00+09:00,-0.0006436353888153085,0.0,1.0
2026-07-03 14:50:00+09:00,-0.00015049189723087685,0.0,1.0
2026-07-03 14:55:00+09:00,-0.00015962604793790333,0.0,0.9938271604938271
2026-07-03 15:00:00+09:00,-0.00041989488453433925,0.0,0.9875771604938273
2026-07-03 15:05:00+09:00,-1.875408415081209e-05,0.0,1.0
2026-07-03 15:10:00+09:00,0.0001942846650454566,0.0,1.0
2026-07-03 15:15:00+09:00,-0.0002,1.0,0.0
2026-07-03 15:20:00+09:00,0.0,0.0,0.0
2026-07-06 09:00:00+09:00,0.0,0.0,0.0
2026-07-06 09:05:00+09:00,0.0,0.0,0.0
2026-07-06 09:10:00+09:00,0.0,0.0,0.0
2026-07-06 09:15:00+09:00,0.0,0.0,0.0
2026-07-06 09:20:00+09:00,0.0,0.0,0.0
2026-07-06 09:25:00+09:00,0.0,0.0,0.0
2026-07-06 09:30:00+09:00,-0.0013116846956123143,1.0,1.0
2026-07-06 09:35:00+09:00,0.001182753709626238,0.0,1.0
2026-07-06 09:40:00+09:00,0.001976959715749448,0.0,0.9939024390243902
2026-07-06 09:45:00+09:00,-0.00043683135322578683,0.0,1.0
2026-07-06 09:50:00+09:00,-0.0003685551646211307,0.0,0.9939024390243902
2026-07-06 09:55:00+09:00,-0.0021844840057435,0.0,0.9939759036144579
2026-07-06 10:00:00+09:00,0.0009593274158792061,0.0,1.0
2026-07-06 10:05:00+09:00,-0.0013703279566164843,0.0,0.9939024390243902
2026-07-06 10:10:00+09:00,0.0008326509710031354,0.0,0.9939024390243902
2026-07-06 10:15:00+09:00,-0.0018255846690430654,0.0,0.9939759036144579
2026-07-06 10:20:00+09:00,0.0005927757506798777,0.0,1.0
2026-07-06 10:25:00+09:00,0.00045179205269051424,0.0,0.9878783426388482
2026-07-06 10:30:00+09:00,-0.0022253436141140915,0.0,0.9939024390243903
2026-07-06 10:35:00+09:00,-0.000961878877434196,0.0,1.0
2026-07-06 10:40:00+09:00,-0.0017990669997309844,0.0,0.9939759036144578
2026-07-06 10:45:00+09:00,-0.0004577759412562727,0.0,1.0
2026-07-06 10:50:00+09:00,0.00048806421023273814,0.0,0.9939024390243902
2026-07-06 10:55:00+09:00,3.9936008496472594e-05,0.0,1.0
2026-07-06 11:00:00+09:00,-0.0012922004055287758,0.0,0.9939024390243902
2026-07-06 11:05:00+09:00,-0.0017603799400681523,0.0,1.0
2026-07-06 11:10:00+09:00,-0.001147731291811422,0.0,1.0
2026-07-06 11:15:00+09:00,0.00045560796305697294,0.006097560975609756,0.9878048780487805
2026-07-06 11:20:00+09:00,-0.00019878048780487808,0.9939024390243902,0.0
2026-07-06 11:25:00+09:00,0.0,0.0,0.0
2026-07-06 12:30:00+09:00,0.0,0.0,0.0
2026-07-06 12:35:00+09:00,0.0,0.0,0.0
2026-07-06 12:40:00+09:00,0.0,0.0,0.0
2026-07-06 12:45:00+09:00,0.0,0.0,0.0
2026-07-06 12:50:00+09:00,0.0,0.0,0.0
2026-07-06 12:55:00+09:00,0.0,0.0,0.0
2026-07-06 13:00:00+09:00,0.0005024654226654483,1.0,1.0
2026-07-06 13:05:00+09:00,-0.0005320519130857449,0.0,0.9937499999999999
2026-07-06 13:10:00+09:00,-0.0007094153121690934,0.0,0.9936708860759493
2026-07-06 13:15:00+09:00,7.396681736858112e-05,0.0,0.9875000000000002
2026-07-06 13:20:00+09:00,-0.0006588971561291583,0.0,0.98125
2026-07-06 13:25:00+09:00,-0.00048515895421499025,0.0,0.9874208860759494
2026-07-06 13:30:00+09:00,-0.0003586525447134365,0.0,0.9874208860759495
2026-07-06 13:35:00+09:00,0.00017264561403767487,0.0,0.9685126582278482
2026-07-06 13:40:00+09:00,0.0003911632459776123,0.0,1.0
2026-07-06 13:45:00+09:00,-0.00044658389428335344,0.0,0.9749208860759494
2026-07-06 13:50:00+09:00,2.969511433859992e-05,0.0,0.9875
2026-07-06 13:55:00+09:00,0.0004154720494543945,0.0,0.9686708860759495
2026-07-06 14:00:00+09:00,-0.00013302982554679738,0.0,0.9749208860759493
2026-07-06 14:05:00+09:00,-0.00014275381058983697,0.0,0.9811708860759494
2026-07-06 14:10:00+09:00,-0.0003122322820709805,0.0,0.9875
2026-07-06 14:15:00+09:00,0.0008033778106596879,0.0,0.9937499999999999
2026-07-06 14:20:00+09:00,0.00027539918905270406,0.0,0.99375
2026-07-06 14:25:00+09:00,-0.00040983724064196526,0.0,1.0
2026-07-06 14:30:00+09:00,0.00022605564388231605,0.0,1.0
2026-07-06 14:35:00+09:00,-0.0006792718002046315,0.0,0.9874208860759494
2026-07-06 14:40:00+09:00,-9.888810192563598e-06,0.0,1.0
2026-07-06 14:45:00+09:00,-0.0002268222458327741,0.0,1.0
2026-07-06 14:50:00+09:00,-0.00021117454877560618,0.0,0.9937499999999999
2026-07-06 14:55:00+09:00,8.714295938165989e-05,0.0,1.0
2026-07-06 15:00:00+09:00,-0.0002400200385722222,0.0,0.9874208860759495
2026-07-06 15:05:00+09:00,0.00014061862180789122,0.0,0.9875000000000002
2026-07-06 15:10:00+09:00,-0.00036037235455145474,0.0,0.9937499999999999
2026-07-06 15:15:00+09:00,-0.0002,1.0,0.0
2026-07-06 15:20:00+09:00,0.0,0.0,0.0
2026-07-07 09:00:00+09:00,0.0,0.0,0.0
2026-07-07 09:05:00+09:00,0.0,0.0,0.0
2026-07-07 09:10:00+09:00,0.0,0.0,0.0
2026-07-07 09:15:00+09:00,0.0,0.0,0.0
2026-07-07 09:20:00+09:00,0.0,0.0,0.0
2026-07-07 09:25:00+09:00,0.0,0.0,0.0
2026-07-07 09:30:00+09:00,-0.00033282746647898365,1.0,1.0
2026-07-07 09:35:00+09:00,0.0003245218593004538,0.0,0.9939024390243902
2026-07-07 09:40:00+09:00,0.000454538921428607,0.0,0.9817073170731707
2026-07-07 09:45:00+09:00,0.0003237713248546465,0.0,1.0
2026-07-07 09:50:00+09:00,-0.0005024455735538998,0.0,0.9939024390243903
2026-07-07 09:55:00+09:00,0.0006962256908695372,0.0,1.0
2026-07-07 10:00:00+09:00,-0.0006858894519350539,0.0,0.9939024390243902
2026-07-07 10:05:00+09:00,-0.0006154044349673888,0.0,0.9939759036144579
2026-07-07 10:10:00+09:00,-0.00018983548856167258,0.0,0.9817073170731707
2026-07-07 10:15:00+09:00,-0.000249082595282799,0.0,0.9878783426388482
2026-07-07 10:20:00+09:00,-0.00022470854619385968,0.0,0.9878048780487805
2026-07-07 10:25:00+09:00,0.0005297530295348506,0.0,0.9939024390243902
2026-07-07 10:30:00+09:00,0.00034252209886460595,0.0,0.9695856597120189
2026-07-07 10:35:00+09:00,0.00043604200171005916,0.0,0.9817073170731707
2026-07-07 10:40:00+09:00,-9.99755289228436e-05,0.0,1.0
2026-07-07 10:45:00+09:00,-0.0003172893594647192,0.0,0.9939024390243902
2026-07-07 10:50:00+09:00,-0.000371052028389717,0.0,0.9878048780487805
2026-07-07 10:55:00+09:00,-0.0004667983549481945,0.0,1.0
2026-07-07 11:00:00+09:00,0.0004822565137456842,0.0,0.993975903614458
2026-07-07 11:05:00+09:00,-8.533363668389867e-05,0.0,0.9878048780487805
2026-07-07 11:10:00+09:00,-0.00032567121044792393,0.006097560975609756,0.9817073170731707
2026-07-07 11:15:00+09:00,-7.446658393406915e-05,0.03643843667352337,0.9453423449897149
2026-07-07 11:20:00+09:00,-0.00019149280047017338,0.9574640023508669,0.0
2026-07-07 11:25:00+09:00,0.0,0.0,0.0
2026-07-07 12:30:00+09:00,0.0,0.0,0.0
2026-07-07 12:35:00+09:00,0.0,0.0,0.0
2026-07-07 12:40:00+09:00,0.0,0.0,0.0
2026-07-07 12:45:00+09:00,0.0,0.0,0.0
2026-07-07 12:50:00+09:00,0.0,0.0,0.0
2026-07-07 12:55:00+09:00,0.0,0.0,0.0
2026-07-07 13:00:00+09:00,-0.00020037399027669257,1.0,1.0
2026-07-07 13:05:00+09:00,-0.0002404113506270174,0.0,0.9878048780487806
2026-07-07 13:10:00+09:00,-0.0003050284901955859,0.0,0.9939759036144578
2026-07-07 13:15:00+09:00,-2.9293939403075804e-05,0.0,0.9939024390243902
2026-07-07 13:20:00+09:00,0.0002662886570803407,0.0,0.9818542462533059
2026-07-07 13:25:00+09:00,0.0002871606730979798,0.0,0.9879518072289157
2026-07-07 13:30:00+09:00,-0.00042283851437240706,0.0,0.9939024390243902
2026-07-07 13:35:00+09:00,-0.00035301238776033,0.0,0.9939024390243905
2026-07-07 13:40:00+09:00,-0.0002847245590227835,0.0,0.981854246253306
2026-07-07 13:45:00+09:00,3.2459325742262816e-05,0.0,0.9818542462533059
2026-07-07 13:50:00+09:00,0.0005187972288382143,0.0,1.0
2026-07-07 13:55:00+09:00,-0.0010412451871719614,0.0,0.9696591243020865
2026-07-07 14:00:00+09:00,-0.0003719141221741903,0.0,0.9939024390243902
2026-07-07 14:05:00+09:00,-0.000490818303495797,0.0,1.0
2026-07-07 14:10:00+09:00,-0.0001877072492477358,0.0,0.9878783426388481
2026-07-07 14:15:00+09:00,0.000566182574871148,0.0,0.993975903614458
2026-07-07 14:20:00+09:00,4.419595272524567e-06,0.0,0.9939024390243902
2026-07-07 14:25:00+09:00,0.00022764322621225962,0.0,0.9878048780487806
2026-07-07 14:30:00+09:00,0.00030605231871394376,0.0,0.9939024390243902
2026-07-07 14:35:00+09:00,0.00018822802931962887,0.0,0.9879518072289157
2026-07-07 14:40:00+09:00,-0.00022095125420359453,0.0,0.9939759036144579
2026-07-07 14:45:00+09:00,0.0006894282135874084,0.0,1.0
2026-07-07 14:50:00+09:00,0.0004356546082108161,0.0,0.9878048780487806
2026-07-07 14:55:00+09:00,-0.00011976446533430456,0.0,0.9878783426388482
2026-07-07 15:00:00+09:00,-0.00034312461788301606,0.0,0.993975903614458
2026-07-07 15:05:00+09:00,-7.914087570151863e-05,0.0,0.987878342638848
2026-07-07 15:10:00+09:00,0.00039693389941552565,0.0,0.9939024390243902
2026-07-07 15:15:00+09:00,-0.0002,1.0,0.0
2026-07-07 15:20:00+09:00,0.0,0.0,0.0
2026-07-08 09:00:00+09:00,0.0,0.0,0.0
2026-07-08 09:05:00+09:00,0.0,0.0,0.0
2026-07-08 09:10:00+09:00,0.0,0.0,0.0
2026-07-08 09:15:00+09:00,0.0,0.0,0.0
2026-07-08 09:20:00+09:00,0.0,0.0,0.0
2026-07-08 09:25:00+09:00,0.0,0.0,0.0
2026-07-08 09:30:00+09:00,-0.0017452969285809247,1.0,1.0
2026-07-08 09:35:00+09:00,-0.001629244934450971,0.0,0.9939024390243902
2026-07-08 09:40:00+09:00,-0.0009813683400558243,0.0,0.9939759036144579
2026-07-08 09:45:00+09:00,-0.0006037972499063237,0.0,0.9878048780487805
2026-07-08 09:50:00+09:00,0.00030678302512063006,0.0,0.993975903614458
2026-07-08 09:55:00+09:00,0.0005801150876840457,0.0,0.9636350279165443
2026-07-08 10:00:00+09:00,-0.0008732674911739619,0.0,0.9939759036144579
2026-07-08 10:05:00+09:00,6.743919268167668e-06,0.0,1.0
2026-07-08 10:10:00+09:00,0.0007217215437061976,0.0,0.9939024390243902
2026-07-08 10:15:00+09:00,0.001762429513851322,0.0,0.9818542462533061
2026-07-08 10:20:00+09:00,-0.0002828556970177704,0.0,0.9817807816632383
2026-07-08 10:25:00+09:00,0.0008854325415032599,0.0,0.981854246253306
2026-07-08 10:30:00+09:00,0.0004451589981590083,0.0,1.0
2026-07-08 10:35:00+09:00,0.00013005661505909074,0.0,1.0
2026-07-08 10:40:00+09:00,-0.0011616023540235274,0.0,1.0
2026-07-08 10:45:00+09:00,0.001326988740023457,0.0,0.9879518072289157
2026-07-08 10:50:00+09:00,0.0001602297469821118,0.0,0.9878783426388481
2026-07-08 10:55:00+09:00,0.0012247285244165742,0.0,0.9817807816632385
2026-07-08 11:00:00+09:00,-0.00024212509973131602,0.0,0.9817807816632385
2026-07-08 11:05:00+09:00,0.0008488457671513682,0.006097560975609756,0.9878783426388482
2026-07-08 11:10:00+09:00,-0.0009845053505092018,0.0,0.9757566852776962
2026-07-08 11:15:00+09:00,5.8199998424494085e-05,0.02424331472230385,0.9575374669409346
2026-07-08 11:20:00+09:00,-0.0001939318248604173,0.9696591243020865,0.0
2026-07-08 11:25:00+09:00,0.0,0.0,0.0
2026-07-08 12:30:00+09:00,0.0,0.0,0.0
2026-07-08 12:35:00+09:00,0.0,0.0,0.0
2026-07-08 12:40:00+09:00,0.0,0.0,0.0
2026-07-08 12:45:00+09:00,0.0,0.0,0.0
2026-07-08 12:50:00+09:00,0.0,0.0,0.0
2026-07-08 12:55:00+09:00,0.0,0.0,0.0
2026-07-08 13:00:00+09:00,-0.00042859214272534325,1.0,1.0
2026-07-08 13:05:00+09:00,-8.247434219509119e-05,0.0,0.9818542462533059
2026-07-08 13:10:00+09:00,0.00016557438551098152,0.0,0.9817073170731708
2026-07-08 13:15:00+09:00,0.0007623258928110359,0.0,0.9756832206876286
2026-07-08 13:20:00+09:00,-0.0007563165994046907,0.0,1.0
2026-07-08 13:25:00+09:00,-0.0006964493193542343,0.0,0.9878783426388481
2026-07-08 13:30:00+09:00,-8.936879342340884e-05,0.0,0.9939759036144579
2026-07-08 13:35:00+09:00,-0.00025439384327688403,0.0,0.9817073170731707
2026-07-08 13:40:00+09:00,0.00045308590904969434,0.0,0.9697325888921541
2026-07-08 13:45:00+09:00,-0.0005968466944688234,0.0,0.981854246253306
2026-07-08 13:50:00+09:00,0.00028482656122770825,0.0,0.9878783426388481
2026-07-08 13:55:00+09:00,9.793083925981902e-05,0.0,0.9878048780487805
2026-07-08 14:00:00+09:00,-0.00023054354413296968,0.0,1.0
2026-07-08 14:05:00+09:00,-0.000247648971008092,0.0,0.987878342638848
2026-07-08 14:10:00+09:00,-0.00038621000591278833,0.0,0.9878783426388481
2026-07-08 14:15:00+09:00,-0.00010884296607465734,0.0,0.9878048780487806
2026-07-08 14:20:00+09:00,-5.126716219317969e-06,0.0,0.9695856597120188
2026-07-08 14:25:00+09:00,-0.0009890206529069823,0.0,0.9817073170731708
2026-07-08 14:30:00+09:00,-0.0005807740865564808,0.0,0.9756097560975611
2026-07-08 14:35:00+09:00,0.0001119979756674255,0.0,1.0
2026-07-08 14:40:00+09:00,-0.000679964780396676,0.0,1.0
2026-07-08 14:45:00+09:00,0.000866590404723208,0.0,1.0
2026-07-08 14:50:00+09:00,-0.0006662376683765649,0.0,0.9878783426388481
2026-07-08 14:55:00+09:00,-0.00026714598159085064,0.0,0.9939024390243902
2026-07-08 15:00:00+09:00,0.0003207735141157739,0.0,1.0
2026-07-08 15:05:00+09:00,-0.0004127789021081154,0.0,0.9939024390243902
2026-07-08 15:10:00+09:00,-4.57008209269391e-05,0.012121657361151925,0.9878783426388481
2026-07-08 15:15:00+09:00,-0.00019757566852776962,0.9878783426388481,0.0
2026-07-08 15:20:00+09:00,0.0,0.0,0.0
2026-07-09 09:00:00+09:00,0.0,0.0,0.0
2026-07-09 09:05:00+09:00,0.0,0.0,0.0
2026-07-09 09:10:00+09:00,0.0,0.0,0.0
2026-07-09 09:15:00+09:00,0.0,0.0,0.0
2026-07-09 09:20:00+09:00,0.0,0.0,0.0
2026-07-09 09:25:00+09:00,0.0,0.0,0.0
2026-07-09 09:30:00+09:00,-0.000186696833597699,1.0,1.0
2026-07-09 09:35:00+09:00,0.0005429004072940074,0.0,0.9939024390243903
2026-07-09 09:40:00+09:00,0.00011605123271972366,0.0,0.9939759036144579
2026-07-09 09:45:00+09:00,-0.000292844379275622,0.0,1.0
2026-07-09 09:50:00+09:00,-9.118779380299041e-05,0.0,0.9939024390243902
2026-07-09 09:55:00+09:00,0.0003169739279607697,0.0,1.0
2026-07-09 10:00:00+09:00,-1.9336811932027795e-05,0.0,0.9878048780487805
2026-07-09 10:05:00+09:00,-0.00021371212283644746,0.0,1.0
2026-07-09 10:10:00+09:00,-0.00018104564372292337,0.0,0.9939024390243902
2026-07-09 10:15:00+09:00,-5.616404169334627e-05,0.0,1.0
2026-07-09 10:20:00+09:00,6.0769685902410336e-05,0.0,1.0
2026-07-09 10:25:00+09:00,-0.0001918873968762027,0.0,0.981854246253306
2026-07-09 10:30:00+09:00,-1.0186629218403111e-05,0.0,0.9879518072289157
2026-07-09 10:35:00+09:00,0.0005406876378825919,0.0,0.9878048780487806
2026-07-09 10:40:00+09:00,0.00018109855296147477,0.0,0.969732588892154
2026-07-09 10:45:00+09:00,-0.00026910677523004484,0.0,0.9878783426388482
2026-07-09 10:50:00+09:00,8.042701777033098e-05,0.0,0.9879518072289157
2026-07-09 10:55:00+09:00,-5.162999705877035e-05,0.0,0.9879518072289157
2026-07-09 11:00:00+09:00,0.0002047923158669606,0.0,0.993975903614458
2026-07-09 11:05:00+09:00,-0.00015628113355392479,0.0,0.9939759036144579
2026-07-09 11:10:00+09:00,-1.4637564006422853e-07,0.0,0.9878783426388481
2026-07-09 11:15:00+09:00,-0.0003842970244895513,0.018145753746694096,0.9697325888921541
2026-07-09 11:20:00+09:00,-0.0001963708492506612,0.981854246253306,0.0
2026-07-09 11:25:00+09:00,0.0,0.0,0.0
2026-07-09 12:30:00+09:00,0.0,0.0,0.0
2026-07-09 12:35:00+09:00,0.0,0.0,0.0
2026-07-09 12:40:00+09:00,0.0,0.0,0.0
2026-07-09 12:45:00+09:00,0.0,0.0,0.0
2026-07-09 12:50:00+09:00,0.0,0.0,0.0
2026-07-09 12:55:00+09:00,0.0,0.0,0.0
2026-07-09 13:00:00+09:00,8.20734317067245e-06,1.0,1.0
2026-07-09 13:05:00+09:00,0.00030459306380207433,0.0,0.9754591990364347
2026-07-09 13:10:00+09:00,0.00012843982957222243,0.0,0.9264528756398676
2026-07-09 13:15:00+09:00,-0.0005909911827031085,0.0,0.9815567600120446
2026-07-09 13:20:00+09:00,6.77202674613105e-05,0.0,0.9878048780487805
2026-07-09 13:25:00+09:00,0.00013433318246663982,0.0,0.9817073170731707
2026-07-09 13:30:00+09:00,0.00033780085041172614,0.0,0.9633393556157783
2026-07-09 13:35:00+09:00,-0.0003079473609115102,0.0,0.938647997591087
2026-07-09 13:40:00+09:00,-0.00020949687587063987,0.0,0.9878048780487805
2026-07-09 13:45:00+09:00,0.0003120565094127087,0.0,0.9632640770852152
2026-07-09 13:50:00+09:00,-0.0002544165928951601,0.0,0.9816320385426075
2026-07-09 13:55:00+09:00,-0.00018034254441279154,0.0,0.9568654019873531
2026-07-09 14:00:00+09:00,0.00027433720829216925,0.0,0.9570159590484792
2026-07-09 14:05:00+09:00,0.0002620204809832231,0.0,0.9508431195423065
2026-07-09 14:10:00+09:00,-0.0003289987242800962,0.0,0.9877295995182173
2026-07-09 14:15:00+09:00,0.0005394549581202189,0.0,0.9570159590484792
2026-07-09 14:20:00+09:00,-0.0001483321177217829,0.0,0.9569406805179163
2026-07-09 14:25:00+09:00,0.00021794088415178904,0.0,0.9201294790725685
2026-07-09 14:30:00+09:00,-7.692660822765634e-05,0.0,0.9692110809996989
2026-07-09 14:35:00+09:00,0.00020534920115677683,0.0,0.9815567600120445
2026-07-09 14:40:00+09:00,0.0003606324964521233,0.0,0.9509183980728696
2026-07-09 14:45:00+09:00,0.00026916766582069687,0.0,0.9877295995182173
2026-07-09 14:50:00+09:00,-0.00018337271535596024,0.0,0.9815567600120445
2026-07-09 14:55:00+09:00,-0.00029650227748892656,0.0,0.9570159590484792
2026-07-09 15:00:00+09:00,-8.522361268871681e-06,0.0,0.9816320385426076
2026-07-09 15:05:00+09:00,0.00022928599576272962,0.0,0.9753839205058716
2026-07-09 15:10:00+09:00,-0.00024940479244408236,0.006172839506172839,0.9876543209876543
2026-07-09 15:15:00+09:00,-0.00019876543209876546,0.9938271604938271,0.0
2026-07-09 15:20:00+09:00,0.0,0.0,0.0
2026-07-10 09:00:00+09:00,0.0,0.0,0.0
2026-07-10 09:05:00+09:00,0.0,0.0,0.0
2026-07-10 09:10:00+09:00,0.0,0.0,0.0
2026-07-10 09:15:00+09:00,0.0,0.0,0.0
2026-07-10 09:20:00+09:00,0.0,0.0,0.0
2026-07-10 09:25:00+09:00,0.0,0.0,0.0
2026-07-10 09:30:00+09:00,-0.000541498207232581,1.0,1.0
2026-07-10 09:35:00+09:00,-0.00015116113338605396,0.0,0.993975903614458
2026-07-10 09:40:00+09:00,-1.2209343556958521e-05,0.0,0.9819277108433735
2026-07-10 09:45:00+09:00,-0.0007370523896433404,0.0,0.981854246253306
2026-07-10 09:50:00+09:00,-0.000347004012362912,0.0,0.981854246253306
2026-07-10 09:55:00+09:00,0.0004050563173060384,0.0,0.9759036144578314
2026-07-10 10:00:00+09:00,-0.00043992381022681863,0.0,0.9939024390243902
2026-07-10 10:05:00+09:00,0.0002049724251977574,0.0,0.9939759036144579
2026-07-10 10:10:00+09:00,-0.00037886165299120823,0.0,0.9939759036144579
2026-07-10 10:15:00+09:00,-0.0006257108482106411,0.0,0.981854246253306
2026-07-10 10:20:00+09:00,0.00011893115365115818,0.0,0.9818542462533061
2026-07-10 10:25:00+09:00,6.007648570885754e-05,0.0,0.9878783426388481
2026-07-10 10:30:00+09:00,-0.0001786567279552906,0.0,0.9878783426388482
2026-07-10 10:35:00+09:00,0.00043373872063385703,0.0,0.9878783426388482
2026-07-10 10:40:00+09:00,-0.0002058670654370628,0.0,0.9698060534822215
2026-07-10 10:45:00+09:00,-0.00039299698889418074,0.0,0.9696591243020865
2026-07-10 10:50:00+09:00,0.0002878336925101173,0.0,0.9756832206876287
2026-07-10 10:55:00+09:00,0.0002712442855763155,0.0,0.969732588892154
2026-07-10 11:00:00+09:00,0.0002750443482486316,0.0,0.9879518072289157
2026-07-10 11:05:00+09:00,0.00031848725819657615,0.006024096385542169,0.9757566852776962
2026-07-10 11:10:00+09:00,-0.0003793671707240074,0.0,0.9576109315310022
2026-07-10 11:15:00+09:00,4.283734418604618e-05,0.018145753746694096,0.963708492506612
2026-07-10 11:20:00+09:00,-0.00019516602997355275,0.9758301498677637,0.0
2026-07-10 11:25:00+09:00,0.0,0.0,0.0
2026-07-10 12:30:00+09:00,0.0,0.0,0.0
2026-07-10 12:35:00+09:00,0.0,0.0,0.0
2026-07-10 12:40:00+09:00,0.0,0.0,0.0
2026-07-10 12:45:00+09:00,0.0,0.0,0.0
2026-07-10 12:50:00+09:00,0.0,0.0,0.0
2026-07-10 12:55:00+09:00,0.0,0.0,0.0
2026-07-10 13:00:00+09:00,-7.272640141052687e-05,1.0,1.0
2026-07-10 13:05:00+09:00,-5.30770243003278e-05,0.0,0.9875
2026-07-10 13:10:00+09:00,0.0002014874109907711,0.0,0.9810917721518988
2026-07-10 13:15:00+09:00,0.00023376384695923176,0.0,0.9937500000000001
2026-07-10 13:20:00+09:00,-0.00023782209391241525,0.0,0.9747626582278481
2026-07-10 13:25:00+09:00,0.00024089339023094123,0.0,0.9749208860759494
2026-07-10 13:30:00+09:00,0.0003538205654439976,0.0,0.9874208860759495
2026-07-10 13:35:00+09:00,-0.000205560476953863,0.0,0.9560126582278481
2026-07-10 13:40:00+09:00,-0.0001927653206323808,0.0,0.9810917721518988
2026-07-10 13:45:00+09:00,0.00015669227822913306,0.0,0.9748417721518987
2026-07-10 13:50:00+09:00,-0.00018020247299450076,0.0,0.9810917721518987
2026-07-10 13:55:00+09:00,0.00010148332145957229,0.0,0.9811708860759494
2026-07-10 14:00:00+09:00,5.423446726554964e-05,0.0,0.9748417721518987
2026-07-10 14:05:00+09:00,-6.972031444470244e-05,0.0,0.9685126582278482
2026-07-10 14:10:00+09:00,3.010095977221516e-05,0.0,0.9874208860759495
2026-07-10 14:15:00+09:00,-0.0001593860946303674,0.0,0.9811708860759495
2026-07-10 14:20:00+09:00,-5.0959863657988656e-05,0.0,0.9748417721518987
2026-07-10 14:25:00+09:00,8.089548191870881e-05,0.0,0.9747626582278482
2026-07-10 14:30:00+09:00,-9.396949046178941e-05,0.0,0.9874208860759494
2026-07-10 14:35:00+09:00,0.00015558675916518892,0.0,0.9873417721518988
2026-07-10 14:40:00+09:00,-0.0002721119507262512,0.0,0.9874208860759495
2026-07-10 14:45:00+09:00,-0.00019034048787667994,0.0,0.9747626582278482
2026-07-10 14:50:00+09:00,-7.601236590519687e-05,0.0,0.9873417721518987
2026-07-10 14:55:00+09:00,-0.00018343827252515475,0.0,0.9936708860759494
2026-07-10 15:00:00+09:00,5.177085119043624e-05,0.0,0.9875
2026-07-10 15:05:00+09:00,0.00017625278166679686,0.00625,0.9937500000000001
2026-07-10 15:10:00+09:00,0.00021624979199007181,0.006329113924050633,0.9874208860759495
2026-07-10 15:15:00+09:00,-0.00019748417721518986,0.9874208860759494,0.0
2026-07-10 15:20:00+09:00,0.0,0.0,0.0
2026-07-13 09:00:00+09:00,0.0,0.0,0.0
2026-07-13 09:05:00+09:00,0.0,0.0,0.0
2026-07-13 09:10:00+09:00,0.0,0.0,0.0
2026-07-13 09:15:00+09:00,0.0,0.0,0.0
2026-07-13 09:20:00+09:00,0.0,0.0,0.0
2026-07-13 09:25:00+09:00,0.0,0.0,0.0
2026-07-13 09:30:00+09:00,0.001050346758873714,1.0,1.0
2026-07-13 09:35:00+09:00,0.0011253620353104683,0.0,0.9816320385426076
2026-07-13 09:40:00+09:00,-7.958515377360236e-05,0.0,0.9877295995182174
2026-07-13 09:45:00+09:00,0.00038068379169581187,0.0,0.9877295995182174
2026-07-13 09:50:00+09:00,-0.0002789401055606707,0.0,0.9877295995182174
2026-07-13 09:55:00+09:00,0.00026748839557625727,0.006097560975609756,0.9755344775669978
2026-07-13 10:00:00+09:00,0.000576164712004298,0.0,0.9877295995182174
2026-07-13 10:05:00+09:00,-0.0006098972846196221,0.0,0.9877295995182174
2026-07-13 10:10:00+09:00,9.576682697848789e-05,0.0,0.9755344775669978
2026-07-13 10:15:00+09:00,0.0004073455790520304,0.0,0.9755344775669978
2026-07-13 10:20:00+09:00,0.0002800912088842674,0.0,0.9816320385426076
2026-07-13 10:25:00+09:00,0.0008001879267790003,0.0,0.9570159590484792
2026-07-13 10:30:00+09:00,-0.00042057637391718945,0.0,0.9816320385426076
2026-07-13 10:35:00+09:00,0.0007865513821969463,0.0,0.9877295995182174
2026-07-13 10:40:00+09:00,0.00024141914756100336,0.0,0.9815567600120445
2026-07-13 10:45:00+09:00,0.00015412557521472876,0.0,0.9816320385426076
2026-07-13 10:50:00+09:00,0.00022556652989148363,0.0,0.9877295995182174
2026-07-13 10:55:00+09:00,0.0009602687636229275,0.0,0.9816320385426076
2026-07-13 11:00:00+09:00,-0.0007308327004316461,0.0,0.9755344775669978
2026-07-13 11:05:00+09:00,3.172663589005058e-05,0.006097560975609756,0.9694369165913881
2026-07-13 11:10:00+09:00,-0.0002884640810783222,0.018367961457392352,0.9694369165913881
2026-07-13 11:15:00+09:00,-0.000973260231642936,0.018367961457392352,0.9326257151460403
2026-07-13 11:20:00+09:00,-0.00019021379102679916,0.9510689551339958,0.0
2026-07-13 11:25:00+09:00,0.0,0.0,0.0
2026-07-13 12:30:00+09:00,0.0,0.0,0.0
2026-07-13 12:35:00+09:00,0.0,0.0,0.0
2026-07-13 12:40:00+09:00,0.0,0.0,0.0
2026-07-13 12:45:00+09:00,0.0,0.0,0.0
2026-07-13 12:50:00+09:00,0.0,0.0,0.0
2026-07-13 12:55:00+09:00,0.0,0.0,0.0
2026-07-13 13:00:00+09:00,0.0005734441170513593,1.0,1.0
2026-07-13 13:05:00+09:00,0.000695120481766839,0.0,0.9752314814814815
2026-07-13 13:10:00+09:00,-1.4835759784751522e-05,0.0,0.9814814814814814
2026-07-13 13:15:00+09:00,0.0009729111646186492,0.0,0.9814814814814814
2026-07-13 13:20:00+09:00,-0.00013298833044645292,0.0,0.99375
2026-07-13 13:25:00+09:00,-0.0004941310442956994,0.0,0.9751543209876542
2026-07-13 13:30:00+09:00,-0.00023378662717040568,0.0,0.9751543209876542
2026-07-13 13:35:00+09:00,-0.0004048934200693235,0.0,0.9752314814814815
2026-07-13 13:40:00+09:00,-0.00022450245399422105,0.0,0.9689814814814816
2026-07-13 13:45:00+09:00,-0.00014168949641679698,0.0,0.9689814814814814
2026-07-13 13:50:00+09:00,0.00020798206264346835,0.0,0.9814043209876543
2026-07-13 13:55:00+09:00,6.9890816195908e-06,0.0,0.9875
2026-07-13 14:00:00+09:00,0.0010920295439469565,0.0,0.9689814814814814
2026-07-13 14:05:00+09:00,-0.0010448278431833588,0.0,1.0
2026-07-13 14:10:00+09:00,-0.001008077070659477,0.0,0.9876543209876543
2026-07-13 14:15:00+09:00,-0.0015806529386944942,0.0,0.9875771604938272
2026-07-13 14:20:00+09:00,0.00035351842987535573,0.0,0.9814814814814815
2026-07-13 14:25:00+09:00,0.0018139639962522706,0.0,1.0
2026-07-13 14:30:00+09:00,0.002702908921772858,0.0,1.0
2026-07-13 14:35:00+09:00,-0.0009234461651956499,0.0,1.0
2026-07-13 14:40:00+09:00,-0.0001300243762667948,0.0,0.9813271604938272
2026-07-13 14:45:00+09:00,0.0015757272014976093,0.0,0.9875771604938272
2026-07-13 14:50:00+09:00,0.000989300495472033,0.0,0.9876543209876544
2026-07-13 14:55:00+09:00,-0.0003631470746204548,0.0,0.99375
2026-07-13 15:00:00+09:00,-0.0003884486914961544,0.0,1.0
2026-07-13 15:05:00+09:00,-0.0014705164851869016,0.0,1.0
2026-07-13 15:10:00+09:00,-0.0010558283979681844,0.0,1.0
2026-07-13 15:15:00+09:00,-0.0002,1.0,0.0
2026-07-13 15:20:00+09:00,0.0,0.0,0.0
2026-07-14 09:00:00+09:00,0.0,0.0,0.0
2026-07-14 09:05:00+09:00,0.0,0.0,0.0
2026-07-14 09:10:00+09:00,0.0,0.0,0.0
2026-07-14 09:15:00+09:00,0.0,0.0,0.0
2026-07-14 09:20:00+09:00,0.0,0.0,0.0
2026-07-14 09:25:00+09:00,0.0,0.0,0.0
2026-07-14 09:30:00+09:00,-0.0005309835420767864,1.0,1.0
2026-07-14 09:35:00+09:00,-0.0009264793910391939,0.0,0.9879518072289157
2026-07-14 09:40:00+09:00,0.0010471763144730875,0.0,0.9878783426388482
2026-07-14 09:45:00+09:00,0.0016343714716398415,0.0,0.993975903614458
2026-07-14 09:50:00+09:00,0.0024892423407267493,0.0,1.0
2026-07-14 09:55:00+09:00,-3.558757141818896e-05,0.0,1.0
2026-07-14 10:00:00+09:00,-0.0015876837558689231,0.0,0.9878783426388482
2026-07-14 10:05:00+09:00,-0.0006422920329728538,0.0,0.9939024390243903
2026-07-14 10:10:00+09:00,0.0011022627133161567,0.0,0.993975903614458
2026-07-14 10:15:00+09:00,-5.376042510172786e-05,0.0,1.0
2026-07-14 10:20:00+09:00,0.00072541359201797,0.0,0.9696591243020865
2026-07-14 10:25:00+09:00,-0.0010251683098397757,0.0,0.9696591243020865
2026-07-14 10:30:00+09:00,7.99346728802436e-05,0.0,0.9879518072289157
2026-07-14 10:35:00+09:00,0.0010158284318513334,0.0,0.9939024390243902
2026-07-14 10:40:00+09:00,-0.000163765834880678,0.0,0.9879518072289157
2026-07-14 10:45:00+09:00,-0.00032161980118523094,0.0,0.9879518072289157
2026-07-14 10:50:00+09:00,-0.0005969508544020008,0.0,0.9757566852776962
2026-07-14 10:55:00+09:00,0.0003348169139069119,0.0,0.9939759036144579
2026-07-14 11:00:00+09:00,-0.0003301895133976529,0.0,0.993975903614458
2026-07-14 11:05:00+09:00,-0.0006228969341171062,0.0,0.9758301498677637
2026-07-14 11:10:00+09:00,-0.0003677228206962017,0.0,0.9878048780487806
2026-07-14 11:15:00+09:00,-0.0004045742284055919,0.024169850132236263,0.9758301498677638
2026-07-14 11:20:00+09:00,-0.00019516602997355275,0.9758301498677637,0.0
2026-07-14 11:25:00+09:00,0.0,0.0,0.0
2026-07-14 12:30:00+09:00,0.0,0.0,0.0
2026-07-14 12:35:00+09:00,0.0,0.0,0.0
2026-07-14 12:40:00+09:00,0.0,0.0,0.0
2026-07-14 12:45:00+09:00,0.0,0.0,0.0
2026-07-14 12:50:00+09:00,0.0,0.0,0.0
2026-07-14 12:55:00+09:00,0.0,0.0,0.0
2026-07-14 13:00:00+09:00,-0.0007097606798665383,1.0,0.9999999999999999
2026-07-14 13:05:00+09:00,2.9382494340278663e-05,0.0,0.9876543209876543
2026-07-14 13:10:00+09:00,-0.00027901077939616463,0.0,0.9752314814814814
2026-07-14 13:15:00+09:00,0.0001396547909818897,0.0,0.9689814814814814
2026-07-14 13:20:00+09:00,0.00018542206398615595,0.0,0.9875771604938272
2026-07-14 13:25:00+09:00,2.2811015201538862e-05,0.0,0.9690586419753087
2026-07-14 13:30:00+09:00,0.00027470869556775327,0.0,0.9876543209876543
2026-07-14 13:35:00+09:00,-6.416077923866752e-05,0.0,0.9937499999999999
2026-07-14 13:40:00+09:00,0.0003767835375043063,0.0,0.9629629629629629
2026-07-14 13:45:00+09:00,0.00017871018790611255,0.0,0.9876543209876544
2026-07-14 13:50:00+09:00,0.00036699932573030597,0.0,0.9876543209876544
2026-07-14 13:55:00+09:00,0.00029982817672331554,0.0,0.9814814814814814
2026-07-14 14:00:00+09:00,0.00045483442877424407,0.0,0.9752314814814815
2026-07-14 14:05:00+09:00,0.00047438247335313124,0.0,0.9814814814814815
2026-07-14 14:10:00+09:00,0.00030088187840898603,0.0,0.9814043209876543
2026-07-14 14:15:00+09:00,0.00014264810585436547,0.0,0.9690586419753087
2026-07-14 14:20:00+09:00,0.0005321916782062472,0.0,0.9690586419753087
2026-07-14 14:25:00+09:00,-7.470839116272526e-06,0.0,0.9814814814814814
2026-07-14 14:30:00+09:00,-0.00015982895600406288,0.0,0.9814043209876542
2026-07-14 14:35:00+09:00,-4.08291096972909e-05,0.0,0.9813271604938272
2026-07-14 14:40:00+09:00,6.606069051535971e-05,0.0,0.9876543209876543
2026-07-14 14:45:00+09:00,3.762473159102614e-05,0.0,0.9876543209876543
2026-07-14 14:50:00+09:00,-0.00023723906791855892,0.0,0.9938271604938271
2026-07-14 14:55:00+09:00,0.00029887732737457034,0.0,0.9689814814814814
2026-07-14 15:00:00+09:00,5.378666774401504e-05,0.0,0.9938271604938271
2026-07-14 15:05:00+09:00,6.71454511571827e-05,0.0,0.9876543209876544
2026-07-14 15:10:00+09:00,-0.00016067622431633092,0.0,0.9875771604938272
2026-07-14 15:15:00+09:00,-0.0002,1.0,0.0
2026-07-14 15:20:00+09:00,0.0,0.0,0.0
2026-07-15 09:00:00+09:00,0.0,0.0,0.0
2026-07-15 09:05:00+09:00,0.0,0.0,0.0
2026-07-15 09:10:00+09:00,0.0,0.0,0.0
2026-07-15 09:15:00+09:00,0.0,0.0,0.0
2026-07-15 09:20:00+09:00,0.0,0.0,0.0
2026-07-15 09:25:00+09:00,0.0,0.0,0.0
2026-07-15 09:30:00+09:00,-0.0005382568589170659,1.0,1.0
2026-07-15 09:35:00+09:00,0.00021186492260007251,0.0,0.9876543209876544
2026-07-15 09:40:00+09:00,-0.0004418767359493354,0.0,0.9938271604938271
2026-07-15 09:45:00+09:00,-0.0001493846992465274,0.0,0.9877295995182175
2026-07-15 09:50:00+09:00,0.00046886586114745245,0.0,0.9753086419753085
2026-07-15 09:55:00+09:00,4.487181521833763e-05,0.0,0.9939024390243902
2026-07-15 10:00:00+09:00,-3.4737244387132455e-05,0.0,0.9939024390243902
2026-07-15 10:05:00+09:00,0.00018476470344706746,0.0,0.9938271604938271
2026-07-15 10:10:00+09:00,-0.0003400564086643803,0.0,0.9815567600120445
2026-07-15 10:15:00+09:00,-0.00014368520708755653,0.0,1.0
2026-07-15 10:20:00+09:00,2.588922046691938e-05,0.0,0.9938271604938271
2026-07-15 10:25:00+09:00,9.236808737203109e-05,0.0,0.9814814814814815
2026-07-15 10:30:00+09:00,-8.658896255730683e-05,0.0,0.9877295995182174
2026-07-15 10:35:00+09:00,-7.117883336692162e-05,0.0,0.969361638060825
2026-07-15 10:40:00+09:00,-0.0005737274221602975,0.0,0.9631135200240891
2026-07-15 10:45:00+09:00,-0.0001586701215384576,0.0,0.9878048780487805
2026-07-15 10:50:00+09:00,-0.00011075481257256654,0.0,0.9876543209876543
2026-07-15 10:55:00+09:00,-9.691089000970498e-05,0.0,0.9814814814814815
2026-07-15 11:00:00+09:00,0.00018889617001482373,0.0,0.9630382414935259
2026-07-15 11:05:00+09:00,-4.940496881865906e-05,0.0,0.9814814814814815
2026-07-15 11:10:00+09:00,-0.0002847575158302357,0.006172839506172839,0.9570159590484794
2026-07-15 11:15:00+09:00,-0.0001829633164502977,0.012270400481782595,0.9324751580849141
2026-07-15 11:20:00+09:00,-0.00019631135200240892,0.9815567600120445,0.0
2026-07-15 11:25:00+09:00,0.0,0.0,0.0
2026-07-15 12:30:00+09:00,0.0,0.0,0.0
2026-07-15 12:35:00+09:00,0.0,0.0,0.0
2026-07-15 12:40:00+09:00,0.0,0.0,0.0
2026-07-15 12:45:00+09:00,0.0,0.0,0.0
2026-07-15 12:50:00+09:00,0.0,0.0,0.0
2026-07-15 12:55:00+09:00,0.0,0.0,0.0
2026-07-15 13:00:00+09:00,0.00019942056443955568,1.0,1.0
2026-07-15 13:05:00+09:00,-0.0004852913886687191,0.0,0.9875
2026-07-15 13:10:00+09:00,0.00013107401007767352,0.0,0.9811708860759494
2026-07-15 13:15:00+09:00,-5.835658276884972e-05,0.0,0.9623417721518988
2026-07-15 13:20:00+09:00,0.00033843256058230096,0.0,0.9686708860759494
2026-07-15 13:25:00+09:00,-5.7824316042723446e-05,0.0,0.9686708860759494
2026-07-15 13:30:00+09:00,-9.865756627100348e-05,0.0,0.9685126582278482
2026-07-15 13:35:00+09:00,0.00018073533259585657,0.0,0.9624208860759493
2026-07-15 13:40:00+09:00,-0.00022500894154626132,0.0,0.9561708860759492
2026-07-15 13:45:00+09:00,9.665562807370683e-05,0.0,0.96875
2026-07-15 13:50:00+09:00,-0.0005505488756684657,0.0,0.9622626582278482
2026-07-15 13:55:00+09:00,0.0006203694080081489,0.0,0.9750000000000001
2026-07-15 14:00:00+09:00,-0.0004354032290484251,0.0,0.9875
2026-07-15 14:05:00+09:00,0.00038088127048704326,0.0,0.9875
2026-07-15 14:10:00+09:00,-0.00035118502424864325,0.0,0.9747626582278481
2026-07-15 14:15:00+09:00,9.777573316157864e-05,0.0,0.9559335443037975
2026-07-15 14:20:00+09:00,-0.0003322792973660398,0.0,0.9686708860759494
2026-07-15 14:25:00+09:00,-0.0002591248639625387,0.0,0.9623417721518988
2026-07-15 14:30:00+09:00,-8.65379881879084e-05,0.0,0.9937500000000001
2026-07-15 14:35:00+09:00,-0.00046861164431910877,0.0,0.9811708860759494
2026-07-15 14:40:00+09:00,-0.000290151620303725,0.0,0.9685917721518988
2026-07-15 14:45:00+09:00,-0.0001531605294363605,0.0,0.9875
2026-07-15 14:50:00+09:00,8.311297301224452e-05,0.0,0.9812500000000001
2026-07-15 14:55:00+09:00,0.0003276378975669327,0.0,0.9624208860759493
2026-07-15 15:00:00+09:00,0.00017027392391671167,0.0,0.9747626582278481
2026-07-15 15:05:00+09:00,-6.443782798869216e-05,0.0,0.9810917721518988
2026-07-15 15:10:00+09:00,-4.338536768269062e-06,0.0,0.9936708860759493
2026-07-15 15:15:00+09:00,-0.0002,1.0,0.0
2026-07-15 15:20:00+09:00,0.0,0.0,0.0
2026-07-16 09:00:00+09:00,0.0,0.0,0.0
2026-07-16 09:05:00+09:00,0.0,0.0,0.0
2026-07-16 09:10:00+09:00,0.0,0.0,0.0
2026-07-16 09:15:00+09:00,0.0,0.0,0.0
2026-07-16 09:20:00+09:00,0.0,0.0,0.0
2026-07-16 09:25:00+09:00,0.0,0.0,0.0
2026-07-16 09:30:00+09:00,-0.001953852619245613,1.0,1.0
2026-07-16 09:35:00+09:00,-0.0008939573206632344,0.0,0.9939024390243903
2026-07-16 09:40:00+09:00,0.00055653906102958,0.0,0.9939759036144579
2026-07-16 09:45:00+09:00,0.00022571366361537375,0.0,0.9819277108433735
2026-07-16 09:50:00+09:00,-0.00043267624498446306,0.0,0.9939024390243903
2026-07-16 09:55:00+09:00,-0.0008198570864974407,0.0,0.9939759036144579
2026-07-16 10:00:00+09:00,0.0006581625515049358,0.0,1.0
2026-07-16 10:05:00+09:00,-0.0005570405264217932,0.0,0.9819277108433735
2026-07-16 10:10:00+09:00,-7.644792925808484e-05,0.0,1.0
2026-07-16 10:15:00+09:00,0.00036855917541804556,0.0,0.9939024390243903
2026-07-16 10:20:00+09:00,-0.0006154271169199289,0.0,0.9756832206876287
2026-07-16 10:25:00+09:00,-0.00014752695139278195,0.0,0.9878783426388482
2026-07-16 10:30:00+09:00,0.000435629900283301,0.0,0.9878783426388481
2026-07-16 10:35:00+09:00,-0.00037747719011718456,0.0,0.9878783426388482
2026-07-16 10:40:00+09:00,0.0015522762935425505,0.0,0.981854246253306
2026-07-16 10:45:00+09:00,0.00017247666737998653,0.0,0.9939024390243903
2026-07-16 10:50:00+09:00,-2.850494405629868e-05,0.0,0.9757566852776962
2026-07-16 10:55:00+09:00,-0.0006783644006161545,0.0,0.9757566852776962
2026-07-16 11:00:00+09:00,-4.3075654132468905e-05,0.0,0.9757566852776962
2026-07-16 11:05:00+09:00,-0.0003759396957048759,0.012121657361151925,0.9697325888921541
2026-07-16 11:10:00+09:00,0.0006226405101942976,0.018219218336761683,0.9635615633264767
2026-07-16 11:15:00+09:00,0.00011463332591244796,0.030267411107846018,0.9211724948574788
2026-07-16 11:20:00+09:00,-0.0001878783426388481,0.9393917131942404,0.0
2026-07-16 11:25:00+09:00,0.0,0.0,0.0
2026-07-16 12:30:00+09:00,0.0,0.0,0.0
2026-07-16 12:35:00+09:00,0.0,0.0,0.0
2026-07-16 12:40:00+09:00,0.0,0.0,0.0
2026-07-16 12:45:00+09:00,0.0,0.0,0.0
2026-07-16 12:50:00+09:00,0.0,0.0,0.0
2026-07-16 12:55:00+09:00,0.0,0.0,0.0
2026-07-16 13:00:00+09:00,-0.000173591271695912,1.0,1.0
2026-07-16 13:05:00+09:00,-0.0004964136475354541,0.0,0.9457831325301205
2026-07-16 13:10:00+09:00,0.0002978081646552192,0.0,0.9576843961210697
2026-07-16 13:15:00+09:00,0.0003984114827614061,0.0,0.9578313253012049
2026-07-16 13:20:00+09:00,0.00016317776023083803,0.0,0.9759036144578312
2026-07-16 13:25:00+09:00,0.00013150091345225464,0.0,0.9638554216867471
2026-07-16 13:30:00+09:00,0.00044437978591466826,0.0,0.9575374669409346
2026-07-16 13:35:00+09:00,0.0003133528706667624,0.0,0.993975903614458
2026-07-16 13:40:00+09:00,-0.000275756202436645,0.0,0.9698795180722892
2026-07-16 13:45:00+09:00,5.4382089409332215e-05,0.0,0.9698060534822216
2026-07-16 13:50:00+09:00,-4.3211538756424e-05,0.0,0.945709667940053
2026-07-16 13:55:00+09:00,7.142770780536871e-05,0.0,0.9576843961210697
2026-07-16 14:00:00+09:00,0.00030796451875647027,0.0,0.9335880105789011
2026-07-16 14:05:00+09:00,-0.0005305119996251444,0.0,0.9637819570966795
2026-07-16 14:10:00+09:00,-0.0002348116156228177,0.0,0.9819277108433735
2026-07-16 14:15:00+09:00,-0.0002669234167952339,0.0,0.945709667940053
2026-07-16 14:20:00+09:00,-0.00030585835904200354,0.0,0.9577578607111372
2026-07-16 14:25:00+09:00,0.00123572076611926,0.0,0.9819277108433735
2026-07-16 14:30:00+09:00,8.451473803613816e-05,0.0,0.9879518072289157
2026-07-16 14:35:00+09:00,-0.000267866452936366,0.0,0.9817807816632385
2026-07-16 14:40:00+09:00,0.00014286629805355732,0.0,0.9878783426388482
2026-07-16 14:45:00+09:00,3.4271845582888077e-05,0.0,0.9939759036144578
2026-07-16 14:50:00+09:00,-1.9902303873144536e-05,0.0,0.9698060534822216
2026-07-16 14:55:00+09:00,-0.00027934077371051443,0.0,0.9878783426388481
2026-07-16 15:00:00+09:00,-0.000706648497451858,0.0,1.0
2026-07-16 15:05:00+09:00,6.533294923648982e-05,0.0,1.0
2026-07-16 15:10:00+09:00,-0.0001821447757262207,0.01807228915662651,0.9698795180722892
2026-07-16 15:15:00+09:00,-0.0001963855421686747,0.9819277108433735,0.0
2026-07-16 15:20:00+09:00,0.0,0.0,0.0
2026-07-17 09:00:00+09:00,0.0,0.0,0.0
2026-07-17 09:05:00+09:00,0.0,0.0,0.0
2026-07-17 09:10:00+09:00,0.0,0.0,0.0
2026-07-17 09:15:00+09:00,0.0,0.0,0.0
2026-07-17 09:20:00+09:00,0.0,0.0,0.0
2026-07-17 09:25:00+09:00,0.0,0.0,0.0
2026-07-17 09:30:00+09:00,0.0007380077287268135,1.0,1.0
2026-07-17 09:35:00+09:00,-0.003296402365071218,0.0,1.0
2026-07-17 09:40:00+09:00,0.004573921775809408,0.0,0.9939024390243902
2026-07-17 09:45:00+09:00,0.002455894816157481,0.0,0.9939024390243902
2026-07-17 09:50:00+09:00,-0.001116185281621843,0.0,1.0
2026-07-17 09:55:00+09:00,-0.0016690179508699796,0.0,1.0
2026-07-17 10:00:00+09:00,0.0009463818136634868,0.0,0.9878048780487806
2026-07-17 10:05:00+09:00,0.0016452539420165268,0.0,0.9939024390243902
2026-07-17 10:10:00+09:00,-0.0027912037249759325,0.0,1.0
2026-07-17 10:15:00+09:00,-0.0017614138310097448,0.0,0.9878048780487806
2026-07-17 10:20:00+09:00,-0.001401995873976515,0.0,1.0
2026-07-17 10:25:00+09:00,-0.002246467891138789,0.0,0.9817807816632383
2026-07-17 10:30:00+09:00,0.001204442227374294,0.0,0.9939024390243903
2026-07-17 10:35:00+09:00,-0.00020450671098407543,0.0,0.9939024390243903
2026-07-17 10:40:00+09:00,-0.0006079808488446988,0.0,0.9878048780487805
2026-07-17 10:45:00+09:00,0.00045683052243010306,0.0,0.9939024390243903
2026-07-17 10:50:00+09:00,-4.734775995651231e-05,0.0,1.0
2026-07-17 10:55:00+09:00,-0.0006054569280274761,0.0,0.9939024390243903
2026-07-17 11:00:00+09:00,-0.0022513867558446067,0.0,0.9878783426388481
2026-07-17 11:05:00+09:00,0.00013323109549975417,0.0,0.9939024390243902
2026-07-17 11:10:00+09:00,-0.0006792014244947735,0.0,0.9878048780487806
2026-07-17 11:15:00+09:00,-0.00046574461904172693,0.012195121951219513,0.9634880987364092
2026-07-17 11:20:00+09:00,-0.00019756097560975612,0.9878048780487805,0.0
2026-07-17 11:25:00+09:00,0.0,0.0,0.0
2026-07-17 12:30:00+09:00,0.0,0.0,0.0
2026-07-17 12:35:00+09:00,0.0,0.0,0.0
2026-07-17 12:40:00+09:00,0.0,0.0,0.0
2026-07-17 12:45:00+09:00,0.0,0.0,0.0
2026-07-17 12:50:00+09:00,0.0,0.0,0.0
2026-07-17 12:55:00+09:00,0.0,0.0,0.0
2026-07-17 13:00:00+09:00,-0.0005383582831165768,1.0,1.0
2026-07-17 13:05:00+09:00,-0.0007921903105465982,0.0,1.0
2026-07-17 13:10:00+09:00,-0.0013603482305203237,0.0,0.9879518072289157
2026-07-17 13:15:00+09:00,-0.0008181963422320926,0.0,1.0
2026-07-17 13:20:00+09:00,-0.00040771902098026295,0.0,0.9939759036144579
2026-07-17 13:25:00+09:00,-0.0006352356396725298,0.0,1.0
2026-07-17 13:30:00+09:00,-0.00017399542839911865,0.0,0.9880235226620768
2026-07-17 13:35:00+09:00,0.003074912434084601,0.0,0.9819994262765348
2026-07-17 13:40:00+09:00,0.002099260914134084,0.0,1.0
2026-07-17 13:45:00+09:00,0.0018726825791278762,0.0,1.0
2026-07-17 13:50:00+09:00,-0.00037028053145115225,0.0,0.9939759036144579
2026-07-17 13:55:00+09:00,-0.0004171699364744487,0.0,0.9880235226620768
2026-07-17 14:00:00+09:00,-0.0003910186814350687,0.0,1.0
2026-07-17 14:05:00+09:00,0.0016322697324231685,0.0,0.9939759036144578
2026-07-17 14:10:00+09:00,-4.6259598998394985e-05,0.0,1.0
2026-07-17 14:15:00+09:00,-0.00040850197914663364,0.0,0.9879518072289156
2026-07-17 14:20:00+09:00,0.000325693385599866,0.0,0.9939759036144578
2026-07-17 14:25:00+09:00,0.0005864902515529142,0.0,0.9939759036144579
2026-07-17 14:30:00+09:00,-0.0011951079610673394,0.0,0.9819277108433735
2026-07-17 14:35:00+09:00,0.0013737572868859538,0.0,0.9939759036144579
2026-07-17 14:40:00+09:00,0.0013772222782527672,0.0,1.0
2026-07-17 14:45:00+09:00,0.0017424949933783909,0.0,0.9879518072289157
2026-07-17 14:50:00+09:00,0.00031765985245966056,0.0,0.9939759036144578
2026-07-17 14:55:00+09:00,0.0004672417214825856,0.0,0.9939759036144579
2026-07-17 15:00:00+09:00,0.0008959818421734571,0.0,0.9819277108433735
2026-07-17 15:05:00+09:00,0.0008420230577941901,0.0,0.9879518072289157
2026-07-17 15:10:00+09:00,0.0016865282737468133,0.006024096385542169,0.9939759036144578
2026-07-17 15:15:00+09:00,-0.00019879518072289158,0.9939759036144579,0.0
2026-07-17 15:20:00+09:00,0.0,0.0,0.0
