timestamp,net_return,turnover,gross_exposure
2026-06-01 09:00:00+09:00,0.0,0.0,0.0
2026-06-01 09:05:00+09:00,0.0,0.0,0.0
2026-06-01 09:10:00+09:00,0.0,0.0,0.0
2026-06-01 09:15:00+09:00,0.0,0.0,0.0
2026-06-01 09:20:00+09:00,0.0,0.0,0.0
2026-06-01 09:25:00+09:00,0.0,0.0,0.0
2026-06-01 09:30:00+09:00,-0.0005626952033577466,1.0,0.9999999999999999
2026-06-01 09:35:00+09:00,0.0015249194489624087,0.0,0.9999999999999999
2026-06-01 09:40:00+09:00,0.0010299099143081516,0.0,0.9999999999999999
2026-06-01 09:45:00+09:00,-0.0002739288203575937,0.0,0.9999999999999999
2026-06-01 09:50:00+09:00,0.0007878209777305175,0.0,0.9999999999999999
2026-06-01 09:55:00+09:00,0.0003166670858896255,0.0,0.9999999999999999
2026-06-01 10:00:00+09:00,-0.00016848994880686152,0.0,0.9999999999999999
2026-06-01 10:05:00+09:00,0.0015202836298578329,0.0,1.0
2026-06-01 10:10:00+09:00,0.000423021507246905,0.005952380952380952,0.9880952380952381
2026-06-01 10:15:00+09:00,0.0002809190890483639,0.0,0.9940476190476191
2026-06-01 10:20:00+09:00,-0.0005739338874325186,0.0,0.9880952380952381
2026-06-01 10:25:00+09:00,0.00016471774223714814,0.0,0.9940476190476191
2026-06-01 10:30:00+09:00,1.5005414814222755e-05,0.0,0.9940476190476191
2026-06-01 10:35:00+09:00,-0.0008487473363976148,0.0,0.9760470453241537
2026-06-01 10:40:00+09:00,0.0011230319368157103,0.0,0.9820711417096959
2026-06-01 10:45:00+09:00,0.0010955772186967026,0.0,0.9940476190476191
2026-06-01 10:50:00+09:00,0.0004970597336387974,0.0,0.9880235226620768
2026-06-01 10:55:00+09:00,2.4043686926386958e-05,0.0,0.9940476190476191
2026-06-01 11:00:00+09:00,-1.9514327528616624e-05,0.0,0.9880235226620768
2026-06-01 11:05:00+09:00,0.0010271841845326262,0.0,0.9880235226620768
2026-06-01 11:10:00+09:00,-0.0002910734714110986,0.0,0.9880235226620768
2026-06-01 11:15:00+09:00,0.000997668649749001,0.0,0.9880952380952381
2026-06-01 11:20:00+09:00,-0.00019880952380952382,0.9940476190476191,0.0
2026-06-01 11:25:00+09:00,0.0,0.0,0.0
2026-06-01 12:30:00+09:00,0.0,0.0,0.0
2026-06-01 12:35:00+09:00,0.0,0.0,0.0
2026-06-01 12:40:00+09:00,0.0,0.0,0.0
2026-06-01 12:45:00+09:00,0.0,0.0,0.0
2026-06-01 12:50:00+09:00,0.0,0.0,0.0
2026-06-01 12:55:00+09:00,0.0,0.0,0.0
2026-06-01 13:00:00+09:00,-0.00020936999143784487,1.0,1.0
2026-06-01 13:05:00+09:00,0.00027523048800777027,0.0,0.994047619047619
2026-06-01 13:10:00+09:00,-0.00019901695833013857,0.0,0.9880235226620768
2026-06-01 13:15:00+09:00,0.0009246240100462027,0.0,0.9700946643717727
2026-06-01 13:20:00+09:00,0.00023580490426604306,0.0,0.9819994262765346
2026-06-01 13:25:00+09:00,0.0007885696607840092,0.0,0.994047619047619
2026-06-01 13:30:00+09:00,-0.00032792474984501984,0.0,0.9879518072289156
2026-06-01 13:35:00+09:00,0.0002986828385996774,0.0,0.9819994262765346
2026-06-01 13:40:00+09:00,0.0002926767464170958,0.0,0.9641422834193918
2026-06-01 13:45:00+09:00,-0.0003353630555678035,0.0,0.9880235226620768
2026-06-01 13:50:00+09:00,-0.00020201192608608297,0.0,0.988095238095238
2026-06-01 13:55:00+09:00,-0.00038686468090302515,0.0,0.9700229489386115
2026-06-01 14:00:00+09:00,5.655087683414287e-06,0.0,0.994047619047619
2026-06-01 14:05:00+09:00,1.4969890295340066e-05,0.0,0.9700946643717728
2026-06-01 14:10:00+09:00,0.0006187730864114942,0.0,0.9819994262765346
2026-06-01 14:15:00+09:00,-0.0002370729699809267,0.0,0.994047619047619
2026-06-01 14:20:00+09:00,0.0003774647293704512,0.0,0.9880235226620768
2026-06-01 14:25:00+09:00,-9.205389492056825e-05,0.0,0.982142857142857
2026-06-01 14:30:00+09:00,0.00012185324108942669,0.0,0.9939759036144578
2026-06-01 14:35:00+09:00,-2.5422882226731083e-05,0.0,0.9700946643717728
2026-06-01 14:40:00+09:00,-0.0003444355307100836,0.0,0.9760470453241537
2026-06-01 14:45:00+09:00,-0.00010274802370412472,0.0,0.9939759036144578
2026-06-01 14:50:00+09:00,0.0002754154436346804,0.0,0.9939759036144578
2026-06-01 14:55:00+09:00,-0.000285504635064894,0.0,0.9880235226620768
2026-06-01 15:00:00+09:00,0.0002049401826507132,0.0,0.9880235226620768
2026-06-01 15:05:00+09:00,0.00013338419631056924,0.0,1.0
2026-06-01 15:10:00+09:00,-9.797900249776731e-05,0.005952380952380952,0.9820711417096959
2026-06-01 15:15:00+09:00,-0.00019880952380952382,0.9940476190476191,0.0
2026-06-01 15:20:00+09:00,0.0,0.0,0.0
2026-06-02 09:00:00+09:00,0.0,0.0,0.0
2026-06-02 09:05:00+09:00,0.0,0.0,0.0
2026-06-02 09:10:00+09:00,0.0,0.0,0.0
2026-06-02 09:15:00+09:00,0.0,0.0,0.0
2026-06-02 09:20:00+09:00,0.0,0.0,0.0
2026-06-02 09:25:00+09:00,0.0,0.0,0.0
2026-06-02 09:30:00+09:00,0.0007109519586582988,1.0,1.0
2026-06-02 09:35:00+09:00,-0.0005193436198580757,0.0,0.9939024390243902
2026-06-02 09:40:00+09:00,0.0014230608146305864,0.0,1.0
2026-06-02 09:45:00+09:00,0.001865117678982935,0.0,1.0
2026-06-02 09:50:00+09:00,-0.0006982705926971297,0.0,0.993975903614458
2026-06-02 09:55:00+09:00,-0.0015760157624267552,0.0,0.993975903614458
2026-06-02 10:00:00+09:00,0.00046238388827334406,0.0,1.0
2026-06-02 10:05:00+09:00,-0.0007964643839126409,0.0,0.9939024390243903
2026-06-02 10:10:00+09:00,-0.00020964749154644098,0.0,1.0
2026-06-02 10:15:00+09:00,-0.0012360173654727112,0.0,0.9939024390243903
2026-06-02 10:20:00+09:00,0.00024336527208761985,0.0,0.9939024390243903
2026-06-02 10:25:00+09:00,0.0016641606470031859,0.0,0.9878048780487806
2026-06-02 10:30:00+09:00,0.0018842058252737787,0.0,0.9817807816632385
2026-06-02 10:35:00+09:00,-0.0004174642989273956,0.0,1.0
2026-06-02 10:40:00+09:00,0.00138201474872136,0.0,0.993975903614458
2026-06-02 10:45:00+09:00,0.00023809033380799038,0.0,1.0
2026-06-02 10:50:00+09:00,0.0002585133251825439,0.0,1.0
2026-06-02 10:55:00+09:00,0.0004488106626933167,0.0,0.993975903614458
2026-06-02 11:00:00+09:00,-0.00010800912059729082,0.0,0.993975903614458
2026-06-02 11:05:00+09:00,-0.0007714966959061736,0.006097560975609756,0.9878048780487805
2026-06-02 11:10:00+09:00,-0.0011391729839710766,0.018219218336761683,0.9696591243020865
2026-06-02 11:15:00+09:00,0.0004591691558368063,0.012048192771084338,0.9636350279165442
2026-06-02 11:20:00+09:00,-0.00019272700558330887,0.9636350279165443,0.0
2026-06-02 11:25:00+09:00,0.0,0.0,0.0
2026-06-02 12:30:00+09:00,0.0,0.0,0.0
2026-06-02 12:35:00+09:00,0.0,0.0,0.0
2026-06-02 12:40:00+09:00,0.0,0.0,0.0
2026-06-02 12:45:00+09:00,0.0,0.0,0.0
2026-06-02 12:50:00+09:00,0.0,0.0,0.0
2026-06-02 12:55:00+09:00,0.0,0.0,0.0
2026-06-02 13:00:00+09:00,-0.0003821008780488936,1.0,1.0
2026-06-02 13:05:00+09:00,0.0009735048639321765,0.0,1.0
2026-06-02 13:10:00+09:00,0.00040997583222840254,0.0,0.9939024390243903
2026-06-02 13:15:00+09:00,0.0009199490603381345,0.0,0.963708492506612
2026-06-02 13:20:00+09:00,-0.00012300247716442626,0.0,0.9878783426388481
2026-06-02 13:25:00+09:00,-0.001344477788113899,0.0,1.0
2026-06-02 13:30:00+09:00,0.0008487988573955126,0.0,0.9878783426388482
2026-06-02 13:35:00+09:00,8.349961958332629e-05,0.0,1.0
2026-06-02 13:40:00+09:00,0.00034082622279700157,0.0,0.9817807816632383
2026-06-02 13:45:00+09:00,0.0006665621562003568,0.0,0.9878783426388481
2026-06-02 13:50:00+09:00,0.0006083713760241017,0.0,0.9878783426388482
2026-06-02 13:55:00+09:00,0.0004990199525026063,0.0,0.9756097560975611
2026-06-02 14:00:00+09:00,0.00012639934095120563,0.0,0.993975903614458
2026-06-02 14:05:00+09:00,0.00019221873499270154,0.0,0.9939024390243903
2026-06-02 14:10:00+09:00,0.0007442815844546762,0.0,0.9817807816632385
2026-06-02 14:15:00+09:00,0.0008940940167332181,0.0,0.9878783426388481
2026-06-02 14:20:00+09:00,0.00044339535130778404,0.0,0.9878048780487806
2026-06-02 14:25:00+09:00,0.0002859295662046561,0.0,0.9817807816632383
2026-06-02 14:30:00+09:00,-0.00043530211834818264,0.0,0.9695856597120189
2026-06-02 14:35:00+09:00,0.0010726041834488674,0.0,0.9757566852776962
2026-06-02 14:40:00+09:00,-0.0005512488496127741,0.0,0.9695121951219513
2026-06-02 14:45:00+09:00,-0.001416255825212332,0.0,0.993975903614458
2026-06-02 14:50:00+09:00,0.00023803058843250953,0.0,0.9939024390243903
2026-06-02 14:55:00+09:00,0.0007035379392455405,0.0,0.9939024390243902
2026-06-02 15:00:00+09:00,0.0004380060663079781,0.0,0.9939024390243903
2026-06-02 15:05:00+09:00,-0.00035391541911023887,0.0,0.9939024390243903
2026-06-02 15:10:00+09:00,0.00047382418411121366,0.0,1.0
2026-06-02 15:15:00+09:00,-0.0002,1.0,0.0
2026-06-02 15:20:00+09:00,0.0,0.0,0.0
2026-06-03 09:00:00+09:00,0.0,0.0,0.0
2026-06-03 09:05:00+09:00,0.0,0.0,0.0
2026-06-03 09:10:00+09:00,0.0,0.0,0.0
2026-06-03 09:15:00+09:00,0.0,0.0,0.0
2026-06-03 09:20:00+09:00,0.0,0.0,0.0
2026-06-03 09:25:00+09:00,0.0,0.0,0.0
2026-06-03 09:30:00+09:00,-0.0008596633633004663,1.0,0.9999999999999999
2026-06-03 09:35:00+09:00,-0.001078295887166425,0.0,1.0
2026-06-03 09:40:00+09:00,-0.0010702326111329994,0.0,0.9754591990364349
2026-06-03 09:45:00+09:00,0.0005047528549730693,0.0,0.9939024390243901
2026-06-03 09:50:00+09:00,-0.0005657921574902429,0.0,0.9877295995182173
2026-06-03 09:55:00+09:00,-0.0002793800990230635,0.0,0.9877295995182174
2026-06-03 10:00:00+09:00,0.0010017544536669101,0.0,0.9877295995182173
2026-06-03 10:05:00+09:00,0.0005460645886492688,0.0,0.9938271604938271
2026-06-03 10:10:00+09:00,-0.0008535621705452387,0.0,0.9877295995182174
2026-06-03 10:15:00+09:00,0.0003618115834106337,0.0,0.9754591990364347
2026-06-03 10:20:00+09:00,-0.00042965783880948835,0.0,0.993827160493827
2026-06-03 10:25:00+09:00,-0.00019032558243513536,0.0,0.9877295995182174
2026-06-03 10:30:00+09:00,-0.0005380484928745904,0.0,0.9999999999999999
2026-06-03 10:35:00+09:00,-0.0003615255941226636,0.0,0.9939024390243901
2026-06-03 10:40:00+09:00,-0.000145197321476955,0.0,0.9939024390243902
2026-06-03 10:45:00+09:00,0.0005927636731450834,0.0,0.9999999999999999
2026-06-03 10:50:00+09:00,-0.0005465666840843662,0.0,0.9938271604938271
2026-06-03 10:55:00+09:00,-0.0002859368988298277,0.0,1.0
2026-06-03 11:00:00+09:00,-0.0002638225310427553,0.0,0.9938271604938271
2026-06-03 11:05:00+09:00,0.0004036731774309249,0.0,0.9755344775669978
2026-06-03 11:10:00+09:00,-0.0001007878115452688,0.006172839506172839,0.9877295995182174
2026-06-03 11:15:00+09:00,0.00014486509951592075,0.018367961457392352,0.9631887985546522
2026-06-03 11:20:00+09:00,-0.00019509183980728696,0.9754591990364347,0.0
2026-06-03 11:25:00+09:00,0.0,0.0,0.0
2026-06-03 12:30:00+09:00,0.0,0.0,0.0
2026-06-03 12:35:00+09:00,0.0,0.0,0.0
2026-06-03 12:40:00+09:00,0.0,0.0,0.0
2026-06-03 12:45:00+09:00,0.0,0.0,0.0
2026-06-03 12:50:00+09:00,0.0,0.0,0.0
2026-06-03 12:55:00+09:00,0.0,0.0,0.0
2026-06-03 13:00:00+09:00,-0.0006177861639735314,1.0,0.9999999999999999
2026-06-03 13:05:00+09:00,-5.954659953663544e-05,0.0,0.9937499999999999
2026-06-03 13:10:00+09:00,0.0006575715874623597,0.0,0.9874999999999999
2026-06-03 13:15:00+09:00,0.0002143107943870114,0.0,0.987577160493827
2026-06-03 13:20:00+09:00,-2.142147325762228e-05,0.0,0.9938271604938271
2026-06-03 13:25:00+09:00,-0.0003864282672050085,0.0,0.975
2026-06-03 13:30:00+09:00,-9.278306010002316e-06,0.0,0.9999999999999999
2026-06-03 13:35:00+09:00,-1.6109410826616732e-05,0.0,1.0
2026-06-03 13:40:00+09:00,0.00023423840476398316,0.0,1.0
2026-06-03 13:45:00+09:00,-0.00027420013344804856,0.0,0.98125
2026-06-03 13:50:00+09:00,6.824998906864117e-05,0.0,0.9937499999999999
2026-06-03 13:55:00+09:00,-7.85325313551873e-05,0.0,0.9874999999999999
2026-06-03 14:00:00+09:00,-0.00010166281596721056,0.0,1.0
2026-06-03 14:05:00+09:00,0.0001799252328229057,0.0,0.9813271604938271
2026-06-03 14:10:00+09:00,0.00010225492534613392,0.0,0.9875
2026-06-03 14:15:00+09:00,9.876867633031962e-06,0.0,0.987577160493827
2026-06-03 14:20:00+09:00,-0.0005110415180661648,0.0,0.9937499999999999
2026-06-03 14:25:00+09:00,-0.00033650773509764784,0.0,0.987577160493827
2026-06-03 14:30:00+09:00,0.0001771473325234781,0.0,1.0
2026-06-03 14:35:00+09:00,-0.0001434712009172603,0.0,1.0
2026-06-03 14:40:00+09:00,0.0002599125395137915,0.0,1.0
2026-06-03 14:45:00+09:00,-0.0001448494047466176,0.0,0.9875
2026-06-03 14:50:00+09:00,0.00016674546028406194,0.0,1.0
2026-06-03 14:55:00+09:00,-1.0328639099440334e-05,0.0,0.9813271604938272
2026-06-03 15:00:00+09:00,-0.00011093502551855891,0.0,1.0
2026-06-03 15:05:00+09:00,2.797492799688085e-05,0.0,1.0
2026-06-03 15:10:00+09:00,-0.00030104282583250027,0.0,0.9938271604938271
2026-06-03 15:15:00+09:00,-0.0002,1.0,0.0
2026-06-03 15:20:00+09:00,0.0,0.0,0.0
2026-06-04 09:00:00+09:00,0.0,0.0,0.0
2026-06-04 09:05:00+09:00,0.0,0.0,0.0
2026-06-04 09:10:00+09:00,0.0,0.0,0.0
2026-06-04 09:15:00+09:00,0.0,0.0,0.0
2026-06-04 09:20:00+09:00,0.0,0.0,0.0
2026-06-04 09:25:00+09:00,0.0,0.0,0.0
2026-06-04 09:30:00+09:00,-0.0016066032930322142,1.0,1.0
2026-06-04 09:35:00+09:00,0.0002646909645210415,0.0,0.9939024390243903
2026-06-04 09:40:00+09:00,-0.0003125783690985365,0.0,0.9879518072289157
2026-06-04 09:45:00+09:00,-0.0002900752103989491,0.0,0.9878048780487805
2026-06-04 09:50:00+09:00,0.00011114244387159364,0.0,0.9878048780487805
2026-06-04 09:55:00+09:00,-9.423540397264244e-05,0.0,0.9939024390243902
2026-06-04 10:00:00+09:00,0.001662935975481426,0.0,0.9939024390243902
2026-06-04 10:05:00+09:00,-0.00013366249607375645,0.0,0.9878783426388481
2026-06-04 10:10:00+09:00,-0.0005545343995016026,0.0,0.9939759036144579
2026-06-04 10:15:00+09:00,0.00029678120003741895,0.0,0.9939759036144579
2026-06-04 10:20:00+09:00,0.00045309313933389664,0.0,0.9939024390243902
2026-06-04 10:25:00+09:00,0.0003853641398501602,0.0,0.9939024390243902
2026-06-04 10:30:00+09:00,-0.00020497776092847465,0.0,0.9939759036144579
2026-06-04 10:35:00+09:00,-0.00019696301412733041,0.0,0.9878783426388481
2026-06-04 10:40:00+09:00,0.0011652676442909212,0.0,0.981854246253306
2026-06-04 10:45:00+09:00,-0.0003612690571478812,0.0,1.0
2026-06-04 10:50:00+09:00,-0.00024783643363565893,0.0,1.0
2026-06-04 10:55:00+09:00,-7.583467783097144e-05,0.0,0.9817807816632383
2026-06-04 11:00:00+09:00,-7.686218844113472e-05,0.0,0.9939759036144579
2026-06-04 11:05:00+09:00,-0.00014052998665177918,0.0,0.981854246253306
2026-06-04 11:10:00+09:00,-1.1171137328086113e-05,0.006024096385542169,0.9758301498677637
2026-06-04 11:15:00+09:00,0.0002862673595931001,0.01829268292682927,0.9515133705553924
2026-06-04 11:20:00+09:00,-0.00019513664413752573,0.9756832206876286,0.0
2026-06-04 11:25:00+09:00,0.0,0.0,0.0
2026-06-04 12:30:00+09:00,0.0,0.0,0.0
2026-06-04 12:35:00+09:00,0.0,0.0,0.0
2026-06-04 12:40:00+09:00,0.0,0.0,0.0
2026-06-04 12:45:00+09:00,0.0,0.0,0.0
2026-06-04 12:50:00+09:00,0.0,0.0,0.0
2026-06-04 12:55:00+09:00,0.0,0.0,0.0
2026-06-04 13:00:00+09:00,-0.00010276286792315863,1.0,1.0
2026-06-04 13:05:00+09:00,-4.011705532834987e-05,0.0,0.9750771604938271
2026-06-04 13:10:00+09:00,5.958058607084945e-05,0.0,0.9937499999999999
2026-06-04 13:15:00+09:00,0.00038017600844024636,0.0,0.9875
2026-06-04 13:20:00+09:00,0.00041246830019323635,0.0,0.9937499999999999
2026-06-04 13:25:00+09:00,0.00021961801971198528,0.0,0.9814043209876543
2026-06-04 13:30:00+09:00,3.3192239146352586e-05,0.0,0.9752314814814815
2026-06-04 13:35:00+09:00,5.8160386348518816e-05,0.0,0.9938271604938271
2026-06-04 13:40:00+09:00,0.00030590629871843155,0.0,0.9813271604938272
2026-06-04 13:45:00+09:00,-7.229368522698798e-05,0.0,0.9814043209876542
2026-06-04 13:50:00+09:00,0.00023624149735417514,0.0,0.9628086419753086
2026-06-04 13:55:00+09:00,-0.0007251144562810819,0.0,0.9689814814814814
2026-06-04 14:00:00+09:00,-0.00021358328552024378,0.0,0.9937499999999999
2026-06-04 14:05:00+09:00,-0.0001367599011866501,0.0,0.9937499999999999
2026-06-04 14:10:00+09:00,9.983299661522028e-05,0.0,0.987577160493827
2026-06-04 14:15:00+09:00,3.99698513824417e-05,0.0,1.0
2026-06-04 14:20:00+09:00,0.0004709001847564462,0.0,0.9628086419753087
2026-06-04 14:25:00+09:00,-2.0138163949231116e-05,0.0,0.9813271604938271
2026-06-04 14:30:00+09:00,-0.00039937195169098815,0.0,0.9875
2026-06-04 14:35:00+09:00,-0.00029925050595280156,0.0,0.9813271604938271
2026-06-04 14:40:00+09:00,-0.00019739889295617238,0.0,1.0
2026-06-04 14:45:00+09:00,0.00011425239182942088,0.0,0.9937499999999999
2026-06-04 14:50:00+09:00,-0.0002926172427228941,0.0,0.9875771604938272
2026-06-04 14:55:00+09:00,1.1558205145625698e-05,0.0,0.9874999999999999
2026-06-04 15:00:00+09:00,0.00016074623151048247,0.0,0.99375
2026-06-04 15:05:00+09:00,-0.0003145225802294414,0.006172839506172839,0.9876543209876544
2026-06-04 15:10:00+09:00,0.00011239527775639179,0.0,0.9875771604938272
2026-06-04 15:15:00+09:00,-0.00019876543209876543,0.9938271604938271,0.0
2026-06-04 15:20:00+09:00,0.0,0.0,0.0
2026-06-05 09:00:00+09:00,0.0,0.0,0.0
2026-06-05 09:05:00+09:00,0.0,0.0,0.0
2026-06-05 09:10:00+09:00,0.0,0.0,0.0
2026-06-05 09:15:00+09:00,0.0,0.0,0.0
2026-06-05 09:20:00+09:00,0.0,0.0,0.0
2026-06-05 09:25:00+09:00,0.0,0.0,0.0
2026-06-05 09:30:00+09:00,0.0006130545455277355,1.0,1.0
2026-06-05 09:35:00+09:00,-0.00038571560951067144,0.0,1.0
2026-06-05 09:40:00+09:00,5.1265579838751765e-05,0.0,0.9939024390243902
2026-06-05 09:45:00+09:00,-0.00011009107946127605,0.0,0.9817073170731707
2026-06-05 09:50:00+09:00,-2.094572860102475e-05,0.0,1.0
2026-06-05 09:55:00+09:00,0.0003056588828520297,0.0,1.0
2026-06-05 10:00:00+09:00,0.00013594736475448134,0.0,1.0
2026-06-05 10:05:00+09:00,0.00014323564037956895,0.0,0.9939024390243903
2026-06-05 10:10:00+09:00,0.0003245992160221597,0.0,0.9816320385426076
2026-06-05 10:15:00+09:00,-0.0004285414822936346,0.0,0.9878048780487804
2026-06-05 10:20:00+09:00,2.7745756836731953e-05,0.0,0.9816320385426076
2026-06-05 10:25:00+09:00,0.0002683974743036604,0.0,0.9878048780487805
2026-06-05 10:30:00+09:00,-0.0001235635419697396,0.0,0.9694369165913881
2026-06-05 10:35:00+09:00,1.4238469422249496e-05,0.0,0.9939024390243902
2026-06-05 10:40:00+09:00,-4.3655615170347e-05,0.0,0.9878048780487805
2026-06-05 10:45:00+09:00,-0.0006079475283775934,0.0,0.9877295995182174
2026-06-05 10:50:00+09:00,3.685906162638137e-05,0.0,0.9878048780487804
2026-06-05 10:55:00+09:00,0.0002668860178990307,0.0,0.9938271604938271
2026-06-05 11:00:00+09:00,9.422450326184985e-06,0.0,0.9939024390243902
2026-06-05 11:05:00+09:00,0.0003562913748139739,0.0,0.9877295995182174
2026-06-05 11:10:00+09:00,0.00038033513107069237,0.006172839506172839,0.9877295995182173
2026-06-05 11:15:00+09:00,-0.00042284061381840643,0.018367961457392352,0.969361638060825
2026-06-05 11:20:00+09:00,-0.00019509183980728696,0.9754591990364347,0.0
2026-06-05 11:25:00+09:00,0.0,0.0,0.0
2026-06-05 12:30:00+09:00,0.0,0.0,0.0
2026-06-05 12:35:00+09:00,0.0,0.0,0.0
2026-06-05 12:40:00+09:00,0.0,0.0,0.0
2026-06-05 12:45:00+09:00,0.0,0.0,0.0
2026-06-05 12:50:00+09:00,0.0,0.0,0.0
2026-06-05 12:55:00+09:00,0.0,0.0,0.0
2026-06-05 13:00:00+09:00,-0.00025337633564725596,1.0,1.0
2026-06-05 13:05:00+09:00,-0.0005056376651473133,0.0,0.9753086419753086
2026-06-05 13:10:00+09:00,0.00010651907668686778,0.0,0.9876543209876543
2026-06-05 13:15:00+09:00,-0.00011414845192255665,0.0,0.9814043209876543
2026-06-05 13:20:00+09:00,-1.6159591297177738e-06,0.0,0.9875
2026-06-05 13:25:00+09:00,0.00027620098491682284,0.0,0.9938271604938271
2026-06-05 13:30:00+09:00,-0.0006483776456257211,0.0,0.9689043209876543
2026-06-05 13:35:00+09:00,-0.00036685442955340235,0.0,0.9876543209876543
2026-06-05 13:40:00+09:00,-0.00018001513416940714,0.0,0.9876543209876543
2026-06-05 13:45:00+09:00,-0.00016008931994766033,0.0,0.9814814814814815
2026-06-05 13:50:00+09:00,-0.00017477547259622006,0.0,1.0
2026-06-05 13:55:00+09:00,0.00021243386917772121,0.0,1.0
2026-06-05 14:00:00+09:00,0.00019918616725725667,0.0,1.0
2026-06-05 14:05:00+09:00,-0.00031511116444317037,0.0,0.99375
2026-06-05 14:10:00+09:00,-0.00033589185999825674,0.0,0.9875771604938272
2026-06-05 14:15:00+09:00,-5.275513264282004e-05,0.0,0.9875771604938272
2026-06-05 14:20:00+09:00,0.0005249997271538683,0.0,0.9876543209876543
2026-06-05 14:25:00+09:00,-0.00034743239708837027,0.0,0.9938271604938271
2026-06-05 14:30:00+09:00,-0.0003593610119998033,0.0,0.9938271604938271
2026-06-05 14:35:00+09:00,0.00018975208241452752,0.0,0.9938271604938271
2026-06-05 14:40:00+09:00,0.0005709789219702143,0.0,0.9814043209876543
2026-06-05 14:45:00+09:00,0.0004318640085907733,0.0,0.9938271604938271
2026-06-05 14:50:00+09:00,-2.872311556282897e-05,0.0,0.9876543209876543
2026-06-05 14:55:00+09:00,-0.00041415130993855824,0.0,0.9875771604938272
2026-06-05 15:00:00+09:00,-7.377172264857436e-06,0.0,0.9814043209876543
2026-06-05 15:05:00+09:00,0.000361336642620638,0.0,0.9937499999999999
2026-06-05 15:10:00+09:00,1.854567626426763e-05,0.0,0.9875771604938272
2026-06-05 15:15:00+09:00,-0.0002,1.0,0.0
2026-06-05 15:20:00+09:00,0.0,0.0,0.0
2026-06-08 09:00:00+09:00,0.0,0.0,0.0
2026-06-08 09:05:00+09:00,0.0,0.0,0.0
2026-06-08 09:10:00+09:00,0.0,0.0,0.0
2026-06-08 09:15:00+09:00,0.0,0.0,0.0
2026-06-08 09:20:00+09:00,0.0,0.0,0.0
2026-06-08 09:25:00+09:00,0.0,0.0,0.0
2026-06-08 09:30:00+09:00,0.0026255379048596684,1.0,1.0
2026-06-08 09:35:00+09:00,-0.0019774929166235847,0.0,1.0
2026-06-08 09:40:00+09:00,4.195445452502492e-05,0.0,0.9939024390243902
2026-06-08 09:45:00+09:00,0.00018582101202530048,0.0,1.0
2026-06-08 09:50:00+09:00,0.00038959301899803175,0.0,1.0
2026-06-08 09:55:00+09:00,-0.0005209282613765881,0.0,1.0
2026-06-08 10:00:00+09:00,2.0705900690226475e-05,0.0,0.9939024390243902
2026-06-08 10:05:00+09:00,0.0004059702311948098,0.0,0.9939024390243903
2026-06-08 10:10:00+09:00,-0.0011258896142285586,0.0,0.9939024390243902
2026-06-08 10:15:00+09:00,-0.0015919496725727825,0.0,0.9817807816632383
2026-06-08 10:20:00+09:00,-0.0007003351101569421,0.0,1.0
2026-06-08 10:25:00+09:00,-0.00022572966603179976,0.0,0.9878048780487805
2026-06-08 10:30:00+09:00,-0.00019949495674614575,0.0,1.0
2026-06-08 10:35:00+09:00,0.0016287846761302658,0.0,0.9878048780487805
2026-06-08 10:40:00+09:00,-0.0005253842465974606,0.0,0.9817073170731707
2026-06-08 10:45:00+09:00,0.0003763836974092155,0.0,1.0
2026-06-08 10:50:00+09:00,0.0008600483554653568,0.006097560975609756,0.9939024390243902
2026-06-08 10:55:00+09:00,0.0005847951136469026,0.0,0.9817807816632385
2026-06-08 11:00:00+09:00,-0.000517530314230197,0.0,0.9878048780487805
2026-06-08 11:05:00+09:00,0.0004641396805136458,0.0,0.9939024390243902
2026-06-08 11:10:00+09:00,-0.000790610805666419,0.006097560975609756,0.9756832206876286
2026-06-08 11:15:00+09:00,0.0005929197589079599,0.0,0.9756097560975611
2026-06-08 11:20:00+09:00,-0.00019756097560975612,0.9878048780487805,0.0
2026-06-08 11:25:00+09:00,0.0,0.0,0.0
2026-06-08 12:30:00+09:00,0.0,0.0,0.0
2026-06-08 12:35:00+09:00,0.0,0.0,0.0
2026-06-08 12:40:00+09:00,0.0,0.0,0.0
2026-06-08 12:45:00+09:00,0.0,0.0,0.0
2026-06-08 12:50:00+09:00,0.0,0.0,0.0
2026-06-08 12:55:00+09:00,0.0,0.0,0.0
2026-06-08 13:00:00+09:00,-0.000627373957378476,1.0,1.0
2026-06-08 13:05:00+09:00,0.00013497895708332436,0.0,0.9878048780487804
2026-06-08 13:10:00+09:00,-0.00025633324163852476,0.0,0.9817073170731707
2026-06-08 13:15:00+09:00,0.0003265865349152398,0.0,0.9816320385426076
2026-06-08 13:20:00+09:00,0.0002333406773725515,0.0,0.9938271604938271
2026-06-08 13:25:00+09:00,-8.417801705426866e-05,0.0,0.9878048780487805
2026-06-08 13:30:00+09:00,0.00018736793478383502,0.0,1.0
2026-06-08 13:35:00+09:00,7.544565911983213e-05,0.0,1.0
2026-06-08 13:40:00+09:00,-0.0002136550059157937,0.0,0.9816320385426076
2026-06-08 13:45:00+09:00,-0.00012880032365110728,0.0,0.9939024390243902
2026-06-08 13:50:00+09:00,-0.00010473689733196508,0.0,1.0
2026-06-08 13:55:00+09:00,4.079299774133818e-05,0.0,0.9939024390243902
2026-06-08 14:00:00+09:00,2.1225243645054345e-05,0.0,0.9877295995182174
2026-06-08 14:05:00+09:00,-0.00022952204651592603,0.0,0.9939024390243902
2026-06-08 14:10:00+09:00,6.876580103578169e-05,0.0,1.0
2026-06-08 14:15:00+09:00,0.0002303333770482218,0.0,0.9938271604938271
2026-06-08 14:20:00+09:00,-0.0003114356993447536,0.0,0.9939024390243902
2026-06-08 14:25:00+09:00,-0.00022612160369457992,0.0,1.0
2026-06-08 14:30:00+09:00,-0.0002144165988150716,0.0,1.0
2026-06-08 14:35:00+09:00,-5.704406484181505e-05,0.0,1.0
2026-06-08 14:40:00+09:00,7.195360732959976e-05,0.0,1.0
2026-06-08 14:45:00+09:00,-0.00018866108885708444,0.0,0.9939024390243902
2026-06-08 14:50:00+09:00,-8.891466712741532e-05,0.0,1.0
2026-06-08 14:55:00+09:00,0.00018794177827509775,0.0,0.9816320385426076
2026-06-08 15:00:00+09:00,-0.0001529445801522932,0.0,0.9939024390243902
2026-06-08 15:05:00+09:00,-0.0001658350989308128,0.0,1.0
2026-06-08 15:10:00+09:00,-0.0001957576927374898,0.0,1.0
2026-06-08 15:15:00+09:00,-0.0002,1.0,0.0
2026-06-08 15:20:00+09:00,0.0,0.0,0.0
2026-06-09 09:00:00+09:00,0.0,0.0,0.0
2026-06-09 09:05:00+09:00,0.0,0.0,0.0
2026-06-09 09:10:00+09:00,0.0,0.0,0.0
2026-06-09 09:15:00+09:00,0.0,0.0,0.0
2026-06-09 09:20:00+09:00,0.0,0.0,0.0
2026-06-09 09:25:00+09:00,0.0,0.0,0.0
2026-06-09 09:30:00+09:00,-0.0005641401169762508,1.0,0.9999999999999999
2026-06-09 09:35:00+09:00,0.002125229049547395,0.0,1.0
2026-06-09 09:40:00+09:00,1.3001696312192499e-05,0.0,0.9938271604938271
2026-06-09 09:45:00+09:00,0.001770518743228048,0.0,1.0
2026-06-09 09:50:00+09:00,-0.0007919150745876629,0.0,0.9875771604938272
2026-06-09 09:55:00+09:00,-7.255095634617225e-05,0.0,0.987577160493827
2026-06-09 10:00:00+09:00,0.0007636678903832022,0.0,0.9751543209876543
2026-06-09 10:05:00+09:00,-0.001315086564661347,0.0,0.9814814814814814
2026-06-09 10:10:00+09:00,-0.0005252200664190936,0.0,1.0
2026-06-09 10:15:00+09:00,-0.0002818134733070844,0.0,0.9938271604938271
2026-06-09 10:20:00+09:00,0.0025196583082660946,0.0,0.9937499999999999
2026-06-09 10:25:00+09:00,-0.002088091390883788,0.0,0.993827160493827
2026-06-09 10:30:00+09:00,-0.001296729006619573,0.0,0.9875771604938272
2026-06-09 10:35:00+09:00,-5.251877978108631e-05,0.0,0.9814814814814815
2026-06-09 10:40:00+09:00,-0.0004223115937426526,0.0,0.9937499999999999
2026-06-09 10:45:00+09:00,0.0021232601268944,0.0,0.9753086419753086
2026-06-09 10:50:00+09:00,0.0004894284225090632,0.0,0.9876543209876544
2026-06-09 10:55:00+09:00,-0.0008775032088939997,0.0,0.9813271604938271
2026-06-09 11:00:00+09:00,-0.0015882288065673432,0.0,0.9629629629629629
2026-06-09 11:05:00+09:00,-7.201320303950661e-05,0.0,0.9814043209876543
2026-06-09 11:10:00+09:00,-0.0003073266230644653,0.00625,0.9875771604938273
2026-06-09 11:15:00+09:00,0.0009380369153231683,0.01242283950617284,0.9565586419753087
2026-06-09 11:20:00+09:00,-0.00019626543209876545,0.9813271604938272,0.0
2026-06-09 11:25:00+09:00,0.0,0.0,0.0
2026-06-09 12:30:00+09:00,0.0,0.0,0.0
2026-06-09 12:35:00+09:00,0.0,0.0,0.0
2026-06-09 12:40:00+09:00,0.0,0.0,0.0
2026-06-09 12:45:00+09:00,0.0,0.0,0.0
2026-06-09 12:50:00+09:00,0.0,0.0,0.0
2026-06-09 12:55:00+09:00,0.0,0.0,0.0
2026-06-09 13:00:00+09:00,0.000821408218050351,1.0,1.0
2026-06-09 13:05:00+09:00,-0.0012308135223044598,0.0,0.98125
2026-06-09 13:10:00+09:00,0.0028381296104502875,0.0,0.9874999999999999
2026-06-09 13:15:00+09:00,-0.0013960548214664095,0.0,0.99375
2026-06-09 13:20:00+09:00,-0.0005810154696371901,0.0,0.9937499999999999
2026-06-09 13:25:00+09:00,0.0008340505583926047,0.0,0.99375
2026-06-09 13:30:00+09:00,0.0011194183088998736,0.0,0.975
2026-06-09 13:35:00+09:00,0.0003474263353383541,0.0,0.98125
2026-06-09 13:40:00+09:00,8.855913678083887e-05,0.0,0.98125
2026-06-09 13:45:00+09:00,-0.0008530212910686578,0.0,0.9749999999999999
2026-06-09 13:50:00+09:00,-0.00047253616985894474,0.0,1.0
2026-06-09 13:55:00+09:00,0.0008276536363512175,0.0,0.96875
2026-06-09 14:00:00+09:00,-0.0004477665575878839,0.0,0.96875
2026-06-09 14:05:00+09:00,0.0010371761170816242,0.0,0.9874999999999999
2026-06-09 14:10:00+09:00,-6.502824679438272e-05,0.0,0.975
2026-06-09 14:15:00+09:00,-0.0032706858961355167,0.0,0.975
2026-06-09 14:20:00+09:00,-0.0007850738644630904,0.0,1.0
2026-06-09 14:25:00+09:00,0.0018360761810553205,0.0,0.98125
2026-06-09 14:30:00+09:00,-0.0008772107732692452,0.0,0.99375
2026-06-09 14:35:00+09:00,0.0007132430552586322,0.0,0.96875
2026-06-09 14:40:00+09:00,0.000851488444756883,0.0,0.9875
2026-06-09 14:45:00+09:00,0.00012908657206394305,0.0,0.9875
2026-06-09 14:50:00+09:00,0.0004055716833114108,0.0,0.9874999999999999
2026-06-09 14:55:00+09:00,3.8168831125215645e-05,0.0,1.0
2026-06-09 15:00:00+09:00,-0.0004430559231474749,0.0,0.99375
2026-06-09 15:05:00+09:00,0.0001467537121140443,0.0,0.975
2026-06-09 15:10:00+09:00,0.0008321096236586665,0.025,0.975
2026-06-09 15:15:00+09:00,-0.000195,0.975,0.0
2026-06-09 15:20:00+09:00,0.0,0.0,0.0
2026-06-10 09:00:00+09:00,0.0,0.0,0.0
2026-06-10 09:05:00+09:00,0.0,0.0,0.0
2026-06-10 09:10:00+09:00,0.0,0.0,0.0
2026-06-10 09:15:00+09:00,0.0,0.0,0.0
2026-06-10 09:20:00+09:00,0.0,0.0,0.0
2026-06-10 09:25:00+09:00,0.0,0.0,0.0
2026-06-10 09:30:00+09:00,0.0016542351114300438,1.0,0.9999999999999999
2026-06-10 09:35:00+09:00,-0.0014290030467621164,0.0,0.9999999999999999
2026-06-10 09:40:00+09:00,-0.0009656540279408006,0.0,0.9999999999999999
2026-06-10 09:45:00+09:00,-0.0011132401017731137,0.0,0.9878048780487804
2026-06-10 09:50:00+09:00,-0.0030516645112772145,0.0,0.9999999999999999
2026-06-10 09:55:00+09:00,-0.0012851028567060264,0.0,0.9939024390243901
2026-06-10 10:00:00+09:00,-8.865346992285624e-05,0.0,1.0
2026-06-10 10:05:00+09:00,-0.0014581458188227664,0.0,1.0
2026-06-10 10:10:00+09:00,-1.1437576344868192e-05,0.0,0.9939024390243901
2026-06-10 10:15:00+09:00,-0.0003782295364738908,0.0,0.993827160493827
2026-06-10 10:20:00+09:00,-0.0004976767205665703,0.0,0.9938271604938272
2026-06-10 10:25:00+09:00,-0.00026487326623230866,0.0,0.9695121951219512
2026-06-10 10:30:00+09:00,-0.0003119080919664264,0.0,0.9878048780487804
2026-06-10 10:35:00+09:00,0.0006168162206874239,0.0,0.9939024390243902
2026-06-10 10:40:00+09:00,5.95345261311609e-05,0.0,0.9938271604938271
2026-06-10 10:45:00+09:00,8.897338956508819e-05,0.0,1.0
2026-06-10 10:50:00+09:00,0.0008067896615836424,0.0,0.9999999999999999
2026-06-10 10:55:00+09:00,0.0007395125928172744,0.0,0.9817073170731706
2026-06-10 11:00:00+09:00,0.0007085198804346987,0.0,0.9939024390243901
2026-06-10 11:05:00+09:00,0.00013745624418699814,0.0,0.9876543209876543
2026-06-10 11:10:00+09:00,0.0002789551458718456,0.012270400481782595,0.9877295995182174
2026-06-10 11:15:00+09:00,3.36340342256053e-05,0.012270400481782595,0.9692863595302618
2026-06-10 11:20:00+09:00,-0.00019509183980728696,0.9754591990364347,0.0
2026-06-10 11:25:00+09:00,0.0,0.0,0.0
2026-06-10 12:30:00+09:00,0.0,0.0,0.0
2026-06-10 12:35:00+09:00,0.0,0.0,0.0
2026-06-10 12:40:00+09:00,0.0,0.0,0.0
2026-06-10 12:45:00+09:00,0.0,0.0,0.0
2026-06-10 12:50:00+09:00,0.0,0.0,0.0
2026-06-10 12:55:00+09:00,0.0,0.0,0.0
2026-06-10 13:00:00+09:00,0.0001319330625282888,1.0,0.9999999999999999
2026-06-10 13:05:00+09:00,0.0008718982155790658,0.0,0.9999999999999999
2026-06-10 13:10:00+09:00,0.00020366552347567005,0.0,1.0
2026-06-10 13:15:00+09:00,0.0007574374751058758,0.0,0.9816320385426076
2026-06-10 13:20:00+09:00,0.0022827059342693874,0.0,0.9815567600120445
2026-06-10 13:25:00+09:00,0.00047057189751199325,0.0,0.9817073170731707
2026-06-10 13:30:00+09:00,-0.0007089150958765449,0.006172839506172839,0.9755344775669978
2026-06-10 13:35:00+09:00,0.001453015496768192,0.0,0.9815567600120445
2026-06-10 13:40:00+09:00,-0.0006735428561497113,0.0,0.9877295995182175
2026-06-10 13:45:00+09:00,-0.0021788567742374,0.0,0.9816320385426076
2026-06-10 13:50:00+09:00,0.0019486949025364876,0.0,0.9816320385426076
2026-06-10 13:55:00+09:00,-0.0004331873963310463,0.0,0.9938271604938271
2026-06-10 14:00:00+09:00,-0.0001678084217745327,0.0,0.993827160493827
2026-06-10 14:05:00+09:00,0.0009394766725774118,0.0,0.9755344775669978
2026-06-10 14:10:00+09:00,0.0031344960556129687,0.0,0.9816320385426075
2026-06-10 14:15:00+09:00,-0.0007995846116977172,0.0,0.9938271604938271
2026-06-10 14:20:00+09:00,-0.0013764820281727175,0.0,0.9877295995182174
2026-06-10 14:25:00+09:00,-4.825888880553481e-06,0.0,0.993827160493827
2026-06-10 14:30:00+09:00,-0.0006076813823002045,0.0,0.9755344775669978
2026-06-10 14:35:00+09:00,0.00034378418715037243,0.0,0.9755344775669978
2026-06-10 14:40:00+09:00,0.001434441594482326,0.0,0.9694369165913881
2026-06-10 14:45:00+09:00,-0.0013185557205864526,0.0,0.993827160493827
2026-06-10 14:50:00+09:00,-0.0007562142700973049,0.0,0.9938271604938271
2026-06-10 14:55:00+09:00,-0.00033840797642705085,0.0,0.9816320385426076
2026-06-10 15:00:00+09:00,0.0001736725177384539,0.0,0.9938271604938272
2026-06-10 15:05:00+09:00,-0.0007196638310590463,0.0,0.9877295995182174
2026-06-10 15:10:00+09:00,0.0003403489355278197,0.0,0.9938271604938272
2026-06-10 15:15:00+09:00,-0.00019876543209876546,0.9938271604938271,0.0
2026-06-10 15:20:00+09:00,0.0,0.0,0.0
2026-06-11 09:00:00+09:00,0.0,0.0,0.0
2026-06-11 09:05:00+09:00,0.0,0.0,0.0
2026-06-11 09:10:00+09:00,0.0,0.0,0.0
2026-06-11 09:15:00+09:00,0.0,0.0,0.0
2026-06-11 09:20:00+09:00,0.0,0.0,0.0
2026-06-11 09:25:00+09:00,0.0,0.0,0.0
2026-06-11 09:30:00+09:00,-0.0002535283207828941,1.0,0.9999999999999999
2026-06-11 09:35:00+09:00,0.00319481297418856,0.0,0.9876543209876543
2026-06-11 09:40:00+09:00,0.002043450187804044,0.0,1.0
2026-06-11 09:45:00+09:00,-0.0013175161205116438,0.0,1.0
2026-06-11 09:50:00+09:00,-0.0009211335395356759,0.0,0.9938271604938271
2026-06-11 09:55:00+09:00,0.0032124335565499543,0.0,0.9876543209876543
2026-06-11 10:00:00+09:00,0.0005441129762362454,0.0,0.9814814814814814
2026-06-11 10:05:00+09:00,0.0007628728133670147,0.0,0.9753086419753086
2026-06-11 10:10:00+09:00,0.0006215879670287623,0.0,1.0
2026-06-11 10:15:00+09:00,-0.0005206297028067079,0.0,0.9938271604938271
2026-06-11 10:20:00+09:00,0.0005543165428800578,0.0,0.9814814814814814
2026-06-11 10:25:00+09:00,-0.0018403068379149099,0.0,0.9691358024691358
2026-06-11 10:30:00+09:00,-0.0008836776281011801,0.0,0.9691358024691358
2026-06-11 10:35:00+09:00,0.0006076678709050704,0.0,0.9938271604938271
2026-06-11 10:40:00+09:00,0.0008099432248213644,0.0,0.9876543209876543
2026-06-11 10:45:00+09:00,-0.0015948979594169392,0.0,0.9814814814814814
2026-06-11 10:50:00+09:00,-0.0011562736093264944,0.0,1.0
2026-06-11 10:55:00+09:00,0.002595609508023504,0.0,1.0
2026-06-11 11:00:00+09:00,0.00014484545813782705,0.0,0.9814814814814814
2026-06-11 11:05:00+09:00,-0.0008339819884815381,0.0,0.9999999999999999
2026-06-11 11:10:00+09:00,-0.0005936418938166956,0.006172839506172839,0.962962962962963
2026-06-11 11:15:00+09:00,-0.0018129197612938416,0.012345679012345678,0.9691358024691358
2026-06-11 11:20:00+09:00,-0.0001962962962962963,0.9814814814814815,0.0
2026-06-11 11:25:00+09:00,0.0,0.0,0.0
2026-06-11 12:30:00+09:00,0.0,0.0,0.0
2026-06-11 12:35:00+09:00,0.0,0.0,0.0
2026-06-11 12:40:00+09:00,0.0,0.0,0.0
2026-06-11 12:45:00+09:00,0.0,0.0,0.0
2026-06-11 12:50:00+09:00,0.0,0.0,0.0
2026-06-11 12:55:00+09:00,0.0,0.0,0.0
2026-06-11 13:00:00+09:00,0.0002470358338092575,1.0,0.9999999999999999
2026-06-11 13:05:00+09:00,-0.0003399096458923203,0.0,0.9876543209876543
2026-06-11 13:10:00+09:00,-0.00048234372331124547,0.0,0.9445197229750075
2026-06-11 13:15:00+09:00,0.0010639204636747547,0.0,0.9569406805179164
2026-06-11 13:20:00+09:00,-0.00022096875138748995,0.0,0.9876543209876543
2026-06-11 13:25:00+09:00,3.678249797162401e-05,0.0,0.9753086419753085
2026-06-11 13:30:00+09:00,0.0010866090145707358,0.0,0.9754591990364346
2026-06-11 13:35:00+09:00,0.0006915039116716798,0.0,0.9939024390243901
2026-06-11 13:40:00+09:00,-0.0003376762446166888,0.0,0.9753086419753088
2026-06-11 13:45:00+09:00,9.871996556161173e-05,0.0,0.9815567600120445
2026-06-11 13:50:00+09:00,-0.0010355855633927549,0.0,0.9876543209876544
2026-06-11 13:55:00+09:00,0.0007319617352636144,0.0,0.9753839205058717
2026-06-11 14:00:00+09:00,-0.000292516198693742,0.0,0.9876543209876542
2026-06-11 14:05:00+09:00,-0.0007648584486526747,0.0,0.9938271604938271
2026-06-11 14:10:00+09:00,0.0017995085663238966,0.0,0.9878048780487804
2026-06-11 14:15:00+09:00,0.0008461389892408736,0.0,0.9753086419753086
2026-06-11 14:20:00+09:00,-0.0021383444083391,0.0,0.9691358024691359
2026-06-11 14:25:00+09:00,0.0010120118124640582,0.0,0.9814814814814814
2026-06-11 14:30:00+09:00,-0.00011132817062832037,0.0,0.9814814814814814
2026-06-11 14:35:00+09:00,0.00032886536083373097,0.0,0.9814814814814816
2026-06-11 14:40:00+09:00,-0.000846840718836195,0.0,0.9692110809996989
2026-06-11 14:45:00+09:00,-0.0011678982563803541,0.0,0.969211080999699
2026-06-11 14:50:00+09:00,0.00019833704158080998,0.0,0.9814814814814814
2026-06-11 14:55:00+09:00,-0.00024156651205405584,0.0,1.0
2026-06-11 15:00:00+09:00,-0.0008022731948844648,0.0,0.9938271604938271
2026-06-11 15:05:00+09:00,0.0008650391130734688,0.0,0.9939024390243901
2026-06-11 15:10:00+09:00,1.0754906877612227e-05,0.006172839506172839,0.9753839205058716
2026-06-11 15:15:00+09:00,-0.00019876543209876546,0.9938271604938271,0.0
2026-06-11 15:20:00+09:00,0.0,0.0,0.0
2026-06-12 09:00:00+09:00,0.0,0.0,0.0
2026-06-12 09:05:00+09:00,0.0,0.0,0.0
2026-06-12 09:10:00+09:00,0.0,0.0,0.0
2026-06-12 09:15:00+09:00,0.0,0.0,0.0
2026-06-12 09:20:00+09:00,0.0,0.0,0.0
2026-06-12 09:25:00+09:00,0.0,0.0,0.0
2026-06-12 09:30:00+09:00,-0.0010341628577763971,1.0,1.0
2026-06-12 09:35:00+09:00,-0.0005603985437755773,0.0,1.0
2026-06-12 09:40:00+09:00,0.0018332852040786624,0.0,1.0
2026-06-12 09:45:00+09:00,0.0003974150303024771,0.0,0.9877295995182174
2026-06-12 09:50:00+09:00,0.00032766790705208667,0.0,0.9938271604938271
2026-06-12 09:55:00+09:00,-0.0021761519440561005,0.0,0.9876543209876543
2026-06-12 10:00:00+09:00,-0.0009143544673146613,0.0,1.0
2026-06-12 10:05:00+09:00,-3.1486379053202315e-05,0.0,0.9939024390243902
2026-06-12 10:10:00+09:00,-0.0018576676871156859,0.0,0.9938271604938271
2026-06-12 10:15:00+09:00,-0.0010052274051862862,0.0,1.0
2026-06-12 10:20:00+09:00,-0.0018728602956311125,0.0,0.9815567600120445
2026-06-12 10:25:00+09:00,0.0019601291555906143,0.0,1.0
2026-06-12 10:30:00+09:00,0.0005538254472105818,0.0,0.9939024390243902
2026-06-12 10:35:00+09:00,0.002428756834685658,0.0,0.9938271604938271
2026-06-12 10:40:00+09:00,0.00162012556540117,0.0,0.9938271604938271
2026-06-12 10:45:00+09:00,-0.0003581374903312917,0.0,0.9939024390243902
2026-06-12 10:50:00+09:00,-0.0002648878904527566,0.0,0.9939024390243901
2026-06-12 10:55:00+09:00,0.00033552564541025317,0.0,0.9753839205058716
2026-06-12 11:00:00+09:00,-0.0012770075168819781,0.0,0.9938271604938271
2026-06-12 11:05:00+09:00,5.343995681118191e-05,0.0,1.0
2026-06-12 11:10:00+09:00,0.0003697817426345908,0.0,0.9938271604938271
2026-06-12 11:15:00+09:00,0.0005788225264759644,0.012270400481782595,0.9631887985546521
2026-06-12 11:20:00+09:00,-0.0001975459199036435,0.9877295995182174,0.0
2026-06-12 11:25:00+09:00,0.0,0.0,0.0
2026-06-12 12:30:00+09:00,0.0,0.0,0.0
2026-06-12 12:35:00+09:00,0.0,0.0,0.0
2026-06-12 12:40:00+09:00,0.0,0.0,0.0
2026-06-12 12:45:00+09:00,0.0,0.0,0.0
2026-06-12 12:50:00+09:00,0.0,0.0,0.0
2026-06-12 12:55:00+09:00,0.0,0.0,0.0
2026-06-12 13:00:00+09:00,-0.0003658126997659214,1.0,1.0
2026-06-12 13:05:00+09:00,-0.0008589173527320721,0.0,0.9939024390243902
2026-06-12 13:10:00+09:00,3.031059824566896e-06,0.0,0.9878048780487804
2026-06-12 13:15:00+09:00,0.0003617854637224545,0.0,1.0
2026-06-12 13:20:00+09:00,-0.0003937035245683815,0.0,0.9939024390243902
2026-06-12 13:25:00+09:00,0.0004532421165961493,0.0,0.9816320385426076
2026-06-12 13:30:00+09:00,0.00037094333253167764,0.0,0.9939024390243902
2026-06-12 13:35:00+09:00,7.341240780857324e-05,0.0,0.9939024390243902
2026-06-12 13:40:00+09:00,-0.00023158483436833344,0.0,0.9816320385426076
2026-06-12 13:45:00+09:00,-0.00044499969144351444,0.0,0.9815567600120445
2026-06-12 13:50:00+09:00,4.082967630269109e-05,0.0,0.975609756097561
2026-06-12 13:55:00+09:00,0.00019952212371231558,0.0,0.9816320385426076
2026-06-12 14:00:00+09:00,-0.00035877891749574537,0.0,0.9999999999999999
2026-06-12 14:05:00+09:00,-0.0002678164889939736,0.0,0.9692863595302619
2026-06-12 14:10:00+09:00,8.683799426653944e-05,0.0,0.9755344775669978
2026-06-12 14:15:00+09:00,0.00021241721109899057,0.0,0.9938271604938271
2026-06-12 14:20:00+09:00,-0.00016164491845910398,0.0,0.9815567600120445
2026-06-12 14:25:00+09:00,0.0005610483148546559,0.0,0.9878048780487805
2026-06-12 14:30:00+09:00,4.116281189336497e-05,0.0,0.9938271604938271
2026-06-12 14:35:00+09:00,-0.000117548676855215,0.0,1.0
2026-06-12 14:40:00+09:00,0.00013763736717964275,0.0,0.9938271604938271
2026-06-12 14:45:00+09:00,-0.0005350737022185178,0.0,0.9816320385426076
2026-06-12 14:50:00+09:00,0.00046870195886952867,0.0,1.0
2026-06-12 14:55:00+09:00,-0.0002903241134314293,0.0,0.9939024390243902
2026-06-12 15:00:00+09:00,0.0002775839604232553,0.0,0.9939024390243902
2026-06-12 15:05:00+09:00,0.0003016181339513687,0.0,0.9999999999999999
2026-06-12 15:10:00+09:00,4.946017264290899e-05,0.006097560975609756,0.9939024390243902
2026-06-12 15:15:00+09:00,-0.00019878048780487805,0.9939024390243902,0.0
2026-06-12 15:20:00+09:00,0.0,0.0,0.0
2026-06-15 09:00:00+09:00,0.0,0.0,0.0
2026-06-15 09:05:00+09:00,0.0,0.0,0.0
2026-06-15 09:10:00+09:00,0.0,0.0,0.0
2026-06-15 09:15:00+09:00,0.0,0.0,0.0
2026-06-15 09:20:00+09:00,0.0,0.0,0.0
2026-06-15 09:25:00+09:00,0.0,0.0,0.0
2026-06-15 09:30:00+09:00,0.00021886592255660538,1.0,1.0
2026-06-15 09:35:00+09:00,0.00033337461277707403,0.0,0.9814043209876544
2026-06-15 09:40:00+09:00,-0.0005749837991268209,0.0,0.9938271604938271
2026-06-15 09:45:00+09:00,-0.0009495464936445647,0.0,1.0
2026-06-15 09:50:00+09:00,-0.0005864150989339633,0.0,0.9938271604938271
2026-06-15 09:55:00+09:00,0.00047181129199065695,0.0,0.9875
2026-06-15 10:00:00+09:00,-0.0002928169323081714,0.0,0.9999999999999999
2026-06-15 10:05:00+09:00,-0.0002570243377784249,0.0,0.98125
2026-06-15 10:10:00+09:00,-3.216518849863627e-05,0.0,0.9813271604938271
2026-06-15 10:15:00+09:00,0.0001775508397021659,0.0,0.9875771604938272
2026-06-15 10:20:00+09:00,-0.0004948646599912403,0.0,0.9938271604938271
2026-06-15 10:25:00+09:00,0.0003644668847681289,0.0,0.9874999999999999
2026-06-15 10:30:00+09:00,-0.0008249181789358892,0.0,0.99375
2026-06-15 10:35:00+09:00,-0.0004561794188954303,0.0,0.9938271604938271
2026-06-15 10:40:00+09:00,-9.651406249701282e-05,0.0,0.9814043209876543
2026-06-15 10:45:00+09:00,0.00010825690612160519,0.0,0.9689814814814814
2026-06-15 10:50:00+09:00,0.00021443544260728884,0.0,0.9876543209876543
2026-06-15 10:55:00+09:00,-0.0003887221444827699,0.0,1.0
2026-06-15 11:00:00+09:00,0.0003261238807031435,0.0,0.9750771604938271
2026-06-15 11:05:00+09:00,-0.0006084078836777746,0.0,0.9814043209876544
2026-06-15 11:10:00+09:00,8.672801063939345e-05,0.006172839506172839,0.9751543209876542
2026-06-15 11:15:00+09:00,8.92499480375718e-05,0.02484567901234568,0.9689814814814814
2026-06-15 11:20:00+09:00,-0.0001937962962962963,0.9689814814814814,0.0
2026-06-15 11:25:00+09:00,0.0,0.0,0.0
2026-06-15 12:30:00+09:00,0.0,0.0,0.0
2026-06-15 12:35:00+09:00,0.0,0.0,0.0
2026-06-15 12:40:00+09:00,0.0,0.0,0.0
2026-06-15 12:45:00+09:00,0.0,0.0,0.0
2026-06-15 12:50:00+09:00,0.0,0.0,0.0
2026-06-15 12:55:00+09:00,0.0,0.0,0.0
2026-06-15 13:00:00+09:00,-0.000244302815425703,1.0,1.0
2026-06-15 13:05:00+09:00,-0.0002957208520046659,0.0,0.9814043209876542
2026-06-15 13:10:00+09:00,0.0005172666732895349,0.0,1.0
2026-06-15 13:15:00+09:00,0.0001253436639296921,0.0,1.0
2026-06-15 13:20:00+09:00,0.00023013085017717185,0.0,0.987577160493827
2026-06-15 13:25:00+09:00,0.00035472552393377507,0.0,1.0
2026-06-15 13:30:00+09:00,-0.0001489853202941201,0.0,0.9937499999999999
2026-06-15 13:35:00+09:00,-4.010419434295009e-05,0.0,0.99375
2026-06-15 13:40:00+09:00,-9.792816571795669e-05,0.0,1.0
2026-06-15 13:45:00+09:00,-0.00014124997486911385,0.0,0.9876543209876543
2026-06-15 13:50:00+09:00,-0.00023369113501005688,0.0,0.9938271604938271
2026-06-15 13:55:00+09:00,-1.988368119230744e-05,0.0,1.0
2026-06-15 14:00:00+09:00,-0.0005053693850847623,0.0,0.987577160493827
2026-06-15 14:05:00+09:00,-3.569866284121537e-05,0.0,1.0
2026-06-15 14:10:00+09:00,-5.2917805609130846e-05,0.0,1.0
2026-06-15 14:15:00+09:00,6.358362289920774e-05,0.0,0.9938271604938271
2026-06-15 14:20:00+09:00,-0.0002632136041566906,0.0,0.9938271604938271
2026-06-15 14:25:00+09:00,0.0002114729947640008,0.0,1.0
2026-06-15 14:30:00+09:00,-0.00017708508356216264,0.0,1.0
2026-06-15 14:35:00+09:00,9.40881931431777e-05,0.0,1.0
2026-06-15 14:40:00+09:00,9.557684056499502e-05,0.0,0.987577160493827
2026-06-15 14:45:00+09:00,-0.00041821953704199887,0.0,0.9752314814814813
2026-06-15 14:50:00+09:00,-0.0001491244291274172,0.0,1.0
2026-06-15 14:55:00+09:00,3.038024091991522e-05,0.0,0.9937499999999999
2026-06-15 15:00:00+09:00,0.00041377528494691905,0.0,0.9938271604938271
2026-06-15 15:05:00+09:00,-0.00024692600205863366,0.0,0.9937499999999999
2026-06-15 15:10:00+09:00,0.0001902001248228646,0.0,0.9938271604938271
2026-06-15 15:15:00+09:00,-0.0002,1.0,0.0
2026-06-15 15:20:00+09:00,0.0,0.0,0.0
2026-06-16 09:00:00+09:00,0.0,0.0,0.0
2026-06-16 09:05:00+09:00,0.0,0.0,0.0
2026-06-16 09:10:00+09:00,0.0,0.0,0.0
2026-06-16 09:15:00+09:00,0.0,0.0,0.0
2026-06-16 09:20:00+09:00,0.0,0.0,0.0
2026-06-16 09:25:00+09:00,0.0,0.0,0.0
2026-06-16 09:30:00+09:00,-0.0007881269674224164,1.0,1.0
2026-06-16 09:35:00+09:00,-0.0011826139511558534,0.0,0.9939759036144578
2026-06-16 09:40:00+09:00,-0.0010662581330704451,0.0,0.9879518072289157
2026-06-16 09:45:00+09:00,-0.00037888317301518583,0.0,0.9878048780487805
2026-06-16 09:50:00+09:00,-7.976740098685834e-05,0.0,0.9878783426388481
2026-06-16 09:55:00+09:00,0.00033348447789602835,0.0,0.9758301498677637
2026-06-16 10:00:00+09:00,0.0002543397094276521,0.0,0.9879518072289157
2026-06-16 10:05:00+09:00,-0.00042340451935918673,0.006024096385542169,0.981854246253306
2026-06-16 10:10:00+09:00,0.00031764699795146397,0.0,0.9697325888921541
2026-06-16 10:15:00+09:00,-0.00014381507618066927,0.0,0.9635615633264767
2026-06-16 10:20:00+09:00,0.00013217858989859733,0.0,0.9696591243020863
2026-06-16 10:25:00+09:00,-0.00011323049792575854,0.0,0.9698060534822216
2026-06-16 10:30:00+09:00,-7.58700336600922e-06,0.0,0.981854246253306
2026-06-16 10:35:00+09:00,2.2405627793403837e-05,0.0,0.9878783426388481
2026-06-16 10:40:00+09:00,4.163381641678621e-05,0.0,0.9393917131942404
2026-06-16 10:45:00+09:00,6.510026583767523e-05,0.0,0.9758301498677637
2026-06-16 10:50:00+09:00,-0.00019095692925101337,0.006024096385542169,0.9757566852776962
2026-06-16 10:55:00+09:00,9.248677518361235e-05,0.0,0.9636350279165442
2026-06-16 11:00:00+09:00,-8.104721208600921e-05,0.0,0.969732588892154
2026-06-16 11:05:00+09:00,-0.0006352316151935223,0.0,0.9636350279165442
2026-06-16 11:10:00+09:00,8.078791688062174e-05,0.0,0.9576843961210697
2026-06-16 11:15:00+09:00,-6.817446924403905e-05,0.006097560975609756,0.9636350279165442
2026-06-16 11:20:00+09:00,-0.0001963708492506612,0.981854246253306,0.0
2026-06-16 11:25:00+09:00,0.0,0.0,0.0
2026-06-16 12:30:00+09:00,0.0,0.0,0.0
2026-06-16 12:35:00+09:00,0.0,0.0,0.0
2026-06-16 12:40:00+09:00,0.0,0.0,0.0
2026-06-16 12:45:00+09:00,0.0,0.0,0.0
2026-06-16 12:50:00+09:00,0.0,0.0,0.0
2026-06-16 12:55:00+09:00,0.0,0.0,0.0
2026-06-16 13:00:00+09:00,0.00012142702241860116,1.0,1.0
2026-06-16 13:05:00+09:00,-7.774182122754959e-05,0.0,0.9939024390243902
2026-06-16 13:10:00+09:00,-5.479927205879614e-05,0.0,0.9876543209876543
2026-06-16 13:15:00+09:00,0.0005445856822167321,0.0,0.9815567600120445
2026-06-16 13:20:00+09:00,-0.00010674833641417721,0.0,1.0
2026-06-16 13:25:00+09:00,0.00024988884899897185,0.0,0.9815567600120445
2026-06-16 13:30:00+09:00,0.00035992624181776806,0.0,0.9816320385426076
2026-06-16 13:35:00+09:00,-0.000424552284138891,0.0,0.9938271604938271
2026-06-16 13:40:00+09:00,-0.0012745415829497817,0.0,0.9815567600120445
2026-06-16 13:45:00+09:00,-0.0008909519168262663,0.0,0.9815567600120445
2026-06-16 13:50:00+09:00,-0.0003011886800894069,0.0,1.0
2026-06-16 13:55:00+09:00,-0.00016399946313756038,0.0,0.9753839205058716
2026-06-16 14:00:00+09:00,-0.00016858401702970864,0.0,0.9999999999999999
2026-06-16 14:05:00+09:00,-0.0005468248079662283,0.0,0.9814814814814815
2026-06-16 14:10:00+09:00,0.0002527443270819773,0.0,0.9878048780487805
2026-06-16 14:15:00+09:00,-0.00024352049315578913,0.0,0.9815567600120445
2026-06-16 14:20:00+09:00,-0.0007916413931919861,0.0,0.9877295995182174
2026-06-16 14:25:00+09:00,-4.853468361610229e-05,0.0,0.9876543209876545
2026-06-16 14:30:00+09:00,-0.0003474104787545884,0.0,0.9753839205058716
2026-06-16 14:35:00+09:00,-0.001127977321965087,0.0,0.9753086419753088
2026-06-16 14:40:00+09:00,9.276720195602675e-05,0.0,0.9877295995182174
2026-06-16 14:45:00+09:00,-0.0006544221895943154,0.0,0.9815567600120445
2026-06-16 14:50:00+09:00,-0.00022749429266689537,0.0,0.9876543209876543
2026-06-16 14:55:00+09:00,0.00047162171269733407,0.0,0.9754591990364347
2026-06-16 15:00:00+09:00,0.00010162314103358998,0.0,0.9876543209876543
2026-06-16 15:05:00+09:00,-4.839367115916971e-05,0.0,0.9876543209876543
2026-06-16 15:10:00+09:00,-0.0006937514045653563,0.012345679012345678,0.9815567600120445
2026-06-16 15:15:00+09:00,-0.00019753086419753088,0.9876543209876543,0.0
2026-06-16 15:20:00+09:00,0.0,0.0,0.0
2026-06-17 09:00:00+09:00,0.0,0.0,0.0
2026-06-17 09:05:00+09:00,0.0,0.0,0.0
2026-06-17 09:10:00+09:00,0.0,0.0,0.0
2026-06-17 09:15:00+09:00,0.0,0.0,0.0
2026-06-17 09:20:00+09:00,0.0,0.0,0.0
2026-06-17 09:25:00+09:00,0.0,0.0,0.0
2026-06-17 09:30:00+09:00,-0.0003334815426308774,1.0,0.9999999999999999
2026-06-17 09:35:00+09:00,-0.001031623670109552,0.0,0.9816320385426076
2026-06-17 09:40:00+09:00,0.0014353629002276434,0.0,0.993827160493827
2026-06-17 09:45:00+09:00,0.0004435391436604813,0.0,0.9999999999999999
2026-06-17 09:50:00+09:00,4.5260462375573414e-05,0.0,0.9938271604938271
2026-06-17 09:55:00+09:00,0.0008859667950881082,0.0,0.9754591990364349
2026-06-17 10:00:00+09:00,-3.46409020031369e-05,0.0,0.9878048780487804
2026-06-17 10:05:00+09:00,4.655300251049513e-05,0.0,0.9938271604938271
2026-06-17 10:10:00+09:00,-0.0002812391760739804,0.0,0.9876543209876543
2026-06-17 10:15:00+09:00,0.0006110286981032084,0.0,0.9877295995182174
2026-06-17 10:20:00+09:00,0.0006615524751877485,0.0,0.9753086419753085
2026-06-17 10:25:00+09:00,0.0007913182151847145,0.0,0.9815567600120445
2026-06-17 10:30:00+09:00,0.0004990801763482748,0.006097560975609756,0.9877295995182174
2026-06-17 10:35:00+09:00,0.00023280471999899868,0.0,0.9754591990364347
2026-06-17 10:40:00+09:00,0.00034474520634397764,0.0,0.9815567600120445
2026-06-17 10:45:00+09:00,-0.0003056497666712221,0.0,0.9877295995182174
2026-06-17 10:50:00+09:00,0.0006257500372704301,0.0,0.9939024390243902
2026-06-17 10:55:00+09:00,-0.0009388060423709171,0.006172839506172839,0.963113520024089
2026-06-17 11:00:00+09:00,0.0005400262885406214,0.0,0.9754591990364347
2026-06-17 11:05:00+09:00,0.0002463373724957698,0.0,0.9816320385426076
2026-06-17 11:10:00+09:00,-0.00041459982135737733,0.006097560975609756,0.9571665161096055
2026-06-17 11:15:00+09:00,0.0005305606681797109,0.04298404095152063,0.938647997591087
2026-06-17 11:20:00+09:00,-0.0001877295995182174,0.938647997591087,0.0
2026-06-17 11:25:00+09:00,0.0,0.0,0.0
2026-06-17 12:30:00+09:00,0.0,0.0,0.0
2026-06-17 12:35:00+09:00,0.0,0.0,0.0
2026-06-17 12:40:00+09:00,0.0,0.0,0.0
2026-06-17 12:45:00+09:00,0.0,0.0,0.0
2026-06-17 12:50:00+09:00,0.0,0.0,0.0
2026-06-17 12:55:00+09:00,0.0,0.0,0.0
2026-06-17 13:00:00+09:00,-2.183933298120738e-05,1.0,0.9999999999999999
2026-06-17 13:05:00+09:00,-0.00016088697855017847,0.0,0.9753839205058716
2026-06-17 13:10:00+09:00,9.134482295490568e-05,0.0,0.9631887985546521
2026-06-17 13:15:00+09:00,-0.0001545477559332526,0.0,0.9877295995182173
2026-06-17 13:20:00+09:00,-0.00018289227933257122,0.0,0.9815567600120445
2026-06-17 13:25:00+09:00,0.00023455153779504138,0.0,0.9877295995182174
2026-06-17 13:30:00+09:00,-0.00014846379778733635,0.0,0.9877295995182174
2026-06-17 13:35:00+09:00,-0.0007197132195682232,0.0,0.9692863595302619
2026-06-17 13:40:00+09:00,4.8675763624949736e-05,0.0,0.993827160493827
2026-06-17 13:45:00+09:00,0.00020708033717528848,0.0,0.9815567600120445
2026-06-17 13:50:00+09:00,0.00013304388452320035,0.0,0.9568654019873531
2026-06-17 13:55:00+09:00,0.00012102918256522122,0.0,0.9938271604938271
2026-06-17 14:00:00+09:00,-0.00018382745705382858,0.0,0.9754591990364347
2026-06-17 14:05:00+09:00,-0.00026225138005146287,0.0,0.9876543209876543
2026-06-17 14:10:00+09:00,6.142435409586736e-05,0.0,0.963113520024089
2026-06-17 14:15:00+09:00,-1.557569866995902e-05,0.0,0.9877295995182174
2026-06-17 14:20:00+09:00,2.375287811690108e-05,0.0,0.9939024390243902
2026-06-17 14:25:00+09:00,-8.930183537445867e-05,0.0,0.9753839205058716
2026-06-17 14:30:00+09:00,-0.00014896856539603267,0.0,0.9815567600120445
2026-06-17 14:35:00+09:00,-0.000108304438315828,0.0,0.9939024390243902
2026-06-17 14:40:00+09:00,-7.739909462366514e-06,0.0,0.9815567600120445
2026-06-17 14:45:00+09:00,3.8258971554433264e-05,0.0,0.9754591990364347
2026-06-17 14:50:00+09:00,0.00022725426523851068,0.0,0.9753839205058716
2026-06-17 14:55:00+09:00,0.00029037436024664597,0.0,0.9939024390243902
2026-06-17 15:00:00+09:00,0.00012389027379701865,0.0,0.9877295995182174
2026-06-17 15:05:00+09:00,0.00017058550201601495,0.0,0.9938271604938271
2026-06-17 15:10:00+09:00,0.00011599632762758205,0.006097560975609756,0.9877295995182174
2026-06-17 15:15:00+09:00,-0.00019878048780487805,0.9939024390243902,0.0
2026-06-17 15:20:00+09:00,0.0,0.0,0.0
2026-06-18 09:00:00+09:00,0.0,0.0,0.0
2026-06-18 09:05:00+09:00,0.0,0.0,0.0
2026-06-18 09:10:00+09:00,0.0,0.0,0.0
2026-06-18 09:15:00+09:00,0.0,0.0,0.0
2026-06-18 09:20:00+09:00,0.0,0.0,0.0
2026-06-18 09:25:00+09:00,0.0,0.0,0.0
2026-06-18 09:30:00+09:00,0.0003212503759580041,1.0,0.9999999999999999
2026-06-18 09:35:00+09:00,-0.0007261536447743876,0.0,0.9876543209876542
2026-06-18 09:40:00+09:00,-0.0008531123213793959,0.0,0.9999999999999999
2026-06-18 09:45:00+09:00,0.0005312629042675677,0.0,0.9692863595302619
2026-06-18 09:50:00+09:00,-0.0007036560451031416,0.0,0.9876543209876543
2026-06-18 09:55:00+09:00,-0.0005695201199223867,0.0,0.9999999999999999
2026-06-18 10:00:00+09:00,-0.00014008845822626205,0.0,0.9816320385426076
2026-06-18 10:05:00+09:00,0.00080649055514954,0.0,0.9939024390243902
2026-06-18 10:10:00+09:00,5.0357219661605724e-05,0.0,0.993827160493827
2026-06-18 10:15:00+09:00,-0.0001331328326068931,0.0,0.9815567600120445
2026-06-18 10:20:00+09:00,-0.00032091518430630336,0.0,0.9938271604938271
2026-06-18 10:25:00+09:00,0.00037905515619700563,0.0,0.9938271604938271
2026-06-18 10:30:00+09:00,-9.658019482484612e-05,0.0,0.9814814814814814
2026-06-18 10:35:00+09:00,0.0007044534943621409,0.0,0.9877295995182173
2026-06-18 10:40:00+09:00,-0.00012003807773109868,0.0,0.9876543209876543
2026-06-18 10:45:00+09:00,-0.0002804589635096563,0.0,1.0
2026-06-18 10:50:00+09:00,0.0005981169971053131,0.0,0.9939024390243901
2026-06-18 10:55:00+09:00,0.00010548566392142531,0.0,0.9876543209876543
2026-06-18 11:00:00+09:00,0.00017356040765844635,0.0,0.9999999999999999
2026-06-18 11:05:00+09:00,-0.0001377501524308751,0.0,0.9939024390243901
2026-06-18 11:10:00+09:00,0.000353229775430847,0.0,0.9815567600120445
2026-06-18 11:15:00+09:00,0.00015766956960158393,0.012345679012345678,0.9814814814814814
2026-06-18 11:20:00+09:00,-0.00019753086419753088,0.9876543209876543,0.0
2026-06-18 11:25:00+09:00,0.0,0.0,0.0
2026-06-18 12:30:00+09:00,0.0,0.0,0.0
2026-06-18 12:35:00+09:00,0.0,0.0,0.0
2026-06-18 12:40:00+09:00,0.0,0.0,0.0
2026-06-18 12:45:00+09:00,0.0,0.0,0.0
2026-06-18 12:50:00+09:00,0.0,0.0,0.0
2026-06-18 12:55:00+09:00,0.0,0.0,0.0
2026-06-18 13:00:00+09:00,-0.00014072936914086534,1.0,1.0
2026-06-18 13:05:00+09:00,-6.505839013311817e-05,0.0,0.962962962962963
2026-06-18 13:10:00+09:00,-0.0004041783686805906,0.0,0.9814814814814814
2026-06-18 13:15:00+09:00,-0.00012764381124023285,0.0,0.9814814814814814
2026-06-18 13:20:00+09:00,2.340633499081281e-05,0.0,1.0
2026-06-18 13:25:00+09:00,0.0003292384780134551,0.0,0.9691358024691358
2026-06-18 13:30:00+09:00,-0.0006972288514170554,0.0,0.9876543209876543
2026-06-18 13:35:00+09:00,-0.00012020255237791405,0.0,0.9691358024691358
2026-06-18 13:40:00+09:00,0.00018267000150539792,0.0,0.9938271604938271
2026-06-18 13:45:00+09:00,0.0001758602229283713,0.0,0.963038241493526
2026-06-18 13:50:00+09:00,-0.00017828725456142365,0.0,0.9814814814814814
2026-06-18 13:55:00+09:00,0.00030980640467520755,0.0,0.9753086419753086
2026-06-18 14:00:00+09:00,-0.00012470939497117195,0.0,0.9815567600120445
2026-06-18 14:05:00+09:00,-9.49829081752699e-05,0.0,0.9815567600120445
2026-06-18 14:10:00+09:00,0.0002185201307889143,0.0,0.9814814814814815
2026-06-18 14:15:00+09:00,-0.0001722358800373429,0.0,0.9753086419753086
2026-06-18 14:20:00+09:00,-0.0002585474780960249,0.0,0.9567901234567902
2026-06-18 14:25:00+09:00,0.0002623089910851659,0.0,0.9814814814814815
2026-06-18 14:30:00+09:00,-0.0005930840506372731,0.0,0.993827160493827
2026-06-18 14:35:00+09:00,0.00031745990381060955,0.0,1.0
2026-06-18 14:40:00+09:00,-0.00046352154072114456,0.0,0.9629629629629629
2026-06-18 14:45:00+09:00,-0.0002446147328348069,0.0,0.9814814814814814
2026-06-18 14:50:00+09:00,-0.00021176826079449053,0.0,0.9876543209876543
2026-06-18 14:55:00+09:00,0.00012382564090788152,0.0,0.9876543209876543
2026-06-18 15:00:00+09:00,-0.00038087610621228435,0.0,0.9876543209876543
2026-06-18 15:05:00+09:00,0.00011095840398969259,0.006172839506172839,0.9876543209876543
2026-06-18 15:10:00+09:00,0.00012120978445392941,0.0,0.9814814814814814
2026-06-18 15:15:00+09:00,-0.00019876543209876546,0.9938271604938271,0.0
2026-06-18 15:20:00+09:00,0.0,0.0,0.0
2026-06-19 09:00:00+09:00,0.0,0.0,0.0
2026-06-19 09:05:00+09:00,0.0,0.0,0.0
2026-06-19 09:10:00+09:00,0.0,0.0,0.0
2026-06-19 09:15:00+09:00,0.0,0.0,0.0
2026-06-19 09:20:00+09:00,0.0,0.0,0.0
2026-06-19 09:25:00+09:00,0.0,0.0,0.0
2026-06-19 09:30:00+09:00,-0.0005749867457754994,1.0,1.0
2026-06-19 09:35:00+09:00,0.00037774713326558227,0.0,1.0
2026-06-19 09:40:00+09:00,0.0004630793802827894,0.0,1.0
2026-06-19 09:45:00+09:00,8.987435468549591e-05,0.0,1.0
2026-06-19 09:50:00+09:00,-0.00020105406450500015,0.0,0.9939759036144579
2026-06-19 09:55:00+09:00,-0.00038516493223321864,0.0,1.0
2026-06-19 10:00:00+09:00,0.0007063135801172453,0.0,1.0
2026-06-19 10:05:00+09:00,0.0006435817601700429,0.0,1.0
2026-06-19 10:10:00+09:00,-4.83632170862937e-05,0.0,0.9939024390243903
2026-06-19 10:15:00+09:00,-0.0008185798662378478,0.0,0.9939759036144579
2026-06-19 10:20:00+09:00,-0.00017524610591882237,0.0,0.9939759036144579
2026-06-19 10:25:00+09:00,-0.00013226707947191154,0.0,0.9879518072289157
2026-06-19 10:30:00+09:00,0.0011539651667716792,0.0,0.9817807816632385
2026-06-19 10:35:00+09:00,-0.0002139720798630676,0.0,0.9939759036144578
2026-06-19 10:40:00+09:00,0.0001711771543510417,0.0,0.9879518072289157
2026-06-19 10:45:00+09:00,-2.079279894323057e-05,0.0,1.0000000000000002
2026-06-19 10:50:00+09:00,-0.00015299569560161958,0.0,1.0
2026-06-19 10:55:00+09:00,-8.065699018955442e-05,0.0,0.9939759036144579
2026-06-19 11:00:00+09:00,0.0003261363052555956,0.0,1.0000000000000002
2026-06-19 11:05:00+09:00,-0.00027993426335855075,0.006024096385542169,0.993975903614458
2026-06-19 11:10:00+09:00,0.00047018408299363357,0.0,0.9879518072289157
2026-06-19 11:15:00+09:00,-0.0007246826294767172,0.0,0.9939759036144579
2026-06-19 11:20:00+09:00,-0.00019879518072289158,0.9939759036144579,0.0
2026-06-19 11:25:00+09:00,0.0,0.0,0.0
2026-06-19 12:30:00+09:00,0.0,0.0,0.0
2026-06-19 12:35:00+09:00,0.0,0.0,0.0
2026-06-19 12:40:00+09:00,0.0,0.0,0.0
2026-06-19 12:45:00+09:00,0.0,0.0,0.0
2026-06-19 12:50:00+09:00,0.0,0.0,0.0
2026-06-19 12:55:00+09:00,0.0,0.0,0.0
2026-06-19 13:00:00+09:00,-0.0007011578763255625,1.0,1.0
2026-06-19 13:05:00+09:00,0.0005463556645140944,0.0,0.9817073170731706
2026-06-19 13:10:00+09:00,-0.00011731459006179895,0.0,0.9755344775669978
2026-06-19 13:15:00+09:00,-0.00010511709280584888,0.0,0.9816320385426076
2026-06-19 13:20:00+09:00,-0.00030697577121614793,0.0,0.9938271604938271
2026-06-19 13:25:00+09:00,0.00042796551525936245,0.0,0.9754591990364349
2026-06-19 13:30:00+09:00,-0.0002664690953221074,0.0,0.9877295995182174
2026-06-19 13:35:00+09:00,0.0005019860037162686,0.0,0.9755344775669978
2026-06-19 13:40:00+09:00,0.0001577936827189771,0.0,1.0
2026-06-19 13:45:00+09:00,0.00038528464945514435,0.0,0.9877295995182173
2026-06-19 13:50:00+09:00,-0.00045253113876522587,0.0,0.9815567600120446
2026-06-19 13:55:00+09:00,-0.0001927520827695832,0.0,0.9877295995182174
2026-06-19 14:00:00+09:00,-0.00027530571537175597,0.0,0.9938271604938271
2026-06-19 14:05:00+09:00,-0.0005227348804466889,0.0,0.9877295995182174
2026-06-19 14:10:00+09:00,1.6619143863521252e-05,0.0,0.9816320385426076
2026-06-19 14:15:00+09:00,0.0003184722874456322,0.0,0.9815567600120445
2026-06-19 14:20:00+09:00,-0.0007303449853619172,0.0,0.969361638060825
2026-06-19 14:25:00+09:00,0.0004234295412033986,0.0,0.9938271604938271
2026-06-19 14:30:00+09:00,-0.00011944183860300815,0.0,0.9877295995182174
2026-06-19 14:35:00+09:00,-9.542823188428785e-05,0.0,0.9938271604938271
2026-06-19 14:40:00+09:00,9.228433942834029e-05,0.0,0.969286359530262
2026-06-19 14:45:00+09:00,-1.8431041370437668e-05,0.0,0.9876543209876543
2026-06-19 14:50:00+09:00,-0.00014650380049131319,0.0,0.9877295995182174
2026-06-19 14:55:00+09:00,-0.00013383080912056724,0.0,0.9938271604938271
2026-06-19 15:00:00+09:00,-5.6396174694403624e-05,0.0,0.9939024390243902
2026-06-19 15:05:00+09:00,0.00018837499762680915,0.0,0.9938271604938271
2026-06-19 15:10:00+09:00,0.00010738142945402999,0.006172839506172839,0.9877295995182174
2026-06-19 15:15:00+09:00,-0.00019876543209876546,0.9938271604938271,0.0
2026-06-19 15:20:00+09:00,0.0,0.0,0.0
2026-06-22 09:00:00+09:00,0.0,0.0,0.0
2026-06-22 09:05:00+09:00,0.0,0.0,0.0
2026-06-22 09:10:00+09:00,0.0,0.0,0.0
2026-06-22 09:15:00+09:00,0.0,0.0,0.0
2026-06-22 09:20:00+09:00,0.0,0.0,0.0
2026-06-22 09:25:00+09:00,0.0,0.0,0.0
2026-06-22 09:30:00+09:00,-0.00015224189743766038,1.0,1.0
2026-06-22 09:35:00+09:00,-4.971927739691255e-06,0.0,0.9939759036144579
2026-06-22 09:40:00+09:00,0.0010777606769506926,0.0,1.0
2026-06-22 09:45:00+09:00,0.0007132904496256628,0.0,0.9939024390243902
2026-06-22 09:50:00+09:00,2.6397889615355033e-05,0.0,0.975609756097561
2026-06-22 09:55:00+09:00,0.00025054556926304607,0.0,0.9634146341463415
2026-06-22 10:00:00+09:00,0.00019597816923163015,0.0,0.9939024390243903
2026-06-22 10:05:00+09:00,0.0005631879329721287,0.0,0.9817807816632382
2026-06-22 10:10:00+09:00,-0.0002698683919270276,0.0,0.9817073170731708
2026-06-22 10:15:00+09:00,5.636699360485535e-05,0.0,0.975609756097561
2026-06-22 10:20:00+09:00,0.00033510107049802146,0.0,1.0
2026-06-22 10:25:00+09:00,-4.6911229422750165e-05,0.0,0.9939024390243903
2026-06-22 10:30:00+09:00,0.0003360415468524074,0.0,0.9817073170731707
2026-06-22 10:35:00+09:00,0.00042426663611742134,0.0,0.9695856597120189
2026-06-22 10:40:00+09:00,0.0001773855069984009,0.0,0.9634146341463414
2026-06-22 10:45:00+09:00,0.00040528952944447337,0.0,0.9695121951219513
2026-06-22 10:50:00+09:00,1.1627639761012894e-05,0.0,0.9695121951219513
2026-06-22 10:55:00+09:00,0.000269044202299885,0.0,0.9695121951219513
2026-06-22 11:00:00+09:00,-0.0005657422512762725,0.0,0.9634880987364091
2026-06-22 11:05:00+09:00,0.0002789230505358016,0.0,0.9817073170731708
2026-06-22 11:10:00+09:00,2.037718966218652e-05,0.018219218336761683,0.9757566852776962
2026-06-22 11:15:00+09:00,5.7848735062915415e-05,0.018219218336761683,0.920952101087276
2026-06-22 11:20:00+09:00,-0.00019271231266529534,0.9635615633264767,0.0
2026-06-22 11:25:00+09:00,0.0,0.0,0.0
2026-06-22 12:30:00+09:00,0.0,0.0,0.0
2026-06-22 12:35:00+09:00,0.0,0.0,0.0
2026-06-22 12:40:00+09:00,0.0,0.0,0.0
2026-06-22 12:45:00+09:00,0.0,0.0,0.0
2026-06-22 12:50:00+09:00,0.0,0.0,0.0
2026-06-22 12:55:00+09:00,0.0,0.0,0.0
2026-06-22 13:00:00+09:00,-0.000165676130843107,1.0,1.0
2026-06-22 13:05:00+09:00,0.00037640871833927316,0.0,0.9879518072289157
2026-06-22 13:10:00+09:00,0.000176718447914533,0.0,0.993975903614458
2026-06-22 13:15:00+09:00,0.0001230342090919073,0.0,1.0
2026-06-22 13:20:00+09:00,4.691141124289841e-05,0.0,0.9759036144578315
2026-06-22 13:25:00+09:00,0.00047784098752576157,0.0,0.993975903614458
2026-06-22 13:30:00+09:00,0.00015063972545050744,0.0,0.9939759036144579
2026-06-22 13:35:00+09:00,-0.00011683638433747584,0.0,0.963708492506612
2026-06-22 13:40:00+09:00,7.816059696642949e-05,0.0,0.981854246253306
2026-06-22 13:45:00+09:00,-0.00010260827868650741,0.0,0.9879518072289157
2026-06-22 13:50:00+09:00,0.0005356408979126153,0.0,0.9757566852776962
2026-06-22 13:55:00+09:00,0.0002786874540051517,0.0,0.9817807816632383
2026-06-22 14:00:00+09:00,-0.00017142299245765294,0.0,0.981854246253306
2026-06-22 14:05:00+09:00,0.0002738202787281486,0.0,0.9878048780487805
2026-06-22 14:10:00+09:00,0.0003312895045716301,0.0,0.993975903614458
2026-06-22 14:15:00+09:00,0.00023987432294847203,0.0,0.963855421686747
2026-06-22 14:20:00+09:00,6.32289323994146e-05,0.0,1.0
2026-06-22 14:25:00+09:00,-1.5285530712186166e-05,0.0,0.9577578607111374
2026-06-22 14:30:00+09:00,-0.00012551943042268837,0.0,0.9939024390243902
2026-06-22 14:35:00+09:00,-0.00023015442424075192,0.0,0.9758301498677637
2026-06-22 14:40:00+09:00,9.139559819412159e-05,0.0,0.981854246253306
2026-06-22 14:45:00+09:00,0.0002238758704339745,0.0,1.0
2026-06-22 14:50:00+09:00,4.531213544962291e-05,0.0,0.9698060534822216
2026-06-22 14:55:00+09:00,0.00013244272612812706,0.0,0.9759036144578314
2026-06-22 15:00:00+09:00,5.771367602063675e-05,0.0,0.9759036144578314
2026-06-22 15:05:00+09:00,0.00012616160013585853,0.0,0.981854246253306
2026-06-22 15:10:00+09:00,0.00012748177328782392,0.0,0.9879518072289157
2026-06-22 15:15:00+09:00,-0.0002,1.0,0.0
2026-06-22 15:20:00+09:00,0.0,0.0,0.0
2026-06-23 09:00:00+09:00,0.0,0.0,0.0
2026-06-23 09:05:00+09:00,0.0,0.0,0.0
2026-06-23 09:10:00+09:00,0.0,0.0,0.0
2026-06-23 09:15:00+09:00,0.0,0.0,0.0
2026-06-23 09:20:00+09:00,0.0,0.0,0.0
2026-06-23 09:25:00+09:00,0.0,0.0,0.0
2026-06-23 09:30:00+09:00,0.0003533041091522173,1.0,1.0
2026-06-23 09:35:00+09:00,-0.00025334506896355924,0.0,0.9819277108433735
2026-06-23 09:40:00+09:00,-0.001961857515872804,0.0,0.9637084925066118
2026-06-23 09:45:00+09:00,-9.667526092152232e-05,0.0,0.9638554216867471
2026-06-23 09:50:00+09:00,-0.00025659950139387313,0.0,0.963708492506612
2026-06-23 09:55:00+09:00,-0.0008483421502236412,0.0,0.9879518072289157
2026-06-23 10:00:00+09:00,0.00030790973027118525,0.0,0.981854246253306
2026-06-23 10:05:00+09:00,0.0003281813242380264,0.0,0.9758301498677637
2026-06-23 10:10:00+09:00,8.422085438272076e-05,0.0,0.9335880105789011
2026-06-23 10:15:00+09:00,0.0002205882628818838,0.0,0.9819277108433735
2026-06-23 10:20:00+09:00,0.00011413851497396371,0.0,0.9637819570966795
2026-06-23 10:25:00+09:00,0.0006552245527317162,0.0,0.9577578607111373
2026-06-23 10:30:00+09:00,0.0007025153562495316,0.0,0.9698060534822217
2026-06-23 10:35:00+09:00,0.001756966374787474,0.0,0.9698060534822217
2026-06-23 10:40:00+09:00,0.0021464741720084563,0.0,0.9637084925066118
2026-06-23 10:45:00+09:00,0.0007775664099776978,0.0,0.9878783426388482
2026-06-23 10:50:00+09:00,0.0005141762947250906,0.0,0.9817807816632383
2026-06-23 10:55:00+09:00,-0.0006322578221012252,0.0,0.9698060534822217
2026-06-23 11:00:00+09:00,0.0014273282959652868,0.0,0.9819277108433735
2026-06-23 11:05:00+09:00,-0.0011244633798085546,0.006024096385542169,0.9698795180722892
2026-06-23 11:10:00+09:00,-0.000810915322713095,0.018145753746694096,0.9577578607111372
2026-06-23 11:15:00+09:00,-0.0003121840005622876,0.04231560387893036,0.8973699676755804
2026-06-23 11:20:00+09:00,-0.0001867029091977667,0.9335145459888334,0.0
2026-06-23 11:25:00+09:00,0.0,0.0,0.0
2026-06-23 12:30:00+09:00,0.0,0.0,0.0
2026-06-23 12:35:00+09:00,0.0,0.0,0.0
2026-06-23 12:40:00+09:00,0.0,0.0,0.0
2026-06-23 12:45:00+09:00,0.0,0.0,0.0
2026-06-23 12:50:00+09:00,0.0,0.0,0.0
2026-06-23 12:55:00+09:00,0.0,0.0,0.0
2026-06-23 13:00:00+09:00,0.0001139415481556038,1.0,1.0
2026-06-23 13:05:00+09:00,-0.0002474052773741091,0.0,0.9877295995182174
2026-06-23 13:10:00+09:00,0.00011179673689378476,0.0,0.9876543209876544
2026-06-23 13:15:00+09:00,-0.0002489782464391601,0.0,0.9816320385426076
2026-06-23 13:20:00+09:00,-0.00018006468728443568,0.0,0.9939024390243902
2026-06-23 13:25:00+09:00,0.0001227878839945936,0.0,0.9631887985546521
2026-06-23 13:30:00+09:00,9.773407177418106e-05,0.0,0.9877295995182174
2026-06-23 13:35:00+09:00,0.00013069043859966102,0.0,0.9939024390243902
2026-06-23 13:40:00+09:00,0.0002149921803327414,0.0,0.9877295995182174
2026-06-23 13:45:00+09:00,0.00043682385775421523,0.0,0.9939024390243902
2026-06-23 13:50:00+09:00,-0.00013361678624738868,0.0,1.0
2026-06-23 13:55:00+09:00,-1.854692816800695e-05,0.0,0.9877295995182174
2026-06-23 14:00:00+09:00,4.453789383914591e-05,0.0,0.9814814814814815
2026-06-23 14:05:00+09:00,9.446440569924958e-05,0.0,0.9755344775669978
2026-06-23 14:10:00+09:00,0.00033512058450486503,0.0,0.9815567600120445
2026-06-23 14:15:00+09:00,5.171728793778849e-05,0.0,0.9754591990364347
2026-06-23 14:20:00+09:00,0.000442725438711452,0.0,0.9876543209876543
2026-06-23 14:25:00+09:00,0.00013048490182825052,0.0,1.0
2026-06-23 14:30:00+09:00,-0.0003790934971824529,0.0,1.0
2026-06-23 14:35:00+09:00,-0.0005162991588664148,0.0,1.0
2026-06-23 14:40:00+09:00,0.0005485773969802191,0.0,0.9878048780487805
2026-06-23 14:45:00+09:00,-0.00014604034017920322,0.0,1.0
2026-06-23 14:50:00+09:00,0.00024504707993472537,0.0,0.9877295995182174
2026-06-23 14:55:00+09:00,0.00012686146018656857,0.0,1.0
2026-06-23 15:00:00+09:00,0.0002093569078715535,0.0,0.9938271604938271
2026-06-23 15:05:00+09:00,-0.00011341720368529992,0.0,1.0
2026-06-23 15:10:00+09:00,0.00013936789038284506,0.0,1.0
2026-06-23 15:15:00+09:00,-0.0002,1.0,0.0
2026-06-23 15:20:00+09:00,0.0,0.0,0.0
2026-06-24 09:00:00+09:00,0.0,0.0,0.0
2026-06-24 09:05:00+09:00,0.0,0.0,0.0
2026-06-24 09:10:00+09:00,0.0,0.0,0.0
2026-06-24 09:15:00+09:00,0.0,0.0,0.0
2026-06-24 09:20:00+09:00,0.0,0.0,0.0
2026-06-24 09:25:00+09:00,0.0,0.0,0.0
2026-06-24 09:30:00+09:00,-0.0019049432858765066,1.0,1.0
2026-06-24 09:35:00+09:00,-0.0007885954396556679,0.0,0.9816320385426076
2026-06-24 09:40:00+09:00,-0.0022199421263920903,0.0,0.9938271604938271
2026-06-24 09:45:00+09:00,-0.0010231643955502527,0.0,0.9815567600120445
2026-06-24 09:50:00+09:00,0.0012912771838397262,0.0,0.9938271604938271
2026-06-24 09:55:00+09:00,-0.001851700531302478,0.0,0.9878048780487805
2026-06-24 10:00:00+09:00,0.0002648369242340654,0.0,1.0
2026-06-24 10:05:00+09:00,0.0005371729175509529,0.0,1.0
2026-06-24 10:10:00+09:00,-0.002846528480598764,0.0,0.9815567600120445
2026-06-24 10:15:00+09:00,0.0017141512658281983,0.0,0.9691358024691359
2026-06-24 10:20:00+09:00,-0.00047408589711110986,0.0,0.9938271604938271
2026-06-24 10:25:00+09:00,9.934006349766048e-05,0.0,0.9876543209876543
2026-06-24 10:30:00+09:00,-0.0005515007983355464,0.0,0.9815567600120446
2026-06-24 10:35:00+09:00,-0.0005543194978044724,0.0,0.9816320385426076
2026-06-24 10:40:00+09:00,0.0005676255990320068,0.0,0.9816320385426076
2026-06-24 10:45:00+09:00,0.00100787468618511,0.0,0.9877295995182174
2026-06-24 10:50:00+09:00,0.00034358662124494335,0.0,0.9877295995182174
2026-06-24 10:55:00+09:00,0.001275575363560804,0.0,0.9877295995182174
2026-06-24 11:00:00+09:00,-4.750708562506382e-05,0.0,0.9938271604938271
2026-06-24 11:05:00+09:00,-0.0003793973169674605,0.012345679012345678,0.9814814814814814
2026-06-24 11:10:00+09:00,-0.0009421081970026107,0.0,0.9509936766034327
2026-06-24 11:15:00+09:00,-0.000905074446356203,0.006172839506172839,0.9691358024691359
2026-06-24 11:20:00+09:00,-0.0001962962962962963,0.9814814814814815,0.0
2026-06-24 11:25:00+09:00,0.0,0.0,0.0
2026-06-24 12:30:00+09:00,0.0,0.0,0.0
2026-06-24 12:35:00+09:00,0.0,0.0,0.0
2026-06-24 12:40:00+09:00,0.0,0.0,0.0
2026-06-24 12:45:00+09:00,0.0,0.0,0.0
2026-06-24 12:50:00+09:00,0.0,0.0,0.0
2026-06-24 12:55:00+09:00,0.0,0.0,0.0
2026-06-24 13:00:00+09:00,-0.0003316432417938822,1.0,1.0
2026-06-24 13:05:00+09:00,0.0009528236810773579,0.0,0.9753086419753085
2026-06-24 13:10:00+09:00,0.0016300767847426858,0.0,0.9814814814814814
2026-06-24 13:15:00+09:00,0.002183521657946846,0.0,0.9875771604938272
2026-06-24 13:20:00+09:00,0.00012588403208212026,0.0,1.0
2026-06-24 13:25:00+09:00,-0.0015748032752420503,0.0,0.9814814814814814
2026-06-24 13:30:00+09:00,-0.0003061360218037923,0.0,0.9814814814814814
2026-06-24 13:35:00+09:00,-0.00106822203676885,0.0,0.9814043209876542
2026-06-24 13:40:00+09:00,0.00048182517488267444,0.0,0.9938271604938271
2026-06-24 13:45:00+09:00,-0.00014914973885295847,0.0,0.9814814814814814
2026-06-24 13:50:00+09:00,-0.0018300096347772866,0.0,0.9753086419753085
2026-06-24 13:55:00+09:00,-0.0016613502375581095,0.0,0.9875771604938272
2026-06-24 14:00:00+09:00,-0.0010708222845036586,0.0,0.9876543209876543
2026-06-24 14:05:00+09:00,-0.000670206027049651,0.0,0.9876543209876543
2026-06-24 14:10:00+09:00,-0.0014366287300841348,0.0,0.9752314814814815
2026-06-24 14:15:00+09:00,-0.0010548683373212862,0.0,0.9876543209876543
2026-06-24 14:20:00+09:00,0.0009494393262985503,0.0,0.9938271604938271
2026-06-24 14:25:00+09:00,-0.0006388358793639672,0.0,0.9753086419753088
2026-06-24 14:30:00+09:00,-0.0015712969770524396,0.0,0.9753086419753085
2026-06-24 14:35:00+09:00,-2.620078729740204e-05,0.0,0.9876543209876543
2026-06-24 14:40:00+09:00,-0.00018316406994179716,0.0,0.9814814814814814
2026-06-24 14:45:00+09:00,0.0010039177469337865,0.0,1.0
2026-06-24 14:50:00+09:00,0.000651054892025152,0.0,0.9814043209876542
2026-06-24 14:55:00+09:00,0.0006198226701837196,0.0,1.0
2026-06-24 15:00:00+09:00,-0.00043668230575792644,0.0,0.9814814814814814
2026-06-24 15:05:00+09:00,0.00076260784667267,0.006172839506172839,0.9876543209876543
2026-06-24 15:10:00+09:00,0.0006387752295761887,0.006172839506172839,0.9753086419753085
2026-06-24 15:15:00+09:00,-0.00019753086419753088,0.9876543209876543,0.0
2026-06-24 15:20:00+09:00,0.0,0.0,0.0
2026-06-25 09:00:00+09:00,0.0,0.0,0.0
2026-06-25 09:05:00+09:00,0.0,0.0,0.0
2026-06-25 09:10:00+09:00,0.0,0.0,0.0
2026-06-25 09:15:00+09:00,0.0,0.0,0.0
2026-06-25 09:20:00+09:00,0.0,0.0,0.0
2026-06-25 09:25:00+09:00,0.0,0.0,0.0
2026-06-25 09:30:00+09:00,-0.0005903210499662687,1.0,1.0
2026-06-25 09:35:00+09:00,0.0007846617092632648,0.0,0.9939024390243901
2026-06-25 09:40:00+09:00,-0.0005296386560795917,0.0,0.9756097560975608
2026-06-25 09:45:00+09:00,-0.0006735929209143344,0.0,0.9999999999999999
2026-06-25 09:50:00+09:00,3.6723596128542966e-05,0.0,0.9817073170731706
2026-06-25 09:55:00+09:00,0.0009574160286106663,0.0,0.9878048780487804
2026-06-25 10:00:00+09:00,0.0003976702807991418,0.0,0.9817073170731707
2026-06-25 10:05:00+09:00,-0.00035270780499513,0.0,0.9817073170731706
2026-06-25 10:10:00+09:00,-0.0004045985870773551,0.0,0.9939024390243901
2026-06-25 10:15:00+09:00,0.0014049823469166173,0.0,0.9754591990364347
2026-06-25 10:20:00+09:00,6.590127058621894e-05,0.0,0.9878048780487804
2026-06-25 10:25:00+09:00,-0.0004151180973591954,0.0,0.9695121951219511
2026-06-25 10:30:00+09:00,-0.0005798399761619541,0.0,0.9633393556157783
2026-06-25 10:35:00+09:00,5.898743090110116e-05,0.0,0.9816320385426076
2026-06-25 10:40:00+09:00,-0.00011948022284156759,0.0,0.9878048780487804
2026-06-25 10:45:00+09:00,0.00011058409337526569,0.0,0.9634146341463414
2026-06-25 10:50:00+09:00,0.00044703077900890145,0.0,0.9817073170731707
2026-06-25 10:55:00+09:00,-0.0005547576059682962,0.0,0.9816320385426076
2026-06-25 11:00:00+09:00,0.0002743412454747647,0.0,0.9756097560975608
2026-06-25 11:05:00+09:00,0.0005147348864087535,0.006097560975609756,0.9694369165913881
2026-06-25 11:10:00+09:00,-0.0005269132077638332,0.0,0.9817073170731707
2026-06-25 11:15:00+09:00,-0.000363101409101313,0.018367961457392352,0.9572417946401686
2026-06-25 11:20:00+09:00,-0.00019510689551339959,0.9755344775669978,0.0
2026-06-25 11:25:00+09:00,0.0,0.0,0.0
2026-06-25 12:30:00+09:00,0.0,0.0,0.0
2026-06-25 12:35:00+09:00,0.0,0.0,0.0
2026-06-25 12:40:00+09:00,0.0,0.0,0.0
2026-06-25 12:45:00+09:00,0.0,0.0,0.0
2026-06-25 12:50:00+09:00,0.0,0.0,0.0
2026-06-25 12:55:00+09:00,0.0,0.0,0.0
2026-06-25 13:00:00+09:00,-0.0003854071717873114,1.0,1.0
2026-06-25 13:05:00+09:00,-0.0001672163063533554,0.0,0.9752314814814814
2026-06-25 13:10:00+09:00,0.0004760212115208257,0.0,0.9814043209876542
2026-06-25 13:15:00+09:00,-0.00031423691261332857,0.0,0.9937499999999999
2026-06-25 13:20:00+09:00,0.0002847622794474948,0.0,0.9875771604938272
2026-06-25 13:25:00+09:00,0.00040879574273117864,0.0,0.9875
2026-06-25 13:30:00+09:00,8.058774150252192e-05,0.0,0.9813271604938272
2026-06-25 13:35:00+09:00,-0.0003512410632368046,0.0,0.9688271604938271
2026-06-25 13:40:00+09:00,-0.0006146467229838459,0.0,0.9751543209876543
2026-06-25 13:45:00+09:00,-0.0001958228666269739,0.0,1.0
2026-06-25 13:50:00+09:00,-0.00020250397175772288,0.0,0.9874999999999999
2026-06-25 13:55:00+09:00,-0.00010874989325166621,0.0,0.9751543209876543
2026-06-25 14:00:00+09:00,-0.0002046787057864612,0.0,0.9874999999999999
2026-06-25 14:05:00+09:00,1.35048672354906e-05,0.0,0.9751543209876543
2026-06-25 14:10:00+09:00,0.00020693939898712796,0.0,0.9813271604938272
2026-06-25 14:15:00+09:00,-4.088629303282514e-05,0.0,1.0
2026-06-25 14:20:00+09:00,-8.250333624232014e-05,0.0,0.9875771604938272
2026-06-25 14:25:00+09:00,-0.00046609750603361996,0.0,0.9750771604938271
2026-06-25 14:30:00+09:00,0.0001654627940675496,0.0,1.0
2026-06-25 14:35:00+09:00,-0.00038516581212895114,0.0,0.9814043209876542
2026-06-25 14:40:00+09:00,-9.213738303814825e-05,0.0,0.9937499999999999
2026-06-25 14:45:00+09:00,0.00027862447893134634,0.0,0.9937499999999999
2026-06-25 14:50:00+09:00,-0.0005205364515608644,0.0,0.9627314814814814
2026-06-25 14:55:00+09:00,-0.00028509325719805126,0.0,1.0
2026-06-25 15:00:00+09:00,-0.0004417406284670072,0.0,0.9937499999999999
2026-06-25 15:05:00+09:00,-5.418685026751298e-05,0.0,0.9938271604938271
2026-06-25 15:10:00+09:00,4.191597091842234e-05,0.0,1.0
2026-06-25 15:15:00+09:00,-0.0002,1.0,0.0
2026-06-25 15:20:00+09:00,0.0,0.0,0.0
2026-06-26 09:00:00+09:00,0.0,0.0,0.0
2026-06-26 09:05:00+09:00,0.0,0.0,0.0
2026-06-26 09:10:00+09:00,0.0,0.0,0.0
2026-06-26 09:15:00+09:00,0.0,0.0,0.0
2026-06-26 09:20:00+09:00,0.0,0.0,0.0
2026-06-26 09:25:00+09:00,0.0,0.0,0.0
2026-06-26 09:30:00+09:00,-0.0010206253376967385,1.0,1.0
2026-06-26 09:35:00+09:00,0.0002562965221750016,0.0,0.9577578607111372
2026-06-26 09:40:00+09:00,-0.00029169009896112764,0.0,0.9939024390243902
2026-06-26 09:45:00+09:00,0.0005138879729144177,0.0,0.9939759036144579
2026-06-26 09:50:00+09:00,-0.0006771497657419725,0.0,0.9878783426388481
2026-06-26 09:55:00+09:00,-0.0006122682471178551,0.0,0.993975903614458
2026-06-26 10:00:00+09:00,0.0004529083224513232,0.0,1.0
2026-06-26 10:05:00+09:00,-0.00035217695124707617,0.0,0.9939759036144579
2026-06-26 10:10:00+09:00,-0.00030853198250262756,0.0,0.9759036144578314
2026-06-26 10:15:00+09:00,0.0004212095486692239,0.0,0.9879518072289156
2026-06-26 10:20:00+09:00,0.0003049153957737889,0.0,0.9698795180722892
2026-06-26 10:25:00+09:00,0.0002837410162768218,0.0,0.9637084925066118
2026-06-26 10:30:00+09:00,-8.308700643675521e-05,0.0,1.0
2026-06-26 10:35:00+09:00,3.784468367511343e-05,0.0,0.9818542462533061
2026-06-26 10:40:00+09:00,-0.00010552286752229525,0.0,0.987878342638848
2026-06-26 10:45:00+09:00,0.0005349477972515719,0.0,0.9819277108433736
2026-06-26 10:50:00+09:00,0.00041278129221823467,0.0,0.9698795180722892
2026-06-26 10:55:00+09:00,0.0003115073142843912,0.0,0.9879518072289157
2026-06-26 11:00:00+09:00,-0.00010207201471863332,0.0,0.9757566852776962
2026-06-26 11:05:00+09:00,2.6431007393561717e-05,0.006024096385542169,0.9879518072289157
2026-06-26 11:10:00+09:00,-0.00021473866479159915,0.0,0.9638554216867471
2026-06-26 11:15:00+09:00,-0.00016617851470703197,0.02424331472230385,0.963708492506612
2026-06-26 11:20:00+09:00,-0.00019394651777843082,0.969732588892154,0.0
2026-06-26 11:25:00+09:00,0.0,0.0,0.0
2026-06-26 12:30:00+09:00,0.0,0.0,0.0
2026-06-26 12:35:00+09:00,0.0,0.0,0.0
2026-06-26 12:40:00+09:00,0.0,0.0,0.0
2026-06-26 12:45:00+09:00,0.0,0.0,0.0
2026-06-26 12:50:00+09:00,0.0,0.0,0.0
2026-06-26 12:55:00+09:00,0.0,0.0,0.0
2026-06-26 13:00:00+09:00,-0.000768135636595388,1.0,1.0
2026-06-26 13:05:00+09:00,-3.510463331356597e-05,0.0,0.9818542462533059
2026-06-26 13:10:00+09:00,-0.000254596479450402,0.0,0.981854246253306
2026-06-26 13:15:00+09:00,0.00040765630561069403,0.0,0.9939024390243903
2026-06-26 13:20:00+09:00,-0.0003658375561527912,0.0,0.9878783426388482
2026-06-26 13:25:00+09:00,0.0002377736972237733,0.0,0.9636350279165442
2026-06-26 13:30:00+09:00,0.00035966077390510036,0.0,0.9759036144578312
2026-06-26 13:35:00+09:00,-0.0003904935114831304,0.0,0.9878783426388481
2026-06-26 13:40:00+09:00,-0.00010417567854843662,0.0,0.9939759036144579
2026-06-26 13:45:00+09:00,6.283131825027128e-05,0.0,0.9939024390243902
2026-06-26 13:50:00+09:00,-0.0003298021876508642,0.0,0.9939024390243902
2026-06-26 13:55:00+09:00,0.00037413161854512515,0.0,0.9576109315310021
2026-06-26 14:00:00+09:00,-0.00020217821636113478,0.0,0.981854246253306
2026-06-26 14:05:00+09:00,-0.0003000315509475365,0.0,0.9939024390243903
2026-06-26 14:10:00+09:00,-8.721072826825172e-05,0.0,0.981854246253306
2026-06-26 14:15:00+09:00,0.00021992984785773113,0.0,0.9939759036144578
2026-06-26 14:20:00+09:00,-0.00027623618267125444,0.0,0.9757566852776962
2026-06-26 14:25:00+09:00,-0.0004296838864907164,0.0,0.9879518072289157
2026-06-26 14:30:00+09:00,7.238410969335214e-05,0.0,0.9878048780487805
2026-06-26 14:35:00+09:00,0.00036998217644734256,0.0,0.981854246253306
2026-06-26 14:40:00+09:00,0.00018854201777617646,0.0,0.9878783426388481
2026-06-26 14:45:00+09:00,-0.00029608679851266776,0.0,0.9939024390243902
2026-06-26 14:50:00+09:00,7.475530757760196e-05,0.0,0.9879518072289157
2026-06-26 14:55:00+09:00,0.00010686737645059351,0.0,0.993975903614458
2026-06-26 15:00:00+09:00,-0.00015126184861603224,0.0,0.9939024390243902
2026-06-26 15:05:00+09:00,-9.469459479901363e-05,0.0,0.9818542462533058
2026-06-26 15:10:00+09:00,-6.388491416658922e-06,0.006024096385542169,0.9819277108433735
2026-06-26 15:15:00+09:00,-0.00019879518072289158,0.9939759036144579,0.0
2026-06-26 15:20:00+09:00,0.0,0.0,0.0
2026-06-29 09:00:00+09:00,0.0,0.0,0.0
2026-06-29 09:05:00+09:00,0.0,0.0,0.0
2026-06-29 09:10:00+09:00,0.0,0.0,0.0
2026-06-29 09:15:00+09:00,0.0,0.0,0.0
2026-06-29 09:20:00+09:00,0.0,0.0,0.0
2026-06-29 09:25:00+09:00,0.0,0.0,0.0
2026-06-29 09:30:00+09:00,0.0021673581930262372,1.0,1.0
2026-06-29 09:35:00+09:00,-0.006370910457298011,0.0,1.0
2026-06-29 09:40:00+09:00,-0.002364975976445943,0.0,0.9939759036144579
2026-06-29 09:45:00+09:00,-0.004123908999806938,0.0,1.0
2026-06-29 09:50:00+09:00,-0.003992117915669375,0.0,0.9939759036144578
2026-06-29 09:55:00+09:00,0.0009591240559498784,0.0,0.9939759036144578
2026-06-29 10:00:00+09:00,-0.000746015358980263,0.0,0.9999999999999999
2026-06-29 10:05:00+09:00,0.0009005648949400318,0.0,0.9999999999999999
2026-06-29 10:10:00+09:00,0.0017718455132727723,0.0,0.988095238095238
2026-06-29 10:15:00+09:00,0.0021830876573512847,0.0,0.9940476190476191
2026-06-29 10:20:00+09:00,0.002135246961658578,0.0,0.9879518072289156
2026-06-29 10:25:00+09:00,-0.004777019595949123,0.0,0.9939759036144579
2026-06-29 10:30:00+09:00,-0.004720299279038137,0.0,1.0
2026-06-29 10:35:00+09:00,-0.0010422319736100012,0.0,0.9939759036144578
2026-06-29 10:40:00+09:00,0.002272561764684868,0.0,0.9880235226620767
2026-06-29 10:45:00+09:00,0.0012143517202635764,0.0,1.0
2026-06-29 10:50:00+09:00,0.0008752993421600852,0.0,0.9999999999999999
2026-06-29 10:55:00+09:00,0.0030725605610463762,0.0,0.9999999999999999
2026-06-29 11:00:00+09:00,0.0009972668764198114,0.0,0.9999999999999999
2026-06-29 11:05:00+09:00,0.003206544270819951,0.0,0.9820711417096959
2026-06-29 11:10:00+09:00,-0.002207422707160169,0.0,0.9999999999999999
2026-06-29 11:15:00+09:00,-0.000750537657862483,0.023881239242685023,0.976118760757315
2026-06-29 11:20:00+09:00,-0.000195223752151463,0.976118760757315,0.0
2026-06-29 11:25:00+09:00,0.0,0.0,0.0
2026-06-29 12:30:00+09:00,0.0,0.0,0.0
2026-06-29 12:35:00+09:00,0.0,0.0,0.0
2026-06-29 12:40:00+09:00,0.0,0.0,0.0
2026-06-29 12:45:00+09:00,0.0,0.0,0.0
2026-06-29 12:50:00+09:00,0.0,0.0,0.0
2026-06-29 12:55:00+09:00,0.0,0.0,0.0
2026-06-29 13:00:00+09:00,-0.000649083927365227,1.0,1.0
2026-06-29 13:05:00+09:00,-0.0005716541587766985,0.0,0.9939024390243903
2026-06-29 13:10:00+09:00,-6.374928451414894e-05,0.0,0.9939759036144579
2026-06-29 13:15:00+09:00,0.00011640142429605982,0.0,0.963708492506612
2026-06-29 13:20:00+09:00,-0.0004556304516976716,0.0,0.9696591243020865
2026-06-29 13:25:00+09:00,-0.00011256524955125431,0.0,0.9576109315310021
2026-06-29 13:30:00+09:00,-0.0002168015826424298,0.0,0.9758301498677637
2026-06-29 13:35:00+09:00,7.250962779648713e-05,0.0,0.9758301498677637
2026-06-29 13:40:00+09:00,0.0003705686539893994,0.0,0.9334410813987659
2026-06-29 13:45:00+09:00,-0.000598090558209543,0.0,0.9696591243020865
2026-06-29 13:50:00+09:00,-0.00041051631116397126,0.0,0.9455627387599177
2026-06-29 13:55:00+09:00,-0.00022286216247761426,0.0,0.9819277108433735
2026-06-29 14:00:00+09:00,0.00030072059267316633,0.0,0.9878048780487805
2026-06-29 14:05:00+09:00,0.0003770605298883876,0.0,0.9878783426388481
2026-06-29 14:10:00+09:00,-2.275454202169833e-05,0.0,0.9636350279165443
2026-06-29 14:15:00+09:00,0.0003134752920667597,0.0,0.939465177784308
2026-06-29 14:20:00+09:00,-6.308928853995653e-05,0.0,0.9393182486041729
2026-06-29 14:25:00+09:00,0.000716482070619329,0.0,0.9817807816632383
2026-06-29 14:30:00+09:00,0.00014032177788744746,0.0,0.9939759036144578
2026-06-29 14:35:00+09:00,0.000988425570485365,0.0,0.9817807816632383
2026-06-29 14:40:00+09:00,0.0002981037979169121,0.0,0.9695856597120189
2026-06-29 14:45:00+09:00,0.0008969447042894195,0.0,0.9878048780487805
2026-06-29 14:50:00+09:00,0.0006408531432767948,0.0,0.9939024390243902
2026-06-29 14:55:00+09:00,0.00011638106439196603,0.006024096385542169,0.9939759036144578
2026-06-29 15:00:00+09:00,-0.00019738454313442003,0.0,0.981854246253306
2026-06-29 15:05:00+09:00,0.00027502664340118817,0.0,0.9817807816632382
2026-06-29 15:10:00+09:00,0.00014209885924557864,0.0,0.9818542462533059
2026-06-29 15:15:00+09:00,-0.00019879518072289158,0.9939759036144579,0.0
2026-06-29 15:20:00+09:00,0.0,0.0,0.0
2026-06-30 09:00:00+09:00,0.0,0.0,0.0
2026-06-30 09:05:00+09:00,0.0,0.0,0.0
2026-06-30 09:10:00+09:00,0.0,0.0,0.0
2026-06-30 09:15:00+09:00,0.0,0.0,0.0
2026-06-30 09:20:00+09:00,0.0,0.0,0.0
2026-06-30 09:25:00+09:00,0.0,0.0,0.0
2026-06-30 09:30:00+09:00,-0.0004476132203059771,1.0,1.0
2026-06-30 09:35:00+09:00,0.00010032538596399384,0.0,1.0
2026-06-30 09:40:00+09:00,-0.0007123077108682073,0.0,0.9819277108433736
2026-06-30 09:45:00+09:00,-0.0013808206144356574,0.0,1.0000000000000002
2026-06-30 09:50:00+09:00,0.0004667065804077192,0.0,1.0
2026-06-30 09:55:00+09:00,0.0008273504150891791,0.0,0.9939024390243903
2026-06-30 10:00:00+09:00,0.00015910603617487652,0.0,1.0000000000000002
2026-06-30 10:05:00+09:00,-0.0002210697283387903,0.0,0.9939024390243905
2026-06-30 10:10:00+09:00,-0.0005260462872117347,0.0,1.0
2026-06-30 10:15:00+09:00,-0.0008436663377769816,0.0,0.9878783426388481
2026-06-30 10:20:00+09:00,-0.0006419201896586968,0.0,1.0000000000000002
2026-06-30 10:25:00+09:00,-0.00013533656802664336,0.0,0.9939759036144578
2026-06-30 10:30:00+09:00,0.0003884842724355998,0.0,1.0000000000000002
2026-06-30 10:35:00+09:00,0.0003812388410706916,0.0,1.0
2026-06-30 10:40:00+09:00,0.000721429738656669,0.0,1.0000000000000002
2026-06-30 10:45:00+09:00,-0.001017741873426347,0.0,0.9939759036144579
2026-06-30 10:50:00+09:00,-0.0004731562482316301,0.0,0.9939759036144578
2026-06-30 10:55:00+09:00,-0.0002646347717572293,0.0,0.9758301498677637
2026-06-30 11:00:00+09:00,2.706659861320935e-05,0.0,0.9939024390243902
2026-06-30 11:05:00+09:00,-1.6634319346867686e-05,0.0,0.9819277108433735
2026-06-30 11:10:00+09:00,-6.257689702269299e-05,0.006024096385542169,0.9939759036144579
2026-06-30 11:15:00+09:00,-0.0008765685660872692,0.006097560975609756,0.969732588892154
2026-06-30 11:20:00+09:00,-0.00019757566852776962,0.9878783426388481,0.0
2026-06-30 11:25:00+09:00,0.0,0.0,0.0
2026-06-30 12:30:00+09:00,0.0,0.0,0.0
2026-06-30 12:35:00+09:00,0.0,0.0,0.0
2026-06-30 12:40:00+09:00,0.0,0.0,0.0
2026-06-30 12:45:00+09:00,0.0,0.0,0.0
2026-06-30 12:50:00+09:00,0.0,0.0,0.0
2026-06-30 12:55:00+09:00,0.0,0.0,0.0
2026-06-30 13:00:00+09:00,-0.0004597322459569775,1.0,0.9999999999999999
2026-06-30 13:05:00+09:00,9.084568571914993e-05,0.0,0.993827160493827
2026-06-30 13:10:00+09:00,0.00034111184716752353,0.0,0.9814814814814815
2026-06-30 13:15:00+09:00,2.087174965111928e-05,0.0,0.9815567600120444
2026-06-30 13:20:00+09:00,0.0005603459247984068,0.0,0.9814814814814814
2026-06-30 13:25:00+09:00,-0.00013430282481454884,0.0,0.9753839205058716
2026-06-30 13:30:00+09:00,-4.420437907335956e-05,0.0,0.9815567600120445
2026-06-30 13:35:00+09:00,-0.00021012201508165075,0.0,0.9878048780487804
2026-06-30 13:40:00+09:00,-0.0005016431378269863,0.0,0.9754591990364347
2026-06-30 13:45:00+09:00,0.0003005949101444809,0.0,0.9815567600120445
2026-06-30 13:50:00+09:00,8.601597591712634e-05,0.0,0.9877295995182174
2026-06-30 13:55:00+09:00,8.254817489465416e-05,0.0,0.9692863595302619
2026-06-30 14:00:00+09:00,-0.0003757680746372685,0.0,0.9876543209876542
2026-06-30 14:05:00+09:00,-0.0004763805705834165,0.0,0.9756097560975608
2026-06-30 14:10:00+09:00,-0.000250687881689192,0.0,0.9570912375790424
2026-06-30 14:15:00+09:00,7.653311784809875e-05,0.0,0.9633393556157783
2026-06-30 14:20:00+09:00,-0.0005027900349334252,0.0,0.9815567600120445
2026-06-30 14:25:00+09:00,8.181041555990245e-05,0.0,0.9999999999999999
2026-06-30 14:30:00+09:00,-0.00016083847008427715,0.0,0.9939024390243901
2026-06-30 14:35:00+09:00,0.00021881806911646146,0.0,0.9939024390243901
2026-06-30 14:40:00+09:00,0.0001848604602983522,0.0,0.963113520024089
2026-06-30 14:45:00+09:00,-0.0002978926027508369,0.0,0.9570159590484794
2026-06-30 14:50:00+09:00,-0.0003519700854879695,0.0,0.9877295995182173
2026-06-30 14:55:00+09:00,-0.0002798202498394161,0.0,0.9877295995182173
2026-06-30 15:00:00+09:00,-0.0002741123740428955,0.0,0.9999999999999999
2026-06-30 15:05:00+09:00,-0.00021596031871497277,0.0,0.993827160493827
2026-06-30 15:10:00+09:00,-0.0004934894421996057,0.0,1.0
2026-06-30 15:15:00+09:00,-0.0002,1.0,0.0
2026-06-30 15:20:00+09:00,0.0,0.0,0.0
2026-07-01 09:00:00+09:00,0.0,0.0,0.0
2026-07-01 09:05:00+09:00,0.0,0.0,0.0
2026-07-01 09:10:00+09:00,0.0,0.0,0.0
2026-07-01 09:15:00+09:00,0.0,0.0,0.0
2026-07-01 09:20:00+09:00,0.0,0.0,0.0
2026-07-01 09:25:00+09:00,0.0,0.0,0.0
2026-07-01 09:30:00+09:00,-7.766372364806285e-05,1.0,0.9999999999999999
2026-07-01 09:35:00+09:00,0.0003981106728397412,0.0,1.0
2026-07-01 09:40:00+09:00,0.00012824205862667923,0.0,0.9816320385426076
2026-07-01 09:45:00+09:00,-0.00031726528043128985,0.0,0.9938271604938271
2026-07-01 09:50:00+09:00,-0.0004053956332683309,0.0,0.9938271604938272
2026-07-01 09:55:00+09:00,-0.0007104019539948637,0.0,1.0
2026-07-01 10:00:00+09:00,0.0004303552218818735,0.0,0.9999999999999998
2026-07-01 10:05:00+09:00,-0.0007197117892549721,0.0,0.9816320385426076
2026-07-01 10:10:00+09:00,4.331852003678503e-05,0.0,0.9815567600120445
2026-07-01 10:15:00+09:00,0.00012697337108022805,0.0,0.9876543209876544
2026-07-01 10:20:00+09:00,0.0006698646495027786,0.0,0.9753839205058716
2026-07-01 10:25:00+09:00,-0.0006719670207675303,0.0,0.9815567600120445
2026-07-01 10:30:00+09:00,-0.0003765792529407733,0.0,0.9815567600120445
2026-07-01 10:35:00+09:00,-0.0004543575751487376,0.0,0.9692863595302619
2026-07-01 10:40:00+09:00,-0.0006488813469023779,0.0,0.9876543209876543
2026-07-01 10:45:00+09:00,0.0003486657268147674,0.0,0.9876543209876544
2026-07-01 10:50:00+09:00,0.00039157496676204835,0.0,0.9877295995182174
2026-07-01 10:55:00+09:00,-0.0015029807818263874,0.0,0.9877295995182173
2026-07-01 11:00:00+09:00,-0.00027411002148955085,0.0,0.9938271604938272
2026-07-01 11:05:00+09:00,0.00024912342648424714,0.0,0.9876543209876543
2026-07-01 11:10:00+09:00,0.0003626893984598165,0.012195121951219513,0.9632640770852152
2026-07-01 11:15:00+09:00,0.00072038923105734,0.04298404095152063,0.9324751580849142
2026-07-01 11:20:00+09:00,-0.000188964167419452,0.9448208370972598,0.0
2026-07-01 11:25:00+09:00,0.0,0.0,0.0
2026-07-01 12:30:00+09:00,0.0,0.0,0.0
2026-07-01 12:35:00+09:00,0.0,0.0,0.0
2026-07-01 12:40:00+09:00,0.0,0.0,0.0
2026-07-01 12:45:00+09:00,0.0,0.0,0.0
2026-07-01 12:50:00+09:00,0.0,0.0,0.0
2026-07-01 12:55:00+09:00,0.0,0.0,0.0
2026-07-01 13:00:00+09:00,-0.0009012624405399154,1.0,0.9999999999999999
2026-07-01 13:05:00+09:00,-0.000745619619863214,0.0,0.9754591990364347
2026-07-01 13:10:00+09:00,0.0005212259971561906,0.0,0.9814814814814814
2026-07-01 13:15:00+09:00,0.0001714572625309253,0.0,0.9877295995182174
2026-07-01 13:20:00+09:00,0.0006577715879693862,0.0,0.9877295995182174
2026-07-01 13:25:00+09:00,-0.0001595746026942258,0.0,0.969361638060825
2026-07-01 13:30:00+09:00,0.0001863448424722169,0.0,0.9939024390243901
2026-07-01 13:35:00+09:00,0.0008337084529578027,0.0,0.9815567600120445
2026-07-01 13:40:00+09:00,0.0004192068306769128,0.0,0.9755344775669978
2026-07-01 13:45:00+09:00,0.0003511377481664162,0.0,0.9876543209876543
2026-07-01 13:50:00+09:00,-0.0007144804149736889,0.0,0.9877295995182174
2026-07-01 13:55:00+09:00,-0.000275087419898509,0.0,0.9877295995182174
2026-07-01 14:00:00+09:00,0.0006761345318071092,0.0,0.9753086419753085
2026-07-01 14:05:00+09:00,-0.00024776433469608317,0.0,0.9877295995182171
2026-07-01 14:10:00+09:00,-0.0002631543563397823,0.0,0.9938271604938271
2026-07-01 14:15:00+09:00,0.00022983794889499208,0.0,0.9876543209876543
2026-07-01 14:20:00+09:00,0.00025091226720343695,0.0,0.9877295995182174
2026-07-01 14:25:00+09:00,0.00029533332336292617,0.0,0.9877295995182174
2026-07-01 14:30:00+09:00,-0.000588316578894144,0.0,0.9815567600120445
2026-07-01 14:35:00+09:00,1.53760089187181e-05,0.0,0.9814814814814814
2026-07-01 14:40:00+09:00,0.0005282519982305306,0.0,0.9938271604938271
2026-07-01 14:45:00+09:00,-0.00032760030576656874,0.0,0.9877295995182173
2026-07-01 14:50:00+09:00,-0.0007484258790122621,0.0,0.9877295995182171
2026-07-01 14:55:00+09:00,0.00043269197220525225,0.0,0.993827160493827
2026-07-01 15:00:00+09:00,0.00029401613865763266,0.0,0.9999999999999999
2026-07-01 15:05:00+09:00,-0.00013907963014140484,0.0,0.9939024390243902
2026-07-01 15:10:00+09:00,0.0001499236208007531,0.0,0.9876543209876543
2026-07-01 15:15:00+09:00,-0.0002,1.0,0.0
2026-07-01 15:20:00+09:00,0.0,0.0,0.0
2026-07-02 09:00:00+09:00,0.0,0.0,0.0
2026-07-02 09:05:00+09:00,0.0,0.0,0.0
2026-07-02 09:10:00+09:00,0.0,0.0,0.0
2026-07-02 09:15:00+09:00,0.0,0.0,0.0
2026-07-02 09:20:00+09:00,0.0,0.0,0.0
2026-07-02 09:25:00+09:00,0.0,0.0,0.0
2026-07-02 09:30:00+09:00,0.0010435602562845583,1.0,1.0
2026-07-02 09:35:00+09:00,0.0010965251711371501,0.0,0.993975903614458
2026-07-02 09:40:00+09:00,-0.0009179209615475912,0.0,0.9939759036144579
2026-07-02 09:45:00+09:00,-0.00048640146912674344,0.0,1.0
2026-07-02 09:50:00+09:00,-0.0009824323281633037,0.0,0.9878783426388482
2026-07-02 09:55:00+09:00,-0.0008111529076384295,0.0,1.0
2026-07-02 10:00:00+09:00,-0.0016465119012375516,0.0,0.9939024390243902
2026-07-02 10:05:00+09:00,-0.0014658444531862316,0.0,0.993975903614458
2026-07-02 10:10:00+09:00,-9.964383872027493e-05,0.0,0.993975903614458
2026-07-02 10:15:00+09:00,-0.0009900005489468084,0.0,0.9817807816632385
2026-07-02 10:20:00+09:00,-0.00041634235975097775,0.0,0.9758301498677637
2026-07-02 10:25:00+09:00,0.0016379736135833185,0.0,0.9939024390243903
2026-07-02 10:30:00+09:00,-0.0012419294226609318,0.0,0.9939024390243903
2026-07-02 10:35:00+09:00,-0.0003271143854228625,0.0,0.9878783426388481
2026-07-02 10:40:00+09:00,-0.0010492649320532495,0.0,0.9756832206876287
2026-07-02 10:45:00+09:00,0.0005069939195746238,0.0,0.9757566852776962
2026-07-02 10:50:00+09:00,-6.0481563769948354e-05,0.0,0.9757566852776962
2026-07-02 10:55:00+09:00,-0.00028176169794876524,0.0,0.9878048780487805
2026-07-02 11:00:00+09:00,0.00032154480922799944,0.0,0.9878048780487805
2026-07-02 11:05:00+09:00,-0.0012496304255251761,0.0,0.9878783426388481
2026-07-02 11:10:00+09:00,0.0008762728583658747,0.0,0.9696591243020865
2026-07-02 11:15:00+09:00,1.4045462598217259e-05,0.03636497208345578,0.9576109315310021
2026-07-02 11:20:00+09:00,-0.00019272700558330887,0.9636350279165443,0.0
2026-07-02 11:25:00+09:00,0.0,0.0,0.0
2026-07-02 12:30:00+09:00,0.0,0.0,0.0
2026-07-02 12:35:00+09:00,0.0,0.0,0.0
2026-07-02 12:40:00+09:00,0.0,0.0,0.0
2026-07-02 12:45:00+09:00,0.0,0.0,0.0
2026-07-02 12:50:00+09:00,0.0,0.0,0.0
2026-07-02 12:55:00+09:00,0.0,0.0,0.0
2026-07-02 13:00:00+09:00,-0.00038485648181566716,1.0,0.9999999999999998
2026-07-02 13:05:00+09:00,-7.93944289948593e-05,0.0,0.9937499999999998
2026-07-02 13:10:00+09:00,0.0003271095563862234,0.0,0.9937499999999999
2026-07-02 13:15:00+09:00,4.345050218660767e-05,0.0,0.9937499999999999
2026-07-02 13:20:00+09:00,0.00039626376537822163,0.0,0.9814814814814815
2026-07-02 13:25:00+09:00,-0.00046115218951442183,0.0,0.99375
2026-07-02 13:30:00+09:00,-0.000132696989130335,0.0,0.9999999999999999
2026-07-02 13:35:00+09:00,0.00037231007853773913,0.0,0.9999999999999998
2026-07-02 13:40:00+09:00,-7.867770838862244e-05,0.0,0.9876543209876542
2026-07-02 13:45:00+09:00,3.839063913273124e-05,0.0,0.9937499999999999
2026-07-02 13:50:00+09:00,-5.7582362576550664e-05,0.0,0.9628086419753086
2026-07-02 13:55:00+09:00,8.820734656489953e-05,0.0,0.9814814814814815
2026-07-02 14:00:00+09:00,-0.0005156649154769479,0.0,0.9813271604938272
2026-07-02 14:05:00+09:00,0.0002019350654636469,0.0,0.9937499999999999
2026-07-02 14:10:00+09:00,-0.00022391035285585973,0.0,0.9999999999999999
2026-07-02 14:15:00+09:00,-1.2520644152361063e-05,0.0,0.9938271604938271
2026-07-02 14:20:00+09:00,-0.0007057962633789336,0.0,0.9938271604938271
2026-07-02 14:25:00+09:00,1.4268659667445654e-05,0.0,0.9875771604938272
2026-07-02 14:30:00+09:00,1.7433774009062935e-05,0.0,0.9876543209876543
2026-07-02 14:35:00+09:00,-0.0004191040002101553,0.0,0.993827160493827
2026-07-02 14:40:00+09:00,-7.193250569353013e-05,0.0,1.0
2026-07-02 14:45:00+09:00,-0.0003102713872095643,0.0,0.9999999999999999
2026-07-02 14:50:00+09:00,-0.00010331196474451849,0.0,0.993827160493827
2026-07-02 14:55:00+09:00,-0.0003034613537974961,0.0,0.99375
2026-07-02 15:00:00+09:00,0.000188992152635391,0.0,0.9938271604938271
2026-07-02 15:05:00+09:00,-4.714753850927189e-05,0.0,0.9999999999999999
2026-07-02 15:10:00+09:00,-0.00016211241908520012,0.0,0.9937499999999999
2026-07-02 15:15:00+09:00,-0.0002,1.0,0.0
2026-07-02 15:20:00+09:00,0.0,0.0,0.0
2026-07-03 09:00:00+09:00,0.0,0.0,0.0
2026-07-03 09:05:00+09:00,0.0,0.0,0.0
2026-07-03 09:10:00+09:00,0.0,0.0,0.0
2026-07-03 09:15:00+09:00,0.0,0.0,0.0
2026-07-03 09:20:00+09:00,0.0,0.0,0.0
2026-07-03 09:25:00+09:00,0.0,0.0,0.0
2026-07-03 09:30:00+09:00,-0.002295221428686522,1.0,1.0
2026-07-03 09:35:00+09:00,-0.00024985565185385675,0.0,0.9878048780487805
2026-07-03 09:40:00+09:00,-0.0008196191575078647,0.0,0.9939024390243902
2026-07-03 09:45:00+09:00,-0.00010419211848009858,0.0,0.9816320385426076
2026-07-03 09:50:00+09:00,-0.0006006202826727439,0.0,0.9939024390243902
2026-07-03 09:55:00+09:00,-0.0026253248030782784,0.0,1.0
2026-07-03 10:00:00+09:00,-0.00176147722970998,0.0,0.9938271604938271
2026-07-03 10:05:00+09:00,0.000703101262047084,0.0,0.9939024390243902
2026-07-03 10:10:00+09:00,-0.0007202854451802633,0.0,1.0
2026-07-03 10:15:00+09:00,-0.0020489620462779126,0.0,0.9878048780487805
2026-07-03 10:20:00+09:00,0.00048047874893083543,0.0,0.9633393556157783
2026-07-03 10:25:00+09:00,0.0008564907883093176,0.0,0.9876543209876543
2026-07-03 10:30:00+09:00,-0.00047622458510083304,0.0,0.9939024390243902
2026-07-03 10:35:00+09:00,-0.0005327300854463718,0.0,0.9817073170731707
2026-07-03 10:40:00+09:00,0.0005771467514997901,0.0,1.0
2026-07-03 10:45:00+09:00,-0.0002900713998123043,0.0,0.9817073170731707
2026-07-03 10:50:00+09:00,-0.0003091430386397213,0.0,0.9694369165913881
2026-07-03 10:55:00+09:00,-0.0010106742327088993,0.0,0.9755344775669978
2026-07-03 11:00:00+09:00,-0.0014647104866637028,0.0,0.9755344775669978
2026-07-03 11:05:00+09:00,0.0013066095299910372,0.0,1.0
2026-07-03 11:10:00+09:00,0.0009705948418053563,0.006097560975609756,0.9939024390243902
2026-07-03 11:15:00+09:00,-0.00041282055217400026,0.018367961457392352,0.9571665161096055
2026-07-03 11:20:00+09:00,-0.00019510689551339959,0.9755344775669978,0.0
2026-07-03 11:25:00+09:00,0.0,0.0,0.0
2026-07-03 12:30:00+09:00,0.0,0.0,0.0
2026-07-03 12:35:00+09:00,0.0,0.0,0.0
2026-07-03 12:40:00+09:00,0.0,0.0,0.0
2026-07-03 12:45:00+09:00,0.0,0.0,0.0
2026-07-03 12:50:00+09:00,0.0,0.0,0.0
2026-07-03 12:55:00+09:00,0.0,0.0,0.0
2026-07-03 13:00:00+09:00,0.00013907180060711586,1.0,1.0
2026-07-03 13:05:00+09:00,0.00016969213766374625,0.0,0.9751543209876543
2026-07-03 13:10:00+09:00,0.0003706442778610947,0.0,0.987577160493827
2026-07-03 13:15:00+09:00,3.288120697601735e-05,0.0,0.9690586419753086
2026-07-03 13:20:00+09:00,3.160251245774917e-05,0.0,0.9876543209876543
2026-07-03 13:25:00+09:00,-0.0001602370426169523,0.0,0.9876543209876544
2026-07-03 13:30:00+09:00,0.0006723191109294441,0.0,0.9938271604938271
2026-07-03 13:35:00+09:00,-0.00025767248549503585,0.0,0.987577160493827
2026-07-03 13:40:00+09:00,-0.0007912683853655071,0.0,0.9876543209876544
2026-07-03 13:45:00+09:00,0.00025481510464086583,0.0,0.9874999999999999
2026-07-03 13:50:00+09:00,0.0008560573580415231,0.0,0.98125
2026-07-03 13:55:00+09:00,0.0002059166773706105,0.0,0.9812499999999998
2026-07-03 14:00:00+09:00,-0.00018201032444864747,0.0,0.987577160493827
2026-07-03 14:05:00+09:00,-0.000199424947391337,0.0,0.9689043209876543
2026-07-03 14:10:00+09:00,-0.00021448622903617951,0.0,0.98125
2026-07-03 14:15:00+09:00,0.00013963869926333211,0.0,0.98125
2026-07-03 14:20:00+09:00,0.0005614521031212784,0.0,0.9689814814814814
2026-07-03 14:25:00+09:00,0.0004338206468924495,0.0,1.0
2026-07-03 14:30:00+09:00,0.00017519915458896298,0.0,0.9814043209876543
2026-07-03 14:35:00+09:00,-0.0005052112214696008,0.0,0.9999999999999999
2026-07-03 14:40:00+09:00,4.6489677295246805e-05,0.0,0.9937500000000001
2026-07-03 14:45:00+09:00,0.0006276292800160596,0.0,1.0
2026-07-03 14:50:00+09:00,0.00014207723535015194,0.0,0.9999999999999999
2026-07-03 14:55:00+09:00,0.00015696265776598487,0.0,0.9937499999999999
2026-07-03 15:00:00+09:00,0.00041312193059099485,0.0,0.987577160493827
2026-07-03 15:05:00+09:00,3.3625051873272426e-05,0.0,0.9999999999999999
2026-07-03 15:10:00+09:00,-0.0002026003900700419,0.0,1.0
2026-07-03 15:15:00+09:00,-0.0002,1.0,0.0
2026-07-03 15:20:00+09:00,0.0,0.0,0.0
2026-07-06 09:00:00+09:00,0.0,0.0,0.0
2026-07-06 09:05:00+09:00,0.0,0.0,0.0
2026-07-06 09:10:00+09:00,0.0,0.0,0.0
2026-07-06 09:15:00+09:00,0.0,0.0,0.0
2026-07-06 09:20:00+09:00,0.0,0.0,0.0
2026-07-06 09:25:00+09:00,0.0,0.0,0.0
2026-07-06 09:30:00+09:00,0.0008836476496137181,1.0,1.0
2026-07-06 09:35:00+09:00,-0.0011585198012238793,0.0,1.0
2026-07-06 09:40:00+09:00,-0.001999457255525154,0.0,0.9939759036144579
2026-07-06 09:45:00+09:00,0.0004073698100246212,0.0,1.0
2026-07-06 09:50:00+09:00,0.0003792722717190838,0.0,0.9939759036144578
2026-07-06 09:55:00+09:00,0.0022094015853831557,0.0,0.9939024390243903
2026-07-06 10:00:00+09:00,-0.0009733234974698522,0.0,1.0
2026-07-06 10:05:00+09:00,0.0013535929942263738,0.0,0.9939759036144579
2026-07-06 10:10:00+09:00,-0.0008384198686542792,0.0,0.9939759036144579
2026-07-06 10:15:00+09:00,0.0018430053755466448,0.0,0.9939024390243902
2026-07-06 10:20:00+09:00,-0.0005923538163159159,0.0,1.0
2026-07-06 10:25:00+09:00,-0.000447825925331374,0.0,0.9878783426388482
2026-07-06 10:30:00+09:00,0.0022442677934512,0.0,0.9939759036144579
2026-07-06 10:35:00+09:00,0.0009916956926979397,0.0,1.0
2026-07-06 10:40:00+09:00,0.0017495620776863544,0.0,0.9939024390243902
2026-07-06 10:45:00+09:00,0.00044058818215711264,0.0,1.0
2026-07-06 10:50:00+09:00,-0.0004860978108677344,0.0,0.9939759036144579
2026-07-06 10:55:00+09:00,-1.881269699558555e-05,0.0,1.0
2026-07-06 11:00:00+09:00,0.0012624239228511806,0.0,0.9939759036144579
2026-07-06 11:05:00+09:00,0.0017574336631868803,0.0,1.0
2026-07-06 11:10:00+09:00,0.0010982432005495657,0.0,1.0
2026-07-06 11:15:00+09:00,-0.00047884647436970183,0.006024096385542169,0.9879518072289157
2026-07-06 11:20:00+09:00,-0.00019879518072289158,0.9939759036144579,0.0
2026-07-06 11:25:00+09:00,0.0,0.0,0.0
2026-07-06 12:30:00+09:00,0.0,0.0,0.0
2026-07-06 12:35:00+09:00,0.0,0.0,0.0
2026-07-06 12:40:00+09:00,0.0,0.0,0.0
2026-07-06 12:45:00+09:00,0.0,0.0,0.0
2026-07-06 12:50:00+09:00,0.0,0.0,0.0
2026-07-06 12:55:00+09:00,0.0,0.0,0.0
2026-07-06 13:00:00+09:00,-0.0008933650551608267,1.0,1.0
2026-07-06 13:05:00+09:00,0.000553986057267425,0.0,0.9936708860759494
2026-07-06 13:10:00+09:00,0.0007840634531856928,0.0,0.99375
2026-07-06 13:15:00+09:00,-9.211582618145662e-05,0.0,0.9873417721518989
2026-07-06 13:20:00+09:00,0.0007075120858904253,0.0,0.981012658227848
2026-07-06 13:25:00+09:00,0.00046990386849220716,0.0,0.9874208860759494
2026-07-06 13:30:00+09:00,0.0003808030602726592,0.0,0.9874208860759495
2026-07-06 13:35:00+09:00,-0.00019232954880765406,0.0,0.9685917721518988
2026-07-06 13:40:00+09:00,-0.0003744889110931994,0.0,1.0
2026-07-06 13:45:00+09:00,0.0004156674216262204,0.0,0.9747626582278482
2026-07-06 13:50:00+09:00,-8.425906951904148e-05,0.0,0.9873417721518987
2026-07-06 13:55:00+09:00,-0.00039047039078786975,0.0,0.9684335443037976
2026-07-06 14:00:00+09:00,7.929279731678989e-05,0.0,0.9747626582278481
2026-07-06 14:05:00+09:00,0.00016279260669326755,0.0,0.9810917721518988
2026-07-06 14:10:00+09:00,0.0002914341455721498,0.0,0.9873417721518989
2026-07-06 14:15:00+09:00,-0.0008142763130845002,0.0,0.9936708860759494
2026-07-06 14:20:00+09:00,-0.0003040931492607521,0.0,0.9936708860759493
2026-07-06 14:25:00+09:00,0.0004035116057124045,0.0,1.0
2026-07-06 14:30:00+09:00,-0.00022495302037281643,0.0,1.0
2026-07-06 14:35:00+09:00,0.0007220625913872879,0.0,0.9874208860759495
2026-07-06 14:40:00+09:00,-6.200199648478735e-06,0.0,1.0
2026-07-06 14:45:00+09:00,0.00022629625375241127,0.0,1.0
2026-07-06 14:50:00+09:00,0.00020676733421648544,0.0,0.9936708860759494
2026-07-06 14:55:00+09:00,-6.754607542237697e-05,0.0,1.0
2026-07-06 15:00:00+09:00,0.00023746152949099148,0.0,0.9874208860759495
2026-07-06 15:05:00+09:00,-0.00013162092271377254,0.0,0.9873417721518987
2026-07-06 15:10:00+09:00,0.00040624250375716355,0.0,0.9936708860759493
2026-07-06 15:15:00+09:00,-0.0002,1.0,0.0
2026-07-06 15:20:00+09:00,0.0,0.0,0.0
2026-07-07 09:00:00+09:00,0.0,0.0,0.0
2026-07-07 09:05:00+09:00,0.0,0.0,0.0
2026-07-07 09:10:00+09:00,0.0,0.0,0.0
2026-07-07 09:15:00+09:00,0.0,0.0,0.0
2026-07-07 09:20:00+09:00,0.0,0.0,0.0
2026-07-07 09:25:00+09:00,0.0,0.0,0.0
2026-07-07 09:30:00+09:00,-6.341165578052841e-05,1.0,1.0
2026-07-07 09:35:00+09:00,-0.0002672866303525776,0.0,0.9939759036144579
2026-07-07 09:40:00+09:00,-0.00047401789306440354,0.0,0.9819277108433737
2026-07-07 09:45:00+09:00,-0.00037051669449507493,0.0,1.0
2026-07-07 09:50:00+09:00,0.0005147308932786604,0.0,0.993975903614458
2026-07-07 09:55:00+09:00,-0.000695355162908749,0.0,1.0
2026-07-07 10:00:00+09:00,0.0006724972534243695,0.0,0.9939759036144579
2026-07-07 10:05:00+09:00,0.0006134903480989958,0.0,0.9939024390243903
2026-07-07 10:10:00+09:00,0.0002150007967243613,0.0,0.9819277108433736
2026-07-07 10:15:00+09:00,0.00024540963966582767,0.0,0.9878783426388481
2026-07-07 10:20:00+09:00,0.0002674809033191922,0.0,0.9879518072289156
2026-07-07 10:25:00+09:00,-0.0005514825543908308,0.0,0.9939759036144579
2026-07-07 10:30:00+09:00,-0.00035364597449736294,0.0,0.9698060534822216
2026-07-07 10:35:00+09:00,-0.00043383988108384357,0.0,0.9819277108433735
2026-07-07 10:40:00+09:00,6.939902491953078e-05,0.0,1.0
2026-07-07 10:45:00+09:00,0.00033172644351367665,0.0,0.9939759036144579
2026-07-07 10:50:00+09:00,0.0003958320677467532,0.0,0.9879518072289157
2026-07-07 10:55:00+09:00,0.0004884610236700852,0.0,1.0
2026-07-07 11:00:00+09:00,-0.0005033166236616614,0.0,0.9939024390243903
2026-07-07 11:05:00+09:00,8.002778323195599e-05,0.0,0.9879518072289157
2026-07-07 11:10:00+09:00,0.0003207110315461436,0.006024096385542169,0.9819277108433736
2026-07-07 11:15:00+09:00,5.030831998632253e-05,0.03629150749338819,0.9455627387599179
2026-07-07 11:20:00+09:00,-0.00019153687922421396,0.9576843961210697,0.0
2026-07-07 11:25:00+09:00,0.0,0.0,0.0
2026-07-07 12:30:00+09:00,0.0,0.0,0.0
2026-07-07 12:35:00+09:00,0.0,0.0,0.0
2026-07-07 12:40:00+09:00,0.0,0.0,0.0
2026-07-07 12:45:00+09:00,0.0,0.0,0.0
2026-07-07 12:50:00+09:00,0.0,0.0,0.0
2026-07-07 12:55:00+09:00,0.0,0.0,0.0
2026-07-07 13:00:00+09:00,-0.00020766877309079173,1.0,1.0
2026-07-07 13:05:00+09:00,0.00024333125893506757,0.0,0.9879518072289157
2026-07-07 13:10:00+09:00,0.0002971112002744694,0.0,0.9939024390243902
2026-07-07 13:15:00+09:00,1.816593443676639e-05,0.0,0.993975903614458
2026-07-07 13:20:00+09:00,-0.0002748202166149848,0.0,0.9817807816632385
2026-07-07 13:25:00+09:00,-0.000277751214260245,0.0,0.9878048780487805
2026-07-07 13:30:00+09:00,0.0004396561099924355,0.0,0.993975903614458
2026-07-07 13:35:00+09:00,0.0003515392084158008,0.0,0.9939759036144578
2026-07-07 13:40:00+09:00,0.0002940129150565601,0.0,0.9817807816632383
2026-07-07 13:45:00+09:00,-3.8832051769841815e-05,0.0,0.9817807816632385
2026-07-07 13:50:00+09:00,-0.0005330673462043652,0.0,1.0
2026-07-07 13:55:00+09:00,0.0010506458446035698,0.0,0.969732588892154
2026-07-07 14:00:00+09:00,0.00039383228544774963,0.0,0.993975903614458
2026-07-07 14:05:00+09:00,0.0004977245773890296,0.0,1.0
2026-07-07 14:10:00+09:00,0.0001828203044986359,0.0,0.9878783426388482
2026-07-07 14:15:00+09:00,-0.000561435726900013,0.0,0.9939024390243902
2026-07-07 14:20:00+09:00,-3.087959342409243e-08,0.0,0.993975903614458
2026-07-07 14:25:00+09:00,-0.00024162110516127774,0.0,0.9879518072289157
2026-07-07 14:30:00+09:00,-0.0003151542790793652,0.0,0.993975903614458
2026-07-07 14:35:00+09:00,-0.00019302031653538145,0.0,0.9878048780487805
2026-07-07 14:40:00+09:00,0.00022560134381700516,0.0,0.9939024390243902
2026-07-07 14:45:00+09:00,-0.0007096783419857513,0.0,1.0
2026-07-07 14:50:00+09:00,-0.0004747861428147069,0.0,0.9879518072289157
2026-07-07 14:55:00+09:00,0.00010715341427989181,0.0,0.9878783426388482
2026-07-07 15:00:00+09:00,0.0003313040011372918,0.0,0.9939024390243902
2026-07-07 15:05:00+09:00,6.849038051039986e-05,0.0,0.9878783426388481
2026-07-07 15:10:00+09:00,-0.0003907164223656841,0.0,0.993975903614458
2026-07-07 15:15:00+09:00,-0.0002,1.0,0.0
2026-07-07 15:20:00+09:00,0.0,0.0,0.0
2026-07-08 09:00:00+09:00,0.0,0.0,0.0
2026-07-08 09:05:00+09:00,0.0,0.0,0.0
2026-07-08 09:10:00+09:00,0.0,0.0,0.0
2026-07-08 09:15:00+09:00,0.0,0.0,0.0
2026-07-08 09:20:00+09:00,0.0,0.0,0.0
2026-07-08 09:25:00+09:00,0.0,0.0,0.0
2026-07-08 09:30:00+09:00,0.0013208334933424073,1.0,1.0
2026-07-08 09:35:00+09:00,0.0015972918671997675,0.0,0.9939759036144579
2026-07-08 09:40:00+09:00,0.0009826679988346363,0.0,0.9939024390243903
2026-07-08 09:45:00+09:00,0.0006443827785216866,0.0,0.9879518072289156
2026-07-08 09:50:00+09:00,-0.0003031648860169441,0.0,0.9939024390243903
2026-07-08 09:55:00+09:00,-0.000581666126607504,0.0,0.9636350279165443
2026-07-08 10:00:00+09:00,0.0008662564673203362,0.0,0.9939024390243902
2026-07-08 10:05:00+09:00,2.6218116985061665e-06,0.0,1.0
2026-07-08 10:10:00+09:00,-0.0007196662834085424,0.0,0.9939759036144579
2026-07-08 10:15:00+09:00,-0.00174617870156153,0.0,0.9817807816632385
2026-07-08 10:20:00+09:00,0.00026801890260442184,0.0,0.981854246253306
2026-07-08 10:25:00+09:00,-0.0008806582915696141,0.0,0.9817807816632383
2026-07-08 10:30:00+09:00,-0.0004124745325868406,0.0,1.0
2026-07-08 10:35:00+09:00,-0.00012674218558888804,0.0,1.0
2026-07-08 10:40:00+09:00,0.0011260367373417885,0.0,1.0
2026-07-08 10:45:00+09:00,-0.0013044610046692678,0.0,0.9878048780487806
2026-07-08 10:50:00+09:00,-0.00020836380925819207,0.0,0.9878783426388482
2026-07-08 10:55:00+09:00,-0.0012109122336735076,0.0,0.9818542462533061
2026-07-08 11:00:00+09:00,0.0002431386485485986,0.0,0.981854246253306
2026-07-08 11:05:00+09:00,-0.0008275042785652036,0.006024096385542169,0.9878783426388481
2026-07-08 11:10:00+09:00,0.0009606432264012332,0.0,0.9757566852776962
2026-07-08 11:15:00+09:00,-5.637451232205522e-05,0.02424331472230385,0.9576109315310021
2026-07-08 11:20:00+09:00,-0.00019394651777843082,0.969732588892154,0.0
2026-07-08 11:25:00+09:00,0.0,0.0,0.0
2026-07-08 12:30:00+09:00,0.0,0.0,0.0
2026-07-08 12:35:00+09:00,0.0,0.0,0.0
2026-07-08 12:40:00+09:00,0.0,0.0,0.0
2026-07-08 12:45:00+09:00,0.0,0.0,0.0
2026-07-08 12:50:00+09:00,0.0,0.0,0.0
2026-07-08 12:55:00+09:00,0.0,0.0,0.0
2026-07-08 13:00:00+09:00,3.2809016403683306e-05,1.0,1.0
2026-07-08 13:05:00+09:00,8.976473470643209e-05,0.0,0.9817807816632385
2026-07-08 13:10:00+09:00,-0.00017001416658745739,0.0,0.9819277108433736
2026-07-08 13:15:00+09:00,-0.0007818569226829862,0.0,0.9758301498677637
2026-07-08 13:20:00+09:00,0.0007614604371727235,0.0,1.0
2026-07-08 13:25:00+09:00,0.0007163673013285331,0.0,0.9878783426388482
2026-07-08 13:30:00+09:00,8.697818596479254e-05,0.0,0.9939024390243902
2026-07-08 13:35:00+09:00,0.0002680119962391292,0.0,0.9819277108433736
2026-07-08 13:40:00+09:00,-0.0004676498892979689,0.0,0.9696591243020865
2026-07-08 13:45:00+09:00,0.0005965933689929808,0.0,0.9817807816632385
2026-07-08 13:50:00+09:00,-0.00029960373530028085,0.0,0.9878783426388482
2026-07-08 13:55:00+09:00,-0.00010468081926184407,0.0,0.9879518072289157
2026-07-08 14:00:00+09:00,0.00022762080341415144,0.0,1.0
2026-07-08 14:05:00+09:00,0.0002542444188152984,0.0,0.9878783426388481
2026-07-08 14:10:00+09:00,0.0003961478552400907,0.0,0.9878783426388482
2026-07-08 14:15:00+09:00,0.00011078594790732073,0.0,0.9879518072289156
2026-07-08 14:20:00+09:00,1.031415748269232e-06,0.0,0.9698060534822215
2026-07-08 14:25:00+09:00,0.000981902794094017,0.0,0.9819277108433736
2026-07-08 14:30:00+09:00,0.0006054023550727712,0.0,0.9759036144578314
2026-07-08 14:35:00+09:00,-0.00010111686089707237,0.0,1.0
2026-07-08 14:40:00+09:00,0.0006870172586293407,0.0,1.0
2026-07-08 14:45:00+09:00,-0.0008699786785602077,0.0,1.0
2026-07-08 14:50:00+09:00,0.000667180667733869,0.0,0.987878342638848
2026-07-08 14:55:00+09:00,0.0002744811327626754,0.0,0.9939759036144579
2026-07-08 15:00:00+09:00,-0.00033174164400393214,0.0,1.0
2026-07-08 15:05:00+09:00,0.00042202046960983745,0.0,0.9939759036144578
2026-07-08 15:10:00+09:00,5.580340482408707e-05,0.012121657361151925,0.9878783426388482
2026-07-08 15:15:00+09:00,-0.00019757566852776962,0.9878783426388481,0.0
2026-07-08 15:20:00+09:00,0.0,0.0,0.0
2026-07-09 09:00:00+09:00,0.0,0.0,0.0
2026-07-09 09:05:00+09:00,0.0,0.0,0.0
2026-07-09 09:10:00+09:00,0.0,0.0,0.0
2026-07-09 09:15:00+09:00,0.0,0.0,0.0
2026-07-09 09:20:00+09:00,0.0,0.0,0.0
2026-07-09 09:25:00+09:00,0.0,0.0,0.0
2026-07-09 09:30:00+09:00,-0.00021153482965952152,1.0,1.0
2026-07-09 09:35:00+09:00,-0.0005111508675311987,0.0,0.9939759036144578
2026-07-09 09:40:00+09:00,-0.00012869190683584495,0.0,0.9939024390243902
2026-07-09 09:45:00+09:00,0.00023872928548927748,0.0,1.0
2026-07-09 09:50:00+09:00,8.091856921833059e-05,0.0,0.9939759036144578
2026-07-09 09:55:00+09:00,-0.0002902997272829128,0.0,1.0
2026-07-09 10:00:00+09:00,7.953582896879055e-05,0.0,0.9879518072289156
2026-07-09 10:05:00+09:00,0.000160642670916442,0.0,1.0
2026-07-09 10:10:00+09:00,0.000217903740220584,0.0,0.993975903614458
2026-07-09 10:15:00+09:00,3.072834068182211e-05,0.0,1.0
2026-07-09 10:20:00+09:00,-3.6044688315478856e-05,0.0,1.0
2026-07-09 10:25:00+09:00,0.00017067286329116443,0.0,0.9817807816632382
2026-07-09 10:30:00+09:00,-1.148907612889094e-05,0.0,0.9878048780487805
2026-07-09 10:35:00+09:00,-0.0004868176080888191,0.0,0.9879518072289157
2026-07-09 10:40:00+09:00,-0.00020142755483571872,0.0,0.9696591243020865
2026-07-09 10:45:00+09:00,0.0002306370412792032,0.0,0.9878783426388482
2026-07-09 10:50:00+09:00,-9.900223503645041e-05,0.0,0.9878048780487805
2026-07-09 10:55:00+09:00,1.67083878644405e-05,0.0,0.9878048780487805
2026-07-09 11:00:00+09:00,-0.00018786952470037054,0.0,0.9939024390243903
2026-07-09 11:05:00+09:00,0.000178168740640162,0.0,0.9939024390243902
2026-07-09 11:10:00+09:00,2.62713193249771e-06,0.0,0.9878783426388481
2026-07-09 11:15:00+09:00,0.00033006845662073844,0.018219218336761683,0.9696591243020865
2026-07-09 11:20:00+09:00,-0.0001963561563326477,0.9817807816632383,0.0
2026-07-09 11:25:00+09:00,0.0,0.0,0.0
2026-07-09 12:30:00+09:00,0.0,0.0,0.0
2026-07-09 12:35:00+09:00,0.0,0.0,0.0
2026-07-09 12:40:00+09:00,0.0,0.0,0.0
2026-07-09 12:45:00+09:00,0.0,0.0,0.0
2026-07-09 12:50:00+09:00,0.0,0.0,0.0
2026-07-09 12:55:00+09:00,0.0,0.0,0.0
2026-07-09 13:00:00+09:00,-0.00040779271980874194,1.0,1.0
2026-07-09 13:05:00+09:00,-0.0003184542071653342,0.0,0.9754591990364347
2026-07-09 13:10:00+09:00,-0.00012878565693907166,0.0,0.9263023185787413
2026-07-09 13:15:00+09:00,0.0006032274519332353,0.0,0.9816320385426076
2026-07-09 13:20:00+09:00,-6.67222575896303e-05,0.0,0.9876543209876543
2026-07-09 13:25:00+09:00,-0.000135126309527198,0.0,0.9814814814814814
2026-07-09 13:30:00+09:00,-0.00035814437603216186,0.0,0.963038241493526
2026-07-09 13:35:00+09:00,0.00030085934698367893,0.0,0.938647997591087
2026-07-09 13:40:00+09:00,0.00022209493773177875,0.0,0.9876543209876543
2026-07-09 13:45:00+09:00,-0.00031788968853158723,0.0,0.963113520024089
2026-07-09 13:50:00+09:00,0.00026597538743650286,0.0,0.9815567600120445
2026-07-09 13:55:00+09:00,0.00019761654088286612,0.0,0.9572417946401686
2026-07-09 14:00:00+09:00,-0.0002939254757711474,0.0,0.9570912375790424
2026-07-09 14:05:00+09:00,-0.0002729183126509531,0.0,0.9509936766034326
2026-07-09 14:10:00+09:00,0.0003294604562626479,0.0,0.9877295995182173
2026-07-09 14:15:00+09:00,-0.000553472313494102,0.0,0.9570912375790424
2026-07-09 14:20:00+09:00,0.0001521952060315135,0.0,0.9571665161096055
2026-07-09 14:25:00+09:00,-0.0002334475813354272,0.0,0.9203553146642577
2026-07-09 14:30:00+09:00,8.188182750136867e-05,0.0,0.9694369165913881
2026-07-09 14:35:00+09:00,-0.000227350203453095,0.0,0.9816320385426076
2026-07-09 14:40:00+09:00,-0.00037091290507575814,0.0,0.9509183980728696
2026-07-09 14:45:00+09:00,-0.00026817983805272185,0.0,0.9877295995182174
2026-07-09 14:50:00+09:00,0.00016894359460023663,0.0,0.9816320385426076
2026-07-09 14:55:00+09:00,0.0002804251052697479,0.0,0.9570912375790425
2026-07-09 15:00:00+09:00,6.7624427062515006e-06,0.0,0.9815567600120445
2026-07-09 15:05:00+09:00,-0.0002492332284809865,0.0,0.9755344775669978
2026-07-09 15:10:00+09:00,0.00026480346090415315,0.006097560975609756,0.9878048780487805
2026-07-09 15:15:00+09:00,-0.00019878048780487805,0.9939024390243902,0.0
2026-07-09 15:20:00+09:00,0.0,0.0,0.0
2026-07-10 09:00:00+09:00,0.0,0.0,0.0
2026-07-10 09:05:00+09:00,0.0,0.0,0.0
2026-07-10 09:10:00+09:00,0.0,0.0,0.0
2026-07-10 09:15:00+09:00,0.0,0.0,0.0
2026-07-10 09:20:00+09:00,0.0,0.0,0.0
2026-07-10 09:25:00+09:00,0.0,0.0,0.0
2026-07-10 09:30:00+09:00,0.00014227250339273557,1.0,1.0
2026-07-10 09:35:00+09:00,0.00014938661935067675,0.0,0.9939024390243902
2026-07-10 09:40:00+09:00,3.124428436716939e-05,0.0,0.9817073170731708
2026-07-10 09:45:00+09:00,0.000792776703597317,0.0,0.9817807816632383
2026-07-10 09:50:00+09:00,0.0003522073490859189,0.0,0.9817807816632383
2026-07-10 09:55:00+09:00,-0.0004219727684250902,0.0,0.9756097560975612
2026-07-10 10:00:00+09:00,0.0004204550136264737,0.0,0.993975903614458
2026-07-10 10:05:00+09:00,-0.00020318822175128065,0.0,0.9939024390243905
2026-07-10 10:10:00+09:00,0.00037324895918147824,0.0,0.9939024390243903
2026-07-10 10:15:00+09:00,0.0006525387204424279,0.0,0.9817807816632383
2026-07-10 10:20:00+09:00,-0.00014692191237408963,0.0,0.9817807816632385
2026-07-10 10:25:00+09:00,-7.158281022831336e-05,0.0,0.9878783426388481
2026-07-10 10:30:00+09:00,0.00019305757412747723,0.0,0.9878783426388481
2026-07-10 10:35:00+09:00,-0.00046029032220406803,0.0,0.9878783426388481
2026-07-10 10:40:00+09:00,0.00020128666291956978,0.0,0.9695856597120189
2026-07-10 10:45:00+09:00,0.0003790450105449815,0.0,0.969732588892154
2026-07-10 10:50:00+09:00,-0.0002898125984453715,0.0,0.975830149867764
2026-07-10 10:55:00+09:00,-0.00029332906061338437,0.0,0.9696591243020865
2026-07-10 11:00:00+09:00,-0.0002823083637549753,0.0,0.9878048780487805
2026-07-10 11:05:00+09:00,-0.00031578313673213856,0.006097560975609756,0.9757566852776962
2026-07-10 11:10:00+09:00,0.0003610915010552976,0.0,0.9575374669409346
2026-07-10 11:15:00+09:00,-5.250390359512401e-05,0.018219218336761683,0.9635615633264767
2026-07-10 11:20:00+09:00,-0.00019513664413752573,0.9756832206876286,0.0
2026-07-10 11:25:00+09:00,0.0,0.0,0.0
2026-07-10 12:30:00+09:00,0.0,0.0,0.0
2026-07-10 12:35:00+09:00,0.0,0.0,0.0
2026-07-10 12:40:00+09:00,0.0,0.0,0.0
2026-07-10 12:45:00+09:00,0.0,0.0,0.0
2026-07-10 12:50:00+09:00,0.0,0.0,0.0
2026-07-10 12:55:00+09:00,0.0,0.0,0.0
2026-07-10 13:00:00+09:00,-0.00032227517714121957,1.0,1.0
2026-07-10 13:05:00+09:00,4.405467116596941e-05,0.0,0.9873417721518987
2026-07-10 13:10:00+09:00,-0.00021027815849756094,0.0,0.9811708860759495
2026-07-10 13:15:00+09:00,-0.00022637298748787955,0.0,0.9936708860759493
2026-07-10 13:20:00+09:00,0.00023495052777771172,0.0,0.9749208860759495
2026-07-10 13:25:00+09:00,-0.00022675123282765036,0.0,0.9747626582278481
2026-07-10 13:30:00+09:00,-0.00036123039027127584,0.0,0.9874208860759494
2026-07-10 13:35:00+09:00,0.00021184302382751654,0.0,0.9559335443037975
2026-07-10 13:40:00+09:00,0.00020744960547184024,0.0,0.9811708860759494
2026-07-10 13:45:00+09:00,-0.00015152293385427648,0.0,0.9748417721518988
2026-07-10 13:50:00+09:00,0.00018023304833277777,0.0,0.9811708860759494
2026-07-10 13:55:00+09:00,-8.850225263563583e-05,0.0,0.9810917721518988
2026-07-10 14:00:00+09:00,-5.313779385281094e-05,0.0,0.9748417721518989
2026-07-10 14:05:00+09:00,5.355565927950069e-05,0.0,0.9685917721518988
2026-07-10 14:10:00+09:00,-3.481817683192472e-05,0.0,0.9874208860759494
2026-07-10 14:15:00+09:00,0.00016826825133948943,0.0,0.9810917721518988
2026-07-10 14:20:00+09:00,5.006043990140087e-05,0.0,0.9748417721518989
2026-07-10 14:25:00+09:00,-8.293874325759631e-05,0.0,0.9749208860759495
2026-07-10 14:30:00+09:00,8.6972506947182e-05,0.0,0.9874208860759494
2026-07-10 14:35:00+09:00,-0.0001443514700062758,0.0,0.9875
2026-07-10 14:40:00+09:00,0.0002752287978137786,0.0,0.9874208860759495
2026-07-10 14:45:00+09:00,0.00020186042002247133,0.0,0.9749208860759495
2026-07-10 14:50:00+09:00,7.543455117302973e-05,0.0,0.9874999999999999
2026-07-10 14:55:00+09:00,0.00019145071680567067,0.0,0.99375
2026-07-10 15:00:00+09:00,-4.01896836370653e-05,0.0,0.9873417721518989
2026-07-10 15:05:00+09:00,-0.00018560244760108238,0.006329113924050633,0.9936708860759494
2026-07-10 15:10:00+09:00,-0.00022290321840318908,0.00625,0.9874208860759495
2026-07-10 15:15:00+09:00,-0.00019748417721518986,0.9874208860759494,0.0
2026-07-10 15:20:00+09:00,0.0,0.0,0.0
2026-07-13 09:00:00+09:00,0.0,0.0,0.0
2026-07-13 09:05:00+09:00,0.0,0.0,0.0
2026-07-13 09:10:00+09:00,0.0,0.0,0.0
2026-07-13 09:15:00+09:00,0.0,0.0,0.0
2026-07-13 09:20:00+09:00,0.0,0.0,0.0
2026-07-13 09:25:00+09:00,0.0,0.0,0.0
2026-07-13 09:30:00+09:00,-0.0014405351645081072,1.0,1.0
2026-07-13 09:35:00+09:00,-0.0011637373524427622,0.0,0.9815567600120445
2026-07-13 09:40:00+09:00,8.722892601808555e-05,0.0,0.9877295995182174
2026-07-13 09:45:00+09:00,-0.0003684961435700426,0.0,0.9877295995182173
2026-07-13 09:50:00+09:00,0.0002612685050178466,0.0,0.9877295995182174
2026-07-13 09:55:00+09:00,-0.00025697948751217435,0.006172839506172839,0.9753839205058716
2026-07-13 10:00:00+09:00,-0.0005669826698690629,0.0,0.9877295995182174
2026-07-13 10:05:00+09:00,0.0005967125671192844,0.0,0.9877295995182174
2026-07-13 10:10:00+09:00,-0.00011856665873015757,0.0,0.9753839205058716
2026-07-13 10:15:00+09:00,-0.0003767367441339447,0.0,0.9753839205058716
2026-07-13 10:20:00+09:00,-0.0002762422102250293,0.0,0.9815567600120445
2026-07-13 10:25:00+09:00,-0.0007663648372311537,0.0,0.9570912375790424
2026-07-13 10:30:00+09:00,0.00044000515126411466,0.0,0.9815567600120445
2026-07-13 10:35:00+09:00,-0.0007362689058948628,0.0,0.9877295995182174
2026-07-13 10:40:00+09:00,-0.00020586870427367727,0.0,0.9816320385426076
2026-07-13 10:45:00+09:00,-0.00016056298360933927,0.0,0.9815567600120445
2026-07-13 10:50:00+09:00,-0.000247179704797259,0.0,0.9877295995182174
2026-07-13 10:55:00+09:00,-0.0009344913765659624,0.0,0.9815567600120445
2026-07-13 11:00:00+09:00,0.0007106110519665839,0.0,0.9753839205058716
2026-07-13 11:05:00+09:00,-3.413096349604348e-05,0.006172839506172839,0.9692110809996988
2026-07-13 11:10:00+09:00,0.00028338792171525595,0.018443239987955433,0.9692110809996989
2026-07-13 11:15:00+09:00,0.0009297300774454917,0.018443239987955433,0.9323998795543511
2026-07-13 11:20:00+09:00,-0.0001901535682023487,0.9507678410117435,0.0
2026-07-13 11:25:00+09:00,0.0,0.0,0.0
2026-07-13 12:30:00+09:00,0.0,0.0,0.0
2026-07-13 12:35:00+09:00,0.0,0.0,0.0
2026-07-13 12:40:00+09:00,0.0,0.0,0.0
2026-07-13 12:45:00+09:00,0.0,0.0,0.0
2026-07-13 12:50:00+09:00,0.0,0.0,0.0
2026-07-13 12:55:00+09:00,0.0,0.0,0.0
2026-07-13 13:00:00+09:00,-0.000979232980360906,1.0,1.0
2026-07-13 13:05:00+09:00,-0.0006825160262768295,0.0,0.9750771604938273
2026-07-13 13:10:00+09:00,5.397037460656001e-08,0.0,0.98125
2026-07-13 13:15:00+09:00,-0.0009694518904471361,0.0,0.98125
2026-07-13 13:20:00+09:00,0.00013235655027712837,0.0,0.9938271604938271
2026-07-13 13:25:00+09:00,0.000489109901231136,0.0,0.9751543209876543
2026-07-13 13:30:00+09:00,0.000240889417558043,0.0,0.9751543209876543
2026-07-13 13:35:00+09:00,0.0004050958142038855,0.0,0.9750771604938271
2026-07-13 13:40:00+09:00,0.0002156951822051248,0.0,0.9689043209876542
2026-07-13 13:45:00+09:00,0.00016149331741604307,0.0,0.9689043209876542
2026-07-13 13:50:00+09:00,-0.00021897749555402831,0.0,0.9813271604938272
2026-07-13 13:55:00+09:00,-5.121463323416112e-06,0.0,0.9876543209876543
2026-07-13 14:00:00+09:00,-0.001102491175184103,0.0,0.9689043209876543
2026-07-13 14:05:00+09:00,0.0010401688136022196,0.0,0.9999999999999999
2026-07-13 14:10:00+09:00,0.0010093690304876764,0.0,0.9875
2026-07-13 14:15:00+09:00,0.0015758043212398052,0.0,0.987577160493827
2026-07-13 14:20:00+09:00,-0.00035184377438602775,0.0,0.98125
2026-07-13 14:25:00+09:00,-0.001818547134319531,0.0,1.0
2026-07-13 14:30:00+09:00,-0.002697482034422251,0.0,1.0
2026-07-13 14:35:00+09:00,0.0009172892488731444,0.0,0.9999999999999999
2026-07-13 14:40:00+09:00,0.00013555377310836916,0.0,0.9814043209876544
2026-07-13 14:45:00+09:00,-0.0015750554445088777,0.0,0.9875771604938273
2026-07-13 14:50:00+09:00,-0.0009972675667227417,0.0,0.9875
2026-07-13 14:55:00+09:00,0.00037067625206814605,0.0,0.9938271604938271
2026-07-13 15:00:00+09:00,0.0004006066711595631,0.0,1.0
2026-07-13 15:05:00+09:00,0.0014801804439886002,0.0,1.0
2026-07-13 15:10:00+09:00,0.0010506051757407976,0.0,1.0
2026-07-13 15:15:00+09:00,-0.0002,1.0,0.0
2026-07-13 15:20:00+09:00,0.0,0.0,0.0
2026-07-14 09:00:00+09:00,0.0,0.0,0.0
2026-07-14 09:05:00+09:00,0.0,0.0,0.0
2026-07-14 09:10:00+09:00,0.0,0.0,0.0
2026-07-14 09:15:00+09:00,0.0,0.0,0.0
2026-07-14 09:20:00+09:00,0.0,0.0,0.0
2026-07-14 09:25:00+09:00,0.0,0.0,0.0
2026-07-14 09:30:00+09:00,0.00010422864443306997,1.0,1.0
2026-07-14 09:35:00+09:00,0.0009033596192682146,0.0,0.9878048780487805
2026-07-14 09:40:00+09:00,-0.0010471129584668178,0.0,0.9878783426388481
2026-07-14 09:45:00+09:00,-0.001651053812846432,0.0,0.9939024390243902
2026-07-14 09:50:00+09:00,-0.0024569263674558226,0.0,1.0
2026-07-14 09:55:00+09:00,4.691713842155337e-05,0.0,1.0
2026-07-14 10:00:00+09:00,0.0015329600313281806,0.0,0.9878783426388481
2026-07-14 10:05:00+09:00,0.0006290995163657855,0.0,0.9939759036144579
2026-07-14 10:10:00+09:00,-0.0010862191319981902,0.0,0.9939024390243902
2026-07-14 10:15:00+09:00,3.163899816739343e-05,0.0,1.0
2026-07-14 10:20:00+09:00,-0.0006898591522337854,0.0,0.9697325888921541
2026-07-14 10:25:00+09:00,0.0009770861167050192,0.0,0.969732588892154
2026-07-14 10:30:00+09:00,-9.364440749367381e-05,0.0,0.9878048780487805
2026-07-14 10:35:00+09:00,-0.0010117471889353603,0.0,0.9939759036144578
2026-07-14 10:40:00+09:00,0.0001305596289516445,0.0,0.9878048780487805
2026-07-14 10:45:00+09:00,0.00028094548831437505,0.0,0.9878048780487804
2026-07-14 10:50:00+09:00,0.0005624484804991477,0.0,0.9757566852776962
2026-07-14 10:55:00+09:00,-0.00033050310427643146,0.0,0.9939024390243902
2026-07-14 11:00:00+09:00,0.00032178806840671957,0.0,0.9939024390243902
2026-07-14 11:05:00+09:00,0.0006370258357600984,0.0,0.9756832206876286
2026-07-14 11:10:00+09:00,0.0003534983931447752,0.0,0.9879518072289157
2026-07-14 11:15:00+09:00,0.0003841726136421601,0.024316779312371438,0.9756832206876287
2026-07-14 11:20:00+09:00,-0.00019513664413752573,0.9756832206876286,0.0
2026-07-14 11:25:00+09:00,0.0,0.0,0.0
2026-07-14 12:30:00+09:00,0.0,0.0,0.0
2026-07-14 12:35:00+09:00,0.0,0.0,0.0
2026-07-14 12:40:00+09:00,0.0,0.0,0.0
2026-07-14 12:45:00+09:00,0.0,0.0,0.0
2026-07-14 12:50:00+09:00,0.0,0.0,0.0
2026-07-14 12:55:00+09:00,0.0,0.0,0.0
2026-07-14 13:00:00+09:00,0.0003243193583461482,1.0,1.0
2026-07-14 13:05:00+09:00,-1.9174983990741857e-05,0.0,0.9874999999999999
2026-07-14 13:10:00+09:00,0.00026816353457275355,0.0,0.9750771604938271
2026-07-14 13:15:00+09:00,-0.00012685648561225094,0.0,0.9689043209876542
2026-07-14 13:20:00+09:00,-0.0001722462842647825,0.0,0.987577160493827
2026-07-14 13:25:00+09:00,-3.655322455366631e-05,0.0,0.968827160493827
2026-07-14 13:30:00+09:00,-0.0002849407782898378,0.0,0.9874999999999999
2026-07-14 13:35:00+09:00,6.422914170047163e-05,0.0,0.9938271604938271
2026-07-14 13:40:00+09:00,-0.0003938602921940923,0.0,0.9624999999999999
2026-07-14 13:45:00+09:00,-0.0001736702010275174,0.0,0.9874999999999999
2026-07-14 13:50:00+09:00,-0.00036086970157722306,0.0,0.9874999999999999
2026-07-14 13:55:00+09:00,-0.00030912087801753186,0.0,0.98125
2026-07-14 14:00:00+09:00,-0.0004680087085962638,0.0,0.9750771604938271
2026-07-14 14:05:00+09:00,-0.0004925945215821634,0.0,0.98125
2026-07-14 14:10:00+09:00,-0.00031194011211510466,0.0,0.9813271604938271
2026-07-14 14:15:00+09:00,-0.00015286926906246122,0.0,0.9688271604938271
2026-07-14 14:20:00+09:00,-0.0005512649705141619,0.0,0.9688271604938271
2026-07-14 14:25:00+09:00,1.2159174031971136e-05,0.0,0.9874999999999999
2026-07-14 14:30:00+09:00,0.0001660809881906576,0.0,0.9813271604938271
2026-07-14 14:35:00+09:00,5.113008154490235e-05,0.0,0.9814043209876543
2026-07-14 14:40:00+09:00,-6.616705565397526e-05,0.0,0.9874999999999999
2026-07-14 14:45:00+09:00,-6.14172218836695e-05,0.0,0.9874999999999999
2026-07-14 14:50:00+09:00,0.00023814066362402007,0.0,0.9937499999999999
2026-07-14 14:55:00+09:00,-0.00027472616845482446,0.0,0.9751543209876543
2026-07-14 15:00:00+09:00,-6.984177274453634e-05,0.0,0.9937499999999999
2026-07-14 15:05:00+09:00,-5.50858247926467e-05,0.0,0.9874999999999998
2026-07-14 15:10:00+09:00,0.00016179572677540093,0.0,0.987577160493827
2026-07-14 15:15:00+09:00,-0.0002,1.0,0.0
2026-07-14 15:20:00+09:00,0.0,0.0,0.0
2026-07-15 09:00:00+09:00,0.0,0.0,0.0
2026-07-15 09:05:00+09:00,0.0,0.0,0.0
2026-07-15 09:10:00+09:00,0.0,0.0,0.0
2026-07-15 09:15:00+09:00,0.0,0.0,0.0
2026-07-15 09:20:00+09:00,0.0,0.0,0.0
2026-07-15 09:25:00+09:00,0.0,0.0,0.0
2026-07-15 09:30:00+09:00,0.00013911448047985414,1.0,1.0
2026-07-15 09:35:00+09:00,-0.00018281682839336826,0.0,0.9817073170731707
2026-07-15 09:40:00+09:00,0.00041085619409590897,0.0,0.9878048780487805
2026-07-15 09:45:00+09:00,0.00014071028813021484,0.0,0.9877295995182174
2026-07-15 09:50:00+09:00,-0.0004552286999793009,0.0,0.975609756097561
2026-07-15 09:55:00+09:00,-3.4800087498476637e-05,0.0,0.9938271604938271
2026-07-15 10:00:00+09:00,5.232262863907659e-05,0.0,0.9877295995182174
2026-07-15 10:05:00+09:00,-0.0001411095489017564,0.0,0.9939024390243902
2026-07-15 10:10:00+09:00,0.00031641525563420235,0.0,0.9816320385426076
2026-07-15 10:15:00+09:00,0.00015170754191595704,0.0,1.0
2026-07-15 10:20:00+09:00,6.8088335636343225e-06,0.0,0.9939024390243902
2026-07-15 10:25:00+09:00,-5.5305182017118927e-05,0.0,0.9817073170731707
2026-07-15 10:30:00+09:00,7.558054282870324e-05,0.0,0.9877295995182174
2026-07-15 10:35:00+09:00,9.105286853245876e-05,0.0,0.9692863595302619
2026-07-15 10:40:00+09:00,0.0005466382536467192,0.0,0.9632640770852151
2026-07-15 10:45:00+09:00,0.00014837066410895808,0.0,0.9876543209876543
2026-07-15 10:50:00+09:00,0.00010305659541179593,0.0,0.9878048780487805
2026-07-15 10:55:00+09:00,0.00011657034699778816,0.0,0.9817073170731707
2026-07-15 11:00:00+09:00,-0.00019469769903392826,0.0,0.9633393556157783
2026-07-15 11:05:00+09:00,5.0567407097908e-05,0.0,0.9756097560975608
2026-07-15 11:10:00+09:00,0.0002868617852819012,0.012195121951219513,0.9509936766034326
2026-07-15 11:15:00+09:00,0.000156800623019912,0.012270400481782595,0.9264528756398676
2026-07-15 11:20:00+09:00,-0.00019510689551339959,0.9755344775669978,0.0
2026-07-15 11:25:00+09:00,0.0,0.0,0.0
2026-07-15 12:30:00+09:00,0.0,0.0,0.0
2026-07-15 12:35:00+09:00,0.0,0.0,0.0
2026-07-15 12:40:00+09:00,0.0,0.0,0.0
2026-07-15 12:45:00+09:00,0.0,0.0,0.0
2026-07-15 12:50:00+09:00,0.0,0.0,0.0
2026-07-15 12:55:00+09:00,0.0,0.0,0.0
2026-07-15 13:00:00+09:00,-0.0005911555299261883,1.0,1.0
2026-07-15 13:05:00+09:00,0.00048520783395146575,0.0,0.9873417721518988
2026-07-15 13:10:00+09:00,-0.00012512169068736262,0.0,0.9810917721518987
2026-07-15 13:15:00+09:00,4.878115512005525e-05,0.0,0.9621835443037975
2026-07-15 13:20:00+09:00,-0.00033915365516092716,0.0,0.9684335443037975
2026-07-15 13:25:00+09:00,5.850402370627386e-05,0.0,0.9684335443037977
2026-07-15 13:30:00+09:00,0.00010824685640975856,0.0,0.9685917721518987
2026-07-15 13:35:00+09:00,-0.0001806057008204638,0.0,0.9621044303797469
2026-07-15 13:40:00+09:00,0.0002713236212876188,0.0,0.9557753164556961
2026-07-15 13:45:00+09:00,-0.00010051554330229264,0.0,0.9683544303797469
2026-07-15 13:50:00+09:00,0.0005507525717168715,0.0,0.9622626582278481
2026-07-15 13:55:00+09:00,-0.0006144294990088693,0.0,0.9746835443037976
2026-07-15 14:00:00+09:00,0.0004491395596818009,0.0,0.9873417721518988
2026-07-15 14:05:00+09:00,-0.00039138824214876263,0.0,0.9873417721518989
2026-07-15 14:10:00+09:00,0.0003433099701308493,0.0,0.9749208860759494
2026-07-15 14:15:00+09:00,-8.327008614833854e-05,0.0,0.9560126582278482
2026-07-15 14:20:00+09:00,0.0003172028293860184,0.0,0.9684335443037975
2026-07-15 14:25:00+09:00,0.0002383633198447613,0.0,0.9621835443037975
2026-07-15 14:30:00+09:00,7.208403616896387e-05,0.0,0.9936708860759493
2026-07-15 14:35:00+09:00,0.0004695568316537256,0.0,0.9810917721518988
2026-07-15 14:40:00+09:00,0.00028702518488457184,0.0,0.968512658227848
2026-07-15 14:45:00+09:00,0.00014583797221208572,0.0,0.9873417721518987
2026-07-15 14:50:00+09:00,-7.204336252023715e-05,0.0,0.9810126582278482
2026-07-15 14:55:00+09:00,-0.00033731027348449835,0.0,0.9621044303797468
2026-07-15 15:00:00+09:00,-0.0001695092565889089,0.0,0.9749208860759494
2026-07-15 15:05:00+09:00,5.226465845787722e-05,0.0,0.9811708860759494
2026-07-15 15:10:00+09:00,-1.8202847956700719e-06,0.0,0.9937499999999999
2026-07-15 15:15:00+09:00,-0.0002,1.0,0.0
2026-07-15 15:20:00+09:00,0.0,0.0,0.0
2026-07-16 09:00:00+09:00,0.0,0.0,0.0
2026-07-16 09:05:00+09:00,0.0,0.0,0.0
2026-07-16 09:10:00+09:00,0.0,0.0,0.0
2026-07-16 09:15:00+09:00,0.0,0.0,0.0
2026-07-16 09:20:00+09:00,0.0,0.0,0.0
2026-07-16 09:25:00+09:00,0.0,0.0,0.0
2026-07-16 09:30:00+09:00,0.0015675181527852388,1.0,1.0
2026-07-16 09:35:00+09:00,0.0008843255263256038,0.0,0.9939759036144579
2026-07-16 09:40:00+09:00,-0.0005744224120371905,0.0,0.9939024390243902
2026-07-16 09:45:00+09:00,-0.00020660904052131597,0.0,0.9817073170731708
2026-07-16 09:50:00+09:00,0.0004348426437986232,0.0,0.9939759036144579
2026-07-16 09:55:00+09:00,0.0008054693611594079,0.0,0.9939024390243902
2026-07-16 10:00:00+09:00,-0.0006651312022284717,0.0,1.0
2026-07-16 10:05:00+09:00,0.0005642012598457394,0.0,0.9817073170731707
2026-07-16 10:10:00+09:00,4.493498621271176e-05,0.0,1.0
2026-07-16 10:15:00+09:00,-0.0003394909073205368,0.0,0.9939759036144581
2026-07-16 10:20:00+09:00,0.0006146704841781891,0.0,0.9758301498677637
2026-07-16 10:25:00+09:00,0.00012692314544683478,0.0,0.987878342638848
2026-07-16 10:30:00+09:00,-0.00042908902347019206,0.0,0.9878783426388481
2026-07-16 10:35:00+09:00,0.0004157778548305748,0.0,0.9878783426388481
2026-07-16 10:40:00+09:00,-0.001550099695261391,0.0,0.9817807816632385
2026-07-16 10:45:00+09:00,-0.00016152991497241738,0.0,0.9939759036144579
2026-07-16 10:50:00+09:00,2.2909929615738788e-05,0.0,0.9757566852776963
2026-07-16 10:55:00+09:00,0.0006971212719948871,0.0,0.9757566852776962
2026-07-16 11:00:00+09:00,1.7064262685501353e-05,0.0,0.9757566852776962
2026-07-16 11:05:00+09:00,0.00038513360968924886,0.012121657361151925,0.9696591243020866
2026-07-16 11:10:00+09:00,-0.0006459594818070748,0.018145753746694096,0.9637084925066117
2026-07-16 11:15:00+09:00,-0.0001568279469794739,0.030340875697913605,0.9212459594475464
2026-07-16 11:20:00+09:00,-0.0001878783426388481,0.9393917131942404,0.0
2026-07-16 11:25:00+09:00,0.0,0.0,0.0
2026-07-16 12:30:00+09:00,0.0,0.0,0.0
2026-07-16 12:35:00+09:00,0.0,0.0,0.0
2026-07-16 12:40:00+09:00,0.0,0.0,0.0
2026-07-16 12:45:00+09:00,0.0,0.0,0.0
2026-07-16 12:50:00+09:00,0.0,0.0,0.0
2026-07-16 12:55:00+09:00,0.0,0.0,0.0
2026-07-16 13:00:00+09:00,-0.00019617010727459818,1.0,1.0
2026-07-16 13:05:00+09:00,0.0004828343880674758,0.0,0.9451219512195121
2026-07-16 13:10:00+09:00,-0.00030363186245520275,0.0,0.9574640023508669
2026-07-16 13:15:00+09:00,-0.00040354420053818993,0.0,0.9573170731707318
2026-07-16 13:20:00+09:00,-0.0001663449537950668,0.0,0.9817073170731707
2026-07-16 13:25:00+09:00,-0.000146904781607031,0.0,0.9634146341463414
2026-07-16 13:30:00+09:00,-0.0004747615601517788,0.0,0.9576109315310021
2026-07-16 13:35:00+09:00,-0.0003088842209803181,0.0,0.9939024390243902
2026-07-16 13:40:00+09:00,0.00028330242920782486,0.0,0.9695121951219512
2026-07-16 13:45:00+09:00,-6.582103651839468e-05,0.0,0.9695856597120188
2026-07-16 13:50:00+09:00,3.9420863640911646e-05,0.0,0.9451954158095799
2026-07-16 13:55:00+09:00,-7.209218359199192e-05,0.0,0.9574640023508669
2026-07-16 14:00:00+09:00,-0.0003193644761748381,0.0,0.9391713194240376
2026-07-16 14:05:00+09:00,0.0005389735428641105,0.0,0.9695856597120189
2026-07-16 14:10:00+09:00,0.00023151557662670549,0.0,0.9817073170731707
2026-07-16 14:15:00+09:00,0.00026578865380551676,0.0,0.9512929767851896
2026-07-16 14:20:00+09:00,0.00031718611910683107,0.0,0.9573905377607993
2026-07-16 14:25:00+09:00,-0.0012484866545774285,0.0,0.9817073170731707
2026-07-16 14:30:00+09:00,-8.244968732108728e-05,0.0,0.9878048780487805
2026-07-16 14:35:00+09:00,0.0002798452045165238,0.0,0.981854246253306
2026-07-16 14:40:00+09:00,-0.00015435297800944127,0.0,0.9878783426388481
2026-07-16 14:45:00+09:00,-3.187738510145007e-05,0.0,0.9939024390243902
2026-07-16 14:50:00+09:00,-1.640245572766872e-07,0.0,0.9756832206876286
2026-07-16 14:55:00+09:00,0.0002823839302553223,0.0,0.987878342638848
2026-07-16 15:00:00+09:00,0.0007155080353422367,0.0,1.0
2026-07-16 15:05:00+09:00,-9.204429961954861e-05,0.0,1.0
2026-07-16 15:10:00+09:00,0.00015414231302954176,0.01829268292682927,0.975609756097561
2026-07-16 15:15:00+09:00,-0.00019634146341463416,0.9817073170731708,0.0
2026-07-16 15:20:00+09:00,0.0,0.0,0.0
2026-07-17 09:00:00+09:00,0.0,0.0,0.0
2026-07-17 09:05:00+09:00,0.0,0.0,0.0
2026-07-17 09:10:00+09:00,0.0,0.0,0.0
2026-07-17 09:15:00+09:00,0.0,0.0,0.0
2026-07-17 09:20:00+09:00,0.0,0.0,0.0
2026-07-17 09:25:00+09:00,0.0,0.0,0.0
2026-07-17 09:30:00+09:00,-0.0011116319570500814,1.0,1.0
2026-07-17 09:35:00+09:00,0.0033304263009432023,0.0,1.0
2026-07-17 09:40:00+09:00,-0.004628683283017104,0.0,0.993975903614458
2026-07-17 09:45:00+09:00,-0.002498003057566289,0.0,0.993975903614458
2026-07-17 09:50:00+09:00,0.001100432902817819,0.0,1.0
2026-07-17 09:55:00+09:00,0.0016795384279147153,0.0,1.0
2026-07-17 10:00:00+09:00,-0.0009434403542355779,0.0,0.9879518072289157
2026-07-17 10:05:00+09:00,-0.0016635071864199058,0.0,0.993975903614458
2026-07-17 10:10:00+09:00,0.0027950311204924887,0.0,1.0
2026-07-17 10:15:00+09:00,0.001763821554873145,0.0,0.9879518072289157
2026-07-17 10:20:00+09:00,0.0014106851756269993,0.0,1.0
2026-07-17 10:25:00+09:00,0.0023001012309111163,0.0,0.981854246253306
2026-07-17 10:30:00+09:00,-0.0012136929079949827,0.0,0.993975903614458
2026-07-17 10:35:00+09:00,0.00018484582132896073,0.0,0.9939759036144579
2026-07-17 10:40:00+09:00,0.0006072398425134434,0.0,0.9879518072289157
2026-07-17 10:45:00+09:00,-0.0004613372492546237,0.0,0.993975903614458
2026-07-17 10:50:00+09:00,4.17050819384257e-05,0.0,1.0
2026-07-17 10:55:00+09:00,0.0006189667054246976,0.0,0.993975903614458
2026-07-17 11:00:00+09:00,0.002258742256151155,0.0,0.9878783426388482
2026-07-17 11:05:00+09:00,-0.00013607224795238185,0.0,0.9939759036144579
2026-07-17 11:10:00+09:00,0.0006822354107603285,0.0,0.9879518072289158
2026-07-17 11:15:00+09:00,0.0004479160542224653,0.012048192771084338,0.9637819570966795
2026-07-17 11:20:00+09:00,-0.00019759036144578314,0.9879518072289157,0.0
2026-07-17 11:25:00+09:00,0.0,0.0,0.0
2026-07-17 12:30:00+09:00,0.0,0.0,0.0
2026-07-17 12:35:00+09:00,0.0,0.0,0.0
2026-07-17 12:40:00+09:00,0.0,0.0,0.0
2026-07-17 12:45:00+09:00,0.0,0.0,0.0
2026-07-17 12:50:00+09:00,0.0,0.0,0.0
2026-07-17 12:55:00+09:00,0.0,0.0,0.0
2026-07-17 13:00:00+09:00,0.0001357512596223496,1.0,1.0
2026-07-17 13:05:00+09:00,0.0008169110382286258,0.0,1.0
2026-07-17 13:10:00+09:00,0.0013385700622159304,0.0,0.9880952380952381
2026-07-17 13:15:00+09:00,0.000837824248745693,0.0,1.0
2026-07-17 13:20:00+09:00,0.00037925389473449805,0.0,0.9940476190476191
2026-07-17 13:25:00+09:00,0.0006302093340397226,0.0,1.0
2026-07-17 13:30:00+09:00,0.00018594958427286208,0.0,0.9880235226620769
2026-07-17 13:35:00+09:00,-0.003057655803853217,0.0,0.9820711417096959
2026-07-17 13:40:00+09:00,-0.0021018021175754817,0.0,1.0
2026-07-17 13:45:00+09:00,-0.0018595496116215482,0.0,0.9999999999999999
2026-07-17 13:50:00+09:00,0.00035356340778972385,0.0,0.9940476190476191
2026-07-17 13:55:00+09:00,0.000429910564348033,0.0,0.9880235226620769
2026-07-17 14:00:00+09:00,0.00038258481729422063,0.0,1.0
2026-07-17 14:05:00+09:00,-0.0015953883746858274,0.0,0.9940476190476191
2026-07-17 14:10:00+09:00,4.6727372018416596e-05,0.0,1.0
2026-07-17 14:15:00+09:00,0.00040797872840953373,0.0,0.9880952380952381
2026-07-17 14:20:00+09:00,-0.00033157617553007245,0.0,0.9940476190476191
2026-07-17 14:25:00+09:00,-0.0005914099178010352,0.0,0.994047619047619
2026-07-17 14:30:00+09:00,0.0011778571429704307,0.0,0.982142857142857
2026-07-17 14:35:00+09:00,-0.0013418741738633437,0.0,0.9940476190476191
2026-07-17 14:40:00+09:00,-0.0013778521886929126,0.0,1.0
2026-07-17 14:45:00+09:00,-0.0017363990521403363,0.0,0.9880952380952381
2026-07-17 14:50:00+09:00,-0.00033326538786214606,0.0,0.9940476190476191
2026-07-17 14:55:00+09:00,-0.00046179775099924723,0.0,0.9940476190476191
2026-07-17 15:00:00+09:00,-0.0008912136594443826,0.0,0.9821428571428572
2026-07-17 15:05:00+09:00,-0.0008354068402074012,0.0,0.9880952380952381
2026-07-17 15:10:00+09:00,-0.0016631914675169928,0.005952380952380952,0.9940476190476191
2026-07-17 15:15:00+09:00,-0.00019880952380952382,0.9940476190476191,0.0
2026-07-17 15:20:00+09:00,0.0,0.0,0.0
