timestamp,net_return,turnover,gross_exposure
2026-06-01 09:00:00+09:00,0.0,0.0,0.0
2026-06-01 09:05:00+09:00,0.0,0.0,0.0
2026-06-01 09:10:00+09:00,0.0,0.0,0.0
2026-06-01 09:15:00+09:00,0.0,0.0,0.0
2026-06-01 09:20:00+09:00,0.0,0.0,0.0
2026-06-01 09:25:00+09:00,0.0,0.0,0.0
2026-06-01 09:30:00+09:00,-0.00024254860479195717,1.0,0.9999999999999999
2026-06-01 09:35:00+09:00,-0.0006751418929413934,0.0,1.0
2026-06-01 09:40:00+09:00,-0.0010039688105035625,0.0,1.0
2026-06-01 09:45:00+09:00,-3.3397632601230364e-05,0.0,1.0
2026-06-01 09:50:00+09:00,-0.0005640247337279213,0.0,1.0
2026-06-01 09:55:00+09:00,-0.0002648252866109585,0.0,1.0
2026-06-01 10:00:00+09:00,-0.00028250312612366444,0.0,1.0
2026-06-01 10:05:00+09:00,-0.0010773770651334932,0.0,0.9940476190476191
2026-06-01 10:10:00+09:00,-0.0001616883084202937,0.006024096385542169,0.9939759036144578
2026-06-01 10:15:00+09:00,-0.0002273055934105137,0.0,0.9939759036144579
2026-06-01 10:20:00+09:00,0.0004240231102448257,0.0,0.9939759036144579
2026-06-01 10:25:00+09:00,-0.0003318085507302096,0.0,0.9880235226620768
2026-06-01 10:30:00+09:00,-0.00014403472783321145,0.0,0.9939759036144578
2026-06-01 10:35:00+09:00,0.0004357045375071407,0.0,0.976118760757315
2026-06-01 10:40:00+09:00,-0.0007617118198630017,0.0,0.9880235226620769
2026-06-01 10:45:00+09:00,-0.0006367764948836312,0.0,0.9819994262765347
2026-06-01 10:50:00+09:00,-0.0001814477436423533,0.0,0.9880235226620768
2026-06-01 10:55:00+09:00,4.859459760410615e-05,0.0,0.9939759036144578
2026-06-01 11:00:00+09:00,0.00014909511174893549,0.0,0.9880235226620769
2026-06-01 11:05:00+09:00,-0.0006246204853974156,0.0,0.976118760757315
2026-06-01 11:10:00+09:00,0.00041506915708968437,0.0,0.976118760757315
2026-06-01 11:15:00+09:00,-0.0006675537447316859,0.0,0.9880235226620768
2026-06-01 11:20:00+09:00,-0.00019879518072289158,0.9939759036144579,0.0
2026-06-01 11:25:00+09:00,0.0,0.0,0.0
2026-06-01 12:30:00+09:00,0.0,0.0,0.0
2026-06-01 12:35:00+09:00,0.0,0.0,0.0
2026-06-01 12:40:00+09:00,0.0,0.0,0.0
2026-06-01 12:45:00+09:00,0.0,0.0,0.0
2026-06-01 12:50:00+09:00,0.0,0.0,0.0
2026-06-01 12:55:00+09:00,0.0,0.0,0.0
2026-06-01 13:00:00+09:00,-0.00019709161198711277,1.0,1.0
2026-06-01 13:05:00+09:00,-0.00024183149598670266,0.0,0.9939759036144578
2026-06-01 13:10:00+09:00,9.349153344077977e-05,0.0,0.9880235226620768
2026-06-01 13:15:00+09:00,-0.0009363308256055761,0.0,0.9640705679862307
2026-06-01 13:20:00+09:00,-0.00026033314655990057,0.0,0.970166379804934
2026-06-01 13:25:00+09:00,-0.0008122356881421633,0.0,0.993975903614458
2026-06-01 13:30:00+09:00,0.00036510469734527565,0.0,0.9880235226620768
2026-06-01 13:35:00+09:00,-0.00027644682880688555,0.0,0.964213998852553
2026-06-01 13:40:00+09:00,-0.00018370194337751796,0.0,0.9459265633964429
2026-06-01 13:45:00+09:00,0.0004016797708633278,0.0,0.9880235226620768
2026-06-01 13:50:00+09:00,0.00014328738170267744,0.0,0.9879518072289156
2026-06-01 13:55:00+09:00,0.0003191638850488002,0.0,0.9641422834193919
2026-06-01 14:00:00+09:00,-4.3636535420526004e-05,0.0,1.0
2026-06-01 14:05:00+09:00,-6.377423799321852e-05,0.0,0.9700229489386115
2026-06-01 14:10:00+09:00,-0.0005742214941276069,0.0,0.9761904761904762
2026-06-01 14:15:00+09:00,0.00020492968215088966,0.0,0.9939759036144578
2026-06-01 14:20:00+09:00,-0.0003948980775908498,0.0,0.976118760757315
2026-06-01 14:25:00+09:00,0.00012028004944926976,0.0,0.9639988525530694
2026-06-01 14:30:00+09:00,-0.00017018414429919917,0.0,0.9880952380952379
2026-06-01 14:35:00+09:00,1.884591855605961e-05,0.0,0.9700229489386116
2026-06-01 14:40:00+09:00,0.0003260931673507152,0.0,0.976118760757315
2026-06-01 14:45:00+09:00,9.431479476075912e-05,0.0,0.9820711417096959
2026-06-01 14:50:00+09:00,-0.0002838555806979103,0.0,0.976118760757315
2026-06-01 14:55:00+09:00,0.00022735816919166625,0.0,0.9880235226620768
2026-06-01 15:00:00+09:00,-0.0004140424177291609,0.0,0.9940476190476191
2026-06-01 15:05:00+09:00,-0.00017777216765594886,0.0,0.9999999999999999
2026-06-01 15:10:00+09:00,-4.2143058857667824e-05,0.006024096385542169,0.9819994262765347
2026-06-01 15:15:00+09:00,-0.00019879518072289158,0.9939759036144579,0.0
2026-06-01 15:20:00+09:00,0.0,0.0,0.0
2026-06-02 09:00:00+09:00,0.0,0.0,0.0
2026-06-02 09:05:00+09:00,0.0,0.0,0.0
2026-06-02 09:10:00+09:00,0.0,0.0,0.0
2026-06-02 09:15:00+09:00,0.0,0.0,0.0
2026-06-02 09:20:00+09:00,0.0,0.0,0.0
2026-06-02 09:25:00+09:00,0.0,0.0,0.0
2026-06-02 09:30:00+09:00,-0.0010846513291114298,1.0,1.0
2026-06-02 09:35:00+09:00,0.0005197785987202236,0.0,0.993975903614458
2026-06-02 09:40:00+09:00,-0.0006459926158243276,0.0,0.9939759036144579
2026-06-02 09:45:00+09:00,-0.0010480642164585547,0.0,0.9939024390243902
2026-06-02 09:50:00+09:00,0.00042851860978568106,0.0,0.9878783426388481
2026-06-02 09:55:00+09:00,0.001588232644662293,0.0,0.9939024390243905
2026-06-02 10:00:00+09:00,-0.00027080658626173914,0.0,1.0
2026-06-02 10:05:00+09:00,0.0003365363931295839,0.0,0.9878783426388481
2026-06-02 10:10:00+09:00,-0.00012925318418419832,0.0,1.0
2026-06-02 10:15:00+09:00,0.0006902217039338852,0.0,0.9819277108433735
2026-06-02 10:20:00+09:00,-0.00012130682984969526,0.0,0.9819277108433735
2026-06-02 10:25:00+09:00,-0.0008546889093038238,0.0,0.987878342638848
2026-06-02 10:30:00+09:00,-0.0010781015665156776,0.0,0.981854246253306
2026-06-02 10:35:00+09:00,0.00027841042341284947,0.0,1.0
2026-06-02 10:40:00+09:00,-0.0006584752269841707,0.0,1.0
2026-06-02 10:45:00+09:00,-0.00014584149153873177,0.0,1.0
2026-06-02 10:50:00+09:00,-0.00018146463675894578,0.0,1.0
2026-06-02 10:55:00+09:00,-9.710821970361898e-05,0.0,0.9878783426388481
2026-06-02 11:00:00+09:00,-7.613280598364665e-05,0.0,0.9939024390243903
2026-06-02 11:05:00+09:00,0.00048246699410285773,0.006024096385542169,0.9879518072289157
2026-06-02 11:10:00+09:00,0.0005222340710861602,0.018145753746694096,0.9576109315310022
2026-06-02 11:15:00+09:00,-0.00037926583811730304,0.018219218336761683,0.9515868351454599
2026-06-02 11:20:00+09:00,-0.00019152218630620043,0.9576109315310021,0.0
2026-06-02 11:25:00+09:00,0.0,0.0,0.0
2026-06-02 12:30:00+09:00,0.0,0.0,0.0
2026-06-02 12:35:00+09:00,0.0,0.0,0.0
2026-06-02 12:40:00+09:00,0.0,0.0,0.0
2026-06-02 12:45:00+09:00,0.0,0.0,0.0
2026-06-02 12:50:00+09:00,0.0,0.0,0.0
2026-06-02 12:55:00+09:00,0.0,0.0,0.0
2026-06-02 13:00:00+09:00,-5.752643758639158e-05,1.0,1.0
2026-06-02 13:05:00+09:00,-0.0005932758331730651,0.0,0.9939759036144579
2026-06-02 13:10:00+09:00,-0.00029656980064480924,0.0,1.0
2026-06-02 13:15:00+09:00,-0.0004989814186988155,0.0,0.9575374669409344
2026-06-02 13:20:00+09:00,0.00011615691589953603,0.0,0.9878783426388481
2026-06-02 13:25:00+09:00,0.0008509563752017951,0.0,1.0
2026-06-02 13:30:00+09:00,-0.0006347543121612561,0.0,0.9878783426388481
2026-06-02 13:35:00+09:00,-0.0001532884916394406,0.0,1.0
2026-06-02 13:40:00+09:00,-4.9164120307864445e-05,0.0,0.9757566852776962
2026-06-02 13:45:00+09:00,-0.00020185820426529946,0.0,0.981854246253306
2026-06-02 13:50:00+09:00,-0.00042813463183272247,0.0,0.9878783426388481
2026-06-02 13:55:00+09:00,-0.0003488067422482662,0.0,0.9819277108433735
2026-06-02 14:00:00+09:00,0.00016662570573186812,0.0,0.987878342638848
2026-06-02 14:05:00+09:00,0.00012157463747525616,0.0,0.9939759036144579
2026-06-02 14:10:00+09:00,-0.0006740227635987737,0.0,0.9697325888921541
2026-06-02 14:15:00+09:00,-0.0005955834943258523,0.0,0.9878783426388481
2026-06-02 14:20:00+09:00,-0.00022314528798221626,0.0,0.9939759036144579
2026-06-02 14:25:00+09:00,-5.861503826077736e-05,0.0,0.9817807816632382
2026-06-02 14:30:00+09:00,0.00013291901306070714,0.0,0.9697325888921541
2026-06-02 14:35:00+09:00,-0.0007288625400207838,0.0,0.9757566852776962
2026-06-02 14:40:00+09:00,0.00023576896597152068,0.0,0.9819277108433735
2026-06-02 14:45:00+09:00,0.001024838960843412,0.0,0.9878783426388481
2026-06-02 14:50:00+09:00,-7.9100551663338e-05,0.0,0.9879518072289156
2026-06-02 14:55:00+09:00,-0.00047374346321425,0.0,0.9939759036144579
2026-06-02 15:00:00+09:00,-0.000394979450606205,0.0,0.9939759036144579
2026-06-02 15:05:00+09:00,0.0002323934824821954,0.0,0.9939759036144579
2026-06-02 15:10:00+09:00,-0.0004248625777375811,0.0,0.9939759036144578
2026-06-02 15:15:00+09:00,-0.0002,1.0,0.0
2026-06-02 15:20:00+09:00,0.0,0.0,0.0
2026-06-03 09:00:00+09:00,0.0,0.0,0.0
2026-06-03 09:05:00+09:00,0.0,0.0,0.0
2026-06-03 09:10:00+09:00,0.0,0.0,0.0
2026-06-03 09:15:00+09:00,0.0,0.0,0.0
2026-06-03 09:20:00+09:00,0.0,0.0,0.0
2026-06-03 09:25:00+09:00,0.0,0.0,0.0
2026-06-03 09:30:00+09:00,0.000332683133620874,1.0,1.0
2026-06-03 09:35:00+09:00,0.0010007604813282442,0.0,1.0
2026-06-03 09:40:00+09:00,0.0010950534309840233,0.0,0.9815567600120445
2026-06-03 09:45:00+09:00,-0.0004580245791599852,0.0,0.9877295995182174
2026-06-03 09:50:00+09:00,0.0002559050639225108,0.0,0.9877295995182174
2026-06-03 09:55:00+09:00,0.0003452499154350662,0.0,0.9877295995182174
2026-06-03 10:00:00+09:00,-0.000983632291810093,0.0,0.9939024390243901
2026-06-03 10:05:00+09:00,-0.0004894994628752654,0.0,0.9939024390243902
2026-06-03 10:10:00+09:00,0.000761580617608266,0.0,0.9877295995182174
2026-06-03 10:15:00+09:00,-0.0003094930092014419,0.0,0.9815567600120445
2026-06-03 10:20:00+09:00,0.00022484284990792805,0.0,0.9939024390243902
2026-06-03 10:25:00+09:00,0.00017839443348366334,0.0,0.9939024390243902
2026-06-03 10:30:00+09:00,0.0003809279163470036,0.0,1.0
2026-06-03 10:35:00+09:00,0.00026610490400425803,0.0,0.9939024390243901
2026-06-03 10:40:00+09:00,4.943225344670114e-05,0.0,0.993827160493827
2026-06-03 10:45:00+09:00,-0.0005963242538979872,0.0,0.9939024390243902
2026-06-03 10:50:00+09:00,0.00041012893206337646,0.0,0.9939024390243901
2026-06-03 10:55:00+09:00,0.00048680758620817094,0.0,0.9999999999999999
2026-06-03 11:00:00+09:00,0.0002873752173608878,0.0,0.9939024390243901
2026-06-03 11:05:00+09:00,-0.0002992702624023231,0.0,0.9754591990364347
2026-06-03 11:10:00+09:00,1.6957127595028924e-05,0.006097560975609756,0.9878048780487804
2026-06-03 11:15:00+09:00,-0.00011179540183081216,0.012345679012345678,0.9754591990364347
2026-06-03 11:20:00+09:00,-0.00019631135200240892,0.9815567600120445,0.0
2026-06-03 11:25:00+09:00,0.0,0.0,0.0
2026-06-03 12:30:00+09:00,0.0,0.0,0.0
2026-06-03 12:35:00+09:00,0.0,0.0,0.0
2026-06-03 12:40:00+09:00,0.0,0.0,0.0
2026-06-03 12:45:00+09:00,0.0,0.0,0.0
2026-06-03 12:50:00+09:00,0.0,0.0,0.0
2026-06-03 12:55:00+09:00,0.0,0.0,0.0
2026-06-03 13:00:00+09:00,0.0001600832996595746,1.0,1.0
2026-06-03 13:05:00+09:00,-4.943428966177602e-05,0.0,1.0
2026-06-03 13:10:00+09:00,-0.00043630653828142396,0.0,0.9875771604938273
2026-06-03 13:15:00+09:00,-0.00018313154188452215,0.0,0.9752314814814815
2026-06-03 13:20:00+09:00,0.00022393292518695557,0.0,0.9875
2026-06-03 13:25:00+09:00,0.0002571711349977937,0.0,0.9752314814814813
2026-06-03 13:30:00+09:00,1.726683982495442e-05,0.0,1.0
2026-06-03 13:35:00+09:00,9.129755948289521e-06,0.0,1.0
2026-06-03 13:40:00+09:00,-0.00032374923773454686,0.0,1.0
2026-06-03 13:45:00+09:00,0.00029586433769807817,0.0,0.9753086419753086
2026-06-03 13:50:00+09:00,2.225236305436192e-05,0.0,1.0
2026-06-03 13:55:00+09:00,-8.188052042544793e-05,0.0,0.9814043209876543
2026-06-03 14:00:00+09:00,5.745604737087457e-05,0.0,0.99375
2026-06-03 14:05:00+09:00,-8.611359744320693e-05,0.0,0.9814043209876543
2026-06-03 14:10:00+09:00,-0.00014379558695870758,0.0,0.9876543209876543
2026-06-03 14:15:00+09:00,-3.736447126426469e-05,0.0,0.9813271604938271
2026-06-03 14:20:00+09:00,0.00035219254667986634,0.0,0.9938271604938271
2026-06-03 14:25:00+09:00,0.00023712677778121833,0.0,0.9875771604938272
2026-06-03 14:30:00+09:00,-0.0004103136090260525,0.0,0.9999999999999999
2026-06-03 14:35:00+09:00,0.0002638634471041829,0.0,1.0
2026-06-03 14:40:00+09:00,-0.0003056687848153918,0.0,0.99375
2026-06-03 14:45:00+09:00,8.243226475429206e-05,0.0,0.9814814814814815
2026-06-03 14:50:00+09:00,-4.202626498559869e-05,0.0,0.9937500000000001
2026-06-03 14:55:00+09:00,-7.602843069434843e-05,0.0,0.9814043209876542
2026-06-03 15:00:00+09:00,0.0001536529364694729,0.0,1.0
2026-06-03 15:05:00+09:00,-0.00020147065875707047,0.0,1.0
2026-06-03 15:10:00+09:00,0.00032590408204222996,0.0,0.9874999999999999
2026-06-03 15:15:00+09:00,-0.0002,1.0,0.0
2026-06-03 15:20:00+09:00,0.0,0.0,0.0
2026-06-04 09:00:00+09:00,0.0,0.0,0.0
2026-06-04 09:05:00+09:00,0.0,0.0,0.0
2026-06-04 09:10:00+09:00,0.0,0.0,0.0
2026-06-04 09:15:00+09:00,0.0,0.0,0.0
2026-06-04 09:20:00+09:00,0.0,0.0,0.0
2026-06-04 09:25:00+09:00,0.0,0.0,0.0
2026-06-04 09:30:00+09:00,0.00046205313220157486,1.0,1.0
2026-06-04 09:35:00+09:00,-0.00017816687254822137,0.0,0.993975903614458
2026-06-04 09:40:00+09:00,0.00019067587457242746,0.0,0.9878783426388481
2026-06-04 09:45:00+09:00,2.7592706953458582e-05,0.0,0.993975903614458
2026-06-04 09:50:00+09:00,-0.00016779355017005276,0.0,0.993975903614458
2026-06-04 09:55:00+09:00,0.00010939238081951682,0.0,0.9939024390243903
2026-06-04 10:00:00+09:00,-0.001246814406225809,0.0,0.9878783426388481
2026-06-04 10:05:00+09:00,0.00020125463307333724,0.0,0.9878783426388481
2026-06-04 10:10:00+09:00,0.00028398012046123374,0.0,0.9817807816632385
2026-06-04 10:15:00+09:00,-0.0001488730076564702,0.0,0.9939024390243902
2026-06-04 10:20:00+09:00,1.7178589714478703e-05,0.0,0.981854246253306
2026-06-04 10:25:00+09:00,-0.00033656721810060346,0.0,0.993975903614458
2026-06-04 10:30:00+09:00,0.00015849744405856212,0.0,0.9878783426388482
2026-06-04 10:35:00+09:00,2.3797970602977225e-05,0.0,0.9878783426388481
2026-06-04 10:40:00+09:00,-0.0005395648440422359,0.0,0.9878783426388481
2026-06-04 10:45:00+09:00,0.00016114307160140727,0.0,1.0
2026-06-04 10:50:00+09:00,-0.00016310388528803925,0.0,0.993975903614458
2026-06-04 10:55:00+09:00,0.0002609685801819888,0.0,0.9879518072289157
2026-06-04 11:00:00+09:00,0.00021992026507526287,0.0,0.9878783426388482
2026-06-04 11:05:00+09:00,1.2236823053914456e-05,0.006024096385542169,0.9758301498677638
2026-06-04 11:10:00+09:00,-7.241609352230986e-05,0.012121657361151925,0.9757566852776962
2026-06-04 11:15:00+09:00,-3.296950819431045e-05,0.006024096385542169,0.9698060534822215
2026-06-04 11:20:00+09:00,-0.00019516602997355275,0.9758301498677637,0.0
2026-06-04 11:25:00+09:00,0.0,0.0,0.0
2026-06-04 12:30:00+09:00,0.0,0.0,0.0
2026-06-04 12:35:00+09:00,0.0,0.0,0.0
2026-06-04 12:40:00+09:00,0.0,0.0,0.0
2026-06-04 12:45:00+09:00,0.0,0.0,0.0
2026-06-04 12:50:00+09:00,0.0,0.0,0.0
2026-06-04 12:55:00+09:00,0.0,0.0,0.0
2026-06-04 13:00:00+09:00,-0.00016287403634814243,1.0,1.0
2026-06-04 13:05:00+09:00,5.468969005487715e-05,0.0,0.9752314814814814
2026-06-04 13:10:00+09:00,-1.6668079185569184e-05,0.0,1.0
2026-06-04 13:15:00+09:00,-0.0002798674280657811,0.0,0.9938271604938271
2026-06-04 13:20:00+09:00,-0.0004121352298959265,0.0,0.9814043209876544
2026-06-04 13:25:00+09:00,-6.29355755041211e-05,0.0,0.9875771604938272
2026-06-04 13:30:00+09:00,-0.00020012146187155315,0.0,0.9751543209876543
2026-06-04 13:35:00+09:00,0.00015050886635109795,0.0,0.9813271604938272
2026-06-04 13:40:00+09:00,-0.0003091214891607504,0.0,0.9752314814814815
2026-06-04 13:45:00+09:00,4.6336079887256144e-05,0.0,0.9814043209876543
2026-06-04 13:50:00+09:00,-0.00011548386303639274,0.0,0.9565586419753086
2026-06-04 13:55:00+09:00,0.0004083536881942825,0.0,0.9750771604938271
2026-06-04 14:00:00+09:00,0.00024694015302588164,0.0,0.9938271604938271
2026-06-04 14:05:00+09:00,0.00016267544634982067,0.0,0.9876543209876544
2026-06-04 14:10:00+09:00,-0.00011891784305045116,0.0,0.987577160493827
2026-06-04 14:15:00+09:00,-5.91490846805815e-05,0.0,1.0
2026-06-04 14:20:00+09:00,-0.0003246757409712717,0.0,0.9689043209876543
2026-06-04 14:25:00+09:00,-0.0001343654155343239,0.0,0.9938271604938271
2026-06-04 14:30:00+09:00,0.0003030758138468511,0.0,0.9814043209876543
2026-06-04 14:35:00+09:00,0.00014172848598100724,0.0,0.9875771604938272
2026-06-04 14:40:00+09:00,-2.5766126928850924e-05,0.0,1.0
2026-06-04 14:45:00+09:00,3.464269216857181e-05,0.0,0.9876543209876543
2026-06-04 14:50:00+09:00,0.0001342566882641291,0.0,0.9938271604938271
2026-06-04 14:55:00+09:00,-5.173034977521418e-05,0.0,0.9938271604938271
2026-06-04 15:00:00+09:00,-9.889318547272011e-05,0.0,1.0
2026-06-04 15:05:00+09:00,0.00020366225687928763,0.0,0.99375
2026-06-04 15:10:00+09:00,-0.00021603427693622773,0.0,0.9938271604938272
2026-06-04 15:15:00+09:00,-0.0002,1.0,0.0
2026-06-04 15:20:00+09:00,0.0,0.0,0.0
2026-06-05 09:00:00+09:00,0.0,0.0,0.0
2026-06-05 09:05:00+09:00,0.0,0.0,0.0
2026-06-05 09:10:00+09:00,0.0,0.0,0.0
2026-06-05 09:15:00+09:00,0.0,0.0,0.0
2026-06-05 09:20:00+09:00,0.0,0.0,0.0
2026-06-05 09:25:00+09:00,0.0,0.0,0.0
2026-06-05 09:30:00+09:00,-0.0008913471777097368,1.0,1.0
2026-06-05 09:35:00+09:00,0.0004656031599714335,0.0,0.993827160493827
2026-06-05 09:40:00+09:00,0.00018380041598983472,0.0,0.9938271604938271
2026-06-05 09:45:00+09:00,9.906521598535645e-05,0.0,0.9691358024691357
2026-06-05 09:50:00+09:00,-0.0004463423770187113,0.0,0.9999999999999999
2026-06-05 09:55:00+09:00,-0.0002916747700163987,0.0,0.9999999999999999
2026-06-05 10:00:00+09:00,0.00011035242849933845,0.0,0.9999999999999999
2026-06-05 10:05:00+09:00,-6.652150397512937e-05,0.0,0.993827160493827
2026-06-05 10:10:00+09:00,-0.0005092488983348081,0.0,0.9938271604938271
2026-06-05 10:15:00+09:00,0.0005134951441481145,0.0,0.9938271604938271
2026-06-05 10:20:00+09:00,-0.00023240061110555633,0.0,0.969286359530262
2026-06-05 10:25:00+09:00,-0.00032387431726520254,0.0,0.9814814814814815
2026-06-05 10:30:00+09:00,8.217827247324745e-05,0.0,0.9753086419753086
2026-06-05 10:35:00+09:00,0.00018886609775479625,0.0,0.9938271604938272
2026-06-05 10:40:00+09:00,-8.686390597669884e-05,0.0,0.993827160493827
2026-06-05 10:45:00+09:00,0.0003326101204530577,0.0,0.9815567600120444
2026-06-05 10:50:00+09:00,-0.00012879418276599364,0.0,0.9938271604938271
2026-06-05 10:55:00+09:00,-0.0003504817162196051,0.0,0.9877295995182174
2026-06-05 11:00:00+09:00,0.0003555112851789797,0.0,0.9876543209876542
2026-06-05 11:05:00+09:00,-0.0002968647183451469,0.0,0.9939024390243902
2026-06-05 11:10:00+09:00,-0.0001314535626122251,0.006172839506172839,0.9876543209876543
2026-06-05 11:15:00+09:00,0.00023397213631492863,0.018443239987955433,0.9569406805179163
2026-06-05 11:20:00+09:00,-0.00019507678410117437,0.9753839205058717,0.0
2026-06-05 11:25:00+09:00,0.0,0.0,0.0
2026-06-05 12:30:00+09:00,0.0,0.0,0.0
2026-06-05 12:35:00+09:00,0.0,0.0,0.0
2026-06-05 12:40:00+09:00,0.0,0.0,0.0
2026-06-05 12:45:00+09:00,0.0,0.0,0.0
2026-06-05 12:50:00+09:00,0.0,0.0,0.0
2026-06-05 12:55:00+09:00,0.0,0.0,0.0
2026-06-05 13:00:00+09:00,-0.00042629882232376673,1.0,1.0
2026-06-05 13:05:00+09:00,0.00020558566979445887,0.0,0.975
2026-06-05 13:10:00+09:00,4.211753260323784e-05,0.0,0.9874999999999999
2026-06-05 13:15:00+09:00,3.0876804274953556e-05,0.0,0.9813271604938271
2026-06-05 13:20:00+09:00,-2.209749989293868e-06,0.0,0.9876543209876543
2026-06-05 13:25:00+09:00,-0.00031401101029469766,0.0,0.9875771604938272
2026-06-05 13:30:00+09:00,0.000420332429053127,0.0,0.9689814814814814
2026-06-05 13:35:00+09:00,0.0003952000449322551,0.0,0.99375
2026-06-05 13:40:00+09:00,5.409040257924177e-06,0.0,0.9937499999999999
2026-06-05 13:45:00+09:00,8.940384912287657e-05,0.0,0.98125
2026-06-05 13:50:00+09:00,-1.3393130376132538e-05,0.0,1.0
2026-06-05 13:55:00+09:00,-0.00023246610236353688,0.0,0.9999999999999998
2026-06-05 14:00:00+09:00,-2.9407628195174066e-05,0.0,1.0
2026-06-05 14:05:00+09:00,0.00016031964590327124,0.0,0.987577160493827
2026-06-05 14:10:00+09:00,0.00013481263159777963,0.0,0.987577160493827
2026-06-05 14:15:00+09:00,0.00014781969524752417,0.0,0.9875771604938272
2026-06-05 14:20:00+09:00,-0.0001371776271018825,0.0,0.9875
2026-06-05 14:25:00+09:00,1.823674393354317e-05,0.0,0.99375
2026-06-05 14:30:00+09:00,0.00039280679431800286,0.0,0.9937499999999999
2026-06-05 14:35:00+09:00,2.843770500416953e-05,0.0,0.9937499999999999
2026-06-05 14:40:00+09:00,-0.00031289033606707003,0.0,0.9875771604938272
2026-06-05 14:45:00+09:00,-0.00033015614517202947,0.0,0.9937499999999998
2026-06-05 14:50:00+09:00,-5.291988089440683e-05,0.0,0.9874999999999998
2026-06-05 14:55:00+09:00,0.0001638363746794981,0.0,0.987577160493827
2026-06-05 15:00:00+09:00,4.029994184679699e-05,0.0,0.9813271604938271
2026-06-05 15:05:00+09:00,-0.00015014972798845614,0.0,0.9814814814814815
2026-06-05 15:10:00+09:00,7.725536994295378e-05,0.0,0.987577160493827
2026-06-05 15:15:00+09:00,-0.0002,1.0,0.0
2026-06-05 15:20:00+09:00,0.0,0.0,0.0
2026-06-08 09:00:00+09:00,0.0,0.0,0.0
2026-06-08 09:05:00+09:00,0.0,0.0,0.0
2026-06-08 09:10:00+09:00,0.0,0.0,0.0
2026-06-08 09:15:00+09:00,0.0,0.0,0.0
2026-06-08 09:20:00+09:00,0.0,0.0,0.0
2026-06-08 09:25:00+09:00,0.0,0.0,0.0
2026-06-08 09:30:00+09:00,-0.0028393475293110046,1.0,1.0
2026-06-08 09:35:00+09:00,0.0016425130974854329,0.0,1.0
2026-06-08 09:40:00+09:00,-0.00020872379024316047,0.0,1.0
2026-06-08 09:45:00+09:00,-0.00011231566395711873,0.0,1.0
2026-06-08 09:50:00+09:00,-0.0006171435267267071,0.0,1.0
2026-06-08 09:55:00+09:00,0.0006469462267675375,0.0,1.0
2026-06-08 10:00:00+09:00,-0.0001812519609458056,0.0,1.0
2026-06-08 10:05:00+09:00,-0.0005224008678536573,0.0,0.9939759036144579
2026-06-08 10:10:00+09:00,0.0008060723921083259,0.0,1.0
2026-06-08 10:15:00+09:00,0.001219586500984712,0.0,0.9878783426388481
2026-06-08 10:20:00+09:00,0.0003735556283104618,0.0,1.0
2026-06-08 10:25:00+09:00,0.00017664665305338077,0.0,0.9939759036144578
2026-06-08 10:30:00+09:00,0.0002335587380887862,0.0,1.0
2026-06-08 10:35:00+09:00,-0.0015366283024765514,0.0,0.9879518072289157
2026-06-08 10:40:00+09:00,0.000280681718356241,0.0,0.993975903614458
2026-06-08 10:45:00+09:00,-0.0004488232019883673,0.0,1.0
2026-06-08 10:50:00+09:00,-0.0008173348284936208,0.006024096385542169,0.9939759036144579
2026-06-08 10:55:00+09:00,-0.0003626175595571962,0.0,0.981854246253306
2026-06-08 11:00:00+09:00,0.000506580725948788,0.0,0.9879518072289157
2026-06-08 11:05:00+09:00,-0.00039499784782642437,0.0,0.9939759036144579
2026-06-08 11:10:00+09:00,0.0006054676833675172,0.0,0.9758301498677637
2026-06-08 11:15:00+09:00,-0.0005603167647517305,0.0,0.9879518072289156
2026-06-08 11:20:00+09:00,-0.00019879518072289158,0.9939759036144579,0.0
2026-06-08 11:25:00+09:00,0.0,0.0,0.0
2026-06-08 12:30:00+09:00,0.0,0.0,0.0
2026-06-08 12:35:00+09:00,0.0,0.0,0.0
2026-06-08 12:40:00+09:00,0.0,0.0,0.0
2026-06-08 12:45:00+09:00,0.0,0.0,0.0
2026-06-08 12:50:00+09:00,0.0,0.0,0.0
2026-06-08 12:55:00+09:00,0.0,0.0,0.0
2026-06-08 13:00:00+09:00,8.421878445265397e-05,1.0,1.0
2026-06-08 13:05:00+09:00,-4.4570801527895124e-05,0.0,0.9877295995182174
2026-06-08 13:10:00+09:00,0.000404987820265132,0.0,0.9876543209876544
2026-06-08 13:15:00+09:00,-0.00036067445420682944,0.0,0.9753839205058717
2026-06-08 13:20:00+09:00,-0.00023323681910295577,0.0,0.9816320385426076
2026-06-08 13:25:00+09:00,0.00010868575834218442,0.0,0.9815567600120446
2026-06-08 13:30:00+09:00,-8.787842107059009e-05,0.0,1.0
2026-06-08 13:35:00+09:00,-8.72354632139986e-05,0.0,1.0
2026-06-08 13:40:00+09:00,0.00012593364566771206,0.0,0.9816320385426076
2026-06-08 13:45:00+09:00,0.00018228614386778117,0.0,0.9938271604938271
2026-06-08 13:50:00+09:00,5.004646850918658e-06,0.0,1.0
2026-06-08 13:55:00+09:00,-0.00011205752566934968,0.0,0.9939024390243902
2026-06-08 14:00:00+09:00,7.863399605479179e-05,0.0,0.9815567600120445
2026-06-08 14:05:00+09:00,0.00012478577262052895,0.0,0.9753839205058717
2026-06-08 14:10:00+09:00,0.00012244022077984753,0.0,1.0
2026-06-08 14:15:00+09:00,-8.095422184628636e-05,0.0,0.9939024390243902
2026-06-08 14:20:00+09:00,0.00028270511753503017,0.0,0.9938271604938272
2026-06-08 14:25:00+09:00,0.00011999591675791144,0.0,0.9938271604938271
2026-06-08 14:30:00+09:00,0.0003011916224981883,0.0,0.9938271604938271
2026-06-08 14:35:00+09:00,9.799579154832942e-05,0.0,1.0
2026-06-08 14:40:00+09:00,-0.00019015265061729525,0.0,1.0
2026-06-08 14:45:00+09:00,5.763817076104573e-05,0.0,0.9938271604938271
2026-06-08 14:50:00+09:00,-1.7301493452665064e-05,0.0,1.0
2026-06-08 14:55:00+09:00,-7.107329486230352e-05,0.0,0.9815567600120446
2026-06-08 15:00:00+09:00,4.24452721924531e-05,0.0,0.9814814814814814
2026-06-08 15:05:00+09:00,0.0003332425002012881,0.0,1.0
2026-06-08 15:10:00+09:00,0.00015769312069819843,0.0,1.0
2026-06-08 15:15:00+09:00,-0.0002,1.0,0.0
2026-06-08 15:20:00+09:00,0.0,0.0,0.0
2026-06-09 09:00:00+09:00,0.0,0.0,0.0
2026-06-09 09:05:00+09:00,0.0,0.0,0.0
2026-06-09 09:10:00+09:00,0.0,0.0,0.0
2026-06-09 09:15:00+09:00,0.0,0.0,0.0
2026-06-09 09:20:00+09:00,0.0,0.0,0.0
2026-06-09 09:25:00+09:00,0.0,0.0,0.0
2026-06-09 09:30:00+09:00,-9.712578584767075e-05,1.0,0.9999999999999999
2026-06-09 09:35:00+09:00,-0.0007808795534237729,0.0,1.0
2026-06-09 09:40:00+09:00,-0.00018638146747387637,0.0,0.9937499999999999
2026-06-09 09:45:00+09:00,-0.000742486284539967,0.0,1.0
2026-06-09 09:50:00+09:00,0.0006597597183414601,0.0,0.9875771604938272
2026-06-09 09:55:00+09:00,7.012149667853545e-05,0.0,0.9937499999999999
2026-06-09 10:00:00+09:00,-0.000543891314231719,0.0,0.9813271604938272
2026-06-09 10:05:00+09:00,0.000675686479445819,0.0,0.98125
2026-06-09 10:10:00+09:00,0.0006571217666587854,0.0,1.0
2026-06-09 10:15:00+09:00,8.021690985506207e-05,0.0,0.9875771604938272
2026-06-09 10:20:00+09:00,-0.0012991427913254345,0.0,1.0
2026-06-09 10:25:00+09:00,0.0008351620177147777,0.0,0.9875
2026-06-09 10:30:00+09:00,0.0009482870788146604,0.0,0.9813271604938272
2026-06-09 10:35:00+09:00,-2.4231062332789604e-05,0.0,0.98125
2026-06-09 10:40:00+09:00,2.5757294604524635e-05,0.0,0.9938271604938271
2026-06-09 10:45:00+09:00,-0.0012375886730184036,0.0,0.975
2026-06-09 10:50:00+09:00,-0.0004416593451362316,0.0,0.9937499999999999
2026-06-09 10:55:00+09:00,0.00021422790030792402,0.0,0.9814043209876543
2026-06-09 11:00:00+09:00,0.0008046263982704735,0.0,0.9625
2026-06-09 11:05:00+09:00,-9.232005859138983e-05,0.0,0.9814043209876543
2026-06-09 11:10:00+09:00,-1.9360423512096514e-07,0.0,0.9813271604938272
2026-06-09 11:15:00+09:00,-0.0004049039925058253,0.01242283950617284,0.9689043209876542
2026-06-09 11:20:00+09:00,-0.00019751543209876543,0.9875771604938272,0.0
2026-06-09 11:25:00+09:00,0.0,0.0,0.0
2026-06-09 12:30:00+09:00,0.0,0.0,0.0
2026-06-09 12:35:00+09:00,0.0,0.0,0.0
2026-06-09 12:40:00+09:00,0.0,0.0,0.0
2026-06-09 12:45:00+09:00,0.0,0.0,0.0
2026-06-09 12:50:00+09:00,0.0,0.0,0.0
2026-06-09 12:55:00+09:00,0.0,0.0,0.0
2026-06-09 13:00:00+09:00,-0.00048790521376258474,1.0,0.9999999999999999
2026-06-09 13:05:00+09:00,0.0007099749616898497,0.0,0.993827160493827
2026-06-09 13:10:00+09:00,-0.0014985970790685563,0.0,0.9876543209876543
2026-06-09 13:15:00+09:00,0.0006404812120417408,0.0,0.9938271604938271
2026-06-09 13:20:00+09:00,4.887780784275426e-05,0.0,1.0
2026-06-09 13:25:00+09:00,-0.0006160323051389335,0.0,0.9814814814814814
2026-06-09 13:30:00+09:00,-0.0006840016739968148,0.0,0.9753086419753085
2026-06-09 13:35:00+09:00,-0.00012194546060115125,0.0,0.9876543209876543
2026-06-09 13:40:00+09:00,-1.5808549766627649e-06,0.0,0.9814814814814814
2026-06-09 13:45:00+09:00,0.00048228589034200254,0.0,0.9753086419753085
2026-06-09 13:50:00+09:00,0.000310586614374444,0.0,0.9876543209876543
2026-06-09 13:55:00+09:00,-0.0005671392207803648,0.0,0.9751543209876543
2026-06-09 14:00:00+09:00,0.0002540062482195843,0.0,0.9938271604938271
2026-06-09 14:05:00+09:00,-0.0006125390288118488,0.0,0.9876543209876542
2026-06-09 14:10:00+09:00,0.00011850911154598366,0.0,0.9814043209876543
2026-06-09 14:15:00+09:00,0.0013605259097629265,0.0,0.9753086419753085
2026-06-09 14:20:00+09:00,0.0005525406884411292,0.0,1.0
2026-06-09 14:25:00+09:00,-0.0006548599149072507,0.0,0.9876543209876543
2026-06-09 14:30:00+09:00,0.00038152580438252816,0.0,0.9938271604938271
2026-06-09 14:35:00+09:00,-0.0003859459397714072,0.0,0.9938271604938271
2026-06-09 14:40:00+09:00,-0.0003936730866238193,0.0,0.9999999999999999
2026-06-09 14:45:00+09:00,-3.093326519410364e-05,0.0,0.9876543209876543
2026-06-09 14:50:00+09:00,-0.00014225659784131216,0.0,0.9876543209876543
2026-06-09 14:55:00+09:00,0.00014595307106003832,0.0,1.0
2026-06-09 15:00:00+09:00,7.213300647077306e-05,0.0,1.0
2026-06-09 15:05:00+09:00,-0.0003297257475690352,0.0,0.9876543209876543
2026-06-09 15:10:00+09:00,-0.0004359071088734065,0.006172839506172839,0.9938271604938271
2026-06-09 15:15:00+09:00,-0.00019876543209876543,0.9938271604938271,0.0
2026-06-09 15:20:00+09:00,0.0,0.0,0.0
2026-06-10 09:00:00+09:00,0.0,0.0,0.0
2026-06-10 09:05:00+09:00,0.0,0.0,0.0
2026-06-10 09:10:00+09:00,0.0,0.0,0.0
2026-06-10 09:15:00+09:00,0.0,0.0,0.0
2026-06-10 09:20:00+09:00,0.0,0.0,0.0
2026-06-10 09:25:00+09:00,0.0,0.0,0.0
2026-06-10 09:30:00+09:00,-0.0008613433473070595,1.0,0.9999999999999999
2026-06-10 09:35:00+09:00,0.0008440215821569693,0.0,0.9938271604938271
2026-06-10 09:40:00+09:00,0.0010559779180510152,0.0,0.9876543209876543
2026-06-10 09:45:00+09:00,0.000666994305720089,0.0,0.9938271604938271
2026-06-10 09:50:00+09:00,0.0017403931948415646,0.0,1.0
2026-06-10 09:55:00+09:00,0.0005661281287903231,0.0,0.9814814814814814
2026-06-10 10:00:00+09:00,-0.0002794774264281369,0.0,0.9999999999999999
2026-06-10 10:05:00+09:00,0.0009453442927227356,0.0,0.9938271604938271
2026-06-10 10:10:00+09:00,-0.00020402772016040369,0.0,0.9876543209876543
2026-06-10 10:15:00+09:00,0.0004299685184812146,0.0,1.0
2026-06-10 10:20:00+09:00,0.0003960969254317979,0.0,0.9938271604938271
2026-06-10 10:25:00+09:00,-0.0001713862522802229,0.0,0.9506172839506173
2026-06-10 10:30:00+09:00,0.0001947005593022024,0.0,0.9814814814814814
2026-06-10 10:35:00+09:00,-0.00020017397784978248,0.0,0.9876543209876543
2026-06-10 10:40:00+09:00,5.7125403962700766e-05,0.0,0.993827160493827
2026-06-10 10:45:00+09:00,3.7899158681859804e-05,0.0,0.9938271604938272
2026-06-10 10:50:00+09:00,-0.0005758453729297889,0.0,0.9938271604938271
2026-06-10 10:55:00+09:00,-0.00010850289889538933,0.0,0.9814814814814815
2026-06-10 11:00:00+09:00,-0.00041056260404389916,0.0,0.9876543209876543
2026-06-10 11:05:00+09:00,9.48536464297787e-05,0.0,0.9815567600120445
2026-06-10 11:10:00+09:00,-5.660180220200012e-05,0.006097560975609756,0.9939024390243901
2026-06-10 11:15:00+09:00,-0.00017296808371349261,0.018443239987955433,0.9508431195423065
2026-06-10 11:20:00+09:00,-0.00019509183980728696,0.9754591990364347,0.0
2026-06-10 11:25:00+09:00,0.0,0.0,0.0
2026-06-10 12:30:00+09:00,0.0,0.0,0.0
2026-06-10 12:35:00+09:00,0.0,0.0,0.0
2026-06-10 12:40:00+09:00,0.0,0.0,0.0
2026-06-10 12:45:00+09:00,0.0,0.0,0.0
2026-06-10 12:50:00+09:00,0.0,0.0,0.0
2026-06-10 12:55:00+09:00,0.0,0.0,0.0
2026-06-10 13:00:00+09:00,-0.0003987396565773712,1.0,1.0
2026-06-10 13:05:00+09:00,-0.00027199367834772776,0.0,1.0
2026-06-10 13:10:00+09:00,0.0002302180878970603,0.0,0.9877295995182174
2026-06-10 13:15:00+09:00,-0.0006575750551250716,0.0,0.9815567600120445
2026-06-10 13:20:00+09:00,-0.0013715137840254199,0.0,0.9878048780487805
2026-06-10 13:25:00+09:00,-0.00013450485290552577,0.0,0.993827160493827
2026-06-10 13:30:00+09:00,0.0005922886631027733,0.006097560975609756,0.9815567600120445
2026-06-10 13:35:00+09:00,-0.0007330551764954785,0.0,0.9816320385426076
2026-06-10 13:40:00+09:00,0.0003216979429251743,0.0,0.9939024390243902
2026-06-10 13:45:00+09:00,0.0012618479567747254,0.0,0.9939024390243902
2026-06-10 13:50:00+09:00,-0.0012764073934105403,0.0,0.9877295995182174
2026-06-10 13:55:00+09:00,0.0004815822169106028,0.0,0.9877295995182174
2026-06-10 14:00:00+09:00,0.0003044439175679041,0.0,0.9939024390243901
2026-06-10 14:05:00+09:00,-0.0005174549175370575,0.0,0.9877295995182173
2026-06-10 14:10:00+09:00,-0.0018931608263954992,0.0,0.9939024390243901
2026-06-10 14:15:00+09:00,0.0006701275920177381,0.0,0.9939024390243901
2026-06-10 14:20:00+09:00,0.0006283423637294549,0.0,0.9939024390243902
2026-06-10 14:25:00+09:00,1.5688543634925795e-05,0.0,0.9939024390243901
2026-06-10 14:30:00+09:00,0.0006081706499110917,0.0,0.9939024390243902
2026-06-10 14:35:00+09:00,-0.0003844740416412639,0.0,0.9877295995182174
2026-06-10 14:40:00+09:00,-0.000705044389014157,0.0,0.9754591990364347
2026-06-10 14:45:00+09:00,0.0010215916469329851,0.0,0.9939024390243901
2026-06-10 14:50:00+09:00,0.0003692484900567328,0.0,0.9877295995182174
2026-06-10 14:55:00+09:00,0.0003890925179566776,0.0,0.9877295995182173
2026-06-10 15:00:00+09:00,-0.0001436036880264471,0.0,0.9816320385426076
2026-06-10 15:05:00+09:00,0.00035937647412695526,0.0,0.9939024390243902
2026-06-10 15:10:00+09:00,-0.00034667602772977,0.0,0.9939024390243902
2026-06-10 15:15:00+09:00,-0.00019878048780487805,0.9939024390243902,0.0
2026-06-10 15:20:00+09:00,0.0,0.0,0.0
2026-06-11 09:00:00+09:00,0.0,0.0,0.0
2026-06-11 09:05:00+09:00,0.0,0.0,0.0
2026-06-11 09:10:00+09:00,0.0,0.0,0.0
2026-06-11 09:15:00+09:00,0.0,0.0,0.0
2026-06-11 09:20:00+09:00,0.0,0.0,0.0
2026-06-11 09:25:00+09:00,0.0,0.0,0.0
2026-06-11 09:30:00+09:00,-7.802558842785715e-05,1.0,1.0
2026-06-11 09:35:00+09:00,-0.0016974404722302414,0.0,0.9878048780487805
2026-06-11 09:40:00+09:00,-0.0010272932234628262,0.0,1.0
2026-06-11 09:45:00+09:00,0.0010395381554270178,0.0,1.0
2026-06-11 09:50:00+09:00,0.0005923895339567152,0.0,0.9939024390243902
2026-06-11 09:55:00+09:00,-0.00165208479888751,0.0,0.9939024390243902
2026-06-11 10:00:00+09:00,-0.00027674339883928097,0.0,0.9878048780487805
2026-06-11 10:05:00+09:00,-0.0005176542444022695,0.0,0.9695121951219512
2026-06-11 10:10:00+09:00,-0.0005689593390815279,0.0,0.9938271604938271
2026-06-11 10:15:00+09:00,0.0005368390486309237,0.0,1.0
2026-06-11 10:20:00+09:00,-0.00044131168431931823,0.0,0.9878048780487805
2026-06-11 10:25:00+09:00,0.0010014811128470007,0.0,0.9817073170731707
2026-06-11 10:30:00+09:00,0.00036740303131265156,0.0,0.9755344775669978
2026-06-11 10:35:00+09:00,-0.00022778416787612454,0.0,0.9939024390243902
2026-06-11 10:40:00+09:00,-0.00036766658029501945,0.0,0.9878048780487805
2026-06-11 10:45:00+09:00,0.001105667281720153,0.0,0.975609756097561
2026-06-11 10:50:00+09:00,0.0006131377068820838,0.0,0.9939024390243902
2026-06-11 10:55:00+09:00,-0.00159380091226434,0.0,1.0
2026-06-11 11:00:00+09:00,-9.054030622053815e-05,0.0,0.9817073170731707
2026-06-11 11:05:00+09:00,0.0005552740161339812,0.0,0.993827160493827
2026-06-11 11:10:00+09:00,0.0003653993397874949,0.006097560975609756,0.9695121951219512
2026-06-11 11:15:00+09:00,0.001054613722892955,0.006097560975609756,0.9694369165913881
2026-06-11 11:20:00+09:00,-0.00019756097560975612,0.9878048780487805,0.0
2026-06-11 11:25:00+09:00,0.0,0.0,0.0
2026-06-11 12:30:00+09:00,0.0,0.0,0.0
2026-06-11 12:35:00+09:00,0.0,0.0,0.0
2026-06-11 12:40:00+09:00,0.0,0.0,0.0
2026-06-11 12:45:00+09:00,0.0,0.0,0.0
2026-06-11 12:50:00+09:00,0.0,0.0,0.0
2026-06-11 12:55:00+09:00,0.0,0.0,0.0
2026-06-11 13:00:00+09:00,-0.0005273210961276179,1.0,0.9999999999999999
2026-06-11 13:05:00+09:00,0.00019609924042163131,0.0,0.9939024390243901
2026-06-11 13:10:00+09:00,0.00028359812171578446,0.0,0.969361638060825
2026-06-11 13:15:00+09:00,-0.0006206644086462263,0.0,0.9754591990364346
2026-06-11 13:20:00+09:00,0.00029746184455186047,0.0,0.9999999999999999
2026-06-11 13:25:00+09:00,-0.00015752107730441595,0.0,0.9878048780487804
2026-06-11 13:30:00+09:00,-0.0005556978413297537,0.0,0.9876543209876543
2026-06-11 13:35:00+09:00,-0.00036092331140052356,0.0,0.9876543209876543
2026-06-11 13:40:00+09:00,0.00018313761025758382,0.0,0.9999999999999999
2026-06-11 13:45:00+09:00,0.00019054196934378557,0.0,0.9815567600120446
2026-06-11 13:50:00+09:00,0.0007994423715538538,0.0,0.9878048780487805
2026-06-11 13:55:00+09:00,-0.0006548044932964453,0.0,0.9447455585666968
2026-06-11 14:00:00+09:00,0.0005075770638150727,0.0,0.9939024390243901
2026-06-11 14:05:00+09:00,0.0004046922073113818,0.0,0.9938271604938271
2026-06-11 14:10:00+09:00,-0.0011959257917804808,0.0,0.993827160493827
2026-06-11 14:15:00+09:00,-0.000650734787827197,0.0,0.9817073170731707
2026-06-11 14:20:00+09:00,0.0013417490119406977,0.0,0.9631887985546522
2026-06-11 14:25:00+09:00,-0.0006367599424548379,0.0,0.9878048780487805
2026-06-11 14:30:00+09:00,6.667037482374027e-05,0.0,0.9939024390243902
2026-06-11 14:35:00+09:00,-0.00018131676050703492,0.0,0.9878048780487805
2026-06-11 14:40:00+09:00,0.0005829705386240016,0.0,0.9631887985546522
2026-06-11 14:45:00+09:00,0.000683549592812178,0.0,0.9693616380608251
2026-06-11 14:50:00+09:00,-0.0001355281371271931,0.0,0.9878048780487805
2026-06-11 14:55:00+09:00,0.00011007142621362262,0.0,0.9939024390243901
2026-06-11 15:00:00+09:00,0.00039988124985769415,0.0,1.0
2026-06-11 15:05:00+09:00,-0.0003841803653862753,0.0,0.9938271604938271
2026-06-11 15:10:00+09:00,-7.979402303370799e-05,0.0,0.9877295995182174
2026-06-11 15:15:00+09:00,-0.0002,1.0,0.0
2026-06-11 15:20:00+09:00,0.0,0.0,0.0
2026-06-12 09:00:00+09:00,0.0,0.0,0.0
2026-06-12 09:05:00+09:00,0.0,0.0,0.0
2026-06-12 09:10:00+09:00,0.0,0.0,0.0
2026-06-12 09:15:00+09:00,0.0,0.0,0.0
2026-06-12 09:20:00+09:00,0.0,0.0,0.0
2026-06-12 09:25:00+09:00,0.0,0.0,0.0
2026-06-12 09:30:00+09:00,0.0003532496873461981,1.0,1.0
2026-06-12 09:35:00+09:00,0.00015331516875070826,0.0,1.0
2026-06-12 09:40:00+09:00,-0.0011628398351812925,0.0,0.9939024390243902
2026-06-12 09:45:00+09:00,-0.00033204787591002184,0.0,0.9877295995182174
2026-06-12 09:50:00+09:00,-0.00046125258285020614,0.0,1.0
2026-06-12 09:55:00+09:00,0.0011731057415933328,0.0,1.0
2026-06-12 10:00:00+09:00,0.000673487431297082,0.0,0.9938271604938271
2026-06-12 10:05:00+09:00,-0.00010331951500616848,0.0,0.9938271604938272
2026-06-12 10:10:00+09:00,0.000720577015344685,0.0,0.9939024390243902
2026-06-12 10:15:00+09:00,0.00038213157633543285,0.0,0.9938271604938271
2026-06-12 10:20:00+09:00,0.0010696467325834978,0.0,0.9815567600120445
2026-06-12 10:25:00+09:00,-0.000863897448926077,0.0,1.0
2026-06-12 10:30:00+09:00,0.00011305176447867238,0.0,0.9938271604938271
2026-06-12 10:35:00+09:00,-0.0011187629936509572,0.0,0.9815567600120445
2026-06-12 10:40:00+09:00,-0.0007667987334352202,0.0,0.9938271604938271
2026-06-12 10:45:00+09:00,0.0001448123415653577,0.0,0.9876543209876543
2026-06-12 10:50:00+09:00,0.0002878080705675049,0.0,0.9876543209876543
2026-06-12 10:55:00+09:00,-6.636685864417207e-05,0.0,0.9692863595302619
2026-06-12 11:00:00+09:00,0.0006200153622326345,0.0,0.9939024390243902
2026-06-12 11:05:00+09:00,-2.9214519640963118e-05,0.0,0.9999999999999999
2026-06-12 11:10:00+09:00,-0.00034461149611524696,0.0,1.0
2026-06-12 11:15:00+09:00,-0.0007133278778527019,0.012270400481782595,0.9692863595302619
2026-06-12 11:20:00+09:00,-0.0001975459199036435,0.9877295995182174,0.0
2026-06-12 11:25:00+09:00,0.0,0.0,0.0
2026-06-12 12:30:00+09:00,0.0,0.0,0.0
2026-06-12 12:35:00+09:00,0.0,0.0,0.0
2026-06-12 12:40:00+09:00,0.0,0.0,0.0
2026-06-12 12:45:00+09:00,0.0,0.0,0.0
2026-06-12 12:50:00+09:00,0.0,0.0,0.0
2026-06-12 12:55:00+09:00,0.0,0.0,0.0
2026-06-12 13:00:00+09:00,-0.00017629909042252755,1.0,1.0
2026-06-12 13:05:00+09:00,0.0007185013497856523,0.0,0.9878048780487805
2026-06-12 13:10:00+09:00,-1.368856806142902e-06,0.0,0.9877295995182174
2026-06-12 13:15:00+09:00,-0.000185842392588185,0.0,1.0
2026-06-12 13:20:00+09:00,0.0003955159000504128,0.0,0.9877295995182174
2026-06-12 13:25:00+09:00,-0.0003809317012871683,0.0,0.9877295995182174
2026-06-12 13:30:00+09:00,-0.0004708413365310981,0.0,0.9877295995182174
2026-06-12 13:35:00+09:00,-6.96854636687083e-05,0.0,0.9877295995182174
2026-06-12 13:40:00+09:00,0.00024021790746348539,0.0,0.9877295995182174
2026-06-12 13:45:00+09:00,0.00038264567477565856,0.0,0.9878048780487805
2026-06-12 13:50:00+09:00,3.003870428168517e-05,0.0,0.9754591990364347
2026-06-12 13:55:00+09:00,-0.00026487069287601514,0.0,0.9692863595302619
2026-06-12 14:00:00+09:00,0.0002808658244706068,0.0,0.9939024390243902
2026-06-12 14:05:00+09:00,0.00026772032589850175,0.0,0.969361638060825
2026-06-12 14:10:00+09:00,-7.814086420045387e-05,0.0,0.969361638060825
2026-06-12 14:15:00+09:00,-0.00019043876511319656,0.0,1.0
2026-06-12 14:20:00+09:00,0.0001979395007999792,0.0,0.9939024390243902
2026-06-12 14:25:00+09:00,-0.0006792232065119435,0.0,0.9815567600120445
2026-06-12 14:30:00+09:00,-0.00029077325404390595,0.0,1.0
2026-06-12 14:35:00+09:00,0.00021297200202215346,0.0,1.0
2026-06-12 14:40:00+09:00,-0.0002016685559356307,0.0,1.0
2026-06-12 14:45:00+09:00,0.00047672605855798205,0.0,0.969361638060825
2026-06-12 14:50:00+09:00,-0.0005004672332939906,0.0,1.0
2026-06-12 14:55:00+09:00,0.00036818236374815366,0.0,0.9938271604938271
2026-06-12 15:00:00+09:00,-0.00026864739458812075,0.0,0.9939024390243902
2026-06-12 15:05:00+09:00,-0.00017890929778620663,0.006097560975609756,0.9939024390243902
2026-06-12 15:10:00+09:00,-4.427001992251905e-05,0.006172839506172839,0.9754591990364347
2026-06-12 15:15:00+09:00,-0.0001975459199036435,0.9877295995182174,0.0
2026-06-12 15:20:00+09:00,0.0,0.0,0.0
2026-06-15 09:00:00+09:00,0.0,0.0,0.0
2026-06-15 09:05:00+09:00,0.0,0.0,0.0
2026-06-15 09:10:00+09:00,0.0,0.0,0.0
2026-06-15 09:15:00+09:00,0.0,0.0,0.0
2026-06-15 09:20:00+09:00,0.0,0.0,0.0
2026-06-15 09:25:00+09:00,0.0,0.0,0.0
2026-06-15 09:30:00+09:00,-0.00022769407913273557,1.0,1.0
2026-06-15 09:35:00+09:00,-0.0002947420764712063,0.0,0.9751543209876543
2026-06-15 09:40:00+09:00,0.0006633347164603687,0.0,0.9814043209876543
2026-06-15 09:45:00+09:00,0.0005018001818382528,0.0,1.0
2026-06-15 09:50:00+09:00,0.00019213284564677274,0.0,0.9875771604938272
2026-06-15 09:55:00+09:00,-0.0002649567985486813,0.0,0.9814043209876543
2026-06-15 10:00:00+09:00,0.00034837033653815355,0.0,0.99375
2026-06-15 10:05:00+09:00,0.00039616695194723283,0.0,0.9876543209876544
2026-06-15 10:10:00+09:00,2.1002446530686047e-05,0.0,0.9566358024691357
2026-06-15 10:15:00+09:00,-8.44118945819966e-05,0.0,0.9814043209876544
2026-06-15 10:20:00+09:00,0.00039595348124101464,0.0,0.9813271604938272
2026-06-15 10:25:00+09:00,-0.0004183018643231651,0.0,0.9752314814814814
2026-06-15 10:30:00+09:00,0.0006381140932704202,0.0,0.99375
2026-06-15 10:35:00+09:00,0.00033836598720191324,0.0,0.9937499999999999
2026-06-15 10:40:00+09:00,6.079155085112743e-05,0.0,0.9750771604938271
2026-06-15 10:45:00+09:00,0.00011142419815434074,0.0,0.9813271604938271
2026-06-15 10:50:00+09:00,5.401264718637789e-05,0.0,0.9750771604938271
2026-06-15 10:55:00+09:00,0.00017301062736533638,0.0,0.9938271604938271
2026-06-15 11:00:00+09:00,-0.00019276789636944814,0.0,0.9751543209876542
2026-06-15 11:05:00+09:00,0.0006911501905099816,0.0,0.9814043209876543
2026-06-15 11:10:00+09:00,-0.00011240652953964885,0.0,0.9751543209876543
2026-06-15 11:15:00+09:00,-5.963297879930528e-05,0.01867283950617284,0.9813271604938271
2026-06-15 11:20:00+09:00,-0.00019626543209876545,0.9813271604938272,0.0
2026-06-15 11:25:00+09:00,0.0,0.0,0.0
2026-06-15 12:30:00+09:00,0.0,0.0,0.0
2026-06-15 12:35:00+09:00,0.0,0.0,0.0
2026-06-15 12:40:00+09:00,0.0,0.0,0.0
2026-06-15 12:45:00+09:00,0.0,0.0,0.0
2026-06-15 12:50:00+09:00,0.0,0.0,0.0
2026-06-15 12:55:00+09:00,0.0,0.0,0.0
2026-06-15 13:00:00+09:00,-0.00022055644285258716,1.0,1.0
2026-06-15 13:05:00+09:00,0.0001840931269001686,0.0,0.9813271604938271
2026-06-15 13:10:00+09:00,-0.00045207449966166025,0.0,1.0
2026-06-15 13:15:00+09:00,-0.00018821253110183652,0.0,1.0
2026-06-15 13:20:00+09:00,-0.00015976089287139656,0.0,0.987577160493827
2026-06-15 13:25:00+09:00,-0.00017730488475737,0.0,0.9876543209876543
2026-06-15 13:30:00+09:00,7.365602224402901e-05,0.0,1.0
2026-06-15 13:35:00+09:00,-0.00010625753902483224,0.0,0.9938271604938272
2026-06-15 13:40:00+09:00,9.022558659658488e-05,0.0,1.0
2026-06-15 13:45:00+09:00,6.890042160299701e-05,0.0,0.9874999999999999
2026-06-15 13:50:00+09:00,0.000301169227080409,0.0,0.99375
2026-06-15 13:55:00+09:00,4.1645629130243803e-05,0.0,0.9937499999999999
2026-06-15 14:00:00+09:00,0.0003848173262704516,0.0,0.9938271604938272
2026-06-15 14:05:00+09:00,5.125714303899272e-05,0.0,1.0
2026-06-15 14:10:00+09:00,3.318050850654223e-05,0.0,1.0
2026-06-15 14:15:00+09:00,-6.893245921720967e-05,0.0,1.0
2026-06-15 14:20:00+09:00,0.00019969565385861358,0.0,0.9938271604938271
2026-06-15 14:25:00+09:00,-0.00013934996396556564,0.0,1.0
2026-06-15 14:30:00+09:00,0.00015538783053639725,0.0,1.0
2026-06-15 14:35:00+09:00,-2.1052022275629405e-05,0.0,1.0
2026-06-15 14:40:00+09:00,-9.495896610172616e-05,0.0,0.9938271604938272
2026-06-15 14:45:00+09:00,0.00033095209338408147,0.0,0.9875771604938272
2026-06-15 14:50:00+09:00,7.396158596215506e-05,0.0,0.9938271604938271
2026-06-15 14:55:00+09:00,-0.00010448620688653944,0.0,0.9876543209876543
2026-06-15 15:00:00+09:00,-0.00041925979734507896,0.0,1.0
2026-06-15 15:05:00+09:00,0.00020026568559205286,0.0,0.9938271604938271
2026-06-15 15:10:00+09:00,-0.00026713191783749024,0.0,1.0
2026-06-15 15:15:00+09:00,-0.0002,1.0,0.0
2026-06-15 15:20:00+09:00,0.0,0.0,0.0
2026-06-16 09:00:00+09:00,0.0,0.0,0.0
2026-06-16 09:05:00+09:00,0.0,0.0,0.0
2026-06-16 09:10:00+09:00,0.0,0.0,0.0
2026-06-16 09:15:00+09:00,0.0,0.0,0.0
2026-06-16 09:20:00+09:00,0.0,0.0,0.0
2026-06-16 09:25:00+09:00,0.0,0.0,0.0
2026-06-16 09:30:00+09:00,0.000246501489043708,1.0,1.0
2026-06-16 09:35:00+09:00,0.0010448565896450177,0.0,0.9939024390243902
2026-06-16 09:40:00+09:00,0.0006552645100454986,0.0,0.9878048780487805
2026-06-16 09:45:00+09:00,0.00012814206188577166,0.0,0.9879518072289157
2026-06-16 09:50:00+09:00,-2.433576629075269e-05,0.0,0.9878783426388482
2026-06-16 09:55:00+09:00,-0.00017384863830525744,0.0,0.9756832206876286
2026-06-16 10:00:00+09:00,-0.0003280526024747418,0.0,0.9878048780487805
2026-06-16 10:05:00+09:00,0.0004252606475537402,0.006097560975609756,0.9817807816632385
2026-06-16 10:10:00+09:00,-0.00034069895703187075,0.0,0.9696591243020865
2026-06-16 10:15:00+09:00,0.00018002885508360984,0.0,0.969732588892154
2026-06-16 10:20:00+09:00,1.7213750770626392e-05,0.0,0.9697325888921541
2026-06-16 10:25:00+09:00,1.626218184093978e-05,0.0,0.9695856597120189
2026-06-16 10:30:00+09:00,-0.00016976184588912965,0.0,0.9817807816632383
2026-06-16 10:35:00+09:00,-0.00015565433904532922,0.0,0.987878342638848
2026-06-16 10:40:00+09:00,8.194116657896076e-05,0.0,0.9454892741698502
2026-06-16 10:45:00+09:00,-0.00012360753281167317,0.0,0.9756832206876287
2026-06-16 10:50:00+09:00,0.00024725126114615546,0.006097560975609756,0.9757566852776962
2026-06-16 10:55:00+09:00,-5.470037759119108e-05,0.0,0.9636350279165443
2026-06-16 11:00:00+09:00,2.3500011497647095e-05,0.0,0.9756832206876286
2026-06-16 11:05:00+09:00,0.0005564370474473944,0.0,0.9636350279165443
2026-06-16 11:10:00+09:00,-5.044286089884085e-05,0.0,0.9574640023508669
2026-06-16 11:15:00+09:00,-5.290605236786963e-05,0.006024096385542169,0.9636350279165444
2026-06-16 11:20:00+09:00,-0.0001963561563326477,0.9817807816632383,0.0
2026-06-16 11:25:00+09:00,0.0,0.0,0.0
2026-06-16 12:30:00+09:00,0.0,0.0,0.0
2026-06-16 12:35:00+09:00,0.0,0.0,0.0
2026-06-16 12:40:00+09:00,0.0,0.0,0.0
2026-06-16 12:45:00+09:00,0.0,0.0,0.0
2026-06-16 12:50:00+09:00,0.0,0.0,0.0
2026-06-16 12:55:00+09:00,0.0,0.0,0.0
2026-06-16 13:00:00+09:00,-0.0005867925779066362,1.0,1.0
2026-06-16 13:05:00+09:00,4.777731065952749e-05,0.0,0.9938271604938271
2026-06-16 13:10:00+09:00,3.200508907308032e-05,0.0,0.9999999999999998
2026-06-16 13:15:00+09:00,-0.0006002666495678544,0.0,0.9816320385426076
2026-06-16 13:20:00+09:00,0.00015385295196827816,0.0,0.9877295995182174
2026-06-16 13:25:00+09:00,-0.00015212491977931866,0.0,0.9877295995182174
2026-06-16 13:30:00+09:00,-0.0002652872836427492,0.0,0.969361638060825
2026-06-16 13:35:00+09:00,8.816818414686448e-05,0.0,0.9939024390243902
2026-06-16 13:40:00+09:00,0.0009644603978823148,0.0,0.9816320385426076
2026-06-16 13:45:00+09:00,0.0006075227779937121,0.0,0.9877295995182174
2026-06-16 13:50:00+09:00,0.0002766082904497952,0.0,1.0
2026-06-16 13:55:00+09:00,-0.00010620905479621196,0.0,0.975534477566998
2026-06-16 14:00:00+09:00,-0.00013592671226624037,0.0,1.0
2026-06-16 14:05:00+09:00,0.00036545105132169525,0.0,0.9878048780487805
2026-06-16 14:10:00+09:00,-0.00011632392563353978,0.0,0.969361638060825
2026-06-16 14:15:00+09:00,2.0163034762450354e-05,0.0,0.9815567600120446
2026-06-16 14:20:00+09:00,0.00035965941120333095,0.0,0.9877295995182174
2026-06-16 14:25:00+09:00,0.0002806107700184091,0.0,0.9815567600120445
2026-06-16 14:30:00+09:00,9.110240574274429e-05,0.0,0.9754591990364347
2026-06-16 14:35:00+09:00,0.0006580188639288377,0.0,0.9878048780487805
2026-06-16 14:40:00+09:00,-5.412295970936964e-05,0.0,0.9877295995182174
2026-06-16 14:45:00+09:00,0.0005435695359024884,0.0,0.9753839205058717
2026-06-16 14:50:00+09:00,0.00016730046258964237,0.0,0.9877295995182174
2026-06-16 14:55:00+09:00,-0.00030885750640508876,0.0,0.969361638060825
2026-06-16 15:00:00+09:00,-0.00012381328062760293,0.0,0.9878048780487805
2026-06-16 15:05:00+09:00,-0.00015176103891414113,0.0,0.9877295995182174
2026-06-16 15:10:00+09:00,0.00030598312948197057,0.006097560975609756,0.9877295995182174
2026-06-16 15:15:00+09:00,-0.00019878048780487805,0.9939024390243902,0.0
2026-06-16 15:20:00+09:00,0.0,0.0,0.0
2026-06-17 09:00:00+09:00,0.0,0.0,0.0
2026-06-17 09:05:00+09:00,0.0,0.0,0.0
2026-06-17 09:10:00+09:00,0.0,0.0,0.0
2026-06-17 09:15:00+09:00,0.0,0.0,0.0
2026-06-17 09:20:00+09:00,0.0,0.0,0.0
2026-06-17 09:25:00+09:00,0.0,0.0,0.0
2026-06-17 09:30:00+09:00,-0.00010886076112987443,1.0,1.0
2026-06-17 09:35:00+09:00,0.0003915841499207617,0.0,0.9877295995182173
2026-06-17 09:40:00+09:00,-0.001235165151403335,0.0,0.9939024390243902
2026-06-17 09:45:00+09:00,-0.0003954350787228641,0.0,0.9999999999999999
2026-06-17 09:50:00+09:00,0.0004184292870132306,0.0,1.0
2026-06-17 09:55:00+09:00,-0.0003836014290009111,0.0,0.9817073170731707
2026-06-17 10:00:00+09:00,0.0002854570297318261,0.0,0.9938271604938271
2026-06-17 10:05:00+09:00,-0.0004979301487101538,0.0,0.9938271604938271
2026-06-17 10:10:00+09:00,0.00020487136363826243,0.0,0.9878048780487804
2026-06-17 10:15:00+09:00,-0.00015262279101948138,0.0,0.9877295995182174
2026-06-17 10:20:00+09:00,-0.00038361600889013123,0.0,0.9939024390243902
2026-06-17 10:25:00+09:00,-0.00030282168334897576,0.0,0.9754591990364347
2026-06-17 10:30:00+09:00,-0.00034393914487706724,0.006172839506172839,0.9938271604938271
2026-06-17 10:35:00+09:00,-0.00013183909464118724,0.0,0.9938271604938272
2026-06-17 10:40:00+09:00,8.683475388307409e-05,0.0,0.9877295995182174
2026-06-17 10:45:00+09:00,0.00032577711059233387,0.0,0.9938271604938271
2026-06-17 10:50:00+09:00,-0.0006515984186768535,0.0,0.9877295995182174
2026-06-17 10:55:00+09:00,0.0006441524582361523,0.006097560975609756,0.969286359530262
2026-06-17 11:00:00+09:00,-5.9382935102375817e-05,0.0,0.9754591990364346
2026-06-17 11:05:00+09:00,9.971231794123966e-05,0.0,0.9816320385426076
2026-06-17 11:10:00+09:00,0.0003200701931285131,0.012270400481782595,0.9631135200240892
2026-06-17 11:15:00+09:00,-0.0004976692786750972,0.03681120144534779,0.938647997591087
2026-06-17 11:20:00+09:00,-0.0001877295995182174,0.938647997591087,0.0
2026-06-17 11:25:00+09:00,0.0,0.0,0.0
2026-06-17 12:30:00+09:00,0.0,0.0,0.0
2026-06-17 12:35:00+09:00,0.0,0.0,0.0
2026-06-17 12:40:00+09:00,0.0,0.0,0.0
2026-06-17 12:45:00+09:00,0.0,0.0,0.0
2026-06-17 12:50:00+09:00,0.0,0.0,0.0
2026-06-17 12:55:00+09:00,0.0,0.0,0.0
2026-06-17 13:00:00+09:00,-0.00031193913127110673,1.0,1.0
2026-06-17 13:05:00+09:00,0.00011646408137081787,0.0,0.9755344775669978
2026-06-17 13:10:00+09:00,1.2788315277365963e-05,0.0,0.9510689551339957
2026-06-17 13:15:00+09:00,0.0002444947289189283,0.0,0.9816320385426076
2026-06-17 13:20:00+09:00,9.308813474699568e-05,0.0,0.9816320385426076
2026-06-17 13:25:00+09:00,-0.0001990141126657045,0.0,0.9816320385426075
2026-06-17 13:30:00+09:00,3.33627935634292e-05,0.0,0.9877295995182174
2026-06-17 13:35:00+09:00,0.0007117957692592002,0.0,0.9570912375790424
2026-06-17 13:40:00+09:00,-0.00013360737124692464,0.0,0.9817073170731707
2026-06-17 13:45:00+09:00,-8.948481947944174e-05,0.0,0.9816320385426076
2026-06-17 13:50:00+09:00,-0.00010012528510600793,0.0,0.9572417946401686
2026-06-17 13:55:00+09:00,-2.158035798811963e-05,0.0,0.9878048780487804
2026-06-17 14:00:00+09:00,0.0001443361727024628,0.0,0.9816320385426076
2026-06-17 14:05:00+09:00,0.00019273403496127242,0.0,0.975609756097561
2026-06-17 14:10:00+09:00,3.110610502675408e-05,0.0,0.9448961156278228
2026-06-17 14:15:00+09:00,-0.00015180650879363284,0.0,0.9877295995182174
2026-06-17 14:20:00+09:00,-7.249868311252588e-05,0.0,0.9938271604938271
2026-06-17 14:25:00+09:00,0.00013894529573964343,0.0,0.9694369165913881
2026-06-17 14:30:00+09:00,0.00019823473042896548,0.0,0.9755344775669978
2026-06-17 14:35:00+09:00,6.257716520041622e-05,0.0,0.9938271604938271
2026-06-17 14:40:00+09:00,0.00012509626699853463,0.0,0.9755344775669978
2026-06-17 14:45:00+09:00,-0.0001091641301150661,0.0,0.9631887985546521
2026-06-17 14:50:00+09:00,-0.00020641423058520323,0.0,0.9816320385426076
2026-06-17 14:55:00+09:00,-0.000237536344296184,0.0,0.9877295995182174
2026-06-17 15:00:00+09:00,-8.155720909034735e-05,0.0,0.9816320385426076
2026-06-17 15:05:00+09:00,-0.00010766999321450737,0.0,0.9939024390243902
2026-06-17 15:10:00+09:00,-9.133407437939693e-05,0.006172839506172839,0.9877295995182174
2026-06-17 15:15:00+09:00,-0.00019876543209876546,0.9938271604938271,0.0
2026-06-17 15:20:00+09:00,0.0,0.0,0.0
2026-06-18 09:00:00+09:00,0.0,0.0,0.0
2026-06-18 09:05:00+09:00,0.0,0.0,0.0
2026-06-18 09:10:00+09:00,0.0,0.0,0.0
2026-06-18 09:15:00+09:00,0.0,0.0,0.0
2026-06-18 09:20:00+09:00,0.0,0.0,0.0
2026-06-18 09:25:00+09:00,0.0,0.0,0.0
2026-06-18 09:30:00+09:00,-0.0007622056551411565,1.0,1.0
2026-06-18 09:35:00+09:00,0.0007487700667572823,0.0,0.9939024390243902
2026-06-18 09:40:00+09:00,0.0006386513372180346,0.0,1.0
2026-06-18 09:45:00+09:00,-0.0002766975413786828,0.0,0.9632640770852152
2026-06-18 09:50:00+09:00,0.0005966503326083574,0.0,0.9939024390243902
2026-06-18 09:55:00+09:00,0.00036962763006138634,0.0,0.9939024390243902
2026-06-18 10:00:00+09:00,-0.00011911880917147511,0.0,0.9815567600120445
2026-06-18 10:05:00+09:00,-0.0005593838173849101,0.0,0.9938271604938271
2026-06-18 10:10:00+09:00,0.00010470230641354181,0.0,0.9939024390243902
2026-06-18 10:15:00+09:00,0.0002610302297534931,0.0,0.9755344775669978
2026-06-18 10:20:00+09:00,0.00010945785517308456,0.0,0.9878048780487805
2026-06-18 10:25:00+09:00,-0.0004920895215205237,0.0,0.9878048780487805
2026-06-18 10:30:00+09:00,0.00015153102623254126,0.0,0.9878048780487805
2026-06-18 10:35:00+09:00,-0.000608222546226268,0.0,0.9694369165913881
2026-06-18 10:40:00+09:00,6.25530500742932e-05,0.0,0.9817073170731707
2026-06-18 10:45:00+09:00,0.00035856179590569457,0.0,0.9939024390243902
2026-06-18 10:50:00+09:00,-0.0004145892390905546,0.0,0.9816320385426076
2026-06-18 10:55:00+09:00,-4.9044421711591076e-05,0.0,0.9939024390243902
2026-06-18 11:00:00+09:00,-1.9598864626756308e-05,0.0,0.9878048780487805
2026-06-18 11:05:00+09:00,3.869611447553063e-05,0.0,0.9816320385426076
2026-06-18 11:10:00+09:00,-0.0004512630478767682,0.0,0.9755344775669978
2026-06-18 11:15:00+09:00,-3.0927808782429386e-05,0.01829268292682927,0.975609756097561
2026-06-18 11:20:00+09:00,-0.00019634146341463416,0.9817073170731707,0.0
2026-06-18 11:25:00+09:00,0.0,0.0,0.0
2026-06-18 12:30:00+09:00,0.0,0.0,0.0
2026-06-18 12:35:00+09:00,0.0,0.0,0.0
2026-06-18 12:40:00+09:00,0.0,0.0,0.0
2026-06-18 12:45:00+09:00,0.0,0.0,0.0
2026-06-18 12:50:00+09:00,0.0,0.0,0.0
2026-06-18 12:55:00+09:00,0.0,0.0,0.0
2026-06-18 13:00:00+09:00,-0.00021829817852940997,1.0,1.0
2026-06-18 13:05:00+09:00,0.00021749444597744298,0.0,0.9694369165913881
2026-06-18 13:10:00+09:00,0.00030308215987250665,0.0,0.9634146341463413
2026-06-18 13:15:00+09:00,0.00011699307754109438,0.0,0.9817073170731707
2026-06-18 13:20:00+09:00,-0.0001123043782057618,0.0,0.9939024390243901
2026-06-18 13:25:00+09:00,-0.00022820973300938333,0.0,0.9573170731707317
2026-06-18 13:30:00+09:00,0.0006915217198890373,0.0,0.9817073170731707
2026-06-18 13:35:00+09:00,0.00022562688921470405,0.0,0.9695121951219512
2026-06-18 13:40:00+09:00,-8.754530974587148e-05,0.0,0.9878048780487805
2026-06-18 13:45:00+09:00,-0.00027334672179952303,0.0,0.9633393556157783
2026-06-18 13:50:00+09:00,0.0002517829364097221,0.0,0.9694369165913881
2026-06-18 13:55:00+09:00,-0.00018892747133444974,0.0,0.9817073170731706
2026-06-18 14:00:00+09:00,8.61821960899657e-05,0.0,0.969361638060825
2026-06-18 14:05:00+09:00,0.00014744751228269124,0.0,0.9877295995182174
2026-06-18 14:10:00+09:00,-0.0002472491144362209,0.0,0.975609756097561
2026-06-18 14:15:00+09:00,0.00017046374627503188,0.0,0.9817073170731707
2026-06-18 14:20:00+09:00,0.0001684193478151508,0.0,0.9634146341463414
2026-06-18 14:25:00+09:00,-0.00015707883138532346,0.0,0.9878048780487805
2026-06-18 14:30:00+09:00,0.00039323285639071304,0.0,0.9939024390243901
2026-06-18 14:35:00+09:00,-0.00021242015455255828,0.0,0.9939024390243901
2026-06-18 14:40:00+09:00,0.00043323641555899334,0.0,0.9511442336645588
2026-06-18 14:45:00+09:00,8.025024242027642e-05,0.0,0.9817073170731707
2026-06-18 14:50:00+09:00,0.00011809199278598271,0.0,0.9817073170731707
2026-06-18 14:55:00+09:00,-9.690481989814427e-05,0.0,0.9877295995182174
2026-06-18 15:00:00+09:00,0.0002792836296141715,0.0,0.9878048780487804
2026-06-18 15:05:00+09:00,-0.0002453191928717057,0.0,0.9939024390243902
2026-06-18 15:10:00+09:00,-5.5748150557347245e-05,0.0,0.9878048780487804
2026-06-18 15:15:00+09:00,-0.0002,1.0,0.0
2026-06-18 15:20:00+09:00,0.0,0.0,0.0
2026-06-19 09:00:00+09:00,0.0,0.0,0.0
2026-06-19 09:05:00+09:00,0.0,0.0,0.0
2026-06-19 09:10:00+09:00,0.0,0.0,0.0
2026-06-19 09:15:00+09:00,0.0,0.0,0.0
2026-06-19 09:20:00+09:00,0.0,0.0,0.0
2026-06-19 09:25:00+09:00,0.0,0.0,0.0
2026-06-19 09:30:00+09:00,0.0005205598543133946,1.0,1.0
2026-06-19 09:35:00+09:00,-0.00040801861519586697,0.0,0.9878783426388482
2026-06-19 09:40:00+09:00,-0.0003882825373066227,0.0,1.0
2026-06-19 09:45:00+09:00,8.404590030814071e-05,0.0,1.0
2026-06-19 09:50:00+09:00,9.084784439977496e-05,0.0,0.9939759036144578
2026-06-19 09:55:00+09:00,0.0002506036340362521,0.0,0.9939024390243903
2026-06-19 10:00:00+09:00,-0.0008323701655989388,0.0,1.0
2026-06-19 10:05:00+09:00,-0.000794594483579387,0.0,1.0
2026-06-19 10:10:00+09:00,0.00025288254335714076,0.0,0.9878048780487806
2026-06-19 10:15:00+09:00,0.00027876767770212144,0.0,0.9817807816632383
2026-06-19 10:20:00+09:00,-0.0002577350863603332,0.0,0.9817807816632385
2026-06-19 10:25:00+09:00,8.894650814688739e-05,0.0,0.9756832206876287
2026-06-19 10:30:00+09:00,-0.0007449205065909262,0.0,0.9939759036144579
2026-06-19 10:35:00+09:00,-0.00025497021398901247,0.0,0.9878783426388482
2026-06-19 10:40:00+09:00,8.752501250818524e-05,0.0,0.9878048780487806
2026-06-19 10:45:00+09:00,4.929221491211842e-06,0.0,0.9817807816632385
2026-06-19 10:50:00+09:00,0.00030594715240829577,0.0,1.0
2026-06-19 10:55:00+09:00,-8.31048202654349e-05,0.0,0.9878783426388482
2026-06-19 11:00:00+09:00,-0.00044340284835089986,0.0,0.9878783426388482
2026-06-19 11:05:00+09:00,0.00027977168937185675,0.006097560975609756,0.9939024390243903
2026-06-19 11:10:00+09:00,-0.0005834798873696646,0.0,0.9817807816632385
2026-06-19 11:15:00+09:00,0.00047519611509454164,0.012121657361151925,0.9757566852776962
2026-06-19 11:20:00+09:00,-0.0001963561563326477,0.9817807816632383,0.0
2026-06-19 11:25:00+09:00,0.0,0.0,0.0
2026-06-19 12:30:00+09:00,0.0,0.0,0.0
2026-06-19 12:35:00+09:00,0.0,0.0,0.0
2026-06-19 12:40:00+09:00,0.0,0.0,0.0
2026-06-19 12:45:00+09:00,0.0,0.0,0.0
2026-06-19 12:50:00+09:00,0.0,0.0,0.0
2026-06-19 12:55:00+09:00,0.0,0.0,0.0
2026-06-19 13:00:00+09:00,0.00037311406621882195,1.0,1.0
2026-06-19 13:05:00+09:00,-0.00032160616953826624,0.0,0.9876543209876543
2026-06-19 13:10:00+09:00,-5.044746662572749e-05,0.0,0.9877295995182174
2026-06-19 13:15:00+09:00,2.3414283890253553e-05,0.0,0.9877295995182175
2026-06-19 13:20:00+09:00,0.00011531849021186968,0.0,1.0
2026-06-19 13:25:00+09:00,-0.00042802155238799375,0.0,0.9753839205058717
2026-06-19 13:30:00+09:00,0.00021754518467941993,0.0,0.9878048780487805
2026-06-19 13:35:00+09:00,-0.0005241924714939259,0.0,0.9877295995182174
2026-06-19 13:40:00+09:00,-8.349812516631155e-05,0.0,1.0
2026-06-19 13:45:00+09:00,-0.00017042115283285897,0.0,0.9877295995182175
2026-06-19 13:50:00+09:00,0.00020775255515757184,0.0,0.9878048780487806
2026-06-19 13:55:00+09:00,9.257204538936156e-05,0.0,0.9878048780487805
2026-06-19 14:00:00+09:00,0.00015671894123117406,0.0,0.9878048780487805
2026-06-19 14:05:00+09:00,0.0004451704584090766,0.0,1.0
2026-06-19 14:10:00+09:00,3.0524612134637536e-05,0.0,0.9877295995182175
2026-06-19 14:15:00+09:00,-0.0001432595638472695,0.0,0.9878048780487805
2026-06-19 14:20:00+09:00,0.00012772591200348803,0.0,0.9877295995182174
2026-06-19 14:25:00+09:00,-9.41829328891586e-05,0.0,0.9939024390243903
2026-06-19 14:30:00+09:00,0.0003189244137603264,0.0,0.9877295995182174
2026-06-19 14:35:00+09:00,0.0001645139994786696,0.0,0.9938271604938271
2026-06-19 14:40:00+09:00,-7.952684990007586e-05,0.0,0.9816320385426077
2026-06-19 14:45:00+09:00,0.00013784498539594464,0.0,0.9878048780487803
2026-06-19 14:50:00+09:00,0.00020607047686678674,0.0,0.9938271604938271
2026-06-19 14:55:00+09:00,-0.00013281695040944625,0.0,0.9939024390243901
2026-06-19 15:00:00+09:00,0.0002568076565379998,0.0,1.0
2026-06-19 15:05:00+09:00,-0.00011112209715406604,0.0,0.9939024390243902
2026-06-19 15:10:00+09:00,4.521264006506526e-05,0.006097560975609756,0.9939024390243902
2026-06-19 15:15:00+09:00,-0.00019878048780487805,0.9939024390243902,0.0
2026-06-19 15:20:00+09:00,0.0,0.0,0.0
2026-06-22 09:00:00+09:00,0.0,0.0,0.0
2026-06-22 09:05:00+09:00,0.0,0.0,0.0
2026-06-22 09:10:00+09:00,0.0,0.0,0.0
2026-06-22 09:15:00+09:00,0.0,0.0,0.0
2026-06-22 09:20:00+09:00,0.0,0.0,0.0
2026-06-22 09:25:00+09:00,0.0,0.0,0.0
2026-06-22 09:30:00+09:00,-0.0003807282190264609,1.0,1.0
2026-06-22 09:35:00+09:00,-0.0002912103722908268,0.0,0.9878783426388482
2026-06-22 09:40:00+09:00,-0.0007856456949361389,0.0,1.0
2026-06-22 09:45:00+09:00,-0.000625148097541746,0.0,0.9939759036144579
2026-06-22 09:50:00+09:00,2.6664424314740476e-05,0.0,0.9819277108433735
2026-06-22 09:55:00+09:00,-0.00016896011543069737,0.0,0.9819277108433735
2026-06-22 10:00:00+09:00,0.000146876949556299,0.0,0.993975903614458
2026-06-22 10:05:00+09:00,-0.0002579647481950352,0.0,0.9698060534822216
2026-06-22 10:10:00+09:00,0.00019177941673757397,0.0,0.9818542462533059
2026-06-22 10:15:00+09:00,-0.00017726734503536784,0.0,0.9879518072289157
2026-06-22 10:20:00+09:00,-0.00024267250950315439,0.0,1.0
2026-06-22 10:25:00+09:00,0.00019159018430780917,0.0,0.9879518072289157
2026-06-22 10:30:00+09:00,-3.788568166335797e-05,0.0,0.9698795180722892
2026-06-22 10:35:00+09:00,-0.000278363273111893,0.0,0.9758301498677638
2026-06-22 10:40:00+09:00,-0.0005072649944837425,0.0,0.957831325301205
2026-06-22 10:45:00+09:00,-0.00023055725433262765,0.0,0.9759036144578312
2026-06-22 10:50:00+09:00,-0.0002119529439013696,0.0,0.9759036144578315
2026-06-22 10:55:00+09:00,-7.435174767688215e-05,0.0,0.9819277108433735
2026-06-22 11:00:00+09:00,0.0005338139040015788,0.0,0.9698060534822217
2026-06-22 11:05:00+09:00,-0.00017751109361012474,0.006024096385542169,0.9819277108433735
2026-06-22 11:10:00+09:00,-7.269232624028482e-05,0.018219218336761683,0.9515133705553923
2026-06-22 11:15:00+09:00,0.0001048687111762506,0.02424331472230385,0.9213194240376139
2026-06-22 11:20:00+09:00,-0.00019030267411107848,0.9515133705553923,0.0
2026-06-22 11:25:00+09:00,0.0,0.0,0.0
2026-06-22 12:30:00+09:00,0.0,0.0,0.0
2026-06-22 12:35:00+09:00,0.0,0.0,0.0
2026-06-22 12:40:00+09:00,0.0,0.0,0.0
2026-06-22 12:45:00+09:00,0.0,0.0,0.0
2026-06-22 12:50:00+09:00,0.0,0.0,0.0
2026-06-22 12:55:00+09:00,0.0,0.0,0.0
2026-06-22 13:00:00+09:00,-0.0001463077209013033,1.0,1.0
2026-06-22 13:05:00+09:00,-0.00021045266528020855,0.0,0.9878783426388482
2026-06-22 13:10:00+09:00,-0.00019965895307593923,0.0,0.9939759036144579
2026-06-22 13:15:00+09:00,-9.75916347162335e-05,0.0,0.9939759036144579
2026-06-22 13:20:00+09:00,6.235710472753536e-05,0.0,0.9817807816632385
2026-06-22 13:25:00+09:00,-0.0004765468094085285,0.0,0.9879518072289157
2026-06-22 13:30:00+09:00,-7.454435978101109e-05,0.0,0.981854246253306
2026-06-22 13:35:00+09:00,0.0001446919754242815,0.0,0.969732588892154
2026-06-22 13:40:00+09:00,-5.628371139445244e-06,0.0,0.9758301498677637
2026-06-22 13:45:00+09:00,-0.00014240355069135117,0.0,0.9939024390243902
2026-06-22 13:50:00+09:00,-0.00047469134931425706,0.0,0.9757566852776962
2026-06-22 13:55:00+09:00,-0.0001078604448772791,0.0,0.981854246253306
2026-06-22 14:00:00+09:00,0.00016115970709182023,0.0,0.9757566852776962
2026-06-22 14:05:00+09:00,-0.0001065282096982209,0.0,0.9819277108433736
2026-06-22 14:10:00+09:00,-0.00015032189415591562,0.0,0.9939024390243905
2026-06-22 14:15:00+09:00,-0.00030568455609237004,0.0,0.9817807816632382
2026-06-22 14:20:00+09:00,-2.1543582837541278e-05,0.0,0.993975903614458
2026-06-22 14:25:00+09:00,-7.392607406622553e-05,0.0,0.9574640023508669
2026-06-22 14:30:00+09:00,7.132148442212652e-05,0.0,0.993975903614458
2026-06-22 14:35:00+09:00,0.0002499646982184325,0.0,0.9757566852776962
2026-06-22 14:40:00+09:00,-0.00011382371477835625,0.0,0.9878783426388482
2026-06-22 14:45:00+09:00,-9.305359030276571e-05,0.0,0.9878783426388481
2026-06-22 14:50:00+09:00,-1.2810535648118235e-06,0.0,0.9756832206876287
2026-06-22 14:55:00+09:00,-0.00016411802913916533,0.0,0.9878048780487805
2026-06-22 15:00:00+09:00,-0.00014903400806758673,0.0,0.9756832206876287
2026-06-22 15:05:00+09:00,-0.000136497822305362,0.0,0.9757566852776962
2026-06-22 15:10:00+09:00,-2.0474007461420785e-05,0.0,0.9939024390243903
2026-06-22 15:15:00+09:00,-0.0002,1.0,0.0
2026-06-22 15:20:00+09:00,0.0,0.0,0.0
2026-06-23 09:00:00+09:00,0.0,0.0,0.0
2026-06-23 09:05:00+09:00,0.0,0.0,0.0
2026-06-23 09:10:00+09:00,0.0,0.0,0.0
2026-06-23 09:15:00+09:00,0.0,0.0,0.0
2026-06-23 09:20:00+09:00,0.0,0.0,0.0
2026-06-23 09:25:00+09:00,0.0,0.0,0.0
2026-06-23 09:30:00+09:00,-0.00029984768685974313,1.0,1.0
2026-06-23 09:35:00+09:00,0.0003207078443877064,0.0,0.981854246253306
2026-06-23 09:40:00+09:00,0.0011412644457732056,0.0,0.969732588892154
2026-06-23 09:45:00+09:00,-7.574014525982205e-05,0.0,0.9695856597120189
2026-06-23 09:50:00+09:00,5.3453906790154884e-05,0.0,0.9696591243020865
2026-06-23 09:55:00+09:00,0.0003109860893505858,0.0,0.9939024390243903
2026-06-23 10:00:00+09:00,-0.0001558246450346422,0.0,0.9939759036144579
2026-06-23 10:05:00+09:00,-0.00023903064052552123,0.0,0.9817807816632385
2026-06-23 10:10:00+09:00,0.00010093278934531803,0.0,0.9575374669409344
2026-06-23 10:15:00+09:00,-0.0001371356826979859,0.0,0.9817073170731708
2026-06-23 10:20:00+09:00,-0.0001577756453852299,0.0,0.9574640023508669
2026-06-23 10:25:00+09:00,-0.0005026745108759719,0.0,0.9696591243020865
2026-06-23 10:30:00+09:00,-0.00021613621709287617,0.0,0.9575374669409346
2026-06-23 10:35:00+09:00,-0.0009639307011436483,0.0,0.9756832206876287
2026-06-23 10:40:00+09:00,-0.0009470020616910858,0.0,0.9758301498677637
2026-06-23 10:45:00+09:00,-0.0004057841487166579,0.0,0.9939759036144579
2026-06-23 10:50:00+09:00,-0.0003873677792647952,0.0,0.9758301498677637
2026-06-23 10:55:00+09:00,0.0002456645109392376,0.0,0.9817807816632385
2026-06-23 11:00:00+09:00,-0.0008725423505080885,0.0,0.975609756097561
2026-06-23 11:05:00+09:00,0.0005502624698974179,0.006097560975609756,0.9695856597120189
2026-06-23 11:10:00+09:00,0.000576281431709318,0.018219218336761683,0.9695856597120188
2026-06-23 11:15:00+09:00,0.0002054008343431628,0.030267411107846018,0.9210990302674111
2026-06-23 11:20:00+09:00,-0.00018908316191595652,0.9454158095797826,0.0
2026-06-23 11:25:00+09:00,0.0,0.0,0.0
2026-06-23 12:30:00+09:00,0.0,0.0,0.0
2026-06-23 12:35:00+09:00,0.0,0.0,0.0
2026-06-23 12:40:00+09:00,0.0,0.0,0.0
2026-06-23 12:45:00+09:00,0.0,0.0,0.0
2026-06-23 12:50:00+09:00,0.0,0.0,0.0
2026-06-23 12:55:00+09:00,0.0,0.0,0.0
2026-06-23 13:00:00+09:00,-0.000476900130808474,1.0,1.0
2026-06-23 13:05:00+09:00,0.00019080749383699675,0.0,0.9877295995182174
2026-06-23 13:10:00+09:00,-0.00014941284156289419,0.0,0.9878048780487805
2026-06-23 13:15:00+09:00,0.0002482264755030418,0.0,0.9753839205058716
2026-06-23 13:20:00+09:00,0.0003057205119329138,0.0,0.9938271604938271
2026-06-23 13:25:00+09:00,-0.00011088965320298186,0.0,0.969361638060825
2026-06-23 13:30:00+09:00,2.7370991907163072e-05,0.0,0.9877295995182174
2026-06-23 13:35:00+09:00,-0.00020644222408465918,0.0,0.9876543209876543
2026-06-23 13:40:00+09:00,-0.00013217491655434825,0.0,0.9877295995182174
2026-06-23 13:45:00+09:00,-0.0003155820912943355,0.0,0.9938271604938271
2026-06-23 13:50:00+09:00,7.784157529420709e-05,0.0,0.9938271604938272
2026-06-23 13:55:00+09:00,6.286640803360722e-05,0.0,0.9877295995182174
2026-06-23 14:00:00+09:00,9.40904147230859e-06,0.0,0.9755344775669978
2026-06-23 14:05:00+09:00,-0.00014484079385655583,0.0,0.969211080999699
2026-06-23 14:10:00+09:00,-0.00023173946844399799,0.0,0.969361638060825
2026-06-23 14:15:00+09:00,1.6687727472723965e-05,0.0,0.969361638060825
2026-06-23 14:20:00+09:00,-0.00018860470110417747,0.0,0.9878048780487805
2026-06-23 14:25:00+09:00,-4.53038634486965e-05,0.0,1.0
2026-06-23 14:30:00+09:00,0.0004098305347045649,0.0,0.9938271604938271
2026-06-23 14:35:00+09:00,0.00021300745405980267,0.0,1.0
2026-06-23 14:40:00+09:00,-0.0006710983643226776,0.0,0.9876543209876544
2026-06-23 14:45:00+09:00,0.0001598132490236886,0.0,1.0
2026-06-23 14:50:00+09:00,-0.00016565426410984938,0.0,0.9877295995182174
2026-06-23 14:55:00+09:00,-0.00017475659679276398,0.0,1.0
2026-06-23 15:00:00+09:00,5.904902117605591e-05,0.0,0.9939024390243902
2026-06-23 15:05:00+09:00,2.4281909162552446e-05,0.0,0.9938271604938271
2026-06-23 15:10:00+09:00,-0.00022148133171151426,0.0,1.0
2026-06-23 15:15:00+09:00,-0.0002,1.0,0.0
2026-06-23 15:20:00+09:00,0.0,0.0,0.0
2026-06-24 09:00:00+09:00,0.0,0.0,0.0
2026-06-24 09:05:00+09:00,0.0,0.0,0.0
2026-06-24 09:10:00+09:00,0.0,0.0,0.0
2026-06-24 09:15:00+09:00,0.0,0.0,0.0
2026-06-24 09:20:00+09:00,0.0,0.0,0.0
2026-06-24 09:25:00+09:00,0.0,0.0,0.0
2026-06-24 09:30:00+09:00,0.0011667064289446352,1.0,1.0
2026-06-24 09:35:00+09:00,0.0006078306481853058,0.0,0.9815567600120445
2026-06-24 09:40:00+09:00,0.0012610309239172394,0.0,0.9939024390243901
2026-06-24 09:45:00+09:00,0.0005553492248894388,0.0,0.9816320385426076
2026-06-24 09:50:00+09:00,-0.0006975352364570006,0.0,0.9939024390243902
2026-06-24 09:55:00+09:00,0.0008185814710400754,0.0,0.9754591990364347
2026-06-24 10:00:00+09:00,-0.00011444785126778617,0.0,0.9877295995182174
2026-06-24 10:05:00+09:00,-0.00019379815765861247,0.0,0.9938271604938271
2026-06-24 10:10:00+09:00,0.0017318941747092996,0.0,0.9877295995182174
2026-06-24 10:15:00+09:00,-0.000996443029424899,0.0,0.9878048780487805
2026-06-24 10:20:00+09:00,0.0002724910790451938,0.0,1.0
2026-06-24 10:25:00+09:00,0.00013460681189557841,0.0,0.9817073170731707
2026-06-24 10:30:00+09:00,0.00024678855930847796,0.0,0.9754591990364347
2026-06-24 10:35:00+09:00,0.00038435686021043964,0.0,0.9816320385426076
2026-06-24 10:40:00+09:00,-0.00014412701435307388,0.0,0.9816320385426076
2026-06-24 10:45:00+09:00,-0.00040327378092625704,0.0,0.969361638060825
2026-06-24 10:50:00+09:00,0.00010085052426761879,0.0,0.9877295995182174
2026-06-24 10:55:00+09:00,-0.000695546893464342,0.0,0.9938271604938271
2026-06-24 11:00:00+09:00,-0.00011504957994939614,0.0,0.9877295995182174
2026-06-24 11:05:00+09:00,0.00020759136838661234,0.02446552243300211,0.9755344775669978
2026-06-24 11:10:00+09:00,0.0008212891503076425,0.006097560975609756,0.9386479975910869
2026-06-24 11:15:00+09:00,0.00046427739337523557,0.006097560975609756,0.9572417946401686
2026-06-24 11:20:00+09:00,-0.0001926678711231557,0.9633393556157783,0.0
2026-06-24 11:25:00+09:00,0.0,0.0,0.0
2026-06-24 12:30:00+09:00,0.0,0.0,0.0
2026-06-24 12:35:00+09:00,0.0,0.0,0.0
2026-06-24 12:40:00+09:00,0.0,0.0,0.0
2026-06-24 12:45:00+09:00,0.0,0.0,0.0
2026-06-24 12:50:00+09:00,0.0,0.0,0.0
2026-06-24 12:55:00+09:00,0.0,0.0,0.0
2026-06-24 13:00:00+09:00,-2.4851208247918597e-05,1.0,1.0
2026-06-24 13:05:00+09:00,-0.0007397543549144,0.0,1.0
2026-06-24 13:10:00+09:00,-0.0010808798830590786,0.0,0.987577160493827
2026-06-24 13:15:00+09:00,-0.0012482658395003617,0.0,0.9937499999999999
2026-06-24 13:20:00+09:00,3.30059834922167e-05,0.0,1.0
2026-06-24 13:25:00+09:00,0.0011933885402188131,0.0,0.9813271604938271
2026-06-24 13:30:00+09:00,0.00014020574734953736,0.0,0.9814043209876543
2026-06-24 13:35:00+09:00,0.0006743436057428726,0.0,0.9813271604938271
2026-06-24 13:40:00+09:00,-0.00046873965619907427,0.0,0.9876543209876543
2026-06-24 13:45:00+09:00,2.3811799591595778e-05,0.0,0.98125
2026-06-24 13:50:00+09:00,0.0011728698219168178,0.0,0.9750771604938271
2026-06-24 13:55:00+09:00,0.001050144697622843,0.0,1.0
2026-06-24 14:00:00+09:00,0.0006158298723984123,0.0,0.9937499999999999
2026-06-24 14:05:00+09:00,0.00030987095173260225,0.0,0.99375
2026-06-24 14:10:00+09:00,0.0008523317133078736,0.0,1.0
2026-06-24 14:15:00+09:00,0.0005484658928564128,0.0,0.9813271604938271
2026-06-24 14:20:00+09:00,-0.0005916942521485616,0.0,0.9875
2026-06-24 14:25:00+09:00,0.0002277400464667125,0.0,0.9750771604938271
2026-06-24 14:30:00+09:00,0.0007269709697788259,0.0,0.9814043209876542
2026-06-24 14:35:00+09:00,1.4888245237258518e-05,0.0,0.9813271604938272
2026-06-24 14:40:00+09:00,-2.793218542544411e-05,0.0,0.99375
2026-06-24 14:45:00+09:00,-0.0009077489223844065,0.0,0.9999999999999999
2026-06-24 14:50:00+09:00,-0.0004821134931134827,0.0,0.9874999999999999
2026-06-24 14:55:00+09:00,-0.0006131239019315968,0.0,0.99375
2026-06-24 15:00:00+09:00,0.00021570192424810657,0.0,0.9875771604938272
2026-06-24 15:05:00+09:00,-0.0005529973645874128,0.0,0.9938271604938271
2026-06-24 15:10:00+09:00,-0.00045259546807364937,0.0,0.9875771604938272
2026-06-24 15:15:00+09:00,-0.0002,1.0,0.0
2026-06-24 15:20:00+09:00,0.0,0.0,0.0
2026-06-25 09:00:00+09:00,0.0,0.0,0.0
2026-06-25 09:05:00+09:00,0.0,0.0,0.0
2026-06-25 09:10:00+09:00,0.0,0.0,0.0
2026-06-25 09:15:00+09:00,0.0,0.0,0.0
2026-06-25 09:20:00+09:00,0.0,0.0,0.0
2026-06-25 09:25:00+09:00,0.0,0.0,0.0
2026-06-25 09:30:00+09:00,5.415898922894989e-05,1.0,0.9999999999999999
2026-06-25 09:35:00+09:00,-0.0003690275688921478,0.0,0.9877295995182174
2026-06-25 09:40:00+09:00,0.000533384874873999,0.0,0.9815567600120445
2026-06-25 09:45:00+09:00,0.00010139013255458755,0.0,0.9877295995182174
2026-06-25 09:50:00+09:00,-2.515498265617538e-05,0.0,0.9938271604938271
2026-06-25 09:55:00+09:00,-0.0004994998135047106,0.0,0.9938271604938271
2026-06-25 10:00:00+09:00,-0.000256674052859151,0.0,0.9938271604938271
2026-06-25 10:05:00+09:00,0.00017187862455932105,0.0,0.9877295995182174
2026-06-25 10:10:00+09:00,0.00016832105889591996,0.0,0.9938271604938271
2026-06-25 10:15:00+09:00,-0.0005590778269993004,0.0,0.9692863595302619
2026-06-25 10:20:00+09:00,-8.246323543354328e-05,0.0,0.9816320385426076
2026-06-25 10:25:00+09:00,0.000256536278091083,0.0,0.9815567600120445
2026-06-25 10:30:00+09:00,0.0004378899245812655,0.0,0.9569406805179163
2026-06-25 10:35:00+09:00,-0.00021876528583425746,0.0,0.9754591990364347
2026-06-25 10:40:00+09:00,-5.259037083249403e-05,0.0,0.9938271604938271
2026-06-25 10:45:00+09:00,-0.00012303370309546538,0.0,0.9692110809996989
2026-06-25 10:50:00+09:00,-0.00035403021060014184,0.0,0.9753839205058716
2026-06-25 10:55:00+09:00,-8.55103421771265e-05,0.0,0.9815567600120445
2026-06-25 11:00:00+09:00,-0.00021440638020367702,0.0,0.9814814814814815
2026-06-25 11:05:00+09:00,-0.0002535110664312053,0.006172839506172839,0.9692863595302619
2026-06-25 11:10:00+09:00,0.0005873460233861463,0.006097560975609756,0.9815567600120446
2026-06-25 11:15:00+09:00,0.0001752086432409807,0.018367961457392352,0.9570159590484794
2026-06-25 11:20:00+09:00,-0.00019387232761216503,0.9693616380608251,0.0
2026-06-25 11:25:00+09:00,0.0,0.0,0.0
2026-06-25 12:30:00+09:00,0.0,0.0,0.0
2026-06-25 12:35:00+09:00,0.0,0.0,0.0
2026-06-25 12:40:00+09:00,0.0,0.0,0.0
2026-06-25 12:45:00+09:00,0.0,0.0,0.0
2026-06-25 12:50:00+09:00,0.0,0.0,0.0
2026-06-25 12:55:00+09:00,0.0,0.0,0.0
2026-06-25 13:00:00+09:00,6.041043685669673e-05,1.0,0.9999999999999999
2026-06-25 13:05:00+09:00,0.00016689105798913483,0.0,0.9689043209876543
2026-06-25 13:10:00+09:00,-0.00025752433187187847,0.0,0.9813271604938272
2026-06-25 13:15:00+09:00,7.269425528116117e-06,0.0,0.9938271604938271
2026-06-25 13:20:00+09:00,-0.00012379759241974285,0.0,0.9875771604938273
2026-06-25 13:25:00+09:00,-0.0004563907294075489,0.0,0.9876543209876543
2026-06-25 13:30:00+09:00,-0.00010541051296056447,0.0,0.9813271604938273
2026-06-25 13:35:00+09:00,0.00016812947037916673,0.0,0.9691358024691357
2026-06-25 13:40:00+09:00,0.000229401085366751,0.0,0.9628086419753086
2026-06-25 13:45:00+09:00,0.0001487112431334691,0.0,0.99375
2026-06-25 13:50:00+09:00,9.889135769220206e-05,0.0,0.9753086419753086
2026-06-25 13:55:00+09:00,6.675284125617578e-06,0.0,0.9689043209876542
2026-06-25 14:00:00+09:00,1.1329613875036557e-05,0.0,0.9876543209876543
2026-06-25 14:05:00+09:00,0.00010179959358222803,0.0,0.9751543209876543
2026-06-25 14:10:00+09:00,-5.304511917186086e-05,0.0,0.9751543209876543
2026-06-25 14:15:00+09:00,0.00011122593109732663,0.0,1.0
2026-06-25 14:20:00+09:00,0.00011159906668358216,0.0,0.9750771604938272
2026-06-25 14:25:00+09:00,0.0003140515520305788,0.0,0.9814814814814814
2026-06-25 14:30:00+09:00,-0.00014388839176123882,0.0,1.0
2026-06-25 14:35:00+09:00,0.000281347876225511,0.0,0.9814043209876543
2026-06-25 14:40:00+09:00,0.00013116821292730754,0.0,0.9814814814814814
2026-06-25 14:45:00+09:00,-0.00032985373455550167,0.0,0.9876543209876543
2026-06-25 14:50:00+09:00,0.0005185649020027629,0.0,0.9565586419753085
2026-06-25 14:55:00+09:00,0.00019052872056826296,0.0,1.0
2026-06-25 15:00:00+09:00,0.00029272865625220716,0.0,0.9938271604938271
2026-06-25 15:05:00+09:00,-8.958411552935093e-05,0.0,0.9999999999999999
2026-06-25 15:10:00+09:00,9.180520072848408e-05,0.0,1.0
2026-06-25 15:15:00+09:00,-0.0002,1.0,0.0
2026-06-25 15:20:00+09:00,0.0,0.0,0.0
2026-06-26 09:00:00+09:00,0.0,0.0,0.0
2026-06-26 09:05:00+09:00,0.0,0.0,0.0
2026-06-26 09:10:00+09:00,0.0,0.0,0.0
2026-06-26 09:15:00+09:00,0.0,0.0,0.0
2026-06-26 09:20:00+09:00,0.0,0.0,0.0
2026-06-26 09:25:00+09:00,0.0,0.0,0.0
2026-06-26 09:30:00+09:00,0.000585218636757731,1.0,1.0
2026-06-26 09:35:00+09:00,-0.00023057509804149187,0.0,0.9696591243020865
2026-06-26 09:40:00+09:00,-2.600721732684172e-05,0.0,0.9878783426388481
2026-06-26 09:45:00+09:00,-0.0005072847215699656,0.0,0.9939759036144579
2026-06-26 09:50:00+09:00,0.0005675966131531939,0.0,0.9878783426388481
2026-06-26 09:55:00+09:00,0.0005778103367722318,0.0,0.9878783426388482
2026-06-26 10:00:00+09:00,-0.00023137778279548845,0.0,0.9939024390243903
2026-06-26 10:05:00+09:00,0.00014549517537687333,0.0,0.9878048780487805
2026-06-26 10:10:00+09:00,0.00014606810881733024,0.0,0.9817073170731707
2026-06-26 10:15:00+09:00,-0.00034210882919871906,0.0,0.9817073170731709
2026-06-26 10:20:00+09:00,-0.00039845588485697586,0.0,0.9634880987364092
2026-06-26 10:25:00+09:00,-0.000175261934420089,0.0,0.9512929767851896
2026-06-26 10:30:00+09:00,0.00013809503533601238,0.0,1.0
2026-06-26 10:35:00+09:00,-7.830763234128758e-05,0.0,0.9817807816632385
2026-06-26 10:40:00+09:00,-0.00014303488173364657,0.0,0.9817807816632385
2026-06-26 10:45:00+09:00,-0.00024291945676051962,0.0,0.9756832206876287
2026-06-26 10:50:00+09:00,-0.00036373585915278035,0.0,0.9756097560975611
2026-06-26 10:55:00+09:00,-0.00021642777193976674,0.0,0.9878048780487807
2026-06-26 11:00:00+09:00,1.1975465080428064e-05,0.0,0.9757566852776962
2026-06-26 11:05:00+09:00,0.00013325192332935655,0.0,0.9939024390243902
2026-06-26 11:10:00+09:00,0.0002839133942407578,0.006097560975609756,0.9634880987364092
2026-06-26 11:15:00+09:00,-1.793421072494383e-05,0.018145753746694096,0.9635615633264767
2026-06-26 11:20:00+09:00,-0.00019515133705553926,0.9757566852776962,0.0
2026-06-26 11:25:00+09:00,0.0,0.0,0.0
2026-06-26 12:30:00+09:00,0.0,0.0,0.0
2026-06-26 12:35:00+09:00,0.0,0.0,0.0
2026-06-26 12:40:00+09:00,0.0,0.0,0.0
2026-06-26 12:45:00+09:00,0.0,0.0,0.0
2026-06-26 12:50:00+09:00,0.0,0.0,0.0
2026-06-26 12:55:00+09:00,0.0,0.0,0.0
2026-06-26 13:00:00+09:00,0.00021718044584762383,1.0,1.0
2026-06-26 13:05:00+09:00,0.0001280914800602814,0.0,0.9817807816632382
2026-06-26 13:10:00+09:00,0.0002170082544021843,0.0,0.9817073170731707
2026-06-26 13:15:00+09:00,-0.000299391032242245,0.0,0.9939759036144579
2026-06-26 13:20:00+09:00,0.00030508979267228857,0.0,0.9939024390243902
2026-06-26 13:25:00+09:00,-0.0001651264540884102,0.0,0.9635615633264767
2026-06-26 13:30:00+09:00,-0.0003001268563087416,0.0,0.9817073170731708
2026-06-26 13:35:00+09:00,0.0003224034059674229,0.0,0.9878783426388482
2026-06-26 13:40:00+09:00,0.0001165684695714483,0.0,0.9939024390243902
2026-06-26 13:45:00+09:00,3.803496836626193e-05,0.0,0.9939759036144578
2026-06-26 13:50:00+09:00,0.0003456704103056245,0.0,1.0
2026-06-26 13:55:00+09:00,-0.0003063759128668348,0.0,0.9635615633264767
2026-06-26 14:00:00+09:00,8.633044438830653e-05,0.0,0.987878342638848
2026-06-26 14:05:00+09:00,0.00018489551459794824,0.0,0.981854246253306
2026-06-26 14:10:00+09:00,2.6448589243770752e-05,0.0,0.9757566852776961
2026-06-26 14:15:00+09:00,-5.245070463756767e-05,0.0,0.9939024390243902
2026-06-26 14:20:00+09:00,0.00022610009235725777,0.0,0.9757566852776962
2026-06-26 14:25:00+09:00,0.0004299990095038219,0.0,0.9878048780487806
2026-06-26 14:30:00+09:00,4.4525987224778093e-05,0.0,0.9879518072289157
2026-06-26 14:35:00+09:00,-0.00039763391517122124,0.0,0.9878048780487805
2026-06-26 14:40:00+09:00,-0.00016534518802891564,0.0,0.9878783426388481
2026-06-26 14:45:00+09:00,0.0001988226160334013,0.0,0.9939759036144578
2026-06-26 14:50:00+09:00,-1.1049818918389239e-05,0.0,0.975609756097561
2026-06-26 14:55:00+09:00,-6.0745883022755334e-05,0.0,0.9939024390243902
2026-06-26 15:00:00+09:00,3.378291243274579e-05,0.0,0.9939759036144579
2026-06-26 15:05:00+09:00,9.954855829742164e-05,0.0,0.9878048780487805
2026-06-26 15:10:00+09:00,-5.6922092838418175e-05,0.006097560975609756,0.9817073170731708
2026-06-26 15:15:00+09:00,-0.00019878048780487808,0.9939024390243902,0.0
2026-06-26 15:20:00+09:00,0.0,0.0,0.0
2026-06-29 09:00:00+09:00,0.0,0.0,0.0
2026-06-29 09:05:00+09:00,0.0,0.0,0.0
2026-06-29 09:10:00+09:00,0.0,0.0,0.0
2026-06-29 09:15:00+09:00,0.0,0.0,0.0
2026-06-29 09:20:00+09:00,0.0,0.0,0.0
2026-06-29 09:25:00+09:00,0.0,0.0,0.0
2026-06-29 09:30:00+09:00,-0.002063864000865793,1.0,1.0
2026-06-29 09:35:00+09:00,0.0041933499783123615,0.0,1.0
2026-06-29 09:40:00+09:00,0.001522420669879331,0.0,1.0
2026-06-29 09:45:00+09:00,0.002767760473164037,0.0,0.9999999999999998
2026-06-29 09:50:00+09:00,0.00275727956956406,0.0,0.9940476190476191
2026-06-29 09:55:00+09:00,-0.0007611144523518252,0.0,0.9940476190476191
2026-06-29 10:00:00+09:00,0.0005733339335578641,0.0,1.0
2026-06-29 10:05:00+09:00,-0.0005732927139350037,0.0,0.9939759036144578
2026-06-29 10:10:00+09:00,-0.0012505607891981662,0.0,0.9879518072289156
2026-06-29 10:15:00+09:00,-0.0016917384175028027,0.0,0.9939759036144578
2026-06-29 10:20:00+09:00,-0.0014725399614027622,0.0,0.9940476190476191
2026-06-29 10:25:00+09:00,0.0032857074589775783,0.0,0.994047619047619
2026-06-29 10:30:00+09:00,0.003549610836213108,0.0,1.0
2026-06-29 10:35:00+09:00,0.0004365504690091687,0.0,0.9940476190476191
2026-06-29 10:40:00+09:00,-0.0015976901657099448,0.0,1.0
2026-06-29 10:45:00+09:00,-0.0008194435906060213,0.0,1.0
2026-06-29 10:50:00+09:00,-0.0005899468892714842,0.0,0.9939759036144578
2026-06-29 10:55:00+09:00,-0.0019576089965274816,0.0,0.9879518072289156
2026-06-29 11:00:00+09:00,-0.0006608215726397427,0.0,1.0
2026-06-29 11:05:00+09:00,-0.00216744054545194,0.0,0.9939759036144578
2026-06-29 11:10:00+09:00,0.0018338361478510267,0.0,1.0
2026-06-29 11:15:00+09:00,0.0006925623427400669,0.0,1.0
2026-06-29 11:20:00+09:00,-0.0002,1.0,0.0
2026-06-29 11:25:00+09:00,0.0,0.0,0.0
2026-06-29 12:30:00+09:00,0.0,0.0,0.0
2026-06-29 12:35:00+09:00,0.0,0.0,0.0
2026-06-29 12:40:00+09:00,0.0,0.0,0.0
2026-06-29 12:45:00+09:00,0.0,0.0,0.0
2026-06-29 12:50:00+09:00,0.0,0.0,0.0
2026-06-29 12:55:00+09:00,0.0,0.0,0.0
2026-06-29 13:00:00+09:00,5.3389261472065665e-05,1.0,1.0
2026-06-29 13:05:00+09:00,0.00014616660561045361,0.0,1.0
2026-06-29 13:10:00+09:00,-0.000125753285179394,0.0,0.9939024390243902
2026-06-29 13:15:00+09:00,-1.483543378257567e-05,0.0,0.9635615633264767
2026-06-29 13:20:00+09:00,0.0003432373681285418,0.0,0.9757566852776962
2026-06-29 13:25:00+09:00,-1.0744031955299735e-05,0.0,0.9635615633264767
2026-06-29 13:30:00+09:00,0.0001263089826102374,0.0,0.9756832206876286
2026-06-29 13:35:00+09:00,-0.00012797946042329087,0.0,0.9696591243020865
2026-06-29 13:40:00+09:00,-6.424048420316522e-05,0.0,0.9452688803996474
2026-06-29 13:45:00+09:00,0.000339832442728915,0.0,0.9757566852776962
2026-06-29 13:50:00+09:00,0.00014367724051668357,0.0,0.9513664413752572
2026-06-29 13:55:00+09:00,0.0001515203887837684,0.0,0.9817073170731707
2026-06-29 14:00:00+09:00,-0.00015051744260226823,0.0,0.9879518072289157
2026-06-29 14:05:00+09:00,-0.00017130968314777286,0.0,0.9939024390243902
2026-06-29 14:10:00+09:00,-6.690121559724515e-05,0.0,0.9756832206876285
2026-06-29 14:15:00+09:00,-0.00022429072048754236,0.0,0.9393182486041729
2026-06-29 14:20:00+09:00,4.4445250384647076e-05,0.0,0.9333676168086982
2026-06-29 14:25:00+09:00,-0.00041058897965874327,0.0,0.981854246253306
2026-06-29 14:30:00+09:00,-0.00025129795095231715,0.0,0.9939024390243902
2026-06-29 14:35:00+09:00,-0.0006023400796844777,0.0,0.9758301498677637
2026-06-29 14:40:00+09:00,-8.80603957111821e-05,0.0,0.9758301498677637
2026-06-29 14:45:00+09:00,-0.0005049782653472156,0.0,0.993975903614458
2026-06-29 14:50:00+09:00,-0.0002877679074786017,0.0,0.9879518072289157
2026-06-29 14:55:00+09:00,-0.00019900922746068017,0.006097560975609756,0.9939024390243902
2026-06-29 15:00:00+09:00,0.00013994376741167746,0.0,0.9757566852776962
2026-06-29 15:05:00+09:00,-9.155033192255523e-05,0.0,0.9878783426388482
2026-06-29 15:10:00+09:00,-2.8843422241188433e-06,0.0,0.9817807816632383
2026-06-29 15:15:00+09:00,-0.00019878048780487808,0.9939024390243902,0.0
2026-06-29 15:20:00+09:00,0.0,0.0,0.0
2026-06-30 09:00:00+09:00,0.0,0.0,0.0
2026-06-30 09:05:00+09:00,0.0,0.0,0.0
2026-06-30 09:10:00+09:00,0.0,0.0,0.0
2026-06-30 09:15:00+09:00,0.0,0.0,0.0
2026-06-30 09:20:00+09:00,0.0,0.0,0.0
2026-06-30 09:25:00+09:00,0.0,0.0,0.0
2026-06-30 09:30:00+09:00,0.0002151266352200068,1.0,1.0
2026-06-30 09:35:00+09:00,0.00018661191269923432,0.0,0.9879518072289157
2026-06-30 09:40:00+09:00,0.00025910994472125293,0.0,0.9634880987364092
2026-06-30 09:45:00+09:00,5.812407647175686e-05,0.0,0.9939024390243902
2026-06-30 09:50:00+09:00,-8.442761443479189e-05,0.0,0.9939759036144579
2026-06-30 09:55:00+09:00,-0.0003276031703612854,0.0,0.9939759036144579
2026-06-30 10:00:00+09:00,5.1550569912065436e-05,0.0,0.9939759036144579
2026-06-30 10:05:00+09:00,0.00026730703970255336,0.0,0.9879518072289157
2026-06-30 10:10:00+09:00,-0.0001360679915609943,0.0,1.0
2026-06-30 10:15:00+09:00,0.00039555311980001175,0.0,0.9758301498677637
2026-06-30 10:20:00+09:00,0.0005871600810045626,0.0,1.0
2026-06-30 10:25:00+09:00,-0.00022584581180922522,0.0,0.9878048780487805
2026-06-30 10:30:00+09:00,-6.218397376184577e-05,0.0,0.9939024390243902
2026-06-30 10:35:00+09:00,-0.00042663270295011373,0.0,1.0
2026-06-30 10:40:00+09:00,-0.0004682691039745015,0.0,1.0
2026-06-30 10:45:00+09:00,0.0006790072187166813,0.0,0.9758301498677638
2026-06-30 10:50:00+09:00,0.00019257103841099243,0.0,0.9878783426388482
2026-06-30 10:55:00+09:00,0.00042955745898637805,0.0,0.9757566852776962
2026-06-30 11:00:00+09:00,-5.628060970474699e-05,0.0,0.981854246253306
2026-06-30 11:05:00+09:00,-3.132589295097464e-05,0.0,0.9757566852776962
2026-06-30 11:10:00+09:00,0.0004596833273746856,0.006097560975609756,0.9939024390243903
2026-06-30 11:15:00+09:00,0.0002176948026603957,0.006024096385542169,0.9576109315310022
2026-06-30 11:20:00+09:00,-0.00019757566852776962,0.9878783426388481,0.0
2026-06-30 11:25:00+09:00,0.0,0.0,0.0
2026-06-30 12:30:00+09:00,0.0,0.0,0.0
2026-06-30 12:35:00+09:00,0.0,0.0,0.0
2026-06-30 12:40:00+09:00,0.0,0.0,0.0
2026-06-30 12:45:00+09:00,0.0,0.0,0.0
2026-06-30 12:50:00+09:00,0.0,0.0,0.0
2026-06-30 12:55:00+09:00,0.0,0.0,0.0
2026-06-30 13:00:00+09:00,-0.00015808528430431604,1.0,0.9999999999999999
2026-06-30 13:05:00+09:00,6.648131350376567e-05,0.0,0.9939024390243902
2026-06-30 13:10:00+09:00,-0.0003259830435273056,0.0,0.975609756097561
2026-06-30 13:15:00+09:00,0.00011166997232144052,0.0,0.9755344775669978
2026-06-30 13:20:00+09:00,-0.000420188409852418,0.0,0.9939024390243901
2026-06-30 13:25:00+09:00,0.00015031965710316482,0.0,0.9755344775669978
2026-06-30 13:30:00+09:00,-1.455902694810469e-05,0.0,0.9816320385426075
2026-06-30 13:35:00+09:00,6.388463146578233e-05,0.0,0.9876543209876543
2026-06-30 13:40:00+09:00,0.0003682514238154226,0.0,0.9815567600120445
2026-06-30 13:45:00+09:00,-0.000390247485342905,0.0,0.9816320385426076
2026-06-30 13:50:00+09:00,-0.0001219222142222542,0.0,0.9939024390243902
2026-06-30 13:55:00+09:00,-3.7735715123069265e-05,0.0,0.9754591990364347
2026-06-30 14:00:00+09:00,0.0003543143632419468,0.0,0.9817073170731706
2026-06-30 14:05:00+09:00,0.0003872039042678543,0.0,0.9753839205058716
2026-06-30 14:10:00+09:00,0.00026786540350425204,0.0,0.9570159590484792
2026-06-30 14:15:00+09:00,-4.636499243870273e-05,0.0,0.9692110809996988
2026-06-30 14:20:00+09:00,0.00038229749883038393,0.0,0.9877295995182174
2026-06-30 14:25:00+09:00,-3.345542998796029e-05,0.0,1.0
2026-06-30 14:30:00+09:00,0.00017599875583020056,0.0,0.9938271604938271
2026-06-30 14:35:00+09:00,-0.0002081348566289581,0.0,0.9938271604938271
2026-06-30 14:40:00+09:00,-0.0001823424718342351,0.0,0.969361638060825
2026-06-30 14:45:00+09:00,0.00026294547391817374,0.0,0.969361638060825
2026-06-30 14:50:00+09:00,0.00023090185423802276,0.0,0.9939024390243901
2026-06-30 14:55:00+09:00,0.00021325940354683875,0.0,0.9877295995182174
2026-06-30 15:00:00+09:00,0.00014093489974730558,0.0,0.9999999999999998
2026-06-30 15:05:00+09:00,0.00019884176541714248,0.0,0.9939024390243902
2026-06-30 15:10:00+09:00,0.00033464175844615294,0.0,1.0
2026-06-30 15:15:00+09:00,-0.0002,1.0,0.0
2026-06-30 15:20:00+09:00,0.0,0.0,0.0
2026-07-01 09:00:00+09:00,0.0,0.0,0.0
2026-07-01 09:05:00+09:00,0.0,0.0,0.0
2026-07-01 09:10:00+09:00,0.0,0.0,0.0
2026-07-01 09:15:00+09:00,0.0,0.0,0.0
2026-07-01 09:20:00+09:00,0.0,0.0,0.0
2026-07-01 09:25:00+09:00,0.0,0.0,0.0
2026-07-01 09:30:00+09:00,-0.0005298438374699536,1.0,1.0
2026-07-01 09:35:00+09:00,-0.00017353282149913348,0.0,0.9877295995182174
2026-07-01 09:40:00+09:00,-0.00022105663936300519,0.0,0.9877295995182174
2026-07-01 09:45:00+09:00,0.00029070958044571786,0.0,0.9876543209876543
2026-07-01 09:50:00+09:00,7.716935156316812e-05,0.0,1.0
2026-07-01 09:55:00+09:00,0.0005375594614578494,0.0,1.0
2026-07-01 10:00:00+09:00,5.145089438489316e-05,0.0,0.9877295995182174
2026-07-01 10:05:00+09:00,0.0007347272401382004,0.0,0.9570159590484792
2026-07-01 10:10:00+09:00,0.0003075545233822107,0.0,0.9753839205058717
2026-07-01 10:15:00+09:00,5.997230426585396e-05,0.0,0.9938271604938271
2026-07-01 10:20:00+09:00,-0.0006055553227160601,0.0,0.963038241493526
2026-07-01 10:25:00+09:00,0.0007433438056676891,0.0,0.9815567600120445
2026-07-01 10:30:00+09:00,0.0005487475127650878,0.0,0.9753839205058716
2026-07-01 10:35:00+09:00,0.0004934827593029136,0.0,0.9692863595302619
2026-07-01 10:40:00+09:00,0.00037669019152276797,0.0,0.9878048780487804
2026-07-01 10:45:00+09:00,-0.0002921727143875152,0.0,0.9694369165913881
2026-07-01 10:50:00+09:00,-0.00023139539936811656,0.0,0.9816320385426076
2026-07-01 10:55:00+09:00,0.0006968301744682116,0.0,0.9938271604938271
2026-07-01 11:00:00+09:00,-7.987455280690347e-05,0.006172839506172839,0.969361638060825
2026-07-01 11:05:00+09:00,-8.344519303892036e-05,0.0,0.9877295995182174
2026-07-01 11:10:00+09:00,-0.0003276717707993679,0.006172839506172839,0.9568654019873531
2026-07-01 11:15:00+09:00,-0.000531419624228868,0.036886479975910866,0.932324601023788
2026-07-01 11:20:00+09:00,-0.0001901535682023487,0.9507678410117435,0.0
2026-07-01 11:25:00+09:00,0.0,0.0,0.0
2026-07-01 12:30:00+09:00,0.0,0.0,0.0
2026-07-01 12:35:00+09:00,0.0,0.0,0.0
2026-07-01 12:40:00+09:00,0.0,0.0,0.0
2026-07-01 12:45:00+09:00,0.0,0.0,0.0
2026-07-01 12:50:00+09:00,0.0,0.0,0.0
2026-07-01 12:55:00+09:00,0.0,0.0,0.0
2026-07-01 13:00:00+09:00,0.00031575625056233606,1.0,1.0
2026-07-01 13:05:00+09:00,0.0005074904239929865,0.0,0.9815567600120445
2026-07-01 13:10:00+09:00,-0.000421736079413139,0.0,1.0
2026-07-01 13:15:00+09:00,-0.0002836408041395116,0.0,0.9753839205058716
2026-07-01 13:20:00+09:00,-0.00027914010203697055,0.0,0.9877295995182174
2026-07-01 13:25:00+09:00,0.00013612263509152063,0.0,0.9938271604938271
2026-07-01 13:30:00+09:00,-0.00023887168163672518,0.0,0.9938271604938272
2026-07-01 13:35:00+09:00,-0.0005146752064679693,0.0,0.9815567600120445
2026-07-01 13:40:00+09:00,-0.00022634932527802013,0.0,0.9876543209876543
2026-07-01 13:45:00+09:00,-0.000288780583068924,0.0,0.9938271604938271
2026-07-01 13:50:00+09:00,0.0004792527678732591,0.0,0.9755344775669978
2026-07-01 13:55:00+09:00,2.6292045465862305e-05,0.0,0.9877295995182174
2026-07-01 14:00:00+09:00,-0.0002598124630901833,0.0,0.9754591990364347
2026-07-01 14:05:00+09:00,0.00025354559362685545,0.0,0.993827160493827
2026-07-01 14:10:00+09:00,0.00030619510616328925,0.0,0.9755344775669978
2026-07-01 14:15:00+09:00,-8.755444830912834e-05,0.0,0.9816320385426076
2026-07-01 14:20:00+09:00,-0.0001619800120281157,0.0,0.9876543209876543
2026-07-01 14:25:00+09:00,-0.00026215390338639737,0.0,0.9877295995182174
2026-07-01 14:30:00+09:00,0.0003574520293037788,0.0,0.9876543209876543
2026-07-01 14:35:00+09:00,-2.8262515460050303e-05,0.0,0.9816320385426076
2026-07-01 14:40:00+09:00,-0.00024058508948867792,0.0,0.9999999999999999
2026-07-01 14:45:00+09:00,0.00021759468834207493,0.0,0.9938271604938271
2026-07-01 14:50:00+09:00,0.0005969898259140529,0.0,0.9814814814814814
2026-07-01 14:55:00+09:00,-0.00031364939508536464,0.0,0.9938271604938271
2026-07-01 15:00:00+09:00,-0.00016350814112477369,0.0,0.9999999999999999
2026-07-01 15:05:00+09:00,0.0001001237357820576,0.0,0.9877295995182174
2026-07-01 15:10:00+09:00,-0.00018005588958889252,0.0,0.9999999999999999
2026-07-01 15:15:00+09:00,-0.0002,1.0,0.0
2026-07-01 15:20:00+09:00,0.0,0.0,0.0
2026-07-02 09:00:00+09:00,0.0,0.0,0.0
2026-07-02 09:05:00+09:00,0.0,0.0,0.0
2026-07-02 09:10:00+09:00,0.0,0.0,0.0
2026-07-02 09:15:00+09:00,0.0,0.0,0.0
2026-07-02 09:20:00+09:00,0.0,0.0,0.0
2026-07-02 09:25:00+09:00,0.0,0.0,0.0
2026-07-02 09:30:00+09:00,-0.0011173241781446631,1.0,1.0
2026-07-02 09:35:00+09:00,-0.0006082502230431294,0.0,0.993975903614458
2026-07-02 09:40:00+09:00,0.00024677499502658224,0.0,1.0
2026-07-02 09:45:00+09:00,0.00046965223365815406,0.0,1.0
2026-07-02 09:50:00+09:00,0.0007650742066169276,0.0,0.9757566852776962
2026-07-02 09:55:00+09:00,0.0003958624365331104,0.0,0.993975903614458
2026-07-02 10:00:00+09:00,0.001304260547002138,0.0,0.9939759036144579
2026-07-02 10:05:00+09:00,0.0008578721950015346,0.0,0.993975903614458
2026-07-02 10:10:00+09:00,0.0003359102268055642,0.0,0.9939024390243902
2026-07-02 10:15:00+09:00,0.0005946083854572416,0.0,0.9819277108433736
2026-07-02 10:20:00+09:00,0.00022912568014581597,0.0,0.9878783426388481
2026-07-02 10:25:00+09:00,-0.0011328116937485246,0.0,0.993975903614458
2026-07-02 10:30:00+09:00,0.0007971497483090805,0.0,0.993975903614458
2026-07-02 10:35:00+09:00,0.0003329542096567047,0.0,0.9697325888921541
2026-07-02 10:40:00+09:00,0.0006622945461019856,0.0,0.9698060534822217
2026-07-02 10:45:00+09:00,-0.00035656871655342156,0.0,0.981854246253306
2026-07-02 10:50:00+09:00,-0.00013035596817069208,0.0,0.9515868351454599
2026-07-02 10:55:00+09:00,-2.5462039679122873e-05,0.0,0.9879518072289157
2026-07-02 11:00:00+09:00,-0.00014522422724002994,0.0,0.9879518072289157
2026-07-02 11:05:00+09:00,0.0009004448825246082,0.0,0.9698060534822217
2026-07-02 11:10:00+09:00,-0.0005103431141747496,0.006024096385542169,0.9759036144578314
2026-07-02 11:15:00+09:00,-7.205026315300979e-05,0.036218042903320605,0.9396121069644432
2026-07-02 11:20:00+09:00,-0.00019155157214222746,0.9577578607111372,0.0
2026-07-02 11:25:00+09:00,0.0,0.0,0.0
2026-07-02 12:30:00+09:00,0.0,0.0,0.0
2026-07-02 12:35:00+09:00,0.0,0.0,0.0
2026-07-02 12:40:00+09:00,0.0,0.0,0.0
2026-07-02 12:45:00+09:00,0.0,0.0,0.0
2026-07-02 12:50:00+09:00,0.0,0.0,0.0
2026-07-02 12:55:00+09:00,0.0,0.0,0.0
2026-07-02 13:00:00+09:00,-5.4641848030498425e-05,1.0,0.9999999999999999
2026-07-02 13:05:00+09:00,0.00023778543767539833,0.0,0.9938271604938271
2026-07-02 13:10:00+09:00,-0.0004032411354855911,0.0,0.9938271604938271
2026-07-02 13:15:00+09:00,4.649697861040302e-05,0.0,0.9875771604938272
2026-07-02 13:20:00+09:00,-0.00021660823365043816,0.0,0.98125
2026-07-02 13:25:00+09:00,0.00018869607376369377,0.0,0.9999999999999999
2026-07-02 13:30:00+09:00,0.0001232719574165497,0.0,0.9938271604938272
2026-07-02 13:35:00+09:00,-0.00028528797463164216,0.0,0.9999999999999999
2026-07-02 13:40:00+09:00,8.372580680172667e-05,0.0,0.9937499999999999
2026-07-02 13:45:00+09:00,4.273941688233822e-05,0.0,0.9938271604938271
2026-07-02 13:50:00+09:00,2.6453772745840924e-05,0.0,0.9688271604938271
2026-07-02 13:55:00+09:00,-0.00017297308124453512,0.0,0.9750771604938271
2026-07-02 14:00:00+09:00,0.0006453456620044946,0.0,0.9813271604938272
2026-07-02 14:05:00+09:00,-0.00022021469928676634,0.0,0.9938271604938271
2026-07-02 14:10:00+09:00,0.00013489255517025749,0.0,1.0
2026-07-02 14:15:00+09:00,3.8101126757623244e-05,0.0,0.9875771604938272
2026-07-02 14:20:00+09:00,0.00038428915815624093,0.0,0.9937499999999999
2026-07-02 14:25:00+09:00,-0.00018569283085224564,0.0,0.9937499999999999
2026-07-02 14:30:00+09:00,-9.836784135229117e-05,0.0,0.9937499999999999
2026-07-02 14:35:00+09:00,0.0003804689005541263,0.0,1.0
2026-07-02 14:40:00+09:00,-9.512143835974604e-06,0.0,0.9937499999999999
2026-07-02 14:45:00+09:00,0.00020108805372047786,0.0,0.9937499999999999
2026-07-02 14:50:00+09:00,-5.192092612954063e-05,0.0,0.9937499999999999
2026-07-02 14:55:00+09:00,-0.00012605322341777353,0.0,0.9999999999999999
2026-07-02 15:00:00+09:00,-0.00022759286178872587,0.0,0.9937499999999999
2026-07-02 15:05:00+09:00,3.519262324519262e-05,0.0,0.9999999999999999
2026-07-02 15:10:00+09:00,0.00026723088488704865,0.006172839506172839,0.9938271604938271
2026-07-02 15:15:00+09:00,-0.00019876543209876543,0.9938271604938271,0.0
2026-07-02 15:20:00+09:00,0.0,0.0,0.0
2026-07-03 09:00:00+09:00,0.0,0.0,0.0
2026-07-03 09:05:00+09:00,0.0,0.0,0.0
2026-07-03 09:10:00+09:00,0.0,0.0,0.0
2026-07-03 09:15:00+09:00,0.0,0.0,0.0
2026-07-03 09:20:00+09:00,0.0,0.0,0.0
2026-07-03 09:25:00+09:00,0.0,0.0,0.0
2026-07-03 09:30:00+09:00,0.001445666147581621,1.0,0.9999999999999999
2026-07-03 09:35:00+09:00,0.0005036857876558668,0.0,0.9938271604938271
2026-07-03 09:40:00+09:00,0.0005565315284772473,0.0,1.0
2026-07-03 09:45:00+09:00,3.5104406742783316e-05,0.0,0.9816320385426076
2026-07-03 09:50:00+09:00,0.00034704733747171015,0.0,0.9815567600120445
2026-07-03 09:55:00+09:00,0.0015322316104509465,0.0,0.9938271604938271
2026-07-03 10:00:00+09:00,0.0009967460259619884,0.0,0.9939024390243902
2026-07-03 10:05:00+09:00,-0.0002851641145110778,0.0,1.0
2026-07-03 10:10:00+09:00,0.0006088405896694764,0.0,1.0
2026-07-03 10:15:00+09:00,0.0009753197143739193,0.0,0.9876543209876543
2026-07-03 10:20:00+09:00,-9.726965913881228e-05,0.0,0.9753839205058717
2026-07-03 10:25:00+09:00,-0.00047180543093776464,0.0,0.9878048780487805
2026-07-03 10:30:00+09:00,0.0004370171735331288,0.0,0.9939024390243902
2026-07-03 10:35:00+09:00,-0.00010089717099289566,0.0,0.9815567600120445
2026-07-03 10:40:00+09:00,-0.0004168781685786337,0.0,0.9938271604938271
2026-07-03 10:45:00+09:00,0.00026460308568028467,0.0,0.9938271604938271
2026-07-03 10:50:00+09:00,-0.0001516778948464763,0.0,0.9568654019873533
2026-07-03 10:55:00+09:00,0.0004734820047072859,0.0,0.9877295995182174
2026-07-03 11:00:00+09:00,0.000736897031076059,0.0,0.9815567600120446
2026-07-03 11:05:00+09:00,-0.0006910827917148031,0.0,0.9938271604938271
2026-07-03 11:10:00+09:00,-0.0007659134532333129,0.012345679012345678,0.9753839205058716
2026-07-03 11:15:00+09:00,0.0003161569281357822,0.006172839506172839,0.9753839205058716
2026-07-03 11:20:00+09:00,-0.0001962962962962963,0.9814814814814815,0.0
2026-07-03 11:25:00+09:00,0.0,0.0,0.0
2026-07-03 12:30:00+09:00,0.0,0.0,0.0
2026-07-03 12:35:00+09:00,0.0,0.0,0.0
2026-07-03 12:40:00+09:00,0.0,0.0,0.0
2026-07-03 12:45:00+09:00,0.0,0.0,0.0
2026-07-03 12:50:00+09:00,0.0,0.0,0.0
2026-07-03 12:55:00+09:00,0.0,0.0,0.0
2026-07-03 13:00:00+09:00,-0.0003487199985610839,1.0,0.9999999999999999
2026-07-03 13:05:00+09:00,-3.539712631787136e-05,0.0,0.9813271604938272
2026-07-03 13:10:00+09:00,-0.00021603901535816232,0.0,0.9999999999999999
2026-07-03 13:15:00+09:00,-5.941945313444202e-06,0.0,0.9564043209876543
2026-07-03 13:20:00+09:00,6.968343882058862e-05,0.0,0.9937499999999998
2026-07-03 13:25:00+09:00,-3.635709102283416e-05,0.0,0.9874999999999998
2026-07-03 13:30:00+09:00,-0.0004334448969511457,0.0,0.9875771604938272
2026-07-03 13:35:00+09:00,0.0003711355633929684,0.0,0.9813271604938272
2026-07-03 13:40:00+09:00,0.0005385221016218375,0.0,0.9751543209876542
2026-07-03 13:45:00+09:00,-0.00017271333791537172,0.0,0.9938271604938271
2026-07-03 13:50:00+09:00,-0.0004603541036011535,0.0,0.9876543209876543
2026-07-03 13:55:00+09:00,-0.00012903497051108552,0.0,0.993827160493827
2026-07-03 14:00:00+09:00,6.861071142887575e-05,0.0,0.9751543209876543
2026-07-03 14:05:00+09:00,0.00017658364365271342,0.0,0.9627314814814815
2026-07-03 14:10:00+09:00,1.534030075627565e-06,0.0,0.9814043209876542
2026-07-03 14:15:00+09:00,-0.00021004517505809642,0.0,0.9814043209876544
2026-07-03 14:20:00+09:00,-0.00032099804792309325,0.0,0.9814043209876542
2026-07-03 14:25:00+09:00,-0.0002865918113932363,0.0,1.0
2026-07-03 14:30:00+09:00,-0.0001280286602719173,0.0,0.9937499999999999
2026-07-03 14:35:00+09:00,0.00030003664317513576,0.0,0.9937499999999999
2026-07-03 14:40:00+09:00,-0.00023121235809303958,0.0,1.0
2026-07-03 14:45:00+09:00,-0.0003912294910698536,0.0,1.0
2026-07-03 14:50:00+09:00,-6.089538635009273e-05,0.0,0.9999999999999998
2026-07-03 14:55:00+09:00,-2.5567988401595783e-05,0.0,0.9999999999999999
2026-07-03 15:00:00+09:00,-0.0002231513566597132,0.0,0.9813271604938271
2026-07-03 15:05:00+09:00,-3.057155741056509e-05,0.0,1.0
2026-07-03 15:10:00+09:00,0.00016969030995174364,0.0,1.0
2026-07-03 15:15:00+09:00,-0.0002,1.0,0.0
2026-07-03 15:20:00+09:00,0.0,0.0,0.0
2026-07-06 09:00:00+09:00,0.0,0.0,0.0
2026-07-06 09:05:00+09:00,0.0,0.0,0.0
2026-07-06 09:10:00+09:00,0.0,0.0,0.0
2026-07-06 09:15:00+09:00,0.0,0.0,0.0
2026-07-06 09:20:00+09:00,0.0,0.0,0.0
2026-07-06 09:25:00+09:00,0.0,0.0,0.0
2026-07-06 09:30:00+09:00,-0.000943486760302013,1.0,1.0
2026-07-06 09:35:00+09:00,0.0002512625276806763,0.0,0.9939024390243902
2026-07-06 09:40:00+09:00,0.0012123728057029327,0.0,1.0
2026-07-06 09:45:00+09:00,-0.0003527205293315252,0.0,1.0
2026-07-06 09:50:00+09:00,-0.0004122989346581347,0.0,1.0
2026-07-06 09:55:00+09:00,-0.001581564866779581,0.0,0.9878783426388481
2026-07-06 10:00:00+09:00,0.0007832364500804257,0.0,0.9939024390243902
2026-07-06 10:05:00+09:00,-0.0008113325673404281,0.0,0.9817073170731707
2026-07-06 10:10:00+09:00,0.0009105111258279289,0.0,1.0
2026-07-06 10:15:00+09:00,-0.0012852463522596647,0.0,0.993975903614458
2026-07-06 10:20:00+09:00,1.0184429238884997e-05,0.0,1.0
2026-07-06 10:25:00+09:00,0.00021667106027083665,0.0,0.9878783426388481
2026-07-06 10:30:00+09:00,-0.0013295028821844936,0.0,0.9939024390243902
2026-07-06 10:35:00+09:00,-0.00042960755560053437,0.0,1.0
2026-07-06 10:40:00+09:00,-0.0013261474817584248,0.0,0.9878783426388482
2026-07-06 10:45:00+09:00,-0.00029905229914429073,0.0,1.0
2026-07-06 10:50:00+09:00,9.262407194413443e-05,0.0,0.9939024390243902
2026-07-06 10:55:00+09:00,1.701734614627451e-05,0.0,1.0
2026-07-06 11:00:00+09:00,-0.0006356921813915746,0.0,0.9939024390243902
2026-07-06 11:05:00+09:00,-0.0010690047807791817,0.0,1.0
2026-07-06 11:10:00+09:00,-0.00064407867568697,0.0,0.9939759036144579
2026-07-06 11:15:00+09:00,0.0004259538166811819,0.0,1.0
2026-07-06 11:20:00+09:00,-0.0002,1.0,0.0
2026-07-06 11:25:00+09:00,0.0,0.0,0.0
2026-07-06 12:30:00+09:00,0.0,0.0,0.0
2026-07-06 12:35:00+09:00,0.0,0.0,0.0
2026-07-06 12:40:00+09:00,0.0,0.0,0.0
2026-07-06 12:45:00+09:00,0.0,0.0,0.0
2026-07-06 12:50:00+09:00,0.0,0.0,0.0
2026-07-06 12:55:00+09:00,0.0,0.0,0.0
2026-07-06 13:00:00+09:00,0.00028351378549767054,1.0,1.0
2026-07-06 13:05:00+09:00,-0.00032972492679890806,0.0,0.99375
2026-07-06 13:10:00+09:00,-0.0002386310780945374,0.0,0.9873417721518988
2026-07-06 13:15:00+09:00,0.00017559688631653447,0.0,0.9937500000000001
2026-07-06 13:20:00+09:00,-0.0004789758345798138,0.0,0.9875
2026-07-06 13:25:00+09:00,-0.0002575272867338045,0.0,0.9811708860759495
2026-07-06 13:30:00+09:00,-0.00034972525556100265,0.0,0.9874208860759494
2026-07-06 13:35:00+09:00,1.8696958612745063e-05,0.0,0.968512658227848
2026-07-06 13:40:00+09:00,0.00024328568244594748,0.0,0.9937500000000001
2026-07-06 13:45:00+09:00,-0.00032698035437064225,0.0,0.9811708860759495
2026-07-06 13:50:00+09:00,7.333655107240588e-05,0.0,0.9875
2026-07-06 13:55:00+09:00,0.0002570957567109202,0.0,0.9686708860759494
2026-07-06 14:00:00+09:00,-4.887140644085589e-05,0.0,0.9749208860759494
2026-07-06 14:05:00+09:00,-6.60669659344805e-05,0.0,0.9811708860759495
2026-07-06 14:10:00+09:00,-0.00021091714770418553,0.0,0.9875000000000002
2026-07-06 14:15:00+09:00,0.00045972828867674116,0.0,0.99375
2026-07-06 14:20:00+09:00,0.00012604309241754361,0.0,0.9937500000000001
2026-07-06 14:25:00+09:00,-0.00012053636108420531,0.0,1.0
2026-07-06 14:30:00+09:00,1.3946153432613845e-05,0.0,0.99375
2026-07-06 14:35:00+09:00,-0.000539601990606049,0.0,0.9874208860759495
2026-07-06 14:40:00+09:00,9.400343029646059e-05,0.0,1.0
2026-07-06 14:45:00+09:00,-0.00020297913647046345,0.0,1.0
2026-07-06 14:50:00+09:00,-0.000263568049297668,0.0,1.0
2026-07-06 14:55:00+09:00,-5.680429201319245e-05,0.0,1.0
2026-07-06 15:00:00+09:00,-0.0002756950299196241,0.0,0.9874208860759495
2026-07-06 15:05:00+09:00,0.0001523511057251979,0.0,0.9937500000000001
2026-07-06 15:10:00+09:00,-0.00037558831928262204,0.0,0.9937500000000001
2026-07-06 15:15:00+09:00,-0.0002,1.0,0.0
2026-07-06 15:20:00+09:00,0.0,0.0,0.0
2026-07-07 09:00:00+09:00,0.0,0.0,0.0
2026-07-07 09:05:00+09:00,0.0,0.0,0.0
2026-07-07 09:10:00+09:00,0.0,0.0,0.0
2026-07-07 09:15:00+09:00,0.0,0.0,0.0
2026-07-07 09:20:00+09:00,0.0,0.0,0.0
2026-07-07 09:25:00+09:00,0.0,0.0,0.0
2026-07-07 09:30:00+09:00,-0.00047200993074020855,1.0,1.0
2026-07-07 09:35:00+09:00,-5.5838803361805854e-05,0.0,0.9939024390243903
2026-07-07 09:40:00+09:00,0.0002944017494695592,0.0,0.9575374669409346
2026-07-07 09:45:00+09:00,0.00029133598667276686,0.0,0.9878783426388481
2026-07-07 09:50:00+09:00,-0.0003343921481224225,0.0,0.9758301498677638
2026-07-07 09:55:00+09:00,0.0005044771159140591,0.0,0.9939759036144579
2026-07-07 10:00:00+09:00,-0.0005781574679158272,0.0,0.9817807816632385
2026-07-07 10:05:00+09:00,-0.00020607846288676055,0.0,0.9939759036144579
2026-07-07 10:10:00+09:00,-0.0002282279329118629,0.0,0.9756832206876287
2026-07-07 10:15:00+09:00,-0.00023294791469793415,0.0,0.9878783426388481
2026-07-07 10:20:00+09:00,-0.00031569154969034093,0.0,0.9878048780487805
2026-07-07 10:25:00+09:00,0.00021867601225716987,0.0,0.9759036144578314
2026-07-07 10:30:00+09:00,0.0004176120653285514,0.0,0.9756832206876286
2026-07-07 10:35:00+09:00,0.00023314773986880165,0.0,0.9756832206876287
2026-07-07 10:40:00+09:00,-0.00020089485393127223,0.0,1.0
2026-07-07 10:45:00+09:00,-8.54555745709639e-05,0.0,0.9879518072289157
2026-07-07 10:50:00+09:00,-0.00037610552538945645,0.0,0.9878048780487805
2026-07-07 10:55:00+09:00,-0.0003634777411757285,0.0,0.9879518072289157
2026-07-07 11:00:00+09:00,0.00044498138911829797,0.0,0.9879518072289157
2026-07-07 11:05:00+09:00,0.00010026265718157389,0.0,0.9817073170731709
2026-07-07 11:10:00+09:00,-0.00043386159399584883,0.006024096385542169,0.9878783426388482
2026-07-07 11:15:00+09:00,2.233278871702601e-05,0.03629150749338819,0.9334410813987658
2026-07-07 11:20:00+09:00,-0.00019153687922421396,0.9576843961210697,0.0
2026-07-07 11:25:00+09:00,0.0,0.0,0.0
2026-07-07 12:30:00+09:00,0.0,0.0,0.0
2026-07-07 12:35:00+09:00,0.0,0.0,0.0
2026-07-07 12:40:00+09:00,0.0,0.0,0.0
2026-07-07 12:45:00+09:00,0.0,0.0,0.0
2026-07-07 12:50:00+09:00,0.0,0.0,0.0
2026-07-07 12:55:00+09:00,0.0,0.0,0.0
2026-07-07 13:00:00+09:00,-0.00011110391678597612,1.0,1.0
2026-07-07 13:05:00+09:00,-3.0340256005543327e-05,0.0,0.9878048780487806
2026-07-07 13:10:00+09:00,-0.00012247319734272764,0.0,0.9879518072289157
2026-07-07 13:15:00+09:00,0.00023113726978191856,0.0,0.9817807816632385
2026-07-07 13:20:00+09:00,9.039752009217433e-05,0.0,0.987878342638848
2026-07-07 13:25:00+09:00,-0.00010603600092968973,0.0,0.9879518072289157
2026-07-07 13:30:00+09:00,1.9755733563821588e-05,0.0,0.9939024390243903
2026-07-07 13:35:00+09:00,-0.00022898246526079853,0.0,0.9939024390243903
2026-07-07 13:40:00+09:00,-5.203719621821226e-05,0.0,0.981854246253306
2026-07-07 13:45:00+09:00,5.6881973122463456e-05,0.0,0.9758301498677637
2026-07-07 13:50:00+09:00,1.62864201184345e-05,0.0,0.9878783426388482
2026-07-07 13:55:00+09:00,-0.0005739901525723196,0.0,0.9757566852776962
2026-07-07 14:00:00+09:00,-0.00026412892753536,0.0,0.9878783426388481
2026-07-07 14:05:00+09:00,-0.0002981942930032979,0.0,1.0
2026-07-07 14:10:00+09:00,-0.0002601366294777032,0.0,0.9878783426388481
2026-07-07 14:15:00+09:00,0.0004639700119893849,0.0,0.993975903614458
2026-07-07 14:20:00+09:00,5.31534659615713e-05,0.0,0.9939024390243903
2026-07-07 14:25:00+09:00,0.00024327298433081203,0.0,0.9817807816632383
2026-07-07 14:30:00+09:00,0.0001727441795565276,0.0,0.9939024390243903
2026-07-07 14:35:00+09:00,0.00013708967889364282,0.0,0.9879518072289157
2026-07-07 14:40:00+09:00,-9.227909471449032e-05,0.0,0.9939759036144579
2026-07-07 14:45:00+09:00,0.00033410865904586606,0.0,0.9939024390243902
2026-07-07 14:50:00+09:00,0.00014306290263862507,0.0,0.9817807816632383
2026-07-07 14:55:00+09:00,8.465041103903877e-05,0.0,0.9878783426388481
2026-07-07 15:00:00+09:00,-0.000294833624770078,0.0,1.0
2026-07-07 15:05:00+09:00,-5.708493130840363e-05,0.0,0.9878783426388481
2026-07-07 15:10:00+09:00,0.00033172065991901947,0.012195121951219513,0.9817073170731708
2026-07-07 15:15:00+09:00,-0.00019756097560975612,0.9878048780487805,0.0
2026-07-07 15:20:00+09:00,0.0,0.0,0.0
2026-07-08 09:00:00+09:00,0.0,0.0,0.0
2026-07-08 09:05:00+09:00,0.0,0.0,0.0
2026-07-08 09:10:00+09:00,0.0,0.0,0.0
2026-07-08 09:15:00+09:00,0.0,0.0,0.0
2026-07-08 09:20:00+09:00,0.0,0.0,0.0
2026-07-08 09:25:00+09:00,0.0,0.0,0.0
2026-07-08 09:30:00+09:00,-0.0008757615094232247,1.0,1.0
2026-07-08 09:35:00+09:00,-0.001173888421764415,0.0,0.9878048780487806
2026-07-08 09:40:00+09:00,-0.0007546449033913934,0.0,0.993975903614458
2026-07-08 09:45:00+09:00,-0.0003044150315731483,0.0,0.9939024390243902
2026-07-08 09:50:00+09:00,0.00024312484995517772,0.0,1.0
2026-07-08 09:55:00+09:00,0.00020672378799681528,0.0,0.9756832206876287
2026-07-08 10:00:00+09:00,-0.0006089944882107167,0.0,0.993975903614458
2026-07-08 10:05:00+09:00,-0.00013835977123599204,0.0,1.0
2026-07-08 10:10:00+09:00,0.0006519287458183906,0.0,0.9756832206876287
2026-07-08 10:15:00+09:00,0.0011670373213935722,0.0,0.9879518072289157
2026-07-08 10:20:00+09:00,-0.00028129770704463867,0.0,0.9757566852776963
2026-07-08 10:25:00+09:00,0.00038109441721433817,0.0,0.9696591243020865
2026-07-08 10:30:00+09:00,0.00023304791889473917,0.0,0.9939024390243902
2026-07-08 10:35:00+09:00,0.00021072637051101296,0.0,0.9939024390243902
2026-07-08 10:40:00+09:00,-0.0008206498538545921,0.0,0.9818542462533061
2026-07-08 10:45:00+09:00,0.0006658287207791607,0.0,0.9939759036144579
2026-07-08 10:50:00+09:00,0.00014167458909386744,0.0,0.9878783426388482
2026-07-08 10:55:00+09:00,0.0008584741033194103,0.0,0.9878048780487806
2026-07-08 11:00:00+09:00,-0.00019400905203458365,0.0,0.9756097560975611
2026-07-08 11:05:00+09:00,0.000574247978797654,0.012195121951219513,0.9878048780487805
2026-07-08 11:10:00+09:00,-0.0006513925038964464,0.0,0.9695856597120189
2026-07-08 11:15:00+09:00,0.00015073696247994408,0.030340875697913605,0.9513664413752572
2026-07-08 11:20:00+09:00,-0.00019149280047017338,0.9574640023508669,0.0
2026-07-08 11:25:00+09:00,0.0,0.0,0.0
2026-07-08 12:30:00+09:00,0.0,0.0,0.0
2026-07-08 12:35:00+09:00,0.0,0.0,0.0
2026-07-08 12:40:00+09:00,0.0,0.0,0.0
2026-07-08 12:45:00+09:00,0.0,0.0,0.0
2026-07-08 12:50:00+09:00,0.0,0.0,0.0
2026-07-08 12:55:00+09:00,0.0,0.0,0.0
2026-07-08 13:00:00+09:00,-0.0003509532408921598,1.0,1.0
2026-07-08 13:05:00+09:00,-5.2526081915491105e-05,0.0,0.9818542462533059
2026-07-08 13:10:00+09:00,4.159843077863537e-05,0.0,0.9756832206876286
2026-07-08 13:15:00+09:00,0.00040296967861956504,0.0,0.9696591243020865
2026-07-08 13:20:00+09:00,-0.0004621470430050718,0.0,0.9939759036144578
2026-07-08 13:25:00+09:00,-0.000496644225975433,0.0,0.9878783426388481
2026-07-08 13:30:00+09:00,-0.00010169198575169174,0.0,0.981854246253306
2026-07-08 13:35:00+09:00,-4.376777660870661e-05,0.0,0.9695856597120188
2026-07-08 13:40:00+09:00,0.0002733674963404404,0.0,0.9756832206876286
2026-07-08 13:45:00+09:00,-0.0004600492074756945,0.0,0.9756832206876286
2026-07-08 13:50:00+09:00,0.0001858762286551979,0.0,0.969732588892154
2026-07-08 13:55:00+09:00,4.85603513731424e-05,0.0,0.9756832206876286
2026-07-08 14:00:00+09:00,-5.351996680795021e-05,0.0,0.9878048780487805
2026-07-08 14:05:00+09:00,-0.00015408576092407615,0.0,0.9757566852776962
2026-07-08 14:10:00+09:00,-0.0001552523407172592,0.0,0.981854246253306
2026-07-08 14:15:00+09:00,3.204085780289943e-05,0.0,0.9939024390243902
2026-07-08 14:20:00+09:00,-0.00015179276040112804,0.0,0.9635615633264767
2026-07-08 14:25:00+09:00,-0.0005896953451673792,0.0,0.9817073170731708
2026-07-08 14:30:00+09:00,-0.0001789431860107986,0.0,0.9939024390243902
2026-07-08 14:35:00+09:00,0.0001756721003828542,0.0,0.9939024390243902
2026-07-08 14:40:00+09:00,-0.00041494055638478653,0.0,0.9939024390243902
2026-07-08 14:45:00+09:00,0.0004969619478671485,0.0,0.9879518072289157
2026-07-08 14:50:00+09:00,-0.0003961897748790561,0.0,0.9878048780487805
2026-07-08 14:55:00+09:00,-9.250937715179637e-05,0.0,0.9878783426388482
2026-07-08 15:00:00+09:00,0.000319211794193056,0.0,0.9939024390243902
2026-07-08 15:05:00+09:00,-0.0002563107616730006,0.006097560975609756,0.987878342638848
2026-07-08 15:10:00+09:00,1.9843076999864644e-05,0.012121657361151925,0.9756832206876286
2026-07-08 15:15:00+09:00,-0.0001963561563326477,0.9817807816632383,0.0
2026-07-08 15:20:00+09:00,0.0,0.0,0.0
2026-07-09 09:00:00+09:00,0.0,0.0,0.0
2026-07-09 09:05:00+09:00,0.0,0.0,0.0
2026-07-09 09:10:00+09:00,0.0,0.0,0.0
2026-07-09 09:15:00+09:00,0.0,0.0,0.0
2026-07-09 09:20:00+09:00,0.0,0.0,0.0
2026-07-09 09:25:00+09:00,0.0,0.0,0.0
2026-07-09 09:30:00+09:00,1.506150875222497e-05,1.0,1.0
2026-07-09 09:35:00+09:00,0.0005224206203298447,0.0,0.9939024390243902
2026-07-09 09:40:00+09:00,4.046858554749079e-05,0.0,0.993975903614458
2026-07-09 09:45:00+09:00,-0.00023092711575227302,0.0,0.9939024390243902
2026-07-09 09:50:00+09:00,4.408943098075179e-05,0.0,0.9939024390243902
2026-07-09 09:55:00+09:00,0.0003607596112567562,0.0,0.9939759036144579
2026-07-09 10:00:00+09:00,-0.0001475921694209701,0.0,0.9939024390243902
2026-07-09 10:05:00+09:00,-0.00036800307744796866,0.0,1.0
2026-07-09 10:10:00+09:00,-5.8683728910409143e-05,0.0,0.9939024390243902
2026-07-09 10:15:00+09:00,-1.3728999356971608e-05,0.0,1.0
2026-07-09 10:20:00+09:00,-0.00010109796084989894,0.0,0.9879518072289157
2026-07-09 10:25:00+09:00,-0.00017589034755694693,0.0,0.981854246253306
2026-07-09 10:30:00+09:00,0.00013688607463495503,0.0,0.9757566852776962
2026-07-09 10:35:00+09:00,0.0006361776121265025,0.0,0.9878048780487805
2026-07-09 10:40:00+09:00,7.513011654602291e-05,0.0,0.9758301498677637
2026-07-09 10:45:00+09:00,-0.0002934135129975245,0.0,0.9939024390243902
2026-07-09 10:50:00+09:00,-7.194883102976963e-05,0.0,0.9879518072289157
2026-07-09 10:55:00+09:00,-2.122564338931917e-05,0.0,0.9879518072289157
2026-07-09 11:00:00+09:00,0.00029002478466268167,0.0,0.993975903614458
2026-07-09 11:05:00+09:00,-3.9878372441893596e-05,0.0,0.9939759036144579
2026-07-09 11:10:00+09:00,-3.310815138207622e-05,0.0,0.9939759036144579
2026-07-09 11:15:00+09:00,-0.00041794851367228696,0.018145753746694096,0.969732588892154
2026-07-09 11:20:00+09:00,-0.0001963708492506612,0.981854246253306,0.0
2026-07-09 11:25:00+09:00,0.0,0.0,0.0
2026-07-09 12:30:00+09:00,0.0,0.0,0.0
2026-07-09 12:35:00+09:00,0.0,0.0,0.0
2026-07-09 12:40:00+09:00,0.0,0.0,0.0
2026-07-09 12:45:00+09:00,0.0,0.0,0.0
2026-07-09 12:50:00+09:00,0.0,0.0,0.0
2026-07-09 12:55:00+09:00,0.0,0.0,0.0
2026-07-09 13:00:00+09:00,-0.00010589124653122883,1.0,1.0
2026-07-09 13:05:00+09:00,0.00015952041128422216,0.0,0.9877295995182174
2026-07-09 13:10:00+09:00,0.00018374106739856754,0.0,0.9326257151460403
2026-07-09 13:15:00+09:00,-0.0004955778507482562,0.0,0.9815567600120445
2026-07-09 13:20:00+09:00,0.00011128677366116042,0.0,0.9816320385426076
2026-07-09 13:25:00+09:00,0.00020322316625909166,0.0,0.9692863595302621
2026-07-09 13:30:00+09:00,0.00032318152103110576,0.0,0.9572417946401686
2026-07-09 13:35:00+09:00,-0.00014986416202120826,0.0,0.9386479975910869
2026-07-09 13:40:00+09:00,-0.0001383851398605904,0.0,0.9877295995182174
2026-07-09 13:45:00+09:00,0.00029858770100154187,0.0,0.969361638060825
2026-07-09 13:50:00+09:00,-0.00019869975528637122,0.0,0.9816320385426076
2026-07-09 13:55:00+09:00,-0.00016550582170909604,0.0,0.9631135200240892
2026-07-09 14:00:00+09:00,0.000239155256506203,0.0,0.9384974405299609
2026-07-09 14:05:00+09:00,0.00020438660355852635,0.0,0.9446702800361337
2026-07-09 14:10:00+09:00,-0.00020666881724687867,0.0,0.9753839205058716
2026-07-09 14:15:00+09:00,0.0004842878698817329,0.0,0.963113520024089
2026-07-09 14:20:00+09:00,-0.00020710531117388485,0.0,0.9507678410117435
2026-07-09 14:25:00+09:00,0.00012083862141742493,0.0,0.9324751580849142
2026-07-09 14:30:00+09:00,-2.9695876632587575e-05,0.0,0.9753839205058716
2026-07-09 14:35:00+09:00,0.00021792221315643874,0.0,0.9815567600120445
2026-07-09 14:40:00+09:00,0.0002750164540184792,0.0,0.9570912375790424
2026-07-09 14:45:00+09:00,0.00012218122320778495,0.0,0.9877295995182173
2026-07-09 14:50:00+09:00,-0.00023545422788213692,0.0,0.9815567600120445
2026-07-09 14:55:00+09:00,-0.0003034359464973258,0.0,0.9631887985546521
2026-07-09 15:00:00+09:00,2.7291976042123116e-06,0.0,0.9754591990364349
2026-07-09 15:05:00+09:00,0.00015150896608591446,0.0,0.9630382414935261
2026-07-09 15:10:00+09:00,-0.00022892703909253558,0.006172839506172839,0.9753086419753085
2026-07-09 15:15:00+09:00,-0.00019876543209876546,0.9938271604938271,0.0
2026-07-09 15:20:00+09:00,0.0,0.0,0.0
2026-07-10 09:00:00+09:00,0.0,0.0,0.0
2026-07-10 09:05:00+09:00,0.0,0.0,0.0
2026-07-10 09:10:00+09:00,0.0,0.0,0.0
2026-07-10 09:15:00+09:00,0.0,0.0,0.0
2026-07-10 09:20:00+09:00,0.0,0.0,0.0
2026-07-10 09:25:00+09:00,0.0,0.0,0.0
2026-07-10 09:30:00+09:00,-0.0005567381294429687,1.0,1.0
2026-07-10 09:35:00+09:00,2.3549465338243607e-06,0.0,0.993975903614458
2026-07-10 09:40:00+09:00,-8.711603033011492e-05,0.0,0.9879518072289157
2026-07-10 09:45:00+09:00,-0.0006256549364049787,0.0,0.9878783426388482
2026-07-10 09:50:00+09:00,-0.00018109810063440164,0.0,0.9939024390243903
2026-07-10 09:55:00+09:00,0.00025611020166188065,0.0,0.9939759036144579
2026-07-10 10:00:00+09:00,-0.00038056903163649283,0.0,0.9878783426388481
2026-07-10 10:05:00+09:00,-4.588531357337888e-05,0.0,1.0
2026-07-10 10:10:00+09:00,-0.00046675972937958903,0.0,0.9878783426388482
2026-07-10 10:15:00+09:00,-0.00031550858901370943,0.0,0.981854246253306
2026-07-10 10:20:00+09:00,0.0001224889175657863,0.0,0.9878783426388481
2026-07-10 10:25:00+09:00,0.00041112100659227205,0.0,0.981854246253306
2026-07-10 10:30:00+09:00,9.469725033086817e-05,0.0,0.981854246253306
2026-07-10 10:35:00+09:00,0.00041014125361884103,0.0,0.9939024390243903
2026-07-10 10:40:00+09:00,-0.00013777428913108904,0.0,0.9758301498677638
2026-07-10 10:45:00+09:00,-0.0002659498379505523,0.0,0.9696591243020865
2026-07-10 10:50:00+09:00,0.00019784829114308103,0.0,0.9756832206876287
2026-07-10 10:55:00+09:00,0.00017204938835984544,0.0,0.9817073170731707
2026-07-10 11:00:00+09:00,0.00016050490292914108,0.0,1.0
2026-07-10 11:05:00+09:00,8.13602880052413e-05,0.0,0.9817807816632385
2026-07-10 11:10:00+09:00,-0.00021164380564479653,0.0,0.9636350279165442
2026-07-10 11:15:00+09:00,-1.0519657661991069e-05,0.006097560975609756,0.9817807816632385
2026-07-10 11:20:00+09:00,-0.00019878048780487808,0.9939024390243902,0.0
2026-07-10 11:25:00+09:00,0.0,0.0,0.0
2026-07-10 12:30:00+09:00,0.0,0.0,0.0
2026-07-10 12:35:00+09:00,0.0,0.0,0.0
2026-07-10 12:40:00+09:00,0.0,0.0,0.0
2026-07-10 12:45:00+09:00,0.0,0.0,0.0
2026-07-10 12:50:00+09:00,0.0,0.0,0.0
2026-07-10 12:55:00+09:00,0.0,0.0,0.0
2026-07-10 13:00:00+09:00,-0.00020476966116481172,1.0,1.0
2026-07-10 13:05:00+09:00,-4.6786052415531695e-05,0.0,0.9875
2026-07-10 13:10:00+09:00,0.0002487463200285209,0.0,0.9684335443037975
2026-07-10 13:15:00+09:00,4.3838408253202894e-05,0.0,0.9874208860759494
2026-07-10 13:20:00+09:00,-0.0001565897935776297,0.0,0.9747626582278481
2026-07-10 13:25:00+09:00,0.00011655161644835733,0.0,0.9811708860759494
2026-07-10 13:30:00+09:00,0.0003213125667475401,0.0,0.9874208860759495
2026-07-10 13:35:00+09:00,-0.00019676800225141392,0.0,0.9685917721518988
2026-07-10 13:40:00+09:00,-0.00025733637253963227,0.0,0.9874208860759495
2026-07-10 13:45:00+09:00,6.881026259897842e-05,0.0,0.968512658227848
2026-07-10 13:50:00+09:00,-0.00027261101505256366,0.0,0.9747626582278481
2026-07-10 13:55:00+09:00,-7.513057035389173e-05,0.0,0.9874208860759492
2026-07-10 14:00:00+09:00,0.00024349007916263883,0.0,0.9621835443037976
2026-07-10 14:05:00+09:00,-1.8465841157040858e-05,0.0,0.968512658227848
2026-07-10 14:10:00+09:00,2.586345316972349e-05,0.0,0.9810917721518988
2026-07-10 14:15:00+09:00,-0.00011267928844687305,0.0,0.9748417721518987
2026-07-10 14:20:00+09:00,-1.6400477217727743e-05,0.0,0.9810917721518988
2026-07-10 14:25:00+09:00,0.00017159476923216528,0.0,0.9746835443037974
2026-07-10 14:30:00+09:00,-0.00028214524136774857,0.0,0.9874208860759495
2026-07-10 14:35:00+09:00,6.774402582577607e-05,0.0,0.9873417721518988
2026-07-10 14:40:00+09:00,-0.00020976194153984434,0.0,0.9748417721518988
2026-07-10 14:45:00+09:00,-0.0002729760942622628,0.0,0.9684335443037976
2026-07-10 14:50:00+09:00,-0.00011146244139826948,0.0,0.9873417721518987
2026-07-10 14:55:00+09:00,-0.00034036221924081087,0.0,0.9936708860759493
2026-07-10 15:00:00+09:00,-8.130610157336082e-05,0.0,0.9874208860759494
2026-07-10 15:05:00+09:00,0.00011115531835077317,0.00625,0.9874208860759494
2026-07-10 15:10:00+09:00,-9.6740049627622e-05,0.006329113924050633,0.9874208860759494
2026-07-10 15:15:00+09:00,-0.00019748417721518986,0.9874208860759494,0.0
2026-07-10 15:20:00+09:00,0.0,0.0,0.0
2026-07-13 09:00:00+09:00,0.0,0.0,0.0
2026-07-13 09:05:00+09:00,0.0,0.0,0.0
2026-07-13 09:10:00+09:00,0.0,0.0,0.0
2026-07-13 09:15:00+09:00,0.0,0.0,0.0
2026-07-13 09:20:00+09:00,0.0,0.0,0.0
2026-07-13 09:25:00+09:00,0.0,0.0,0.0
2026-07-13 09:30:00+09:00,0.0010804609231254345,1.0,1.0
2026-07-13 09:35:00+09:00,0.0007441086213166295,0.0,0.9938271604938271
2026-07-13 09:40:00+09:00,-4.722598231846398e-06,0.0,0.9938271604938271
2026-07-13 09:45:00+09:00,-0.00017780713309762427,0.0,0.9877295995182174
2026-07-13 09:50:00+09:00,-0.00039705750194301187,0.0,0.9877295995182174
2026-07-13 09:55:00+09:00,2.208621600760638e-05,0.006097560975609756,0.9755344775669978
2026-07-13 10:00:00+09:00,0.0003552509861623655,0.0,0.9877295995182174
2026-07-13 10:05:00+09:00,-0.0006976700241606552,0.0,0.9877295995182174
2026-07-13 10:10:00+09:00,0.00022930401169320643,0.0,0.9816320385426076
2026-07-13 10:15:00+09:00,9.018208212307836e-05,0.0,0.9754591990364346
2026-07-13 10:20:00+09:00,0.0002009746255773692,0.0,0.9816320385426076
2026-07-13 10:25:00+09:00,0.0007233942173483377,0.0,0.9816320385426076
2026-07-13 10:30:00+09:00,-0.0004151283755973227,0.0,0.9816320385426076
2026-07-13 10:35:00+09:00,0.0006309797991705629,0.0,0.9815567600120445
2026-07-13 10:40:00+09:00,-0.00011363581954925213,0.0,0.9877295995182174
2026-07-13 10:45:00+09:00,-6.437358590293079e-05,0.0,0.9816320385426076
2026-07-13 10:50:00+09:00,0.00045497354646488854,0.0,0.9877295995182174
2026-07-13 10:55:00+09:00,0.0008548866123791363,0.0,0.9877295995182174
2026-07-13 11:00:00+09:00,-0.00022466790337772916,0.0,0.9816320385426076
2026-07-13 11:05:00+09:00,-1.6366843701365423e-05,0.0,0.9877295995182174
2026-07-13 11:10:00+09:00,-0.00011454179157284987,0.012270400481782595,0.9754591990364347
2026-07-13 11:15:00+09:00,-0.000545236426104081,0.012270400481782595,0.9570159590484794
2026-07-13 11:20:00+09:00,-0.00019387232761216503,0.9693616380608251,0.0
2026-07-13 11:25:00+09:00,0.0,0.0,0.0
2026-07-13 12:30:00+09:00,0.0,0.0,0.0
2026-07-13 12:35:00+09:00,0.0,0.0,0.0
2026-07-13 12:40:00+09:00,0.0,0.0,0.0
2026-07-13 12:45:00+09:00,0.0,0.0,0.0
2026-07-13 12:50:00+09:00,0.0,0.0,0.0
2026-07-13 12:55:00+09:00,0.0,0.0,0.0
2026-07-13 13:00:00+09:00,0.0003366911438374006,1.0,1.0
2026-07-13 13:05:00+09:00,0.0004353502540965856,0.0,0.9752314814814813
2026-07-13 13:10:00+09:00,-4.0782263731640364e-06,0.0,0.9876543209876543
2026-07-13 13:15:00+09:00,0.0008551154545536751,0.0,0.9690586419753087
2026-07-13 13:20:00+09:00,-0.00013324617846555283,0.0,0.9875771604938272
2026-07-13 13:25:00+09:00,-0.00027759603486439275,0.0,0.9814043209876542
2026-07-13 13:30:00+09:00,8.416563918354606e-05,0.0,0.9938271604938271
2026-07-13 13:35:00+09:00,-0.0005521283442646828,0.0,0.9751543209876543
2026-07-13 13:40:00+09:00,-6.445681968801761e-05,0.0,0.9627314814814815
2026-07-13 13:45:00+09:00,-4.32185370873173e-05,0.0,0.9564814814814815
2026-07-13 13:50:00+09:00,3.7347630349140845e-05,0.0,0.9689814814814814
2026-07-13 13:55:00+09:00,-1.3043905437233165e-05,0.0,0.9876543209876543
2026-07-13 14:00:00+09:00,0.0007230212549127296,0.0,0.9876543209876543
2026-07-13 14:05:00+09:00,-0.0008986068518893381,0.0,0.9813271604938271
2026-07-13 14:10:00+09:00,-0.0005605446611873627,0.0,0.9628086419753086
2026-07-13 14:15:00+09:00,-0.0011544496236844208,0.0,0.9689043209876542
2026-07-13 14:20:00+09:00,0.0003149881474799265,0.0,0.9752314814814814
2026-07-13 14:25:00+09:00,0.0011456741209453466,0.0,0.9876543209876543
2026-07-13 14:30:00+09:00,0.0019680805322176516,0.0,0.9938271604938271
2026-07-13 14:35:00+09:00,-0.000658576471878861,0.0,0.9937499999999999
2026-07-13 14:40:00+09:00,-0.00027730715064813076,0.0,0.9814043209876543
2026-07-13 14:45:00+09:00,0.000982167537288626,0.0,0.99375
2026-07-13 14:50:00+09:00,0.0005816717399561089,0.0,0.9876543209876543
2026-07-13 14:55:00+09:00,-0.0006394706953632491,0.0,0.987577160493827
2026-07-13 15:00:00+09:00,-0.00024678767921912815,0.0,0.9937499999999999
2026-07-13 15:05:00+09:00,-0.0011031161334681542,0.0,0.987577160493827
2026-07-13 15:10:00+09:00,-0.0010129447574004663,0.0,0.9999999999999999
2026-07-13 15:15:00+09:00,-0.0002,1.0,0.0
2026-07-13 15:20:00+09:00,0.0,0.0,0.0
2026-07-14 09:00:00+09:00,0.0,0.0,0.0
2026-07-14 09:05:00+09:00,0.0,0.0,0.0
2026-07-14 09:10:00+09:00,0.0,0.0,0.0
2026-07-14 09:15:00+09:00,0.0,0.0,0.0
2026-07-14 09:20:00+09:00,0.0,0.0,0.0
2026-07-14 09:25:00+09:00,0.0,0.0,0.0
2026-07-14 09:30:00+09:00,-9.441864900350208e-05,1.0,1.0
2026-07-14 09:35:00+09:00,-0.00045399727434133923,0.0,0.9879518072289157
2026-07-14 09:40:00+09:00,0.00042849966218298964,0.0,0.9939024390243902
2026-07-14 09:45:00+09:00,0.0010467830836020724,0.0,1.0
2026-07-14 09:50:00+09:00,0.0014316011896786565,0.0,0.9878783426388481
2026-07-14 09:55:00+09:00,0.00017045446346301087,0.0,1.0
2026-07-14 10:00:00+09:00,-0.0008388643355407907,0.0,0.9758301498677638
2026-07-14 10:05:00+09:00,-0.000297537127850232,0.0,0.9817807816632383
2026-07-14 10:10:00+09:00,0.0007451685336406052,0.0,0.9817807816632382
2026-07-14 10:15:00+09:00,9.737292037521346e-05,0.0,0.9878783426388481
2026-07-14 10:20:00+09:00,0.0002540616798581454,0.0,0.9695856597120188
2026-07-14 10:25:00+09:00,-0.0005320815531407174,0.0,0.9636350279165443
2026-07-14 10:30:00+09:00,0.0002580963266902537,0.0,0.981854246253306
2026-07-14 10:35:00+09:00,0.0005574619545704991,0.0,0.9878048780487805
2026-07-14 10:40:00+09:00,-0.00020189163774337842,0.0,0.9757566852776962
2026-07-14 10:45:00+09:00,2.910996803910193e-05,0.0,0.9697325888921541
2026-07-14 10:50:00+09:00,-3.357031319028907e-05,0.0,0.9698060534822216
2026-07-14 10:55:00+09:00,0.0001798290073507195,0.0,0.9939759036144579
2026-07-14 11:00:00+09:00,-0.00024136197067861889,0.0,0.9817807816632383
2026-07-14 11:05:00+09:00,-0.00028868424859568445,0.006024096385542169,0.9637819570966795
2026-07-14 11:10:00+09:00,-0.00021283657122851996,0.0,0.9757566852776961
2026-07-14 11:15:00+09:00,-0.00017421349115345116,0.02424331472230385,0.963708492506612
2026-07-14 11:20:00+09:00,-0.00019394651777843082,0.969732588892154,0.0
2026-07-14 11:25:00+09:00,0.0,0.0,0.0
2026-07-14 12:30:00+09:00,0.0,0.0,0.0
2026-07-14 12:35:00+09:00,0.0,0.0,0.0
2026-07-14 12:40:00+09:00,0.0,0.0,0.0
2026-07-14 12:45:00+09:00,0.0,0.0,0.0
2026-07-14 12:50:00+09:00,0.0,0.0,0.0
2026-07-14 12:55:00+09:00,0.0,0.0,0.0
2026-07-14 13:00:00+09:00,-0.00039181586588784407,1.0,0.9999999999999999
2026-07-14 13:05:00+09:00,2.742877368274692e-05,0.0,0.9876543209876542
2026-07-14 13:10:00+09:00,-0.0001745933101977844,0.0,0.9876543209876542
2026-07-14 13:15:00+09:00,0.00010054098317810648,0.0,0.9874999999999999
2026-07-14 13:20:00+09:00,0.00012994799621851891,0.0,0.9938271604938272
2026-07-14 13:25:00+09:00,-1.3226138686910668e-06,0.0,0.9691358024691357
2026-07-14 13:30:00+09:00,0.0001411038340269302,0.0,0.987577160493827
2026-07-14 13:35:00+09:00,3.005690608736166e-05,0.0,0.9999999999999999
2026-07-14 13:40:00+09:00,0.00021229692509949652,0.0,0.9628858024691358
2026-07-14 13:45:00+09:00,0.00015851543708426266,0.0,0.9753086419753085
2026-07-14 13:50:00+09:00,0.00026247229209228995,0.0,0.9876543209876543
2026-07-14 13:55:00+09:00,0.00017586494986464554,0.0,0.9752314814814814
2026-07-14 14:00:00+09:00,0.00033564745799026356,0.0,0.9752314814814813
2026-07-14 14:05:00+09:00,0.00034660727974237355,0.0,0.9753086419753085
2026-07-14 14:10:00+09:00,0.00027102276060443896,0.0,0.9751543209876543
2026-07-14 14:15:00+09:00,4.9637484395073104e-05,0.0,0.9814814814814814
2026-07-14 14:20:00+09:00,0.00037576982562644056,0.0,0.9690586419753087
2026-07-14 14:25:00+09:00,4.164947083323687e-05,0.0,0.9876543209876543
2026-07-14 14:30:00+09:00,5.125673680420679e-05,0.0,0.987577160493827
2026-07-14 14:35:00+09:00,-0.00011404793875059236,0.0,0.9937499999999999
2026-07-14 14:40:00+09:00,-4.419668642275969e-05,0.0,0.9814814814814815
2026-07-14 14:45:00+09:00,-7.444516119166137e-05,0.0,0.9814814814814815
2026-07-14 14:50:00+09:00,-0.00018413898276047348,0.0,0.9876543209876543
2026-07-14 14:55:00+09:00,0.0002558831380329078,0.0,0.9813271604938272
2026-07-14 15:00:00+09:00,-7.609994612143022e-05,0.0,0.9938271604938271
2026-07-14 15:05:00+09:00,7.518894524974104e-05,0.0,0.9876543209876544
2026-07-14 15:10:00+09:00,-0.00016516825958743126,0.0,0.9813271604938272
2026-07-14 15:15:00+09:00,-0.0002,1.0,0.0
2026-07-14 15:20:00+09:00,0.0,0.0,0.0
2026-07-15 09:00:00+09:00,0.0,0.0,0.0
2026-07-15 09:05:00+09:00,0.0,0.0,0.0
2026-07-15 09:10:00+09:00,0.0,0.0,0.0
2026-07-15 09:15:00+09:00,0.0,0.0,0.0
2026-07-15 09:20:00+09:00,0.0,0.0,0.0
2026-07-15 09:25:00+09:00,0.0,0.0,0.0
2026-07-15 09:30:00+09:00,-0.0004401193619139847,1.0,1.0
2026-07-15 09:35:00+09:00,6.493912286155456e-05,0.0,0.9876543209876543
2026-07-15 09:40:00+09:00,-0.00013032993409597734,0.0,0.9814814814814814
2026-07-15 09:45:00+09:00,-0.00015646594053502966,0.0,0.9877295995182174
2026-07-15 09:50:00+09:00,0.0003069368300730975,0.0,0.9814814814814815
2026-07-15 09:55:00+09:00,-8.171001487754122e-05,0.0,0.9939024390243902
2026-07-15 10:00:00+09:00,-0.00010884757322279601,0.0,0.9938271604938271
2026-07-15 10:05:00+09:00,0.00023315591257236782,0.0,0.9938271604938271
2026-07-15 10:10:00+09:00,-0.0001763840829166272,0.0,0.9877295995182174
2026-07-15 10:15:00+09:00,-0.00012008289400817782,0.0,1.0
2026-07-15 10:20:00+09:00,-5.4786338098435743e-05,0.0,0.9938271604938271
2026-07-15 10:25:00+09:00,1.3305511575700457e-06,0.0,0.9876543209876543
2026-07-15 10:30:00+09:00,2.247214969774251e-05,0.0,0.9877295995182174
2026-07-15 10:35:00+09:00,-8.253603870466309e-05,0.0,0.969361638060825
2026-07-15 10:40:00+09:00,-0.00036868395577302026,0.0,0.9754591990364347
2026-07-15 10:45:00+09:00,-2.0550962635220822e-05,0.0,0.9878048780487805
2026-07-15 10:50:00+09:00,8.484984719087251e-05,0.0,0.9814814814814815
2026-07-15 10:55:00+09:00,-2.0572148087391164e-05,0.0,0.9753839205058717
2026-07-15 11:00:00+09:00,8.306595415947164e-05,0.0,0.9506925624811804
2026-07-15 11:05:00+09:00,2.3403683097621253e-06,0.0,0.9629629629629629
2026-07-15 11:10:00+09:00,-1.0420679019734417e-06,0.006172839506172839,0.9570159590484794
2026-07-15 11:15:00+09:00,-0.00010523850293079652,0.012270400481782595,0.9323998795543511
2026-07-15 11:20:00+09:00,-0.00019631135200240892,0.9815567600120445,0.0
2026-07-15 11:25:00+09:00,0.0,0.0,0.0
2026-07-15 12:30:00+09:00,0.0,0.0,0.0
2026-07-15 12:35:00+09:00,0.0,0.0,0.0
2026-07-15 12:40:00+09:00,0.0,0.0,0.0
2026-07-15 12:45:00+09:00,0.0,0.0,0.0
2026-07-15 12:50:00+09:00,0.0,0.0,0.0
2026-07-15 12:55:00+09:00,0.0,0.0,0.0
2026-07-15 13:00:00+09:00,8.715564261308174e-05,1.0,1.0
2026-07-15 13:05:00+09:00,-0.00031136189815335,0.0,0.99375
2026-07-15 13:10:00+09:00,0.00010228086798018331,0.0,0.9874208860759495
2026-07-15 13:15:00+09:00,0.00010136372295363676,0.0,0.9748417721518988
2026-07-15 13:20:00+09:00,0.000258267516615928,0.0,0.9811708860759494
2026-07-15 13:25:00+09:00,-0.00015881194323479983,0.0,0.9623417721518988
2026-07-15 13:30:00+09:00,-1.088527264631031e-05,0.0,0.9684335443037975
2026-07-15 13:35:00+09:00,9.493710587589505e-05,0.0,0.9623417721518988
2026-07-15 13:40:00+09:00,-0.000190151404854398,0.0,0.9624208860759496
2026-07-15 13:45:00+09:00,6.584289403672162e-05,0.0,0.9812500000000002
2026-07-15 13:50:00+09:00,-0.0005375804621220772,0.0,0.9685917721518987
2026-07-15 13:55:00+09:00,0.0003306999769184096,0.0,0.975
2026-07-15 14:00:00+09:00,-0.0004046952328252727,0.0,0.9937499999999999
2026-07-15 14:05:00+09:00,0.00017398504405929978,0.0,0.9875
2026-07-15 14:10:00+09:00,-0.0001757118644006492,0.0,0.9685126582278482
2026-07-15 14:15:00+09:00,3.7224557364301395e-05,0.0,0.9496835443037975
2026-07-15 14:20:00+09:00,-0.00031982187246208806,0.0,0.9811708860759494
2026-07-15 14:25:00+09:00,-0.00017336503279719885,0.0,0.9810917721518988
2026-07-15 14:30:00+09:00,9.029648129874616e-05,0.0,0.9937500000000001
2026-07-15 14:35:00+09:00,-0.0005108672206747892,0.0,0.9811708860759494
2026-07-15 14:40:00+09:00,-0.0003027982618096028,0.0,0.9810917721518987
2026-07-15 14:45:00+09:00,-0.00020566467596285252,0.0,0.99375
2026-07-15 14:50:00+09:00,2.727329337396657e-05,0.0,1.0
2026-07-15 14:55:00+09:00,0.0002413985491693096,0.0,0.9811708860759494
2026-07-15 15:00:00+09:00,9.54012180926489e-05,0.0,0.9747626582278481
2026-07-15 15:05:00+09:00,-0.00015722960905561388,0.0,0.9811708860759494
2026-07-15 15:10:00+09:00,-7.924923625334248e-05,0.00625,0.9874208860759494
2026-07-15 15:15:00+09:00,-0.00019875,0.99375,0.0
2026-07-15 15:20:00+09:00,0.0,0.0,0.0
2026-07-16 09:00:00+09:00,0.0,0.0,0.0
2026-07-16 09:05:00+09:00,0.0,0.0,0.0
2026-07-16 09:10:00+09:00,0.0,0.0,0.0
2026-07-16 09:15:00+09:00,0.0,0.0,0.0
2026-07-16 09:20:00+09:00,0.0,0.0,0.0
2026-07-16 09:25:00+09:00,0.0,0.0,0.0
2026-07-16 09:30:00+09:00,-0.0015303675484530232,1.0,1.0
2026-07-16 09:35:00+09:00,-0.0006023998238167766,0.0,0.9939024390243902
2026-07-16 09:40:00+09:00,0.0003572630871778453,0.0,0.9939759036144579
2026-07-16 09:45:00+09:00,0.00012272141282607062,0.0,0.9879518072289158
2026-07-16 09:50:00+09:00,-0.00036558679680879374,0.0,1.0
2026-07-16 09:55:00+09:00,-0.0006030000774601006,0.0,0.9939759036144579
2026-07-16 10:00:00+09:00,0.0005873888490186264,0.0,1.0
2026-07-16 10:05:00+09:00,-0.00044262233188144967,0.0,0.9819277108433735
2026-07-16 10:10:00+09:00,-4.758246291109411e-05,0.0,1.0
2026-07-16 10:15:00+09:00,0.0002774763441401637,0.0,0.9939024390243902
2026-07-16 10:20:00+09:00,-0.0005824997320483109,0.0,0.9758301498677637
2026-07-16 10:25:00+09:00,-0.00021236468144407198,0.0,0.9879518072289157
2026-07-16 10:30:00+09:00,0.0003177189295968269,0.0,0.9878783426388482
2026-07-16 10:35:00+09:00,-0.00046411743058057326,0.0,0.9878783426388481
2026-07-16 10:40:00+09:00,0.0011134993781407693,0.0,0.981854246253306
2026-07-16 10:45:00+09:00,0.00012764137671576563,0.0,0.9939024390243902
2026-07-16 10:50:00+09:00,6.094867600456189e-05,0.0,0.969732588892154
2026-07-16 10:55:00+09:00,-0.0005544537993696502,0.0,0.981854246253306
2026-07-16 11:00:00+09:00,6.870095735981301e-05,0.006024096385542169,0.9757566852776962
2026-07-16 11:05:00+09:00,-0.00026606516971022266,0.006024096385542169,0.9637819570966795
2026-07-16 11:10:00+09:00,0.0005342408095086481,0.018219218336761683,0.9636350279165443
2026-07-16 11:15:00+09:00,0.00011761523899247649,0.030267411107846018,0.9272700558330885
2026-07-16 11:20:00+09:00,-0.0001878930355568616,0.939465177784308,0.0
2026-07-16 11:25:00+09:00,0.0,0.0,0.0
2026-07-16 12:30:00+09:00,0.0,0.0,0.0
2026-07-16 12:35:00+09:00,0.0,0.0,0.0
2026-07-16 12:40:00+09:00,0.0,0.0,0.0
2026-07-16 12:45:00+09:00,0.0,0.0,0.0
2026-07-16 12:50:00+09:00,0.0,0.0,0.0
2026-07-16 12:55:00+09:00,0.0,0.0,0.0
2026-07-16 13:00:00+09:00,0.00010772970076341817,1.0,1.0
2026-07-16 13:05:00+09:00,-0.00038015514471868703,0.0,0.9577578607111372
2026-07-16 13:10:00+09:00,0.00024893179242797754,0.0,0.9576843961210697
2026-07-16 13:15:00+09:00,0.0002171407858722923,0.0,0.951733764325595
2026-07-16 13:20:00+09:00,5.873767683128634e-05,0.0,0.9879518072289157
2026-07-16 13:25:00+09:00,-4.07532906176387e-05,0.0,0.963855421686747
2026-07-16 13:30:00+09:00,0.00017935999625060214,0.0,0.9454892741698502
2026-07-16 13:35:00+09:00,0.000196795603943567,0.0,0.981854246253306
2026-07-16 13:40:00+09:00,-9.507664385815876e-05,0.0,0.963855421686747
2026-07-16 13:45:00+09:00,0.0001579250529512262,0.0,0.9698060534822216
2026-07-16 13:50:00+09:00,3.5689121409257956e-05,0.0,0.9517337643255952
2026-07-16 13:55:00+09:00,0.0001402749788115781,0.0,0.9516602997355275
2026-07-16 14:00:00+09:00,0.00029816121355847946,0.0,0.9335145459888334
2026-07-16 14:05:00+09:00,-0.00028944831000916595,0.0,0.9698060534822217
2026-07-16 14:10:00+09:00,-0.00030668082003901465,0.0,0.9759036144578312
2026-07-16 14:15:00+09:00,-0.00015302107060435525,0.0,0.9759036144578314
2026-07-16 14:20:00+09:00,-1.4926802133473107e-05,0.0,0.9879518072289157
2026-07-16 14:25:00+09:00,0.0006477133901189192,0.0,0.9878783426388481
2026-07-16 14:30:00+09:00,0.00019924683350754148,0.0,0.9879518072289157
2026-07-16 14:35:00+09:00,-0.0001296661507656238,0.0,0.9758301498677637
2026-07-16 14:40:00+09:00,0.00018954611808733005,0.0,0.9878783426388481
2026-07-16 14:45:00+09:00,0.00011986846179101371,0.0,0.9879518072289157
2026-07-16 14:50:00+09:00,1.683558181117518e-05,0.0,0.9879518072289157
2026-07-16 14:55:00+09:00,-0.0002015333377320756,0.0,0.9939759036144579
2026-07-16 15:00:00+09:00,-0.0001499983055171197,0.0,1.0
2026-07-16 15:05:00+09:00,-3.443135967487398e-05,0.0,1.0
2026-07-16 15:10:00+09:00,-7.747899974619666e-05,0.01807228915662651,0.9759036144578315
2026-07-16 15:15:00+09:00,-0.0001963855421686747,0.9819277108433735,0.0
2026-07-16 15:20:00+09:00,0.0,0.0,0.0
2026-07-17 09:00:00+09:00,0.0,0.0,0.0
2026-07-17 09:05:00+09:00,0.0,0.0,0.0
2026-07-17 09:10:00+09:00,0.0,0.0,0.0
2026-07-17 09:15:00+09:00,0.0,0.0,0.0
2026-07-17 09:20:00+09:00,0.0,0.0,0.0
2026-07-17 09:25:00+09:00,0.0,0.0,0.0
2026-07-17 09:30:00+09:00,0.0004646543765456469,1.0,1.0
2026-07-17 09:35:00+09:00,-0.002430938277961198,0.0,0.9878048780487806
2026-07-17 09:40:00+09:00,0.003160459502817846,0.0,0.9878048780487806
2026-07-17 09:45:00+09:00,0.0017504577885789237,0.0,0.9878783426388481
2026-07-17 09:50:00+09:00,-0.00018407747991021944,0.0,1.0
2026-07-17 09:55:00+09:00,-0.000916653571370725,0.0,1.0
2026-07-17 10:00:00+09:00,0.000355028298040575,0.0,0.9939024390243903
2026-07-17 10:05:00+09:00,0.0012318346902153454,0.0,0.9878783426388481
2026-07-17 10:10:00+09:00,-0.0015122789708673335,0.0,0.9939759036144579
2026-07-17 10:15:00+09:00,-0.0010995123471450833,0.0,0.9696591243020865
2026-07-17 10:20:00+09:00,-0.0009152288350551863,0.0,0.9939759036144578
2026-07-17 10:25:00+09:00,-0.0014875517114618308,0.0,0.9818542462533059
2026-07-17 10:30:00+09:00,0.0006998821175928282,0.0,0.9939024390243903
2026-07-17 10:35:00+09:00,-0.00012588538978499728,0.0,0.9817807816632383
2026-07-17 10:40:00+09:00,-0.00034881886929217024,0.0,0.9817807816632385
2026-07-17 10:45:00+09:00,0.00013125485843380597,0.0,1.0
2026-07-17 10:50:00+09:00,-3.9648169700407356e-05,0.0,0.9878048780487806
2026-07-17 10:55:00+09:00,-0.0007052089731228012,0.0,0.9757566852776962
2026-07-17 11:00:00+09:00,-0.0017144394977189042,0.0,0.9878783426388481
2026-07-17 11:05:00+09:00,0.000460708576385699,0.0,0.9878783426388481
2026-07-17 11:10:00+09:00,-0.00023132081317279584,0.0,0.9939024390243903
2026-07-17 11:15:00+09:00,-0.00014853157197838705,0.04260946223920071,0.9331472230384956
2026-07-17 11:20:00+09:00,-0.00019147810755215989,0.9573905377607993,0.0
2026-07-17 11:25:00+09:00,0.0,0.0,0.0
2026-07-17 12:30:00+09:00,0.0,0.0,0.0
2026-07-17 12:35:00+09:00,0.0,0.0,0.0
2026-07-17 12:40:00+09:00,0.0,0.0,0.0
2026-07-17 12:45:00+09:00,0.0,0.0,0.0
2026-07-17 12:50:00+09:00,0.0,0.0,0.0
2026-07-17 12:55:00+09:00,0.0,0.0,0.0
2026-07-17 13:00:00+09:00,-0.00044147808058569386,1.0,0.9999999999999999
2026-07-17 13:05:00+09:00,-0.0003465156055529527,0.0,0.9939759036144578
2026-07-17 13:10:00+09:00,-0.0009206322410419324,0.0,1.0
2026-07-17 13:15:00+09:00,-0.0005968779895815005,0.0,1.0
2026-07-17 13:20:00+09:00,-0.00015485540712509546,0.0,0.9939759036144578
2026-07-17 13:25:00+09:00,-0.0004782335076060591,0.0,1.0
2026-07-17 13:30:00+09:00,0.00018700334836812058,0.0,0.9880952380952381
2026-07-17 13:35:00+09:00,0.0020463292610860056,0.0,1.0
2026-07-17 13:40:00+09:00,0.0013325086311328374,0.0,1.0
2026-07-17 13:45:00+09:00,0.0009440687032093335,0.0,1.0
2026-07-17 13:50:00+09:00,-0.00031438106848708045,0.0,0.9880235226620768
2026-07-17 13:55:00+09:00,-0.0004408229071969025,0.0,0.9880952380952381
2026-07-17 14:00:00+09:00,-9.75812769767878e-05,0.0,1.0
2026-07-17 14:05:00+09:00,0.0013670690392223203,0.0,0.9819277108433734
2026-07-17 14:10:00+09:00,-6.573992383112632e-05,0.0,0.9819994262765348
2026-07-17 14:15:00+09:00,-0.00024816660993261594,0.0,0.9759753298909926
2026-07-17 14:20:00+09:00,0.00026250570775318593,0.0,0.9819277108433735
2026-07-17 14:25:00+09:00,0.0002770733721882562,0.0,1.0
2026-07-17 14:30:00+09:00,-0.0007810594689444701,0.0,0.9939759036144578
2026-07-17 14:35:00+09:00,0.0008403731052002081,0.0,0.9879518072289156
2026-07-17 14:40:00+09:00,0.0010420667937008435,0.0,1.0
2026-07-17 14:45:00+09:00,0.0011366890675147954,0.0,0.9939759036144578
2026-07-17 14:50:00+09:00,0.00022354949100440263,0.0,0.9939759036144578
2026-07-17 14:55:00+09:00,0.0004424335242583239,0.0,0.9879518072289157
2026-07-17 15:00:00+09:00,0.0005467340160993292,0.0,0.9879518072289155
2026-07-17 15:05:00+09:00,0.00034249291625135274,0.0,0.9939759036144578
2026-07-17 15:10:00+09:00,0.0010104371807148648,0.005952380952380952,0.9940476190476191
2026-07-17 15:15:00+09:00,-0.00019880952380952382,0.9940476190476191,0.0
2026-07-17 15:20:00+09:00,0.0,0.0,0.0
