timestamp,net_return,turnover,gross_exposure
2026-06-01 09:00:00+09:00,0.0,0.0,0.0
2026-06-01 09:05:00+09:00,0.0,0.0,0.0
2026-06-01 09:10:00+09:00,0.0,0.0,0.0
2026-06-01 09:15:00+09:00,0.0,0.0,0.0
2026-06-01 09:20:00+09:00,0.0,0.0,0.0
2026-06-01 09:25:00+09:00,0.0,0.0,0.0
2026-06-01 09:30:00+09:00,0.0001290187747389301,1.0,0.9999999999999999
2026-06-01 09:35:00+09:00,-0.0014290267618693947,0.0,0.994047619047619
2026-06-01 09:40:00+09:00,-0.0008932694345795935,0.0,0.9939759036144578
2026-06-01 09:45:00+09:00,0.0002608019987605722,0.0,0.9999999999999999
2026-06-01 09:50:00+09:00,-0.0007873154936911663,0.0,0.9999999999999999
2026-06-01 09:55:00+09:00,-0.0001406267542389789,0.0,0.9999999999999999
2026-06-01 10:00:00+09:00,-0.0003617857704276778,0.0,0.994047619047619
2026-06-01 10:05:00+09:00,-0.0012594307101724991,0.0,0.9999999999999999
2026-06-01 10:10:00+09:00,-0.00030613847062577535,0.006024096385542169,0.9819994262765348
2026-06-01 10:15:00+09:00,-0.0004948545368024793,0.0,0.9939759036144578
2026-06-01 10:20:00+09:00,0.0006076539169764374,0.0,0.9819277108433734
2026-06-01 10:25:00+09:00,-0.00036647388250391123,0.0,0.9939759036144578
2026-06-01 10:30:00+09:00,-7.742256834880108e-05,0.0,0.9939759036144578
2026-06-01 10:35:00+09:00,0.0007727049143425629,0.0,0.976118760757315
2026-06-01 10:40:00+09:00,-0.0010293998189118431,0.0,0.9819994262765347
2026-06-01 10:45:00+09:00,-0.0010918212952200656,0.0,0.9939759036144578
2026-06-01 10:50:00+09:00,-0.0001967570762919992,0.0,0.9880235226620769
2026-06-01 10:55:00+09:00,-8.423363590530563e-05,0.0,0.9819994262765347
2026-06-01 11:00:00+09:00,-0.00015976261339083845,0.0,0.9820711417096959
2026-06-01 11:05:00+09:00,-0.0010133433847082849,0.0,0.9820711417096959
2026-06-01 11:10:00+09:00,0.00046990052353594727,0.0,0.976118760757315
2026-06-01 11:15:00+09:00,-0.0011340493188977216,0.005952380952380952,0.9880235226620768
2026-06-01 11:20:00+09:00,-0.00019760470453241539,0.9880235226620768,0.0
2026-06-01 11:25:00+09:00,0.0,0.0,0.0
2026-06-01 12:30:00+09:00,0.0,0.0,0.0
2026-06-01 12:35:00+09:00,0.0,0.0,0.0
2026-06-01 12:40:00+09:00,0.0,0.0,0.0
2026-06-01 12:45:00+09:00,0.0,0.0,0.0
2026-06-01 12:50:00+09:00,0.0,0.0,0.0
2026-06-01 12:55:00+09:00,0.0,0.0,0.0
2026-06-01 13:00:00+09:00,-0.0002098545787473831,1.0,1.0
2026-06-01 13:05:00+09:00,-9.771943434457194e-05,0.0,0.9819277108433735
2026-06-01 13:10:00+09:00,4.3189732054155273e-05,0.0,0.9879518072289156
2026-06-01 13:15:00+09:00,-0.0004682269427369372,0.0,0.9759753298909924
2026-06-01 13:20:00+09:00,4.095868674656917e-05,0.0,0.9820711417096959
2026-06-01 13:25:00+09:00,-0.0005216977753044123,0.0,1.0
2026-06-01 13:30:00+09:00,0.00015169607328990536,0.0,0.9880235226620768
2026-06-01 13:35:00+09:00,-0.0003006603857149064,0.0,0.982071141709696
2026-06-01 13:40:00+09:00,-0.00019409246668931473,0.0,0.9699512335054504
2026-06-01 13:45:00+09:00,0.00022604537174655565,0.0,0.9939759036144578
2026-06-01 13:50:00+09:00,-6.643218723591198e-07,0.0,0.9759753298909926
2026-06-01 13:55:00+09:00,1.4271272611251694e-05,0.0,0.9700946643717728
2026-06-01 14:00:00+09:00,-0.00014607387510177165,0.0,0.9760470453241538
2026-06-01 14:05:00+09:00,-0.00015646759819466124,0.0,0.9939759036144579
2026-06-01 14:10:00+09:00,-0.00023351430900942795,0.0,0.9759753298909926
2026-06-01 14:15:00+09:00,8.523482096159747e-05,0.0,0.9939759036144579
2026-06-01 14:20:00+09:00,6.86080690222697e-05,0.0,0.976118760757315
2026-06-01 14:25:00+09:00,5.612421031541902e-05,0.0,0.9700229489386115
2026-06-01 14:30:00+09:00,-0.00029948543870816685,0.0,0.9880952380952381
2026-06-01 14:35:00+09:00,4.3687456633315094e-05,0.0,0.9820711417096959
2026-06-01 14:40:00+09:00,6.67751586491374e-05,0.0,0.982071141709696
2026-06-01 14:45:00+09:00,0.00014741033475593808,0.0,0.994047619047619
2026-06-01 14:50:00+09:00,-0.00018374263482655263,0.0,0.9940476190476191
2026-06-01 14:55:00+09:00,1.6223681700218983e-05,0.0,0.9939759036144578
2026-06-01 15:00:00+09:00,-0.00026757559042618726,0.0,0.9939759036144578
2026-06-01 15:05:00+09:00,-0.0001792970557838257,0.0,1.0
2026-06-01 15:10:00+09:00,-5.2669966518196945e-06,0.006024096385542169,0.9880235226620769
2026-06-01 15:15:00+09:00,-0.00019879518072289158,0.9939759036144579,0.0
2026-06-01 15:20:00+09:00,0.0,0.0,0.0
2026-06-02 09:00:00+09:00,0.0,0.0,0.0
2026-06-02 09:05:00+09:00,0.0,0.0,0.0
2026-06-02 09:10:00+09:00,0.0,0.0,0.0
2026-06-02 09:15:00+09:00,0.0,0.0,0.0
2026-06-02 09:20:00+09:00,0.0,0.0,0.0
2026-06-02 09:25:00+09:00,0.0,0.0,0.0
2026-06-02 09:30:00+09:00,-0.0010468340398582712,1.0,1.0
2026-06-02 09:35:00+09:00,0.0010678465589239016,0.0,1.0
2026-06-02 09:40:00+09:00,-0.0013789578476127787,0.0,0.9939759036144579
2026-06-02 09:45:00+09:00,-0.0015524782963195981,0.0,0.9879518072289157
2026-06-02 09:50:00+09:00,0.0007052540940521844,0.0,0.9879518072289156
2026-06-02 09:55:00+09:00,0.0015783982157545496,0.0,0.9939024390243902
2026-06-02 10:00:00+09:00,0.00017004906953748381,0.0,0.9939759036144579
2026-06-02 10:05:00+09:00,0.0004259613046840105,0.0,1.0
2026-06-02 10:10:00+09:00,0.00032144809401847015,0.0,0.9879518072289157
2026-06-02 10:15:00+09:00,0.001099799322913023,0.0,0.9819277108433735
2026-06-02 10:20:00+09:00,-0.00018796597519429937,0.0,0.9758301498677638
2026-06-02 10:25:00+09:00,-0.001477619226820972,0.0,0.9939759036144578
2026-06-02 10:30:00+09:00,-0.0014596992587066445,0.0,0.9517337643255951
2026-06-02 10:35:00+09:00,0.00018285917339244524,0.0,1.0
2026-06-02 10:40:00+09:00,-0.0012164199488689735,0.0,0.9939024390243902
2026-06-02 10:45:00+09:00,-0.00034258366241249653,0.0,0.9939759036144579
2026-06-02 10:50:00+09:00,-0.00018652373950219932,0.0,1.0
2026-06-02 10:55:00+09:00,-0.0001705569520913319,0.0,0.9759036144578314
2026-06-02 11:00:00+09:00,0.00035104593341119016,0.0,0.9878048780487805
2026-06-02 11:05:00+09:00,0.0007388495056827282,0.0,0.987878342638848
2026-06-02 11:10:00+09:00,0.0009701648063934617,0.024169850132236263,0.9576843961210696
2026-06-02 11:15:00+09:00,-0.0004784445469173575,0.03629150749338819,0.9395386423743756
2026-06-02 11:20:00+09:00,-0.00018790772847487514,0.9395386423743756,0.0
2026-06-02 11:25:00+09:00,0.0,0.0,0.0
2026-06-02 12:30:00+09:00,0.0,0.0,0.0
2026-06-02 12:35:00+09:00,0.0,0.0,0.0
2026-06-02 12:40:00+09:00,0.0,0.0,0.0
2026-06-02 12:45:00+09:00,0.0,0.0,0.0
2026-06-02 12:50:00+09:00,0.0,0.0,0.0
2026-06-02 12:55:00+09:00,0.0,0.0,0.0
2026-06-02 13:00:00+09:00,0.0001957894843248034,1.0,1.0
2026-06-02 13:05:00+09:00,-0.0006857719030717907,0.0,0.9939024390243902
2026-06-02 13:10:00+09:00,-0.00044394455226332013,0.0,0.9939759036144578
2026-06-02 13:15:00+09:00,-0.0009658486210713811,0.0,0.9758301498677637
2026-06-02 13:20:00+09:00,0.00012898650310056597,0.0,0.9939759036144579
2026-06-02 13:25:00+09:00,0.0010911756456838378,0.0,0.9879518072289157
2026-06-02 13:30:00+09:00,-0.0008933800096300987,0.0,0.9818542462533059
2026-06-02 13:35:00+09:00,-0.00026384809786828803,0.0,0.993975903614458
2026-06-02 13:40:00+09:00,-0.00026510568995398735,0.0,0.9759036144578315
2026-06-02 13:45:00+09:00,-0.0005851976175233693,0.0,0.9939759036144578
2026-06-02 13:50:00+09:00,-0.0005291522551893665,0.0,0.993975903614458
2026-06-02 13:55:00+09:00,-0.0005024852097745327,0.0,0.9819277108433736
2026-06-02 14:00:00+09:00,-0.00010658890293374863,0.0,0.9878783426388482
2026-06-02 14:05:00+09:00,-0.00010387872529122149,0.0,0.9939759036144579
2026-06-02 14:10:00+09:00,-0.0007448762021758931,0.0,0.9819277108433735
2026-06-02 14:15:00+09:00,-0.0007334532528856413,0.0,0.9879518072289156
2026-06-02 14:20:00+09:00,-0.0002892213270703736,0.0,0.9879518072289157
2026-06-02 14:25:00+09:00,-0.0003451920047752375,0.0,0.9819277108433736
2026-06-02 14:30:00+09:00,0.00042051818067893046,0.0,0.9637084925066118
2026-06-02 14:35:00+09:00,-0.000927391721044019,0.0,0.9758301498677638
2026-06-02 14:40:00+09:00,0.0006911160061817646,0.0,0.9698795180722892
2026-06-02 14:45:00+09:00,0.0012760993206756114,0.0,0.981854246253306
2026-06-02 14:50:00+09:00,-0.0002797747771934963,0.0,0.993975903614458
2026-06-02 14:55:00+09:00,-0.0006838752305861354,0.0,0.993975903614458
2026-06-02 15:00:00+09:00,-0.00039186246557460375,0.0,0.9939759036144579
2026-06-02 15:05:00+09:00,0.0002725983556543183,0.0,1.0
2026-06-02 15:10:00+09:00,-0.00020444295406797295,0.0,0.993975903614458
2026-06-02 15:15:00+09:00,-0.0002,1.0,0.0
2026-06-02 15:20:00+09:00,0.0,0.0,0.0
2026-06-03 09:00:00+09:00,0.0,0.0,0.0
2026-06-03 09:05:00+09:00,0.0,0.0,0.0
2026-06-03 09:10:00+09:00,0.0,0.0,0.0
2026-06-03 09:15:00+09:00,0.0,0.0,0.0
2026-06-03 09:20:00+09:00,0.0,0.0,0.0
2026-06-03 09:25:00+09:00,0.0,0.0,0.0
2026-06-03 09:30:00+09:00,-9.898840872516605e-05,1.0,0.9999999999999999
2026-06-03 09:35:00+09:00,0.0009059145270572488,0.0,0.993827160493827
2026-06-03 09:40:00+09:00,0.0009109233073234746,0.0,0.9939024390243901
2026-06-03 09:45:00+09:00,-0.0005299936033649422,0.0,0.9938271604938271
2026-06-03 09:50:00+09:00,0.00022933412728839378,0.0,0.9999999999999999
2026-06-03 09:55:00+09:00,0.00050419854400728,0.0,0.9877295995182174
2026-06-03 10:00:00+09:00,-0.001004074127624988,0.0,0.993827160493827
2026-06-03 10:05:00+09:00,-0.0003470824797938405,0.0,0.9692110809996989
2026-06-03 10:10:00+09:00,0.000770912140955376,0.0,0.9999999999999999
2026-06-03 10:15:00+09:00,-0.00036505019591192027,0.0,0.9939024390243901
2026-06-03 10:20:00+09:00,0.0006197364069078681,0.0,0.9876543209876543
2026-06-03 10:25:00+09:00,0.00038991042976180214,0.0,0.9753839205058716
2026-06-03 10:30:00+09:00,0.0008462911208869062,0.0,0.9939024390243901
2026-06-03 10:35:00+09:00,0.0005022358484939972,0.0,0.9814814814814814
2026-06-03 10:40:00+09:00,0.000264251608299776,0.0,0.9876543209876543
2026-06-03 10:45:00+09:00,-0.0003637689778513615,0.0,0.9815567600120444
2026-06-03 10:50:00+09:00,0.00036197428279435926,0.0,0.9878048780487805
2026-06-03 10:55:00+09:00,1.6564202852355813e-05,0.0,0.993827160493827
2026-06-03 11:00:00+09:00,0.0002234521410148895,0.006172839506172839,0.9753839205058716
2026-06-03 11:05:00+09:00,-0.0003968413355843702,0.0,0.969286359530262
2026-06-03 11:10:00+09:00,3.3683009822869646e-05,0.006097560975609756,0.9815567600120444
2026-06-03 11:15:00+09:00,-0.0002495195828325677,0.012270400481782595,0.9446702800361337
2026-06-03 11:20:00+09:00,-0.00019509183980728696,0.9754591990364347,0.0
2026-06-03 11:25:00+09:00,0.0,0.0,0.0
2026-06-03 12:30:00+09:00,0.0,0.0,0.0
2026-06-03 12:35:00+09:00,0.0,0.0,0.0
2026-06-03 12:40:00+09:00,0.0,0.0,0.0
2026-06-03 12:45:00+09:00,0.0,0.0,0.0
2026-06-03 12:50:00+09:00,0.0,0.0,0.0
2026-06-03 12:55:00+09:00,0.0,0.0,0.0
2026-06-03 13:00:00+09:00,0.00023779276154056988,1.0,1.0
2026-06-03 13:05:00+09:00,5.67209610679469e-06,0.0,0.9938271604938271
2026-06-03 13:10:00+09:00,-0.0005442750331527997,0.0,0.9876543209876542
2026-06-03 13:15:00+09:00,-0.00033210259124861135,0.0,0.9876543209876544
2026-06-03 13:20:00+09:00,0.0001949102466436133,0.0,0.993827160493827
2026-06-03 13:25:00+09:00,0.0002993709921163785,0.0,0.9628086419753086
2026-06-03 13:30:00+09:00,4.920649499232679e-05,0.0,0.9938271604938271
2026-06-03 13:35:00+09:00,-0.0001482624199359249,0.0,0.993827160493827
2026-06-03 13:40:00+09:00,-0.0001634862925446309,0.0,1.0
2026-06-03 13:45:00+09:00,0.00012854325778842473,0.0,0.9690586419753087
2026-06-03 13:50:00+09:00,4.45271244750342e-06,0.0,0.9938271604938271
2026-06-03 13:55:00+09:00,6.808853358259535e-05,0.0,0.9876543209876543
2026-06-03 14:00:00+09:00,6.089037219251707e-05,0.0,1.0
2026-06-03 14:05:00+09:00,-6.680707998327287e-05,0.0,0.9813271604938271
2026-06-03 14:10:00+09:00,-3.08630064565294e-05,0.0,0.9938271604938271
2026-06-03 14:15:00+09:00,9.921987533826074e-05,0.0,0.9751543209876543
2026-06-03 14:20:00+09:00,0.00039431657225998107,0.0,0.9752314814814814
2026-06-03 14:25:00+09:00,0.0004068345255054851,0.0,0.9752314814814814
2026-06-03 14:30:00+09:00,-0.00014770478030024864,0.0,0.9876543209876544
2026-06-03 14:35:00+09:00,9.776709429724456e-05,0.0,0.993827160493827
2026-06-03 14:40:00+09:00,-0.0001490018716171513,0.0,0.9875
2026-06-03 14:45:00+09:00,0.00012480694206790308,0.0,0.9814814814814815
2026-06-03 14:50:00+09:00,9.338878699959404e-05,0.0,1.0
2026-06-03 14:55:00+09:00,3.4682456191855346e-06,0.0,0.9938271604938271
2026-06-03 15:00:00+09:00,0.0001398001725156325,0.0,1.0
2026-06-03 15:05:00+09:00,7.1247216920194335e-06,0.0,1.0
2026-06-03 15:10:00+09:00,0.00023120913184141708,0.0,1.0
2026-06-03 15:15:00+09:00,-0.0002,1.0,0.0
2026-06-03 15:20:00+09:00,0.0,0.0,0.0
2026-06-04 09:00:00+09:00,0.0,0.0,0.0
2026-06-04 09:05:00+09:00,0.0,0.0,0.0
2026-06-04 09:10:00+09:00,0.0,0.0,0.0
2026-06-04 09:15:00+09:00,0.0,0.0,0.0
2026-06-04 09:20:00+09:00,0.0,0.0,0.0
2026-06-04 09:25:00+09:00,0.0,0.0,0.0
2026-06-04 09:30:00+09:00,0.0009777183584392007,1.0,1.0
2026-06-04 09:35:00+09:00,5.5687480382735046e-05,0.0,0.9939759036144579
2026-06-04 09:40:00+09:00,0.0003489360732439374,0.0,0.9878048780487805
2026-06-04 09:45:00+09:00,6.262341341423996e-05,0.0,0.9879518072289157
2026-06-04 09:50:00+09:00,-0.0003575375384983311,0.0,0.9879518072289157
2026-06-04 09:55:00+09:00,-7.800688478720924e-05,0.0,0.993975903614458
2026-06-04 10:00:00+09:00,-0.0011599456970694058,0.0,0.9939759036144579
2026-06-04 10:05:00+09:00,7.444274334643313e-05,0.0,0.9939759036144579
2026-06-04 10:10:00+09:00,-0.00011476236893054319,0.0,1.0
2026-06-04 10:15:00+09:00,-0.0004659531672455083,0.0,0.9939024390243902
2026-06-04 10:20:00+09:00,-0.00018510338574639074,0.0,0.9939759036144578
2026-06-04 10:25:00+09:00,-0.0004781704109376025,0.0,0.9939759036144579
2026-06-04 10:30:00+09:00,0.00033449881805351487,0.0,1.0
2026-06-04 10:35:00+09:00,-0.00018201866677723352,0.0,0.9939759036144579
2026-06-04 10:40:00+09:00,-0.0007897106140601984,0.0,0.9939759036144579
2026-06-04 10:45:00+09:00,0.00018105318451310678,0.0,1.0
2026-06-04 10:50:00+09:00,0.00010346188292850072,0.0,1.0
2026-06-04 10:55:00+09:00,-1.1776659775995822e-05,0.0,0.9879518072289158
2026-06-04 11:00:00+09:00,0.00012697281790763107,0.0,1.0
2026-06-04 11:05:00+09:00,2.7587291167519967e-05,0.0,0.9817807816632383
2026-06-04 11:10:00+09:00,-0.00012151906485120238,0.0,0.987878342638848
2026-06-04 11:15:00+09:00,-0.00014252249801400418,0.024169850132236263,0.9637084925066118
2026-06-04 11:20:00+09:00,-0.00019516602997355275,0.9758301498677637,0.0
2026-06-04 11:25:00+09:00,0.0,0.0,0.0
2026-06-04 12:30:00+09:00,0.0,0.0,0.0
2026-06-04 12:35:00+09:00,0.0,0.0,0.0
2026-06-04 12:40:00+09:00,0.0,0.0,0.0
2026-06-04 12:45:00+09:00,0.0,0.0,0.0
2026-06-04 12:50:00+09:00,0.0,0.0,0.0
2026-06-04 12:55:00+09:00,0.0,0.0,0.0
2026-06-04 13:00:00+09:00,-0.0002392020503488581,1.0,1.0
2026-06-04 13:05:00+09:00,0.00015156800279494205,0.0,0.9690586419753086
2026-06-04 13:10:00+09:00,-0.000421965412227023,0.0,0.993827160493827
2026-06-04 13:15:00+09:00,-0.00030988268660756983,0.0,0.9814814814814814
2026-06-04 13:20:00+09:00,-0.00024621026171823103,0.0,0.9813271604938272
2026-06-04 13:25:00+09:00,-0.00037877567666506646,0.0,0.9938271604938271
2026-06-04 13:30:00+09:00,-0.00010948233981405251,0.0,0.9876543209876543
2026-06-04 13:35:00+09:00,-5.2168147123916775e-05,0.0,0.9937499999999999
2026-06-04 13:40:00+09:00,-0.0001275797501173937,0.0,0.9627314814814814
2026-06-04 13:45:00+09:00,-1.2720117572831645e-05,0.0,0.9875771604938272
2026-06-04 13:50:00+09:00,-0.000150377634414575,0.0,0.9689043209876544
2026-06-04 13:55:00+09:00,0.0006171429404818257,0.0,0.9751543209876543
2026-06-04 14:00:00+09:00,0.00031243504306641357,0.0,0.987577160493827
2026-06-04 14:05:00+09:00,0.00014225429907339433,0.0,0.9876543209876543
2026-06-04 14:10:00+09:00,-0.0003250423978454075,0.0,0.9875771604938272
2026-06-04 14:15:00+09:00,2.161214220571464e-05,0.0,1.0
2026-06-04 14:20:00+09:00,-0.0004007812686895074,0.0,0.9750771604938272
2026-06-04 14:25:00+09:00,-1.2656215745619668e-05,0.0,0.9751543209876542
2026-06-04 14:30:00+09:00,0.00036229181998914363,0.0,0.9751543209876542
2026-06-04 14:35:00+09:00,0.00030974336668024717,0.0,0.9814814814814815
2026-06-04 14:40:00+09:00,0.00016437318990180033,0.0,1.0
2026-06-04 14:45:00+09:00,-0.00023373299122014278,0.0,0.993827160493827
2026-06-04 14:50:00+09:00,8.533774097983322e-05,0.0,0.9875771604938272
2026-06-04 14:55:00+09:00,-0.0001428970581691587,0.0,0.9876543209876544
2026-06-04 15:00:00+09:00,-4.136235997481956e-05,0.0,0.9813271604938271
2026-06-04 15:05:00+09:00,0.0002707814156637567,0.0,1.0
2026-06-04 15:10:00+09:00,-4.076386109075973e-05,0.0,0.993827160493827
2026-06-04 15:15:00+09:00,-0.0002,1.0,0.0
2026-06-04 15:20:00+09:00,0.0,0.0,0.0
2026-06-05 09:00:00+09:00,0.0,0.0,0.0
2026-06-05 09:05:00+09:00,0.0,0.0,0.0
2026-06-05 09:10:00+09:00,0.0,0.0,0.0
2026-06-05 09:15:00+09:00,0.0,0.0,0.0
2026-06-05 09:20:00+09:00,0.0,0.0,0.0
2026-06-05 09:25:00+09:00,0.0,0.0,0.0
2026-06-05 09:30:00+09:00,-0.0011861403612435162,1.0,1.0
2026-06-05 09:35:00+09:00,0.0007871140253820222,0.0,1.0
2026-06-05 09:40:00+09:00,-0.00029011498478628307,0.0,1.0
2026-06-05 09:45:00+09:00,0.0004081378014242436,0.0,0.9938271604938271
2026-06-05 09:50:00+09:00,-8.215951594675227e-05,0.0,1.0
2026-06-05 09:55:00+09:00,-0.00038784220732128916,0.0,0.9999999999999999
2026-06-05 10:00:00+09:00,2.3483626499034863e-05,0.0,1.0
2026-06-05 10:05:00+09:00,7.237071371763492e-05,0.0,0.9999999999999999
2026-06-05 10:10:00+09:00,-0.0002791380251723102,0.0,0.9816320385426076
2026-06-05 10:15:00+09:00,0.0006219240232847159,0.0,0.9815567600120445
2026-06-05 10:20:00+09:00,-4.132863657881418e-06,0.0,0.9754591990364347
2026-06-05 10:25:00+09:00,-0.00038826472326369046,0.0,0.9999999999999999
2026-06-05 10:30:00+09:00,-0.00014859489145621578,0.0,0.9753839205058717
2026-06-05 10:35:00+09:00,-0.0002601643791139013,0.0,0.9939024390243902
2026-06-05 10:40:00+09:00,7.317194423114402e-05,0.0,0.9876543209876543
2026-06-05 10:45:00+09:00,4.767985100649061e-05,0.0,0.9816320385426076
2026-06-05 10:50:00+09:00,4.136824607106648e-05,0.0,0.9938271604938271
2026-06-05 10:55:00+09:00,-0.00013513555841237684,0.0,1.0
2026-06-05 11:00:00+09:00,-4.457768802415112e-05,0.0,0.9938271604938271
2026-06-05 11:05:00+09:00,-0.0003941835439500216,0.0,0.9814814814814814
2026-06-05 11:10:00+09:00,-0.00029857014570194103,0.006097560975609756,0.9755344775669978
2026-06-05 11:15:00+09:00,0.0004710891484916528,0.024616079494128272,0.9631887985546521
2026-06-05 11:20:00+09:00,-0.0001938572719060524,0.969286359530262,0.0
2026-06-05 11:25:00+09:00,0.0,0.0,0.0
2026-06-05 12:30:00+09:00,0.0,0.0,0.0
2026-06-05 12:35:00+09:00,0.0,0.0,0.0
2026-06-05 12:40:00+09:00,0.0,0.0,0.0
2026-06-05 12:45:00+09:00,0.0,0.0,0.0
2026-06-05 12:50:00+09:00,0.0,0.0,0.0
2026-06-05 12:55:00+09:00,0.0,0.0,0.0
2026-06-05 13:00:00+09:00,-0.0002360963614616884,1.0,1.0
2026-06-05 13:05:00+09:00,0.0002191079570555038,0.0,0.9750000000000001
2026-06-05 13:10:00+09:00,-9.723463863253852e-05,0.0,0.9937499999999999
2026-06-05 13:15:00+09:00,0.00014466186120758108,0.0,0.9750771604938271
2026-06-05 13:20:00+09:00,2.9023275696529215e-05,0.0,0.9876543209876543
2026-06-05 13:25:00+09:00,-0.0002277712309312713,0.0,1.0
2026-06-05 13:30:00+09:00,0.0007074017651362725,0.0,0.9751543209876543
2026-06-05 13:35:00+09:00,0.0003917832413801007,0.0,0.9874999999999999
2026-06-05 13:40:00+09:00,0.000281349126421964,0.0,0.98125
2026-06-05 13:45:00+09:00,0.00021632759222680814,0.0,0.9875
2026-06-05 13:50:00+09:00,0.00030006472681477965,0.0,0.9937499999999999
2026-06-05 13:55:00+09:00,-7.42597367741705e-05,0.0,1.0
2026-06-05 14:00:00+09:00,-9.471229358000305e-05,0.0,0.9937500000000001
2026-06-05 14:05:00+09:00,0.0004320901540260438,0.0,0.9814043209876544
2026-06-05 14:10:00+09:00,0.00018629921399282445,0.0,0.9813271604938271
2026-06-05 14:15:00+09:00,5.166101552303966e-05,0.0,0.9813271604938271
2026-06-05 14:20:00+09:00,-0.00040399163157068787,0.0,0.9874999999999999
2026-06-05 14:25:00+09:00,0.00042157946992811855,0.0,0.9875
2026-06-05 14:30:00+09:00,0.00018087961144031475,0.0,0.9874999999999999
2026-06-05 14:35:00+09:00,-0.00029067589465106607,0.0,0.98125
2026-06-05 14:40:00+09:00,-0.0006634604120922603,0.0,0.9813271604938272
2026-06-05 14:45:00+09:00,-0.00027372167686283975,0.0,0.9875
2026-06-05 14:50:00+09:00,6.803327094042449e-05,0.0,0.9937499999999999
2026-06-05 14:55:00+09:00,0.00033562348913973594,0.0,0.9875771604938273
2026-06-05 15:00:00+09:00,0.00012970198343079705,0.0,0.9813271604938272
2026-06-05 15:05:00+09:00,-9.990556019719449e-05,0.0,0.9938271604938271
2026-06-05 15:10:00+09:00,7.631521695645611e-05,0.00625,0.9875771604938273
2026-06-05 15:15:00+09:00,-0.00019875,0.99375,0.0
2026-06-05 15:20:00+09:00,0.0,0.0,0.0
2026-06-08 09:00:00+09:00,0.0,0.0,0.0
2026-06-08 09:05:00+09:00,0.0,0.0,0.0
2026-06-08 09:10:00+09:00,0.0,0.0,0.0
2026-06-08 09:15:00+09:00,0.0,0.0,0.0
2026-06-08 09:20:00+09:00,0.0,0.0,0.0
2026-06-08 09:25:00+09:00,0.0,0.0,0.0
2026-06-08 09:30:00+09:00,-0.0018349561703113748,1.0,1.0
2026-06-08 09:35:00+09:00,0.0011821461578432953,0.0,1.0
2026-06-08 09:40:00+09:00,0.000181768202145969,0.0,0.9939759036144578
2026-06-08 09:45:00+09:00,-0.0003611768672916659,0.0,1.0
2026-06-08 09:50:00+09:00,0.00011789509238492963,0.0,1.0
2026-06-08 09:55:00+09:00,0.00035278323548436553,0.0,1.0
2026-06-08 10:00:00+09:00,0.00011158438352027933,0.0,0.9939759036144579
2026-06-08 10:05:00+09:00,-0.00027202473234662296,0.0,0.9939759036144579
2026-06-08 10:10:00+09:00,0.0008924822560893991,0.0,1.0
2026-06-08 10:15:00+09:00,0.0012465997179798322,0.0,0.9818542462533059
2026-06-08 10:20:00+09:00,0.00039191452702685536,0.0,1.0
2026-06-08 10:25:00+09:00,0.0002633391248609243,0.0,0.981854246253306
2026-06-08 10:30:00+09:00,0.00029379045376198897,0.0,1.0
2026-06-08 10:35:00+09:00,-0.0009887364931477028,0.0,0.9939759036144579
2026-06-08 10:40:00+09:00,0.0002226833875014961,0.0,0.9939759036144579
2026-06-08 10:45:00+09:00,-0.00018526760904663086,0.0,1.0
2026-06-08 10:50:00+09:00,-0.0008709345681610103,0.0,1.0
2026-06-08 10:55:00+09:00,-0.0003215159486024966,0.0,0.9878783426388481
2026-06-08 11:00:00+09:00,0.0004018409634219288,0.0,0.9939759036144579
2026-06-08 11:05:00+09:00,-0.00013940050811672667,0.0,1.0
2026-06-08 11:10:00+09:00,0.0005446281720768736,0.006024096385542169,0.9758301498677637
2026-06-08 11:15:00+09:00,-0.0005362341315194289,0.012121657361151925,0.9698060534822215
2026-06-08 11:20:00+09:00,-0.0001963708492506612,0.981854246253306,0.0
2026-06-08 11:25:00+09:00,0.0,0.0,0.0
2026-06-08 12:30:00+09:00,0.0,0.0,0.0
2026-06-08 12:35:00+09:00,0.0,0.0,0.0
2026-06-08 12:40:00+09:00,0.0,0.0,0.0
2026-06-08 12:45:00+09:00,0.0,0.0,0.0
2026-06-08 12:50:00+09:00,0.0,0.0,0.0
2026-06-08 12:55:00+09:00,0.0,0.0,0.0
2026-06-08 13:00:00+09:00,0.00015556882915828202,1.0,0.9999999999999999
2026-06-08 13:05:00+09:00,-2.654158504114861e-05,0.0,0.993827160493827
2026-06-08 13:10:00+09:00,0.00022346014901041344,0.0,0.9938271604938271
2026-06-08 13:15:00+09:00,-0.00012746457167677443,0.0,0.9939024390243902
2026-06-08 13:20:00+09:00,-0.0001728265066988258,0.0,0.9999999999999999
2026-06-08 13:25:00+09:00,-4.836413978631329e-05,0.0,0.9877295995182174
2026-06-08 13:30:00+09:00,0.00011669903830989229,0.0,0.9999999999999999
2026-06-08 13:35:00+09:00,-0.0001262604610567665,0.0,0.9939024390243901
2026-06-08 13:40:00+09:00,0.00023175834596069603,0.0,0.9876543209876543
2026-06-08 13:45:00+09:00,8.141229541051669e-05,0.0,0.9999999999999999
2026-06-08 13:50:00+09:00,0.00013528010403337907,0.0,0.9999999999999999
2026-06-08 13:55:00+09:00,0.00020585768941313448,0.0,0.993827160493827
2026-06-08 14:00:00+09:00,-0.00019604346387527678,0.0,0.9938271604938271
2026-06-08 14:05:00+09:00,8.572292748850053e-05,0.0,1.0
2026-06-08 14:10:00+09:00,-0.0001805897174090173,0.0,0.9999999999999999
2026-06-08 14:15:00+09:00,-0.00026388291084216797,0.0,0.9999999999999999
2026-06-08 14:20:00+09:00,0.00042651744777311834,0.0,0.9999999999999999
2026-06-08 14:25:00+09:00,4.187121518906839e-05,0.0,0.9999999999999999
2026-06-08 14:30:00+09:00,8.063496429896652e-06,0.0,0.9999999999999999
2026-06-08 14:35:00+09:00,-8.110285301413675e-05,0.0,0.9999999999999999
2026-06-08 14:40:00+09:00,9.555666866627383e-06,0.0,0.9939024390243901
2026-06-08 14:45:00+09:00,0.0002685754164613396,0.0,0.9999999999999999
2026-06-08 14:50:00+09:00,6.076903637046389e-05,0.0,0.9999999999999999
2026-06-08 14:55:00+09:00,-6.871518805845738e-05,0.0,0.9877295995182173
2026-06-08 15:00:00+09:00,8.068257224485007e-05,0.0,0.9999999999999999
2026-06-08 15:05:00+09:00,7.468413805029693e-05,0.0,0.9999999999999999
2026-06-08 15:10:00+09:00,0.00014709000997244,0.0,0.9999999999999999
2026-06-08 15:15:00+09:00,-0.0002,1.0,0.0
2026-06-08 15:20:00+09:00,0.0,0.0,0.0
2026-06-09 09:00:00+09:00,0.0,0.0,0.0
2026-06-09 09:05:00+09:00,0.0,0.0,0.0
2026-06-09 09:10:00+09:00,0.0,0.0,0.0
2026-06-09 09:15:00+09:00,0.0,0.0,0.0
2026-06-09 09:20:00+09:00,0.0,0.0,0.0
2026-06-09 09:25:00+09:00,0.0,0.0,0.0
2026-06-09 09:30:00+09:00,0.000518645456976203,1.0,1.0
2026-06-09 09:35:00+09:00,-0.0019256467875711648,0.0,1.0
2026-06-09 09:40:00+09:00,-3.8151380511354547e-07,0.0,0.9937499999999999
2026-06-09 09:45:00+09:00,-0.001345621838473544,0.0,1.0
2026-06-09 09:50:00+09:00,0.0006350997211662287,0.0,0.9875771604938272
2026-06-09 09:55:00+09:00,1.2334469912238427e-05,0.0,0.9813271604938272
2026-06-09 10:00:00+09:00,-0.0006273577653889119,0.0,0.9750771604938271
2026-06-09 10:05:00+09:00,0.0012783781929254045,0.0,0.98125
2026-06-09 10:10:00+09:00,0.0005414131215664929,0.0,0.9812500000000001
2026-06-09 10:15:00+09:00,0.00026509374204444097,0.0,0.9875771604938272
2026-06-09 10:20:00+09:00,-0.0023694075599648957,0.0,0.9875771604938272
2026-06-09 10:25:00+09:00,0.0018212596302564844,0.0,0.98125
2026-06-09 10:30:00+09:00,0.0010715326628765892,0.0,0.9874999999999999
2026-06-09 10:35:00+09:00,0.00016251388393816657,0.0,0.96875
2026-06-09 10:40:00+09:00,0.0003167613821218773,0.0,0.9938271604938271
2026-06-09 10:45:00+09:00,-0.0018960143101719883,0.0,0.96875
2026-06-09 10:50:00+09:00,-0.0003845352410883732,0.0,0.98125
2026-06-09 10:55:00+09:00,0.0009258351084442076,0.00625,0.9689043209876543
2026-06-09 11:00:00+09:00,0.0012431508975769485,0.0,0.9624999999999999
2026-06-09 11:05:00+09:00,0.00019789327844289088,0.0,0.9750771604938272
2026-06-09 11:10:00+09:00,0.00030650849251749894,0.01242283950617284,0.9689043209876543
2026-06-09 11:15:00+09:00,-0.0009242037949514222,0.00625,0.9564043209876544
2026-06-09 11:20:00+09:00,-0.00019501543209876545,0.9750771604938272,0.0
2026-06-09 11:25:00+09:00,0.0,0.0,0.0
2026-06-09 12:30:00+09:00,0.0,0.0,0.0
2026-06-09 12:35:00+09:00,0.0,0.0,0.0
2026-06-09 12:40:00+09:00,0.0,0.0,0.0
2026-06-09 12:45:00+09:00,0.0,0.0,0.0
2026-06-09 12:50:00+09:00,0.0,0.0,0.0
2026-06-09 12:55:00+09:00,0.0,0.0,0.0
2026-06-09 13:00:00+09:00,-0.00120976189903744,1.0,1.0
2026-06-09 13:05:00+09:00,0.000826809318827584,0.0,0.9876543209876543
2026-06-09 13:10:00+09:00,-0.00244456551241827,0.0,0.9876543209876543
2026-06-09 13:15:00+09:00,0.0012876459015853886,0.0,1.0
2026-06-09 13:20:00+09:00,0.0005065109547431031,0.0,0.9814814814814815
2026-06-09 13:25:00+09:00,-0.0005430882029703423,0.0,0.9814043209876543
2026-06-09 13:30:00+09:00,-0.000946618843939989,0.0,0.9814814814814814
2026-06-09 13:35:00+09:00,-0.0003641217838768901,0.0,0.9814814814814814
2026-06-09 13:40:00+09:00,-0.00014321143340530163,0.0,0.9876543209876543
2026-06-09 13:45:00+09:00,0.00048755320238485003,0.0,0.9567129629629629
2026-06-09 13:50:00+09:00,0.0004317221068489277,0.0,0.9814814814814815
2026-06-09 13:55:00+09:00,-0.0007680140537369179,0.0,0.9690586419753087
2026-06-09 14:00:00+09:00,0.0005183575493609868,0.0,0.9691358024691357
2026-06-09 14:05:00+09:00,-0.0009116939102490905,0.0,0.9814814814814815
2026-06-09 14:10:00+09:00,0.00023429768607475187,0.0,0.9567129629629629
2026-06-09 14:15:00+09:00,0.002897991037280029,0.0,0.9814814814814815
2026-06-09 14:20:00+09:00,0.0005854159640695841,0.0,1.0
2026-06-09 14:25:00+09:00,-0.0015908285589020567,0.0,0.9753086419753085
2026-06-09 14:30:00+09:00,0.0007318168098839899,0.0,1.0
2026-06-09 14:35:00+09:00,-0.0006311542572334174,0.0,0.962962962962963
2026-06-09 14:40:00+09:00,-0.0007341634873489274,0.0,0.9814814814814814
2026-06-09 14:45:00+09:00,-0.0001060810949700313,0.0,0.9938271604938271
2026-06-09 14:50:00+09:00,-0.0005399917452884082,0.0,0.9691358024691358
2026-06-09 14:55:00+09:00,7.437847353570147e-05,0.0,1.0
2026-06-09 15:00:00+09:00,0.0005481062653996446,0.0,0.9938271604938271
2026-06-09 15:05:00+09:00,-0.0003296002553317625,0.0,0.9814814814814814
2026-06-09 15:10:00+09:00,-0.0006068252553306637,0.024691358024691357,0.9691358024691359
2026-06-09 15:15:00+09:00,-0.00019506172839506175,0.9753086419753086,0.0
2026-06-09 15:20:00+09:00,0.0,0.0,0.0
2026-06-10 09:00:00+09:00,0.0,0.0,0.0
2026-06-10 09:05:00+09:00,0.0,0.0,0.0
2026-06-10 09:10:00+09:00,0.0,0.0,0.0
2026-06-10 09:15:00+09:00,0.0,0.0,0.0
2026-06-10 09:20:00+09:00,0.0,0.0,0.0
2026-06-10 09:25:00+09:00,0.0,0.0,0.0
2026-06-10 09:30:00+09:00,-0.0022440806496387654,1.0,1.0
2026-06-10 09:35:00+09:00,0.0014287600710273767,0.0,0.9878048780487805
2026-06-10 09:40:00+09:00,0.0009400207980751577,0.0,1.0
2026-06-10 09:45:00+09:00,0.001085732353955311,0.0,0.9938271604938271
2026-06-10 09:50:00+09:00,0.0026510907851360977,0.0,0.9876543209876543
2026-06-10 09:55:00+09:00,0.0014710067213430415,0.0,0.9816320385426076
2026-06-10 10:00:00+09:00,0.0005577314117864405,0.0,1.0
2026-06-10 10:05:00+09:00,0.0012656449295543471,0.0,0.9939024390243902
2026-06-10 10:10:00+09:00,-1.357097089048156e-05,0.0,0.9877295995182174
2026-06-10 10:15:00+09:00,0.0002684654471584985,0.0,0.9877295995182174
2026-06-10 10:20:00+09:00,0.00023354048348477946,0.0,0.9876543209876543
2026-06-10 10:25:00+09:00,0.00023406624836842934,0.0,0.95679012345679
2026-06-10 10:30:00+09:00,0.00025249818686300395,0.0,0.9692863595302619
2026-06-10 10:35:00+09:00,-0.0006487890154284125,0.0,0.963038241493526
2026-06-10 10:40:00+09:00,0.00016831131668118047,0.0,0.9815567600120445
2026-06-10 10:45:00+09:00,-0.0003434304895443909,0.0,0.969361638060825
2026-06-10 10:50:00+09:00,-0.0007960356515142775,0.0,0.9876543209876543
2026-06-10 10:55:00+09:00,-0.0004394200899893286,0.0,0.9753086419753086
2026-06-10 11:00:00+09:00,-0.0005911783366633915,0.0,0.9876543209876543
2026-06-10 11:05:00+09:00,0.00010476548919958106,0.0,0.975609756097561
2026-06-10 11:10:00+09:00,-0.00020074240775560932,0.012270400481782595,0.9754591990364349
2026-06-10 11:15:00+09:00,-5.6953669838076196e-06,0.006097560975609756,0.9386479975910871
2026-06-10 11:20:00+09:00,-0.00019632640770852154,0.9816320385426076,0.0
2026-06-10 11:25:00+09:00,0.0,0.0,0.0
2026-06-10 12:30:00+09:00,0.0,0.0,0.0
2026-06-10 12:35:00+09:00,0.0,0.0,0.0
2026-06-10 12:40:00+09:00,0.0,0.0,0.0
2026-06-10 12:45:00+09:00,0.0,0.0,0.0
2026-06-10 12:50:00+09:00,0.0,0.0,0.0
2026-06-10 12:55:00+09:00,0.0,0.0,0.0
2026-06-10 13:00:00+09:00,-0.0005723550431891165,1.0,1.0
2026-06-10 13:05:00+09:00,-0.0008328984711043713,0.0,1.0
2026-06-10 13:10:00+09:00,0.0002394865350218766,0.0,0.9939024390243902
2026-06-10 13:15:00+09:00,-0.0005853138620698398,0.0,0.9815567600120445
2026-06-10 13:20:00+09:00,-0.0018619956663836893,0.0,0.9631135200240891
2026-06-10 13:25:00+09:00,-0.000597272805657981,0.0,0.9814814814814814
2026-06-10 13:30:00+09:00,0.00042771865537180994,0.006097560975609756,0.9753839205058716
2026-06-10 13:35:00+09:00,-0.0011080681677021133,0.0,0.9631887985546522
2026-06-10 13:40:00+09:00,0.0006047324089628813,0.0,0.9816320385426076
2026-06-10 13:45:00+09:00,0.0018814080566249647,0.0,0.9877295995182173
2026-06-10 13:50:00+09:00,-0.0016164729198975653,0.0,0.9877295995182173
2026-06-10 13:55:00+09:00,0.000419217834364369,0.0,0.9877295995182174
2026-06-10 14:00:00+09:00,0.00012101979275713045,0.0,0.9939024390243901
2026-06-10 14:05:00+09:00,-0.0006875212372402197,0.0,0.9753839205058716
2026-06-10 14:10:00+09:00,-0.0026636323189497234,0.0,0.9815567600120445
2026-06-10 14:15:00+09:00,0.0007664200276686372,0.0,0.9939024390243902
2026-06-10 14:20:00+09:00,0.0012554188246666795,0.0,0.9877295995182174
2026-06-10 14:25:00+09:00,-0.00022217282431171735,0.0,0.9877295995182174
2026-06-10 14:30:00+09:00,0.00043933473438061057,0.0,0.9815567600120446
2026-06-10 14:35:00+09:00,-0.00012315067346580844,0.0,0.9815567600120445
2026-06-10 14:40:00+09:00,-0.0010265705636824467,0.0,0.9692863595302619
2026-06-10 14:45:00+09:00,0.0013105282009638005,0.0,0.9939024390243901
2026-06-10 14:50:00+09:00,0.0005986476060673618,0.0,0.9877295995182174
2026-06-10 14:55:00+09:00,0.00040457590375958985,0.0,0.9815567600120445
2026-06-10 15:00:00+09:00,-0.000290140399420934,0.0,0.9939024390243902
2026-06-10 15:05:00+09:00,0.00044107421940719235,0.0,0.9877295995182174
2026-06-10 15:10:00+09:00,-0.00021950635931482682,0.0,0.9939024390243902
2026-06-10 15:15:00+09:00,-0.00019878048780487805,0.9939024390243902,0.0
2026-06-10 15:20:00+09:00,0.0,0.0,0.0
2026-06-11 09:00:00+09:00,0.0,0.0,0.0
2026-06-11 09:05:00+09:00,0.0,0.0,0.0
2026-06-11 09:10:00+09:00,0.0,0.0,0.0
2026-06-11 09:15:00+09:00,0.0,0.0,0.0
2026-06-11 09:20:00+09:00,0.0,0.0,0.0
2026-06-11 09:25:00+09:00,0.0,0.0,0.0
2026-06-11 09:30:00+09:00,-0.00018969100104374473,1.0,1.0
2026-06-11 09:35:00+09:00,-0.002394415987414688,0.0,0.9877295995182174
2026-06-11 09:40:00+09:00,-0.0015241922439703489,0.0,0.9939024390243902
2026-06-11 09:45:00+09:00,0.0008259899970939242,0.0,1.0
2026-06-11 09:50:00+09:00,0.0004996774116520969,0.0,0.9939024390243902
2026-06-11 09:55:00+09:00,-0.0024452645320564414,0.0,0.9816320385426076
2026-06-11 10:00:00+09:00,-0.00026856063005617335,0.0,0.9817073170731707
2026-06-11 10:05:00+09:00,-0.0005653703592006837,0.0,0.9634146341463414
2026-06-11 10:10:00+09:00,-0.0003941171321054532,0.0,1.0
2026-06-11 10:15:00+09:00,0.0003572885262631653,0.0,1.0
2026-06-11 10:20:00+09:00,-0.0005162669907208847,0.0,0.9878048780487805
2026-06-11 10:25:00+09:00,0.0012153064315467042,0.0,0.9817073170731707
2026-06-11 10:30:00+09:00,0.0004767335002440129,0.0,0.9631887985546521
2026-06-11 10:35:00+09:00,-0.00034126429800320087,0.0,0.9939024390243902
2026-06-11 10:40:00+09:00,-0.0008715032841168872,0.0,0.9755344775669978
2026-06-11 10:45:00+09:00,0.0011161310696436646,0.0,0.9817073170731707
2026-06-11 10:50:00+09:00,0.0008457128033976665,0.0,0.9876543209876543
2026-06-11 10:55:00+09:00,-0.001682980079826197,0.0,1.0
2026-06-11 11:00:00+09:00,-0.0001881973652435957,0.0,0.9817073170731707
2026-06-11 11:05:00+09:00,0.000625462155479525,0.006097560975609756,0.9939024390243902
2026-06-11 11:10:00+09:00,0.00029580374211120173,0.006097560975609756,0.9694369165913881
2026-06-11 11:15:00+09:00,0.0012891708146250329,0.006097560975609756,0.9573170731707317
2026-06-11 11:20:00+09:00,-0.00019634146341463416,0.9817073170731707,0.0
2026-06-11 11:25:00+09:00,0.0,0.0,0.0
2026-06-11 12:30:00+09:00,0.0,0.0,0.0
2026-06-11 12:35:00+09:00,0.0,0.0,0.0
2026-06-11 12:40:00+09:00,0.0,0.0,0.0
2026-06-11 12:45:00+09:00,0.0,0.0,0.0
2026-06-11 12:50:00+09:00,0.0,0.0,0.0
2026-06-11 12:55:00+09:00,0.0,0.0,0.0
2026-06-11 13:00:00+09:00,-0.0006108315765699259,1.0,1.0
2026-06-11 13:05:00+09:00,0.0003912127100231609,0.0,0.9878048780487805
2026-06-11 13:10:00+09:00,0.0002612040039651585,0.0,0.9632640770852152
2026-06-11 13:15:00+09:00,-0.0009967940706040654,0.0,0.9633393556157782
2026-06-11 13:20:00+09:00,0.00015215010831609157,0.0,0.9939024390243901
2026-06-11 13:25:00+09:00,-3.5250560386513835e-06,0.0,0.9878048780487805
2026-06-11 13:30:00+09:00,-0.0009527528551598176,0.0,0.9816320385426076
2026-06-11 13:35:00+09:00,-0.0006338932410527846,0.0,0.9938271604938271
2026-06-11 13:40:00+09:00,0.0003599921272046061,0.0,0.9695121951219511
2026-06-11 13:45:00+09:00,-5.472495392972171e-06,0.0,0.9694369165913881
2026-06-11 13:50:00+09:00,0.0010765630882780654,0.0,0.9878048780487804
2026-06-11 13:55:00+09:00,-0.0005831948934308613,0.0,0.9448208370972598
2026-06-11 14:00:00+09:00,0.0002547300662861903,0.0,0.9939024390243901
2026-06-11 14:05:00+09:00,0.0006317396106141355,0.0,0.9877295995182173
2026-06-11 14:10:00+09:00,-0.0016957584687086911,0.0,0.9876543209876543
2026-06-11 14:15:00+09:00,-0.0007110501894542579,0.0,0.9695121951219512
2026-06-11 14:20:00+09:00,0.0016697027747406632,0.0,0.9633393556157783
2026-06-11 14:25:00+09:00,-0.0009422450914361203,0.0,0.9878048780487805
2026-06-11 14:30:00+09:00,6.239024026091132e-06,0.0,0.9878048780487805
2026-06-11 14:35:00+09:00,-0.0002722131607552982,0.0,0.9939024390243901
2026-06-11 14:40:00+09:00,0.0007510071860567542,0.0,0.9631887985546521
2026-06-11 14:45:00+09:00,0.001063801998119028,0.0,0.9632640770852152
2026-06-11 14:50:00+09:00,-5.936803881691285e-05,0.0,0.9878048780487805
2026-06-11 14:55:00+09:00,0.0003806936349678057,0.0,0.9999999999999999
2026-06-11 15:00:00+09:00,0.0006629522926246733,0.0,0.9999999999999998
2026-06-11 15:05:00+09:00,-0.0007850553364079503,0.0,0.9999999999999999
2026-06-11 15:10:00+09:00,-5.50015826825466e-05,0.006097560975609756,0.9816320385426076
2026-06-11 15:15:00+09:00,-0.00019878048780487805,0.9939024390243902,0.0
2026-06-11 15:20:00+09:00,0.0,0.0,0.0
2026-06-12 09:00:00+09:00,0.0,0.0,0.0
2026-06-12 09:05:00+09:00,0.0,0.0,0.0
2026-06-12 09:10:00+09:00,0.0,0.0,0.0
2026-06-12 09:15:00+09:00,0.0,0.0,0.0
2026-06-12 09:20:00+09:00,0.0,0.0,0.0
2026-06-12 09:25:00+09:00,0.0,0.0,0.0
2026-06-12 09:30:00+09:00,0.0005132819068784844,1.0,1.0
2026-06-12 09:35:00+09:00,0.0006765993835460726,0.0,1.0
2026-06-12 09:40:00+09:00,-0.0016090328801757166,0.0,1.0
2026-06-12 09:45:00+09:00,-0.00015276205265000412,0.0,0.9814814814814815
2026-06-12 09:50:00+09:00,-6.918505370814012e-05,0.0,0.9877295995182174
2026-06-12 09:55:00+09:00,0.0016405778878428232,0.0,0.9817073170731707
2026-06-12 10:00:00+09:00,0.0007196529589382538,0.0,0.9938271604938272
2026-06-12 10:05:00+09:00,6.010434922952951e-05,0.0,1.0
2026-06-12 10:10:00+09:00,0.001439662621059789,0.0,0.9939024390243902
2026-06-12 10:15:00+09:00,0.001178983507817081,0.0,1.0
2026-06-12 10:20:00+09:00,0.0016696945252604434,0.0,0.9816320385426077
2026-06-12 10:25:00+09:00,-0.0014972717120251072,0.0,1.0
2026-06-12 10:30:00+09:00,-0.00040549323016232235,0.0,0.9815567600120445
2026-06-12 10:35:00+09:00,-0.00214491887641495,0.0,0.9939024390243902
2026-06-12 10:40:00+09:00,-0.0014096818162422568,0.0,0.9939024390243902
2026-06-12 10:45:00+09:00,0.00037607279782004004,0.0,0.9938271604938271
2026-06-12 10:50:00+09:00,0.0002251183378474725,0.0,0.9938271604938271
2026-06-12 10:55:00+09:00,-0.00028080760260021864,0.0,0.9510689551339957
2026-06-12 11:00:00+09:00,0.0011682190221404946,0.0,0.9877295995182174
2026-06-12 11:05:00+09:00,-2.9189782939480563e-05,0.0,1.0
2026-06-12 11:10:00+09:00,-0.00040620679833399504,0.0,0.9939024390243902
2026-06-12 11:15:00+09:00,-0.00040767684929130497,0.006172839506172839,0.969286359530262
2026-06-12 11:20:00+09:00,-0.00019876543209876546,0.9938271604938271,0.0
2026-06-12 11:25:00+09:00,0.0,0.0,0.0
2026-06-12 12:30:00+09:00,0.0,0.0,0.0
2026-06-12 12:35:00+09:00,0.0,0.0,0.0
2026-06-12 12:40:00+09:00,0.0,0.0,0.0
2026-06-12 12:45:00+09:00,0.0,0.0,0.0
2026-06-12 12:50:00+09:00,0.0,0.0,0.0
2026-06-12 12:55:00+09:00,0.0,0.0,0.0
2026-06-12 13:00:00+09:00,0.0001230305040820402,1.0,0.9999999999999999
2026-06-12 13:05:00+09:00,0.0007613533592409885,0.0,0.9755344775669978
2026-06-12 13:10:00+09:00,4.7400725259421604e-05,0.0,0.9815567600120445
2026-06-12 13:15:00+09:00,-0.0003666880991174724,0.0,0.9999999999999999
2026-06-12 13:20:00+09:00,0.00027045794445761155,0.0,0.9815567600120445
2026-06-12 13:25:00+09:00,-0.000379106917739608,0.0,0.9815567600120445
2026-06-12 13:30:00+09:00,-0.00014526744828049153,0.0,0.9877295995182174
2026-06-12 13:35:00+09:00,-4.576932210057508e-05,0.0,0.9939024390243901
2026-06-12 13:40:00+09:00,0.00022193595828383155,0.0,0.9878048780487805
2026-06-12 13:45:00+09:00,0.00022594394534314243,0.0,0.9877295995182174
2026-06-12 13:50:00+09:00,-0.00010701442879085364,0.0,0.9692863595302619
2026-06-12 13:55:00+09:00,-0.00014320358800363664,0.0,0.9817073170731706
2026-06-12 14:00:00+09:00,0.0004401311820789447,0.0,0.9876543209876543
2026-06-12 14:05:00+09:00,0.00019458842280940366,0.0,0.9632640770852151
2026-06-12 14:10:00+09:00,-3.4429568214505015e-05,0.0,0.9570159590484792
2026-06-12 14:15:00+09:00,-0.00020110287025899035,0.0,0.9939024390243901
2026-06-12 14:20:00+09:00,0.00012931979352331067,0.0,0.9755344775669977
2026-06-12 14:25:00+09:00,-0.00041201223997270903,0.0,0.9999999999999999
2026-06-12 14:30:00+09:00,8.034584140597283e-05,0.0,0.9753839205058716
2026-06-12 14:35:00+09:00,-4.534628438689041e-05,0.0,0.9999999999999999
2026-06-12 14:40:00+09:00,-0.00017512513490987276,0.0,0.9753839205058716
2026-06-12 14:45:00+09:00,0.00043774020476817837,0.0,0.9384974405299609
2026-06-12 14:50:00+09:00,-0.00032887400980002586,0.0,0.993827160493827
2026-06-12 14:55:00+09:00,0.00014423293222677377,0.0,0.9999999999999999
2026-06-12 15:00:00+09:00,-0.00011785071669656985,0.0,0.9939024390243902
2026-06-12 15:05:00+09:00,-0.0001953389684461497,0.006097560975609756,0.9939024390243902
2026-06-12 15:10:00+09:00,-0.00013062941595872368,0.006172839506172839,0.9815567600120445
2026-06-12 15:15:00+09:00,-0.0001975459199036435,0.9877295995182174,0.0
2026-06-12 15:20:00+09:00,0.0,0.0,0.0
2026-06-15 09:00:00+09:00,0.0,0.0,0.0
2026-06-15 09:05:00+09:00,0.0,0.0,0.0
2026-06-15 09:10:00+09:00,0.0,0.0,0.0
2026-06-15 09:15:00+09:00,0.0,0.0,0.0
2026-06-15 09:20:00+09:00,0.0,0.0,0.0
2026-06-15 09:25:00+09:00,0.0,0.0,0.0
2026-06-15 09:30:00+09:00,-0.00026096313207545356,1.0,1.0
2026-06-15 09:35:00+09:00,-0.0003131649439720514,0.0,0.987577160493827
2026-06-15 09:40:00+09:00,0.00039000136725876665,0.0,0.9876543209876543
2026-06-15 09:45:00+09:00,0.0005582012471865086,0.0,0.9937499999999999
2026-06-15 09:50:00+09:00,0.0003896151483110432,0.0,0.9938271604938271
2026-06-15 09:55:00+09:00,-0.00036325238334311246,0.0,0.9938271604938271
2026-06-15 10:00:00+09:00,0.00017789358435264536,0.0,1.0
2026-06-15 10:05:00+09:00,4.485653517128093e-05,0.0,0.9938271604938271
2026-06-15 10:10:00+09:00,-4.371870151584767e-05,0.0,0.9691358024691357
2026-06-15 10:15:00+09:00,1.1137170380057941e-05,0.0,0.9938271604938271
2026-06-15 10:20:00+09:00,0.00020011349595678172,0.0,0.9938271604938271
2026-06-15 10:25:00+09:00,-0.00035603308040263796,0.0,0.9752314814814814
2026-06-15 10:30:00+09:00,0.0007877408985632053,0.0,0.98125
2026-06-15 10:35:00+09:00,0.00028360477477636965,0.0,1.0
2026-06-15 10:40:00+09:00,-0.00015443939632692508,0.0,0.9814043209876544
2026-06-15 10:45:00+09:00,3.663975179489896e-05,0.0,0.9875771604938272
2026-06-15 10:50:00+09:00,-0.00017950643674039443,0.0,0.9876543209876543
2026-06-15 10:55:00+09:00,0.00033756089623845995,0.0,1.0
2026-06-15 11:00:00+09:00,-0.00017665403568169893,0.0,0.9875771604938272
2026-06-15 11:05:00+09:00,0.0004603026283316468,0.0,0.987577160493827
2026-06-15 11:10:00+09:00,-2.7422734259439345e-05,0.00625,0.9813271604938271
2026-06-15 11:15:00+09:00,-3.731855778073793e-05,0.04351851851851852,0.9502314814814815
2026-06-15 11:20:00+09:00,-0.0001900462962962963,0.9502314814814815,0.0
2026-06-15 11:25:00+09:00,0.0,0.0,0.0
2026-06-15 12:30:00+09:00,0.0,0.0,0.0
2026-06-15 12:35:00+09:00,0.0,0.0,0.0
2026-06-15 12:40:00+09:00,0.0,0.0,0.0
2026-06-15 12:45:00+09:00,0.0,0.0,0.0
2026-06-15 12:50:00+09:00,0.0,0.0,0.0
2026-06-15 12:55:00+09:00,0.0,0.0,0.0
2026-06-15 13:00:00+09:00,-0.00026932784040777395,1.0,0.9999999999999999
2026-06-15 13:05:00+09:00,-7.469880576619099e-05,0.0,0.9937500000000001
2026-06-15 13:10:00+09:00,-0.0003008215680831819,0.0,0.9938271604938271
2026-06-15 13:15:00+09:00,-3.0613522206979576e-05,0.0,0.9876543209876543
2026-06-15 13:20:00+09:00,-0.00036306260497980544,0.0,0.9814043209876544
2026-06-15 13:25:00+09:00,-0.0003468472729751609,0.0,0.993827160493827
2026-06-15 13:30:00+09:00,6.752966389834663e-05,0.0,0.9938271604938271
2026-06-15 13:35:00+09:00,5.159022142356152e-05,0.0,0.9814043209876543
2026-06-15 13:40:00+09:00,0.00010417246911202068,0.0,0.993827160493827
2026-06-15 13:45:00+09:00,0.0001218781370271175,0.0,0.9814043209876543
2026-06-15 13:50:00+09:00,-2.8522387477054764e-06,0.0,0.9689814814814814
2026-06-15 13:55:00+09:00,-4.580782775785719e-05,0.0,0.9814043209876543
2026-06-15 14:00:00+09:00,0.0002616866204581216,0.0,0.993827160493827
2026-06-15 14:05:00+09:00,0.00016225464356543645,0.0,0.9938271604938271
2026-06-15 14:10:00+09:00,-1.0985152484720896e-05,0.0,0.987577160493827
2026-06-15 14:15:00+09:00,-7.352395386445976e-05,0.0,1.0
2026-06-15 14:20:00+09:00,3.570873841394681e-05,0.0,0.9814814814814814
2026-06-15 14:25:00+09:00,0.00010281399024583883,0.0,0.993827160493827
2026-06-15 14:30:00+09:00,0.00021998581688699667,0.0,0.9876543209876543
2026-06-15 14:35:00+09:00,1.5500281328654648e-05,0.0,0.993827160493827
2026-06-15 14:40:00+09:00,-0.00017012122985757443,0.0,0.9876543209876543
2026-06-15 14:45:00+09:00,0.0002367415646013885,0.0,0.9689814814814814
2026-06-15 14:50:00+09:00,-3.89208253022059e-05,0.0,1.0
2026-06-15 14:55:00+09:00,-2.761894018564941e-05,0.0,0.9876543209876543
2026-06-15 15:00:00+09:00,-0.00013377733889710733,0.0,0.99375
2026-06-15 15:05:00+09:00,8.483416784820857e-05,0.0,0.9999999999999999
2026-06-15 15:10:00+09:00,-0.00010462808833749688,0.0,0.99375
2026-06-15 15:15:00+09:00,-0.0002,1.0,0.0
2026-06-15 15:20:00+09:00,0.0,0.0,0.0
2026-06-16 09:00:00+09:00,0.0,0.0,0.0
2026-06-16 09:05:00+09:00,0.0,0.0,0.0
2026-06-16 09:10:00+09:00,0.0,0.0,0.0
2026-06-16 09:15:00+09:00,0.0,0.0,0.0
2026-06-16 09:20:00+09:00,0.0,0.0,0.0
2026-06-16 09:25:00+09:00,0.0,0.0,0.0
2026-06-16 09:30:00+09:00,-0.00024386508259123898,1.0,1.0
2026-06-16 09:35:00+09:00,0.0007016760412990967,0.0,1.0
2026-06-16 09:40:00+09:00,0.0010732580991191438,0.0,0.9696591243020865
2026-06-16 09:45:00+09:00,0.0005832275360105237,0.0,0.9939759036144579
2026-06-16 09:50:00+09:00,0.0002170721894979203,0.0,0.9756832206876286
2026-06-16 09:55:00+09:00,-0.0003329906115035638,0.0,0.981854246253306
2026-06-16 10:00:00+09:00,-0.0002157614761956719,0.0,0.9939024390243902
2026-06-16 10:05:00+09:00,-0.0001889805864605714,0.006097560975609756,0.9817807816632383
2026-06-16 10:10:00+09:00,-0.00020594240186545197,0.0,0.9817807816632382
2026-06-16 10:15:00+09:00,-2.6438144482709115e-06,0.0,0.9515868351454599
2026-06-16 10:20:00+09:00,-6.993997123819604e-05,0.0,0.9576843961210698
2026-06-16 10:25:00+09:00,0.00014984813406767204,0.0,0.9756832206876287
2026-06-16 10:30:00+09:00,8.66560843655475e-06,0.0,0.9636350279165442
2026-06-16 10:35:00+09:00,-9.178769963237251e-05,0.0,0.975609756097561
2026-06-16 10:40:00+09:00,-8.752278328617551e-05,0.0,0.9392447840141053
2026-06-16 10:45:00+09:00,6.096250424621666e-05,0.0,0.9696591243020865
2026-06-16 10:50:00+09:00,0.0001001758187626256,0.006097560975609756,0.9756832206876287
2026-06-16 10:55:00+09:00,-8.895283181534855e-05,0.0,0.9513664413752572
2026-06-16 11:00:00+09:00,4.991078058379186e-05,0.0,0.9696591243020865
2026-06-16 11:05:00+09:00,0.00040285069486913804,0.0,0.9454158095797827
2026-06-16 11:10:00+09:00,-0.00013989774745875005,0.006097560975609756,0.9634880987364092
2026-06-16 11:15:00+09:00,0.00023379216309467164,0.060534822215692036,0.9090508374963268
2026-06-16 11:20:00+09:00,-0.00018423449897149577,0.9211724948574788,0.0
2026-06-16 11:25:00+09:00,0.0,0.0,0.0
2026-06-16 12:30:00+09:00,0.0,0.0,0.0
2026-06-16 12:35:00+09:00,0.0,0.0,0.0
2026-06-16 12:40:00+09:00,0.0,0.0,0.0
2026-06-16 12:45:00+09:00,0.0,0.0,0.0
2026-06-16 12:50:00+09:00,0.0,0.0,0.0
2026-06-16 12:55:00+09:00,0.0,0.0,0.0
2026-06-16 13:00:00+09:00,-0.0006474254579055719,1.0,1.0
2026-06-16 13:05:00+09:00,-2.1433982111720914e-05,0.0,0.9938271604938271
2026-06-16 13:10:00+09:00,4.9317825066562064e-05,0.0,0.9877295995182174
2026-06-16 13:15:00+09:00,-0.0007841478067438517,0.0,0.9878048780487806
2026-06-16 13:20:00+09:00,-0.00017136698294541161,0.0,1.0
2026-06-16 13:25:00+09:00,-0.00021299491553418925,0.0,0.9817073170731707
2026-06-16 13:30:00+09:00,-0.0002957452340722689,0.0,0.9754591990364347
2026-06-16 13:35:00+09:00,0.00034036601850129445,0.0,0.9877295995182174
2026-06-16 13:40:00+09:00,0.0011766840898365947,0.0,0.9939024390243902
2026-06-16 13:45:00+09:00,0.0006572988830958469,0.0,0.9816320385426077
2026-06-16 13:50:00+09:00,0.00023125183782794615,0.0,0.9939024390243902
2026-06-16 13:55:00+09:00,3.095579555478881e-05,0.0,0.9755344775669978
2026-06-16 14:00:00+09:00,-2.7613187544325977e-05,0.0,0.9877295995182174
2026-06-16 14:05:00+09:00,0.0005050143026494598,0.0,0.975534477566998
2026-06-16 14:10:00+09:00,-0.0003841174611449063,0.0,0.9938271604938271
2026-06-16 14:15:00+09:00,0.0002489272375764426,0.0,0.9817073170731708
2026-06-16 14:20:00+09:00,0.0005799231745409572,0.0,0.9694369165913881
2026-06-16 14:25:00+09:00,0.00021582231394631709,0.0,0.9878048780487805
2026-06-16 14:30:00+09:00,0.00044632381048097095,0.0,0.9694369165913881
2026-06-16 14:35:00+09:00,0.0011580946092512253,0.0,0.9754591990364347
2026-06-16 14:40:00+09:00,-2.8459892030246205e-05,0.0,0.9939024390243902
2026-06-16 14:45:00+09:00,0.0008024182781036762,0.0,0.9694369165913882
2026-06-16 14:50:00+09:00,9.464629541827153e-05,0.0,0.975609756097561
2026-06-16 14:55:00+09:00,-0.000430377608057948,0.0,0.975609756097561
2026-06-16 15:00:00+09:00,-6.647308566706627e-05,0.0,0.9878048780487805
2026-06-16 15:05:00+09:00,-6.110213844203176e-06,0.0,0.9816320385426076
2026-06-16 15:10:00+09:00,0.0005248216331773768,0.01829268292682927,0.9755344775669978
2026-06-16 15:15:00+09:00,-0.00019634146341463416,0.9817073170731707,0.0
2026-06-16 15:20:00+09:00,0.0,0.0,0.0
2026-06-17 09:00:00+09:00,0.0,0.0,0.0
2026-06-17 09:05:00+09:00,0.0,0.0,0.0
2026-06-17 09:10:00+09:00,0.0,0.0,0.0
2026-06-17 09:15:00+09:00,0.0,0.0,0.0
2026-06-17 09:20:00+09:00,0.0,0.0,0.0
2026-06-17 09:25:00+09:00,0.0,0.0,0.0
2026-06-17 09:30:00+09:00,-1.8204969443060168e-05,1.0,1.0
2026-06-17 09:35:00+09:00,0.0008600740095200272,0.0,0.969361638060825
2026-06-17 09:40:00+09:00,-0.0011116347990181735,0.0,0.9939024390243901
2026-06-17 09:45:00+09:00,-0.0003792851167866207,0.0,0.9938271604938271
2026-06-17 09:50:00+09:00,4.080604786813834e-05,0.0,0.9939024390243901
2026-06-17 09:55:00+09:00,-0.00044685124742962546,0.0,0.969361638060825
2026-06-17 10:00:00+09:00,-0.00018617576788515226,0.0,0.9877295995182174
2026-06-17 10:05:00+09:00,-0.00019804227606313513,0.0,0.9816320385426076
2026-06-17 10:10:00+09:00,-5.815515533897329e-05,0.0,0.9817073170731707
2026-06-17 10:15:00+09:00,-0.00029130290792939417,0.0,0.9939024390243901
2026-06-17 10:20:00+09:00,-0.0006724552097640631,0.0,0.9756097560975608
2026-06-17 10:25:00+09:00,-0.0005684834468754798,0.0,0.9878048780487804
2026-06-17 10:30:00+09:00,-0.0005344004825369452,0.006172839506172839,0.9877295995182173
2026-06-17 10:35:00+09:00,-0.00020339062880373317,0.0,0.9693616380608249
2026-06-17 10:40:00+09:00,-6.518734943616005e-05,0.0,0.9816320385426075
2026-06-17 10:45:00+09:00,0.00038222091593606263,0.0,0.9753839205058716
2026-06-17 10:50:00+09:00,-0.0007070567214323926,0.0,0.9877295995182173
2026-06-17 10:55:00+09:00,0.0010585641276887703,0.0,0.9571665161096055
2026-06-17 11:00:00+09:00,-0.00042553739726511005,0.0,0.9755344775669978
2026-06-17 11:05:00+09:00,-0.00026943463490597164,0.0,0.9815567600120445
2026-06-17 11:10:00+09:00,0.000119548995803868,0.0,0.9631887985546521
2026-06-17 11:15:00+09:00,-0.0002367716642146948,0.055028605841613974,0.9326257151460403
2026-06-17 11:20:00+09:00,-0.00018775971093044265,0.9387985546522132,0.0
2026-06-17 11:25:00+09:00,0.0,0.0,0.0
2026-06-17 12:30:00+09:00,0.0,0.0,0.0
2026-06-17 12:35:00+09:00,0.0,0.0,0.0
2026-06-17 12:40:00+09:00,0.0,0.0,0.0
2026-06-17 12:45:00+09:00,0.0,0.0,0.0
2026-06-17 12:50:00+09:00,0.0,0.0,0.0
2026-06-17 12:55:00+09:00,0.0,0.0,0.0
2026-06-17 13:00:00+09:00,-0.0004228314163937837,1.0,0.9999999999999999
2026-06-17 13:05:00+09:00,2.992455193345528e-05,0.0,0.9633393556157783
2026-06-17 13:10:00+09:00,-0.0001552570108107177,0.0,0.9510689551339957
2026-06-17 13:15:00+09:00,0.00018643009832827048,0.0,0.9632640770852152
2026-06-17 13:20:00+09:00,0.0001079671322257528,0.0,0.9755344775669978
2026-06-17 13:25:00+09:00,-0.00019909905664958574,0.0,0.9632640770852152
2026-06-17 13:30:00+09:00,0.00016760005575899641,0.0,0.9878048780487805
2026-06-17 13:35:00+09:00,0.0005319373466652455,0.0,0.9632640770852152
2026-06-17 13:40:00+09:00,-0.00027983681023892196,0.0,0.9878048780487805
2026-06-17 13:45:00+09:00,-1.3830097387775868e-05,0.0,0.9816320385426076
2026-06-17 13:50:00+09:00,-0.00022855746214218287,0.0,0.9327009936766035
2026-06-17 13:55:00+09:00,-0.00016205828612644876,0.0,0.9817073170731707
2026-06-17 14:00:00+09:00,0.00021878992056498684,0.0,0.969361638060825
2026-06-17 14:05:00+09:00,4.055663979467913e-05,0.0,0.975609756097561
2026-06-17 14:10:00+09:00,-2.5600659699817054e-05,0.0,0.9572417946401686
2026-06-17 14:15:00+09:00,-0.00013128195469110126,0.0,0.9939024390243901
2026-06-17 14:20:00+09:00,2.259960935075611e-05,0.0,0.9816320385426076
2026-06-17 14:25:00+09:00,3.185830515954624e-05,0.0,0.9572417946401686
2026-06-17 14:30:00+09:00,0.000289943779421226,0.0,0.9755344775669978
2026-06-17 14:35:00+09:00,4.158167112967771e-05,0.0,0.9877295995182174
2026-06-17 14:40:00+09:00,5.825593493394406e-05,0.0,0.9816320385426076
2026-06-17 14:45:00+09:00,-3.7535049765068875e-05,0.0,0.969361638060825
2026-06-17 14:50:00+09:00,-0.0003076682257534028,0.0,0.9817073170731707
2026-06-17 14:55:00+09:00,-0.0002982061950074737,0.0,0.9939024390243902
2026-06-17 15:00:00+09:00,-0.0001767160853151587,0.0,0.9816320385426076
2026-06-17 15:05:00+09:00,-0.0001075029118265376,0.0,0.9878048780487805
2026-06-17 15:10:00+09:00,-5.162035607474475e-05,0.0,1.0
2026-06-17 15:15:00+09:00,-0.0002,1.0,0.0
2026-06-17 15:20:00+09:00,0.0,0.0,0.0
2026-06-18 09:00:00+09:00,0.0,0.0,0.0
2026-06-18 09:05:00+09:00,0.0,0.0,0.0
2026-06-18 09:10:00+09:00,0.0,0.0,0.0
2026-06-18 09:15:00+09:00,0.0,0.0,0.0
2026-06-18 09:20:00+09:00,0.0,0.0,0.0
2026-06-18 09:25:00+09:00,0.0,0.0,0.0
2026-06-18 09:30:00+09:00,-0.0009190402058627459,1.0,1.0
2026-06-18 09:35:00+09:00,0.0008285587259472255,0.0,0.9939024390243902
2026-06-18 09:40:00+09:00,0.0009848287326104789,0.0,1.0
2026-06-18 09:45:00+09:00,-0.0002632193941417395,0.0,0.9634146341463414
2026-06-18 09:50:00+09:00,0.0006384472688642171,0.0,0.9878048780487805
2026-06-18 09:55:00+09:00,0.0005080930055524009,0.0,0.9817073170731707
2026-06-18 10:00:00+09:00,8.440963450208177e-05,0.0,0.9939024390243902
2026-06-18 10:05:00+09:00,-0.0007476427276618241,0.0,1.0
2026-06-18 10:10:00+09:00,-0.00037913583339835847,0.0,0.9878048780487805
2026-06-18 10:15:00+09:00,0.0002899628892444661,0.0,0.9511442336645588
2026-06-18 10:20:00+09:00,0.00024398285574276258,0.0,0.9939024390243902
2026-06-18 10:25:00+09:00,-0.0003693915262096557,0.0,0.9817073170731707
2026-06-18 10:30:00+09:00,-4.598376731877692e-06,0.0,0.9878048780487805
2026-06-18 10:35:00+09:00,-0.0004671368126382705,0.0,0.9695121951219511
2026-06-18 10:40:00+09:00,0.00023619083261707004,0.0,0.9939024390243901
2026-06-18 10:45:00+09:00,0.00023262832069423866,0.0,0.9634146341463413
2026-06-18 10:50:00+09:00,-0.0005135746676545987,0.0,0.9877295995182176
2026-06-18 10:55:00+09:00,-3.843229025131481e-05,0.0,0.9756097560975608
2026-06-18 11:00:00+09:00,-0.00021221182103130503,0.006097560975609756,0.9754591990364346
2026-06-18 11:05:00+09:00,0.00024345423587447362,0.0,0.975609756097561
2026-06-18 11:10:00+09:00,-0.000349558503474714,0.006097560975609756,0.9633393556157783
2026-06-18 11:15:00+09:00,-0.00022491835196871083,0.042682926829268296,0.9207317073170731
2026-06-18 11:20:00+09:00,-0.00018902439024390244,0.9451219512195121,0.0
2026-06-18 11:25:00+09:00,0.0,0.0,0.0
2026-06-18 12:30:00+09:00,0.0,0.0,0.0
2026-06-18 12:35:00+09:00,0.0,0.0,0.0
2026-06-18 12:40:00+09:00,0.0,0.0,0.0
2026-06-18 12:45:00+09:00,0.0,0.0,0.0
2026-06-18 12:50:00+09:00,0.0,0.0,0.0
2026-06-18 12:55:00+09:00,0.0,0.0,0.0
2026-06-18 13:00:00+09:00,-0.0002881665251278425,1.0,1.0
2026-06-18 13:05:00+09:00,-0.0003816424822522486,0.0,0.975534477566998
2026-06-18 13:10:00+09:00,0.0003654661257455454,0.0,0.9939024390243902
2026-06-18 13:15:00+09:00,-9.299885036188196e-05,0.0,0.9816320385426076
2026-06-18 13:20:00+09:00,7.403933978390632e-05,0.0,0.9939024390243902
2026-06-18 13:25:00+09:00,-0.0002779665199456156,0.0,0.9878048780487805
2026-06-18 13:30:00+09:00,0.0006776191072547849,0.0,0.9877295995182174
2026-06-18 13:35:00+09:00,0.00032983809483673216,0.0,0.9817073170731707
2026-06-18 13:40:00+09:00,1.2752664385744958e-07,0.0,0.9877295995182173
2026-06-18 13:45:00+09:00,-0.00020131882218002122,0.0,0.9511442336645588
2026-06-18 13:50:00+09:00,8.622544844476894e-05,0.0,0.9755344775669978
2026-06-18 13:55:00+09:00,-0.00018820593394719017,0.0,0.975609756097561
2026-06-18 14:00:00+09:00,1.182103782866379e-05,0.0,0.9816320385426076
2026-06-18 14:05:00+09:00,0.00010900923000665512,0.0,0.9877295995182174
2026-06-18 14:10:00+09:00,-0.00018244473773549664,0.0,0.9877295995182173
2026-06-18 14:15:00+09:00,0.0002454041398899242,0.0,0.9817073170731707
2026-06-18 14:20:00+09:00,0.00019304266251228303,0.0,0.9572417946401686
2026-06-18 14:25:00+09:00,-0.000331086238139342,0.0,0.9694369165913881
2026-06-18 14:30:00+09:00,0.0005187764200907796,0.0,0.9878048780487805
2026-06-18 14:35:00+09:00,-0.00025274912816943836,0.0,1.0
2026-06-18 14:40:00+09:00,0.00035282776765065116,0.0,0.975609756097561
2026-06-18 14:45:00+09:00,0.00018043331015014366,0.0,0.9878048780487805
2026-06-18 14:50:00+09:00,1.4497550946111675e-05,0.0,0.9815567600120445
2026-06-18 14:55:00+09:00,6.442698463678123e-05,0.0,1.0
2026-06-18 15:00:00+09:00,0.00019818356365671911,0.0,0.9878048780487805
2026-06-18 15:05:00+09:00,-0.00017297697485736343,0.0,0.9755344775669978
2026-06-18 15:10:00+09:00,-0.00014912168156137968,0.0,1.0
2026-06-18 15:15:00+09:00,-0.0002,1.0,0.0
2026-06-18 15:20:00+09:00,0.0,0.0,0.0
2026-06-19 09:00:00+09:00,0.0,0.0,0.0
2026-06-19 09:05:00+09:00,0.0,0.0,0.0
2026-06-19 09:10:00+09:00,0.0,0.0,0.0
2026-06-19 09:15:00+09:00,0.0,0.0,0.0
2026-06-19 09:20:00+09:00,0.0,0.0,0.0
2026-06-19 09:25:00+09:00,0.0,0.0,0.0
2026-06-19 09:30:00+09:00,0.0003478763984403217,1.0,1.0000000000000002
2026-06-19 09:35:00+09:00,-0.0004103985279004874,0.0,0.9939024390243903
2026-06-19 09:40:00+09:00,-0.0002997927147508608,0.0,0.9999999999999999
2026-06-19 09:45:00+09:00,-5.513445294413621e-05,0.0,0.9939024390243902
2026-06-19 09:50:00+09:00,0.00037634124425131723,0.0,0.9939024390243902
2026-06-19 09:55:00+09:00,0.0004965225320627166,0.0,0.9939024390243905
2026-06-19 10:00:00+09:00,-0.0007813490219224368,0.0,1.0
2026-06-19 10:05:00+09:00,-0.0004939769526160623,0.0,0.9939024390243903
2026-06-19 10:10:00+09:00,5.9648295982111266e-05,0.0,0.9817807816632383
2026-06-19 10:15:00+09:00,0.0006547550276537732,0.0,0.9878048780487805
2026-06-19 10:20:00+09:00,0.00031415942369409863,0.0,0.9636350279165442
2026-06-19 10:25:00+09:00,0.0001361902734775312,0.0,0.9695856597120188
2026-06-19 10:30:00+09:00,-0.0009358151586058067,0.0,0.9878783426388481
2026-06-19 10:35:00+09:00,2.722461237488775e-05,0.0,0.9817073170731708
2026-06-19 10:40:00+09:00,-0.00019363699807125483,0.0,0.9878048780487805
2026-06-19 10:45:00+09:00,-0.00023717655458246014,0.0,0.9817073170731707
2026-06-19 10:50:00+09:00,9.77225980068194e-05,0.0,1.0
2026-06-19 10:55:00+09:00,0.0001754683636270841,0.0,0.9817807816632383
2026-06-19 11:00:00+09:00,-0.0005572641901424247,0.0,0.9939024390243903
2026-06-19 11:05:00+09:00,0.000334590484351604,0.012195121951219513,0.9878048780487807
2026-06-19 11:10:00+09:00,-0.00034868242954561447,0.0,0.9756097560975612
2026-06-19 11:15:00+09:00,0.000789636437462199,0.012121657361151925,0.9756832206876286
2026-06-19 11:20:00+09:00,-0.00019513664413752573,0.9756832206876286,0.0
2026-06-19 11:25:00+09:00,0.0,0.0,0.0
2026-06-19 12:30:00+09:00,0.0,0.0,0.0
2026-06-19 12:35:00+09:00,0.0,0.0,0.0
2026-06-19 12:40:00+09:00,0.0,0.0,0.0
2026-06-19 12:45:00+09:00,0.0,0.0,0.0
2026-06-19 12:50:00+09:00,0.0,0.0,0.0
2026-06-19 12:55:00+09:00,0.0,0.0,0.0
2026-06-19 13:00:00+09:00,0.00014365025204643442,1.0,0.9999999999999999
2026-06-19 13:05:00+09:00,-0.00022988442567788814,0.0,0.9753839205058716
2026-06-19 13:10:00+09:00,-1.9766418383807064e-05,0.0,0.9817073170731707
2026-06-19 13:15:00+09:00,2.4877605472485455e-05,0.0,0.9755344775669978
2026-06-19 13:20:00+09:00,8.855240022304889e-05,0.0,0.9755344775669978
2026-06-19 13:25:00+09:00,-3.077562237533096e-05,0.0,0.9570159590484795
2026-06-19 13:30:00+09:00,0.00011122718538265416,0.0,0.975609756097561
2026-06-19 13:35:00+09:00,-0.0004211137606711489,0.0,0.969286359530262
2026-06-19 13:40:00+09:00,-0.0002300767437447765,0.0,1.0
2026-06-19 13:45:00+09:00,-0.000403217596579306,0.0,0.9878048780487804
2026-06-19 13:50:00+09:00,0.0005330704114300596,0.0,0.9878048780487805
2026-06-19 13:55:00+09:00,0.00012056176814471942,0.0,0.9939024390243902
2026-06-19 14:00:00+09:00,0.00029512654936048494,0.0,0.9878048780487805
2026-06-19 14:05:00+09:00,0.0005208681317833501,0.0,0.9877295995182174
2026-06-19 14:10:00+09:00,8.938828817134903e-05,0.0,0.9878048780487805
2026-06-19 14:15:00+09:00,-0.00033675379947412863,0.0,0.9755344775669978
2026-06-19 14:20:00+09:00,0.0006429675898829349,0.0,0.9878048780487805
2026-06-19 14:25:00+09:00,-0.0004438604557459295,0.0,0.9817073170731706
2026-06-19 14:30:00+09:00,0.00026079665854428945,0.0,0.9939024390243902
2026-06-19 14:35:00+09:00,-0.00014809074677069083,0.0,0.9878048780487805
2026-06-19 14:40:00+09:00,-5.3072773859789166e-05,0.0,0.9694369165913881
2026-06-19 14:45:00+09:00,2.0931750512006715e-05,0.0,0.9939024390243902
2026-06-19 14:50:00+09:00,0.00014781378995634052,0.0,0.9939024390243902
2026-06-19 14:55:00+09:00,0.00015739875945882672,0.0,0.9878048780487805
2026-06-19 15:00:00+09:00,-0.00019579974473058785,0.0,0.9999999999999999
2026-06-19 15:05:00+09:00,1.7294566327170185e-05,0.0,0.9755344775669978
2026-06-19 15:10:00+09:00,-0.00033272447335337083,0.012195121951219513,0.9878048780487805
2026-06-19 15:15:00+09:00,-0.00019756097560975612,0.9878048780487805,0.0
2026-06-19 15:20:00+09:00,0.0,0.0,0.0
2026-06-22 09:00:00+09:00,0.0,0.0,0.0
2026-06-22 09:05:00+09:00,0.0,0.0,0.0
2026-06-22 09:10:00+09:00,0.0,0.0,0.0
2026-06-22 09:15:00+09:00,0.0,0.0,0.0
2026-06-22 09:20:00+09:00,0.0,0.0,0.0
2026-06-22 09:25:00+09:00,0.0,0.0,0.0
2026-06-22 09:30:00+09:00,-0.00025354997671696376,1.0,1.0
2026-06-22 09:35:00+09:00,0.0004768303915066073,0.0,0.9939024390243902
2026-06-22 09:40:00+09:00,-0.0007287510099926804,0.0,1.0
2026-06-22 09:45:00+09:00,-0.0007010598367756788,0.0,0.9939759036144578
2026-06-22 09:50:00+09:00,-0.00010417983563293032,0.0,0.9637819570966795
2026-06-22 09:55:00+09:00,-0.0001569810867265479,0.0,0.9698795180722892
2026-06-22 10:00:00+09:00,-0.00028783457911581487,0.0,0.9879518072289157
2026-06-22 10:05:00+09:00,-0.0008521252698794681,0.0,0.9637819570966795
2026-06-22 10:10:00+09:00,8.629229287174821e-05,0.0,0.9698795180722892
2026-06-22 10:15:00+09:00,-3.1846843256680974e-05,0.0,0.9698795180722893
2026-06-22 10:20:00+09:00,-0.00018077883442515634,0.0,1.0
2026-06-22 10:25:00+09:00,0.0003815072473602333,0.0,0.9879518072289157
2026-06-22 10:30:00+09:00,-0.0004568805084811887,0.0,0.9819277108433735
2026-06-22 10:35:00+09:00,-0.0002098414048262988,0.0,0.9577578607111372
2026-06-22 10:40:00+09:00,-0.00019793627874273168,0.0,0.957831325301205
2026-06-22 10:45:00+09:00,-0.000411694683496934,0.0,0.9638554216867471
2026-06-22 10:50:00+09:00,0.00010789393448947959,0.0,0.9578313253012049
2026-06-22 10:55:00+09:00,-0.0003724277449040526,0.0,0.9698795180722892
2026-06-22 11:00:00+09:00,0.0004536020269767235,0.0,0.9759036144578315
2026-06-22 11:05:00+09:00,-0.00019618581584859393,0.006024096385542169,0.963855421686747
2026-06-22 11:10:00+09:00,-4.594178159785144e-05,0.024169850132236263,0.9637819570966795
2026-06-22 11:15:00+09:00,2.1027050098614636e-05,0.018145753746694096,0.9154422568322069
2026-06-22 11:20:00+09:00,-0.0001903320599471055,0.9516602997355276,0.0
2026-06-22 11:25:00+09:00,0.0,0.0,0.0
2026-06-22 12:30:00+09:00,0.0,0.0,0.0
2026-06-22 12:35:00+09:00,0.0,0.0,0.0
2026-06-22 12:40:00+09:00,0.0,0.0,0.0
2026-06-22 12:45:00+09:00,0.0,0.0,0.0
2026-06-22 12:50:00+09:00,0.0,0.0,0.0
2026-06-22 12:55:00+09:00,0.0,0.0,0.0
2026-06-22 13:00:00+09:00,-0.00041555207735836946,1.0,1.0
2026-06-22 13:05:00+09:00,-0.0003036636777893696,0.0,0.9878783426388482
2026-06-22 13:10:00+09:00,-0.00025840228895145816,0.0,0.9939759036144578
2026-06-22 13:15:00+09:00,-6.824785693767093e-05,0.0,0.9939024390243902
2026-06-22 13:20:00+09:00,-0.0001348883223421293,0.0,0.9817807816632383
2026-06-22 13:25:00+09:00,-0.0003615596856141025,0.0,0.9878048780487806
2026-06-22 13:30:00+09:00,-0.00024458309552602577,0.0,0.9939024390243905
2026-06-22 13:35:00+09:00,0.00025116599515373337,0.0,0.981854246253306
2026-06-22 13:40:00+09:00,-0.0001870876057122797,0.0,0.9878048780487805
2026-06-22 13:45:00+09:00,-1.442277567152508e-05,0.0,0.981854246253306
2026-06-22 13:50:00+09:00,-0.00022789274823010317,0.0,0.9758301498677637
2026-06-22 13:55:00+09:00,-0.0004216800385740114,0.0,0.9759036144578314
2026-06-22 14:00:00+09:00,0.00024044575916010508,0.0,0.9879518072289157
2026-06-22 14:05:00+09:00,0.00010105266808249798,0.0,0.9939759036144579
2026-06-22 14:10:00+09:00,-0.00022771374899054433,0.0,0.993975903614458
2026-06-22 14:15:00+09:00,-0.0001657035901897923,0.0,0.9696591243020865
2026-06-22 14:20:00+09:00,9.923381161424686e-05,0.0,1.0
2026-06-22 14:25:00+09:00,9.166234058164204e-05,0.0,0.9695856597120189
2026-06-22 14:30:00+09:00,0.0001160432526778623,0.0,1.0
2026-06-22 14:35:00+09:00,0.00021462847302090488,0.0,0.9817807816632383
2026-06-22 14:40:00+09:00,-0.00011631730307337719,0.0,0.9879518072289157
2026-06-22 14:45:00+09:00,-0.000324828696226486,0.0,0.993975903614458
2026-06-22 14:50:00+09:00,-0.00012245277455803061,0.0,0.9879518072289157
2026-06-22 14:55:00+09:00,-2.071492147468855e-05,0.0,0.9817807816632385
2026-06-22 15:00:00+09:00,7.3996971758216e-05,0.0,0.9817073170731709
2026-06-22 15:05:00+09:00,-0.0001365855798038949,0.006024096385542169,0.9878783426388482
2026-06-22 15:10:00+09:00,-5.890643314567299e-05,0.0,0.9878783426388481
2026-06-22 15:15:00+09:00,-0.00019879518072289158,0.9939759036144579,0.0
2026-06-22 15:20:00+09:00,0.0,0.0,0.0
2026-06-23 09:00:00+09:00,0.0,0.0,0.0
2026-06-23 09:05:00+09:00,0.0,0.0,0.0
2026-06-23 09:10:00+09:00,0.0,0.0,0.0
2026-06-23 09:15:00+09:00,0.0,0.0,0.0
2026-06-23 09:20:00+09:00,0.0,0.0,0.0
2026-06-23 09:25:00+09:00,0.0,0.0,0.0
2026-06-23 09:30:00+09:00,-0.0006735460985551557,1.0,1.0
2026-06-23 09:35:00+09:00,0.00035231098341727165,0.0,0.9878048780487805
2026-06-23 09:40:00+09:00,0.0021421398325760757,0.0,0.9696591243020863
2026-06-23 09:45:00+09:00,0.00011895853547482959,0.0,0.9695856597120188
2026-06-23 09:50:00+09:00,0.00025139095598227033,0.0,0.987878342638848
2026-06-23 09:55:00+09:00,0.0009428079696962293,0.0,0.9939024390243902
2026-06-23 10:00:00+09:00,-0.0002044809773937687,0.0,0.9757566852776962
2026-06-23 10:05:00+09:00,-0.00015804118314197022,0.0,0.9878048780487805
2026-06-23 10:10:00+09:00,-0.00011833087147886347,0.0,0.9878783426388482
2026-06-23 10:15:00+09:00,-0.0003184781527638628,0.0,0.9939024390243903
2026-06-23 10:20:00+09:00,-0.0001581198385461818,0.0,0.9695856597120189
2026-06-23 10:25:00+09:00,-0.0004334976906772558,0.0,1.0
2026-06-23 10:30:00+09:00,-0.0009356318834004543,0.0,0.9939024390243902
2026-06-23 10:35:00+09:00,-0.001740540784705828,0.0,0.9817073170731708
2026-06-23 10:40:00+09:00,-0.002435560944832874,0.0,0.9939759036144578
2026-06-23 10:45:00+09:00,-0.0007298155475394691,0.0,1.0
2026-06-23 10:50:00+09:00,-0.00037303068679557635,0.0,0.9818542462533061
2026-06-23 10:55:00+09:00,0.0006040993134748266,0.0,1.0
2026-06-23 11:00:00+09:00,-0.0010789065373550985,0.0,0.9878048780487806
2026-06-23 11:05:00+09:00,0.0009732579775038052,0.0,0.9878048780487805
2026-06-23 11:10:00+09:00,0.0010395014140607136,0.0,0.987878342638848
2026-06-23 11:15:00+09:00,0.0002079727315954633,0.024169850132236263,0.9636350279165442
2026-06-23 11:20:00+09:00,-0.00019516602997355275,0.9758301498677637,0.0
2026-06-23 11:25:00+09:00,0.0,0.0,0.0
2026-06-23 12:30:00+09:00,0.0,0.0,0.0
2026-06-23 12:35:00+09:00,0.0,0.0,0.0
2026-06-23 12:40:00+09:00,0.0,0.0,0.0
2026-06-23 12:45:00+09:00,0.0,0.0,0.0
2026-06-23 12:50:00+09:00,0.0,0.0,0.0
2026-06-23 12:55:00+09:00,0.0,0.0,0.0
2026-06-23 13:00:00+09:00,-0.0005547062876222124,1.0,1.0
2026-06-23 13:05:00+09:00,0.000335748460721713,0.0,0.993827160493827
2026-06-23 13:10:00+09:00,-0.0003256808939550859,0.0,0.9877295995182173
2026-06-23 13:15:00+09:00,0.0002777046606277053,0.0,0.9816320385426076
2026-06-23 13:20:00+09:00,4.6614610260446815e-05,0.0,0.9877295995182173
2026-06-23 13:25:00+09:00,-0.00011928566980452481,0.0,0.9878048780487805
2026-06-23 13:30:00+09:00,-8.097745335206724e-05,0.0,0.9939024390243902
2026-06-23 13:35:00+09:00,-0.0001940527482013694,0.0,0.969361638060825
2026-06-23 13:40:00+09:00,-0.00024250363121008358,0.0,0.9999999999999999
2026-06-23 13:45:00+09:00,-0.0003882694770613247,0.0,0.9878048780487804
2026-06-23 13:50:00+09:00,-4.209569556253335e-05,0.0,0.993827160493827
2026-06-23 13:55:00+09:00,4.6524144982093046e-05,0.0,0.9815567600120445
2026-06-23 14:00:00+09:00,-9.075859845087223e-06,0.0,0.9939024390243901
2026-06-23 14:05:00+09:00,-9.83148094215716e-05,0.0,0.9815567600120445
2026-06-23 14:10:00+09:00,-0.0003134055577786898,0.0,0.9877295995182174
2026-06-23 14:15:00+09:00,-2.172836421563268e-05,0.0,0.9939024390243901
2026-06-23 14:20:00+09:00,-0.0004112418836662309,0.0,0.9878048780487805
2026-06-23 14:25:00+09:00,-0.00010859648337969403,0.0,0.993827160493827
2026-06-23 14:30:00+09:00,0.0004840820902425808,0.0,0.993827160493827
2026-06-23 14:35:00+09:00,0.0005172433412230669,0.0,0.9999999999999999
2026-06-23 14:40:00+09:00,-0.000593527755572611,0.0,0.9938271604938271
2026-06-23 14:45:00+09:00,2.712526360719314e-05,0.0,0.9938271604938271
2026-06-23 14:50:00+09:00,-0.00015907254814614735,0.0,1.0
2026-06-23 14:55:00+09:00,-0.00010001485024964778,0.0,0.9938271604938271
2026-06-23 15:00:00+09:00,-0.0002620529609156731,0.0,0.993827160493827
2026-06-23 15:05:00+09:00,2.1738846758144607e-05,0.0,0.9999999999999999
2026-06-23 15:10:00+09:00,-9.18048436281202e-05,0.0,1.0
2026-06-23 15:15:00+09:00,-0.0002,1.0,0.0
2026-06-23 15:20:00+09:00,0.0,0.0,0.0
2026-06-24 09:00:00+09:00,0.0,0.0,0.0
2026-06-24 09:05:00+09:00,0.0,0.0,0.0
2026-06-24 09:10:00+09:00,0.0,0.0,0.0
2026-06-24 09:15:00+09:00,0.0,0.0,0.0
2026-06-24 09:20:00+09:00,0.0,0.0,0.0
2026-06-24 09:25:00+09:00,0.0,0.0,0.0
2026-06-24 09:30:00+09:00,0.0012825318070262472,1.0,1.0
2026-06-24 09:35:00+09:00,0.0005149889031448547,0.0,0.9693616380608251
2026-06-24 09:40:00+09:00,0.0021704252468261035,0.0,0.9939024390243902
2026-06-24 09:45:00+09:00,0.001032115545388137,0.0,0.9877295995182175
2026-06-24 09:50:00+09:00,-0.001175501719870163,0.0,0.9939024390243902
2026-06-24 09:55:00+09:00,0.0016604397927993517,0.0,0.9877295995182174
2026-06-24 10:00:00+09:00,-4.381088965105815e-05,0.0,0.9877295995182174
2026-06-24 10:05:00+09:00,-0.0006247631463719139,0.0,0.9938271604938271
2026-06-24 10:10:00+09:00,0.002677656259422051,0.0,0.9939024390243902
2026-06-24 10:15:00+09:00,-0.0015288748559702272,0.0,0.9817073170731707
2026-06-24 10:20:00+09:00,0.0004922837814481397,0.0,0.9878048780487805
2026-06-24 10:25:00+09:00,-9.615175469324439e-05,0.0,0.9817073170731707
2026-06-24 10:30:00+09:00,0.0005211819619901598,0.0,0.969361638060825
2026-06-24 10:35:00+09:00,0.0004513138426970323,0.0,0.9754591990364347
2026-06-24 10:40:00+09:00,-0.0005602972605837457,0.0,0.9815567600120445
2026-06-24 10:45:00+09:00,-0.0008675119182161045,0.0,0.975609756097561
2026-06-24 10:50:00+09:00,-0.0003713077427120475,0.0,0.9815567600120445
2026-06-24 10:55:00+09:00,-0.0010336479954120717,0.0,1.0
2026-06-24 11:00:00+09:00,6.237522747334536e-05,0.0,0.9938271604938271
2026-06-24 11:05:00+09:00,0.00025757648285070433,0.018367961457392352,0.9755344775669978
2026-06-24 11:10:00+09:00,0.0010564134865344258,0.012195121951219513,0.9202800361336946
2026-06-24 11:15:00+09:00,0.0006239578214640867,0.006097560975609756,0.9572417946401687
2026-06-24 11:20:00+09:00,-0.0001926678711231557,0.9633393556157783,0.0
2026-06-24 11:25:00+09:00,0.0,0.0,0.0
2026-06-24 12:30:00+09:00,0.0,0.0,0.0
2026-06-24 12:35:00+09:00,0.0,0.0,0.0
2026-06-24 12:40:00+09:00,0.0,0.0,0.0
2026-06-24 12:45:00+09:00,0.0,0.0,0.0
2026-06-24 12:50:00+09:00,0.0,0.0,0.0
2026-06-24 12:55:00+09:00,0.0,0.0,0.0
2026-06-24 13:00:00+09:00,-0.00011768789710516336,1.0,1.0
2026-06-24 13:05:00+09:00,-0.0008461927853106603,0.0,0.98125
2026-06-24 13:10:00+09:00,-0.0013807818893562017,0.0,0.9750771604938271
2026-06-24 13:15:00+09:00,-0.001995758855472657,0.0,0.9814043209876543
2026-06-24 13:20:00+09:00,-0.0003063732738059492,0.0,1.0
2026-06-24 13:25:00+09:00,0.001190108498197602,0.0,0.9813271604938272
2026-06-24 13:30:00+09:00,0.0005092082443436644,0.0,0.9689043209876544
2026-06-24 13:35:00+09:00,0.0008829547678410756,0.0,0.99375
2026-06-24 13:40:00+09:00,-0.00019609537341883313,0.0,0.9814043209876544
2026-06-24 13:45:00+09:00,0.0002881859459152296,0.0,0.9813271604938272
2026-06-24 13:50:00+09:00,0.0016334824184741034,0.0,0.9875
2026-06-24 13:55:00+09:00,0.0014354625030112652,0.0,0.9875771604938272
2026-06-24 14:00:00+09:00,0.0011825494724270595,0.0,0.9875
2026-06-24 14:05:00+09:00,0.0006389443140874391,0.0,0.9874999999999999
2026-06-24 14:10:00+09:00,0.0010340414123631994,0.0,0.9626543209876542
2026-06-24 14:15:00+09:00,0.001013662388135835,0.0,1.0
2026-06-24 14:20:00+09:00,-0.0008375339625815527,0.0,0.9875771604938272
2026-06-24 14:25:00+09:00,0.0008289341047535195,0.0,0.9813271604938272
2026-06-24 14:30:00+09:00,0.0013392734115536815,0.0,0.9813271604938272
2026-06-24 14:35:00+09:00,0.00024487449195397063,0.0,0.9813271604938272
2026-06-24 14:40:00+09:00,0.00029622474372125053,0.0,0.9875771604938272
2026-06-24 14:45:00+09:00,-0.0010707567186222212,0.0,0.9938271604938271
2026-06-24 14:50:00+09:00,-0.0005329604129740596,0.0,0.9751543209876543
2026-06-24 14:55:00+09:00,-0.0004346118189192063,0.0,1.0
2026-06-24 15:00:00+09:00,0.0003025932053217317,0.0,0.9875771604938273
2026-06-24 15:05:00+09:00,-0.0006443302868858532,0.0,0.9814043209876544
2026-06-24 15:10:00+09:00,-0.000752055712050061,0.0,0.9937499999999999
2026-06-24 15:15:00+09:00,-0.0002,1.0,0.0
2026-06-24 15:20:00+09:00,0.0,0.0,0.0
2026-06-25 09:00:00+09:00,0.0,0.0,0.0
2026-06-25 09:05:00+09:00,0.0,0.0,0.0
2026-06-25 09:10:00+09:00,0.0,0.0,0.0
2026-06-25 09:15:00+09:00,0.0,0.0,0.0
2026-06-25 09:20:00+09:00,0.0,0.0,0.0
2026-06-25 09:25:00+09:00,0.0,0.0,0.0
2026-06-25 09:30:00+09:00,0.0008585066908767793,1.0,1.0
2026-06-25 09:35:00+09:00,-0.0007970079871097437,0.0,0.9999999999999999
2026-06-25 09:40:00+09:00,0.0003457945123035335,0.0,0.9814814814814814
2026-06-25 09:45:00+09:00,0.0010432591329631146,0.0,1.0
2026-06-25 09:50:00+09:00,2.1518566317897958e-05,0.0,0.9938271604938271
2026-06-25 09:55:00+09:00,-0.0007536088651691687,0.0,0.9999999999999999
2026-06-25 10:00:00+09:00,-0.00033509980810788903,0.0,0.9876543209876543
2026-06-25 10:05:00+09:00,0.00028358361279020065,0.0,0.9938271604938272
2026-06-25 10:10:00+09:00,7.623990928061491e-05,0.0,0.9876543209876543
2026-06-25 10:15:00+09:00,-0.0012861009540829332,0.0,0.9814814814814814
2026-06-25 10:20:00+09:00,8.742809462720439e-05,0.0,0.9814814814814814
2026-06-25 10:25:00+09:00,0.00028033825737409685,0.0,0.9814814814814815
2026-06-25 10:30:00+09:00,0.00039378380961968855,0.0,0.9753086419753086
2026-06-25 10:35:00+09:00,5.273030682531283e-05,0.0,0.9938271604938271
2026-06-25 10:40:00+09:00,0.00026606542339227345,0.0,0.9938271604938271
2026-06-25 10:45:00+09:00,-0.00013753556077776162,0.0,0.9692110809996988
2026-06-25 10:50:00+09:00,-0.000563463293815927,0.0,0.9876543209876544
2026-06-25 10:55:00+09:00,0.0005764013156467965,0.0,0.9815567600120446
2026-06-25 11:00:00+09:00,-0.00020754233316840683,0.0,0.9692110809996988
2026-06-25 11:05:00+09:00,-0.0005903257571802167,0.006172839506172839,0.9815567600120445
2026-06-25 11:10:00+09:00,0.0004942541437594622,0.0,0.9814814814814814
2026-06-25 11:15:00+09:00,0.0001906107193082857,0.012345679012345678,0.9691358024691358
2026-06-25 11:20:00+09:00,-0.0001962962962962963,0.9814814814814815,0.0
2026-06-25 11:25:00+09:00,0.0,0.0,0.0
2026-06-25 12:30:00+09:00,0.0,0.0,0.0
2026-06-25 12:35:00+09:00,0.0,0.0,0.0
2026-06-25 12:40:00+09:00,0.0,0.0,0.0
2026-06-25 12:45:00+09:00,0.0,0.0,0.0
2026-06-25 12:50:00+09:00,0.0,0.0,0.0
2026-06-25 12:55:00+09:00,0.0,0.0,0.0
2026-06-25 13:00:00+09:00,-8.249055985408694e-05,1.0,1.0
2026-06-25 13:05:00+09:00,-4.457417129582461e-05,0.0,0.9689043209876544
2026-06-25 13:10:00+09:00,-0.0004928583251037099,0.0,0.9752314814814815
2026-06-25 13:15:00+09:00,0.0002866600294441453,0.0,0.9876543209876543
2026-06-25 13:20:00+09:00,-0.00019238366245454222,0.0,0.9938271604938271
2026-06-25 13:25:00+09:00,-0.0004902446863197565,0.0,0.9938271604938271
2026-06-25 13:30:00+09:00,-0.0001619679961078742,0.0,0.9751543209876543
2026-06-25 13:35:00+09:00,0.0004504337328178178,0.0,0.9628858024691357
2026-06-25 13:40:00+09:00,0.0006725449796458127,0.0,0.9938271604938271
2026-06-25 13:45:00+09:00,0.000254351060913932,0.0,0.9875771604938273
2026-06-25 13:50:00+09:00,0.00023579863002797503,0.0,1.0
2026-06-25 13:55:00+09:00,0.00018915384141357622,0.0,0.9564814814814815
2026-06-25 14:00:00+09:00,0.0002251969195819925,0.0,0.9689814814814816
2026-06-25 14:05:00+09:00,3.08734625413477e-05,0.0,0.9814814814814814
2026-06-25 14:10:00+09:00,-0.00012594561826747847,0.0,0.9814043209876544
2026-06-25 14:15:00+09:00,-7.213116972215941e-05,0.0,0.9938271604938271
2026-06-25 14:20:00+09:00,6.325345447036855e-05,0.0,0.993827160493827
2026-06-25 14:25:00+09:00,0.0002854026419805597,0.0,0.9814814814814814
2026-06-25 14:30:00+09:00,-0.00016937677950689683,0.0,1.0
2026-06-25 14:35:00+09:00,0.00020321839337050633,0.0,0.9689043209876542
2026-06-25 14:40:00+09:00,0.00021746595020123315,0.0,0.9875771604938272
2026-06-25 14:45:00+09:00,-0.0002426032795540003,0.0,0.9814043209876543
2026-06-25 14:50:00+09:00,0.0005080051537228107,0.0,0.9690586419753086
2026-06-25 14:55:00+09:00,0.00033434713031409673,0.0,0.9937500000000001
2026-06-25 15:00:00+09:00,0.0002908345418876005,0.0,0.99375
2026-06-25 15:05:00+09:00,-2.9098109835414714e-05,0.0,1.0
2026-06-25 15:10:00+09:00,-0.00010245662124390072,0.0,1.0
2026-06-25 15:15:00+09:00,-0.0002,1.0,0.0
2026-06-25 15:20:00+09:00,0.0,0.0,0.0
2026-06-26 09:00:00+09:00,0.0,0.0,0.0
2026-06-26 09:05:00+09:00,0.0,0.0,0.0
2026-06-26 09:10:00+09:00,0.0,0.0,0.0
2026-06-26 09:15:00+09:00,0.0,0.0,0.0
2026-06-26 09:20:00+09:00,0.0,0.0,0.0
2026-06-26 09:25:00+09:00,0.0,0.0,0.0
2026-06-26 09:30:00+09:00,0.0004702171285441661,1.0,1.0000000000000002
2026-06-26 09:35:00+09:00,-0.00023548199839598403,0.0,0.9574640023508669
2026-06-26 09:40:00+09:00,5.6419720623158805e-05,0.0,0.9878783426388482
2026-06-26 09:45:00+09:00,-0.0002582306298640526,0.0,0.9939024390243902
2026-06-26 09:50:00+09:00,0.0003608625269193941,0.0,0.9817807816632385
2026-06-26 09:55:00+09:00,0.0005121151174687842,0.0,0.9878783426388482
2026-06-26 10:00:00+09:00,-0.0002485878829336211,0.0,0.9939024390243903
2026-06-26 10:05:00+09:00,2.3474491364586686e-05,0.0,0.9939024390243903
2026-06-26 10:10:00+09:00,0.0002268339565799599,0.0,0.9817073170731707
2026-06-26 10:15:00+09:00,-0.0003005477183540601,0.0,0.9756097560975611
2026-06-26 10:20:00+09:00,-0.00021781964131381651,0.0,0.9573905377607993
2026-06-26 10:25:00+09:00,-0.00040073773388072363,0.0,0.9513664413752572
2026-06-26 10:30:00+09:00,9.515547641674333e-05,0.0,1.0
2026-06-26 10:35:00+09:00,-8.857919392484684e-05,0.0,0.9695856597120189
2026-06-26 10:40:00+09:00,0.00029316177974286013,0.0,0.9817807816632385
2026-06-26 10:45:00+09:00,-0.0004868135766497859,0.0,0.9695121951219512
2026-06-26 10:50:00+09:00,-0.000353778538105032,0.0,0.9695121951219513
2026-06-26 10:55:00+09:00,-0.0003986356887668712,0.0,0.9878048780487806
2026-06-26 11:00:00+09:00,0.00024219589678845145,0.0,0.9757566852776962
2026-06-26 11:05:00+09:00,-9.914342319808867e-05,0.0,0.9939024390243902
2026-06-26 11:10:00+09:00,6.957259065136375e-05,0.006097560975609756,0.9574640023508669
2026-06-26 11:15:00+09:00,0.00034433050245937614,0.02424331472230385,0.9392447840141053
2026-06-26 11:20:00+09:00,-0.0001939318248604173,0.9696591243020865,0.0
2026-06-26 11:25:00+09:00,0.0,0.0,0.0
2026-06-26 12:30:00+09:00,0.0,0.0,0.0
2026-06-26 12:35:00+09:00,0.0,0.0,0.0
2026-06-26 12:40:00+09:00,0.0,0.0,0.0
2026-06-26 12:45:00+09:00,0.0,0.0,0.0
2026-06-26 12:50:00+09:00,0.0,0.0,0.0
2026-06-26 12:55:00+09:00,0.0,0.0,0.0
2026-06-26 13:00:00+09:00,0.0004166849732324724,1.0,1.0
2026-06-26 13:05:00+09:00,2.0736052331202288e-05,0.0,0.987878342638848
2026-06-26 13:10:00+09:00,0.00025560277480400216,0.0,0.9878048780487805
2026-06-26 13:15:00+09:00,-0.00028219740872071145,0.0,0.9878783426388481
2026-06-26 13:20:00+09:00,0.0004090536885561187,0.0,0.9878783426388482
2026-06-26 13:25:00+09:00,-0.0002885292605012681,0.0,0.9696591243020865
2026-06-26 13:30:00+09:00,-0.0003411998145907649,0.0,0.9817807816632382
2026-06-26 13:35:00+09:00,0.00032593793092257616,0.0,0.9878783426388482
2026-06-26 13:40:00+09:00,0.00019888236562294324,0.0,0.993975903614458
2026-06-26 13:45:00+09:00,-1.0161080073115988e-05,0.0,0.981854246253306
2026-06-26 13:50:00+09:00,0.00035161345165474856,0.0,0.9939024390243902
2026-06-26 13:55:00+09:00,-0.00041663410391428206,0.0,0.9514399059653247
2026-06-26 14:00:00+09:00,0.00025371778250456986,0.0,0.9878783426388481
2026-06-26 14:05:00+09:00,0.00017800766083360327,0.0,0.9878783426388482
2026-06-26 14:10:00+09:00,2.8508770558790697e-05,0.0,0.9817807816632383
2026-06-26 14:15:00+09:00,-0.00017140730618697806,0.0,0.9939024390243903
2026-06-26 14:20:00+09:00,0.00022899750233984042,0.0,0.9574640023508669
2026-06-26 14:25:00+09:00,0.00022658221613471795,0.0,0.9878048780487805
2026-06-26 14:30:00+09:00,0.00011616758444544213,0.0,0.981854246253306
2026-06-26 14:35:00+09:00,-0.0004142521537276407,0.0,0.9878048780487805
2026-06-26 14:40:00+09:00,-0.0002328880861362057,0.0,0.9817807816632385
2026-06-26 14:45:00+09:00,0.00021925440169494437,0.0,0.993975903614458
2026-06-26 14:50:00+09:00,-1.1746394944999382e-05,0.0,0.9695121951219512
2026-06-26 14:55:00+09:00,4.237189560546741e-05,0.0,0.9939024390243903
2026-06-26 15:00:00+09:00,8.433731494981948e-06,0.0,0.981854246253306
2026-06-26 15:05:00+09:00,-1.599968565283848e-05,0.0,0.9878783426388482
2026-06-26 15:10:00+09:00,-4.034995026346015e-05,0.01829268292682927,0.975609756097561
2026-06-26 15:15:00+09:00,-0.00019634146341463416,0.9817073170731708,0.0
2026-06-26 15:20:00+09:00,0.0,0.0,0.0
2026-06-29 09:00:00+09:00,0.0,0.0,0.0
2026-06-29 09:05:00+09:00,0.0,0.0,0.0
2026-06-29 09:10:00+09:00,0.0,0.0,0.0
2026-06-29 09:15:00+09:00,0.0,0.0,0.0
2026-06-29 09:20:00+09:00,0.0,0.0,0.0
2026-06-29 09:25:00+09:00,0.0,0.0,0.0
2026-06-29 09:30:00+09:00,-0.0025927150567298853,1.0,0.9999999999999999
2026-06-29 09:35:00+09:00,0.006461124868648468,0.0,1.0
2026-06-29 09:40:00+09:00,0.002663118709492896,0.0,0.994047619047619
2026-06-29 09:45:00+09:00,0.004098889211794484,0.0,1.0
2026-06-29 09:50:00+09:00,0.00379537404359134,0.0,1.0
2026-06-29 09:55:00+09:00,-0.0011132384128982862,0.0,1.0
2026-06-29 10:00:00+09:00,0.00048157090570976783,0.0,0.9939759036144578
2026-06-29 10:05:00+09:00,-0.0008373489937141997,0.0,1.0
2026-06-29 10:10:00+09:00,-0.0019104573674374287,0.0,0.9819277108433734
2026-06-29 10:15:00+09:00,-0.0018406573728516015,0.0,0.9939759036144578
2026-06-29 10:20:00+09:00,-0.0022273009698958192,0.0,0.9880235226620768
2026-06-29 10:25:00+09:00,0.004604064912529632,0.0,0.9940476190476191
2026-06-29 10:30:00+09:00,0.004931675105874696,0.0,1.0
2026-06-29 10:35:00+09:00,0.0010104724958979717,0.0,0.9759753298909926
2026-06-29 10:40:00+09:00,-0.00244200769355164,0.0,0.9940476190476188
2026-06-29 10:45:00+09:00,-0.0011884284191609347,0.0,0.9939759036144578
2026-06-29 10:50:00+09:00,-0.0008637112951559903,0.0,1.0
2026-06-29 10:55:00+09:00,-0.003183202786781155,0.0,0.9939759036144578
2026-06-29 11:00:00+09:00,-0.00099491055162514,0.0,0.9999999999999999
2026-06-29 11:05:00+09:00,-0.00327559380646858,0.0,0.9880235226620768
2026-06-29 11:10:00+09:00,0.0021168194267940687,0.0,0.9939759036144578
2026-06-29 11:15:00+09:00,0.0008146434904514105,0.04209695926563396,0.9518789443488239
2026-06-29 11:20:00+09:00,-0.0001915806081468732,0.957903040734366,0.0
2026-06-29 11:25:00+09:00,0.0,0.0,0.0
2026-06-29 12:30:00+09:00,0.0,0.0,0.0
2026-06-29 12:35:00+09:00,0.0,0.0,0.0
2026-06-29 12:40:00+09:00,0.0,0.0,0.0
2026-06-29 12:45:00+09:00,0.0,0.0,0.0
2026-06-29 12:50:00+09:00,0.0,0.0,0.0
2026-06-29 12:55:00+09:00,0.0,0.0,0.0
2026-06-29 13:00:00+09:00,7.656861067987896e-05,1.0,1.0000000000000002
2026-06-29 13:05:00+09:00,0.0004480996008153333,0.0,1.0
2026-06-29 13:10:00+09:00,3.5257749529883334e-05,0.0,0.9878783426388481
2026-06-29 13:15:00+09:00,-7.605678964186063e-05,0.0,0.957610931531002
2026-06-29 13:20:00+09:00,0.0002359962549674266,0.0,0.9879518072289156
2026-06-29 13:25:00+09:00,5.3386742413475836e-05,0.0,0.9757566852776962
2026-06-29 13:30:00+09:00,0.00016732180354831494,0.0,0.9817807816632385
2026-06-29 13:35:00+09:00,-0.00013026557713153992,0.0,0.9878783426388481
2026-06-29 13:40:00+09:00,-0.0004160275669907886,0.0,0.9332941522186307
2026-06-29 13:45:00+09:00,0.0005180644776958505,0.0,0.9757566852776962
2026-06-29 13:50:00+09:00,0.0005214633377246862,0.0,0.9515868351454599
2026-06-29 13:55:00+09:00,7.664245625764138e-05,0.0,0.9817807816632383
2026-06-29 14:00:00+09:00,-0.00027132923545055364,0.0,0.9879518072289156
2026-06-29 14:05:00+09:00,-0.0003685151486199907,0.0,0.981854246253306
2026-06-29 14:10:00+09:00,0.00010031135288121383,0.0,0.969732588892154
2026-06-29 14:15:00+09:00,-0.0003383798471729953,0.0,0.9515133705553923
2026-06-29 14:20:00+09:00,0.00020485535958995147,0.0,0.9516602997355276
2026-06-29 14:25:00+09:00,-0.0007833419035499057,0.0,0.9819277108433735
2026-06-29 14:30:00+09:00,-0.0001755241724309599,0.0,1.0
2026-06-29 14:35:00+09:00,-0.0009411186088215358,0.0,0.9818542462533059
2026-06-29 14:40:00+09:00,-0.000274931298249778,0.0,0.9819277108433735
2026-06-29 14:45:00+09:00,-0.0005653663680798527,0.0,0.9879518072289156
2026-06-29 14:50:00+09:00,-0.000412964754691622,0.0,0.9939759036144579
2026-06-29 14:55:00+09:00,-4.776755877128674e-05,0.0,0.993975903614458
2026-06-29 15:00:00+09:00,0.00018797118629055077,0.0,0.993975903614458
2026-06-29 15:05:00+09:00,-1.5459355601890638e-06,0.0,0.9879518072289157
2026-06-29 15:10:00+09:00,-9.34148266489926e-05,0.0,0.9878783426388481
2026-06-29 15:15:00+09:00,-0.0002,1.0,0.0
2026-06-29 15:20:00+09:00,0.0,0.0,0.0
2026-06-30 09:00:00+09:00,0.0,0.0,0.0
2026-06-30 09:05:00+09:00,0.0,0.0,0.0
2026-06-30 09:10:00+09:00,0.0,0.0,0.0
2026-06-30 09:15:00+09:00,0.0,0.0,0.0
2026-06-30 09:20:00+09:00,0.0,0.0,0.0
2026-06-30 09:25:00+09:00,0.0,0.0,0.0
2026-06-30 09:30:00+09:00,-0.0003478941119060255,1.0,1.0
2026-06-30 09:35:00+09:00,-0.000249038779129914,0.0,0.987878342638848
2026-06-30 09:40:00+09:00,0.0007115164629378745,0.0,1.0
2026-06-30 09:45:00+09:00,0.0012140902156164504,0.0,0.9817807816632383
2026-06-30 09:50:00+09:00,-0.000573875547992529,0.0,1.0
2026-06-30 09:55:00+09:00,-0.000850742740954022,0.0,0.9879518072289157
2026-06-30 10:00:00+09:00,-0.00021220196394134558,0.0,0.993975903614458
2026-06-30 10:05:00+09:00,0.0003160130469882373,0.0,0.993975903614458
2026-06-30 10:10:00+09:00,0.0004437057766174291,0.0,0.993975903614458
2026-06-30 10:15:00+09:00,0.0008553860261585561,0.0,0.9758301498677638
2026-06-30 10:20:00+09:00,0.0007413963344606187,0.0,0.9939024390243902
2026-06-30 10:25:00+09:00,-0.00011885149702306727,0.0,0.9939759036144579
2026-06-30 10:30:00+09:00,-0.0005516392527195284,0.0,0.9939759036144579
2026-06-30 10:35:00+09:00,-0.00013831207421690747,0.0,0.9939024390243903
2026-06-30 10:40:00+09:00,-0.0008301015519248073,0.0,1.0
2026-06-30 10:45:00+09:00,0.0008482170589610463,0.0,0.9878783426388482
2026-06-30 10:50:00+09:00,0.00040430557545883216,0.0,1.0
2026-06-30 10:55:00+09:00,0.00013346317837909744,0.0,0.9636350279165443
2026-06-30 11:00:00+09:00,-0.00029789267688554985,0.0,0.9636350279165444
2026-06-30 11:05:00+09:00,-4.002701886914187e-06,0.0,0.9756832206876287
2026-06-30 11:10:00+09:00,0.00011799075644469513,0.024316779312371438,0.9634880987364092
2026-06-30 11:15:00+09:00,0.0007545513793666659,0.01807228915662651,0.9576109315310022
2026-06-30 11:20:00+09:00,-0.00019152218630620043,0.9576109315310021,0.0
2026-06-30 11:25:00+09:00,0.0,0.0,0.0
2026-06-30 12:30:00+09:00,0.0,0.0,0.0
2026-06-30 12:35:00+09:00,0.0,0.0,0.0
2026-06-30 12:40:00+09:00,0.0,0.0,0.0
2026-06-30 12:45:00+09:00,0.0,0.0,0.0
2026-06-30 12:50:00+09:00,0.0,0.0,0.0
2026-06-30 12:55:00+09:00,0.0,0.0,0.0
2026-06-30 13:00:00+09:00,0.00011746833925836082,1.0,1.0
2026-06-30 13:05:00+09:00,0.00017738261766062522,0.0,0.9877295995182174
2026-06-30 13:10:00+09:00,-0.0003427383002036736,0.0,0.99390243902439
2026-06-30 13:15:00+09:00,-0.00012440390322916408,0.0,0.9755344775669978
2026-06-30 13:20:00+09:00,-0.0006499395345998239,0.0,0.9817073170731707
2026-06-30 13:25:00+09:00,2.8179281945267743e-05,0.0,0.9694369165913881
2026-06-30 13:30:00+09:00,5.5187476658324836e-05,0.0,0.9877295995182174
2026-06-30 13:35:00+09:00,0.00015917377560549856,0.0,0.9876543209876543
2026-06-30 13:40:00+09:00,0.00046477501715149546,0.0,0.9876543209876543
2026-06-30 13:45:00+09:00,-0.00020185664800715598,0.0,0.9815567600120445
2026-06-30 13:50:00+09:00,2.3355547878877644e-05,0.0,0.9753839205058717
2026-06-30 13:55:00+09:00,-5.909527779737059e-05,0.0,0.9692863595302619
2026-06-30 14:00:00+09:00,0.00023741892339102557,0.0,0.9755344775669978
2026-06-30 14:05:00+09:00,0.00045308582765807916,0.0,0.963113520024089
2026-06-30 14:10:00+09:00,0.00011013053468689947,0.0,0.9753839205058716
2026-06-30 14:15:00+09:00,-4.219858534460409e-05,0.0,0.9692110809996988
2026-06-30 14:20:00+09:00,0.0005546265239665845,0.0,0.9755344775669978
2026-06-30 14:25:00+09:00,-0.00015500888316916095,0.0,1.0
2026-06-30 14:30:00+09:00,0.0002035705331804794,0.0,0.9877295995182174
2026-06-30 14:35:00+09:00,-0.0002914539858519474,0.0,1.0
2026-06-30 14:40:00+09:00,-0.00017898199551749265,0.0,0.9694369165913881
2026-06-30 14:45:00+09:00,0.0001998414935125106,0.0,0.969361638060825
2026-06-30 14:50:00+09:00,0.00030644717721346965,0.0,0.9877295995182174
2026-06-30 14:55:00+09:00,0.0003136852379033842,0.0,0.9938271604938271
2026-06-30 15:00:00+09:00,0.00015728915675981714,0.0,1.0
2026-06-30 15:05:00+09:00,0.00022134083219941292,0.0,0.9939024390243902
2026-06-30 15:10:00+09:00,0.0003901766711644164,0.0,1.0
2026-06-30 15:15:00+09:00,-0.0002,1.0,0.0
2026-06-30 15:20:00+09:00,0.0,0.0,0.0
2026-07-01 09:00:00+09:00,0.0,0.0,0.0
2026-07-01 09:05:00+09:00,0.0,0.0,0.0
2026-07-01 09:10:00+09:00,0.0,0.0,0.0
2026-07-01 09:15:00+09:00,0.0,0.0,0.0
2026-07-01 09:20:00+09:00,0.0,0.0,0.0
2026-07-01 09:25:00+09:00,0.0,0.0,0.0
2026-07-01 09:30:00+09:00,-0.0001189393446133006,1.0,1.0
2026-07-01 09:35:00+09:00,-0.0004737044591031101,0.0,0.9939024390243902
2026-07-01 09:40:00+09:00,-0.0001020036206317434,0.0,0.9816320385426076
2026-07-01 09:45:00+09:00,0.00030403231678608313,0.0,0.9877295995182174
2026-07-01 09:50:00+09:00,0.0004535813328502878,0.0,0.9878048780487805
2026-07-01 09:55:00+09:00,0.0006739128102263713,0.0,1.0
2026-07-01 10:00:00+09:00,-0.00022901851073678204,0.0,1.0
2026-07-01 10:05:00+09:00,0.0009477109103593266,0.0,0.9815567600120445
2026-07-01 10:10:00+09:00,3.357669808536006e-05,0.0,0.9632640770852152
2026-07-01 10:15:00+09:00,-0.00021362300824881306,0.0,0.9878048780487804
2026-07-01 10:20:00+09:00,-0.0007116540198526258,0.0,0.9571665161096056
2026-07-01 10:25:00+09:00,0.0008751244072856866,0.0,0.9695121951219511
2026-07-01 10:30:00+09:00,-8.930924945802449e-05,0.0,0.9755344775669978
2026-07-01 10:35:00+09:00,0.0004114831616114868,0.0,0.9633393556157783
2026-07-01 10:40:00+09:00,0.00047039034349117414,0.0,0.9878048780487805
2026-07-01 10:45:00+09:00,-0.0006475692765386334,0.0,0.9817073170731707
2026-07-01 10:50:00+09:00,-0.0003560680067336257,0.0,0.9817073170731707
2026-07-01 10:55:00+09:00,0.001520935657972656,0.0,0.9817073170731707
2026-07-01 11:00:00+09:00,0.0005454897886938518,0.0,0.9755344775669978
2026-07-01 11:05:00+09:00,-0.0002289699147765437,0.0,0.9878048780487805
2026-07-01 11:10:00+09:00,-0.0004223123451070908,0.006172839506172839,0.9509936766034327
2026-07-01 11:15:00+09:00,-0.00076185862351304,0.04283348389039446,0.9326257151460403
2026-07-01 11:20:00+09:00,-0.00019019873532068654,0.9509936766034327,0.0
2026-07-01 11:25:00+09:00,0.0,0.0,0.0
2026-07-01 12:30:00+09:00,0.0,0.0,0.0
2026-07-01 12:35:00+09:00,0.0,0.0,0.0
2026-07-01 12:40:00+09:00,0.0,0.0,0.0
2026-07-01 12:45:00+09:00,0.0,0.0,0.0
2026-07-01 12:50:00+09:00,0.0,0.0,0.0
2026-07-01 12:55:00+09:00,0.0,0.0,0.0
2026-07-01 13:00:00+09:00,0.00020641839825276599,1.0,1.0
2026-07-01 13:05:00+09:00,0.0007432880794196945,0.0,0.9816320385426076
2026-07-01 13:10:00+09:00,-0.00037252277103321695,0.0,0.9633393556157783
2026-07-01 13:15:00+09:00,-0.0001675214731258801,0.0,0.9570912375790425
2026-07-01 13:20:00+09:00,-0.0006698819223546291,0.0,0.9753839205058717
2026-07-01 13:25:00+09:00,0.0001848282910585656,0.0,0.9753839205058719
2026-07-01 13:30:00+09:00,-4.27264919814754e-05,0.0,0.9754591990364347
2026-07-01 13:35:00+09:00,-0.0007184115579768187,0.0,0.9632640770852152
2026-07-01 13:40:00+09:00,-0.00028259101767986214,0.0,0.9754591990364347
2026-07-01 13:45:00+09:00,-0.00014809822624592056,0.0,0.9817073170731707
2026-07-01 13:50:00+09:00,0.000669136848524535,0.0,0.9816320385426076
2026-07-01 13:55:00+09:00,0.00020629257032865692,0.0,0.9877295995182175
2026-07-01 14:00:00+09:00,-0.0004157840709236197,0.0,0.9755344775669978
2026-07-01 14:05:00+09:00,0.00015917721866725136,0.0,0.9877295995182174
2026-07-01 14:10:00+09:00,9.149190003741367e-05,0.0,0.9754591990364349
2026-07-01 14:15:00+09:00,-0.00011009582405153669,0.0,0.9754591990364347
2026-07-01 14:20:00+09:00,-0.00024289490599304869,0.0,0.9754591990364349
2026-07-01 14:25:00+09:00,-0.00028095158346664125,0.0,0.9816320385426076
2026-07-01 14:30:00+09:00,0.0004374395965201058,0.0,0.969361638060825
2026-07-01 14:35:00+09:00,-2.4375678908641005e-05,0.0,0.9755344775669978
2026-07-01 14:40:00+09:00,-0.0004762807000490627,0.0,0.9754591990364347
2026-07-01 14:45:00+09:00,0.0003619105644900876,0.0,0.9878048780487805
2026-07-01 14:50:00+09:00,0.0006548283269387955,0.0,0.9815567600120445
2026-07-01 14:55:00+09:00,-0.00032715632936268746,0.0,0.9878048780487805
2026-07-01 15:00:00+09:00,-0.0001825102027751046,0.0,1.0
2026-07-01 15:05:00+09:00,9.968009576777615e-05,0.0,0.9816320385426076
2026-07-01 15:10:00+09:00,0.00010832401803464608,0.0,0.969436916591388
2026-07-01 15:15:00+09:00,-0.0002,1.0,0.0
2026-07-01 15:20:00+09:00,0.0,0.0,0.0
2026-07-02 09:00:00+09:00,0.0,0.0,0.0
2026-07-02 09:05:00+09:00,0.0,0.0,0.0
2026-07-02 09:10:00+09:00,0.0,0.0,0.0
2026-07-02 09:15:00+09:00,0.0,0.0,0.0
2026-07-02 09:20:00+09:00,0.0,0.0,0.0
2026-07-02 09:25:00+09:00,0.0,0.0,0.0
2026-07-02 09:30:00+09:00,-0.0007901902858376094,1.0,1.0
2026-07-02 09:35:00+09:00,-0.0006590614690014019,0.0,0.993975903614458
2026-07-02 09:40:00+09:00,0.0007157465921167417,0.0,0.9817807816632385
2026-07-02 09:45:00+09:00,0.00041295361661189775,0.0,0.9939024390243903
2026-07-02 09:50:00+09:00,0.0009653629921532518,0.0,0.9698795180722892
2026-07-02 09:55:00+09:00,0.0006624654053235178,0.0,0.9879518072289157
2026-07-02 10:00:00+09:00,0.0013205744286839754,0.0,0.9758301498677637
2026-07-02 10:05:00+09:00,0.0011660847072754994,0.0,0.9939759036144578
2026-07-02 10:10:00+09:00,0.0003295346761196502,0.0,1.0
2026-07-02 10:15:00+09:00,0.0006844141493934836,0.0,0.9818542462533061
2026-07-02 10:20:00+09:00,0.00044007516489247864,0.0,0.9696591243020865
2026-07-02 10:25:00+09:00,-0.0014827913917262803,0.0,0.993975903614458
2026-07-02 10:30:00+09:00,0.0008940989978709708,0.0,0.9939024390243903
2026-07-02 10:35:00+09:00,0.0002988933656070106,0.0,0.9697325888921542
2026-07-02 10:40:00+09:00,0.0007257249195718596,0.0,0.9637819570966795
2026-07-02 10:45:00+09:00,-0.0004139525764825585,0.0,0.9758301498677638
2026-07-02 10:50:00+09:00,0.0001186735450325694,0.0,0.9516602997355275
2026-07-02 10:55:00+09:00,0.00034065412574050706,0.0,0.9819277108433736
2026-07-02 11:00:00+09:00,-0.00012802082122508358,0.0,0.9879518072289157
2026-07-02 11:05:00+09:00,0.000938129718762095,0.006097560975609756,0.9758301498677637
2026-07-02 11:10:00+09:00,-0.0006173008855785469,0.0,0.9817807816632383
2026-07-02 11:15:00+09:00,0.0001248153612536083,0.036218042903320605,0.9335145459888334
2026-07-02 11:20:00+09:00,-0.00019153687922421396,0.9576843961210697,0.0
2026-07-02 11:25:00+09:00,0.0,0.0,0.0
2026-07-02 12:30:00+09:00,0.0,0.0,0.0
2026-07-02 12:35:00+09:00,0.0,0.0,0.0
2026-07-02 12:40:00+09:00,0.0,0.0,0.0
2026-07-02 12:45:00+09:00,0.0,0.0,0.0
2026-07-02 12:50:00+09:00,0.0,0.0,0.0
2026-07-02 12:55:00+09:00,0.0,0.0,0.0
2026-07-02 13:00:00+09:00,4.9632372376481784e-05,1.0,1.0
2026-07-02 13:05:00+09:00,-0.00010410460751795575,0.0,0.993827160493827
2026-07-02 13:10:00+09:00,-0.0002912711513820466,0.0,0.9876543209876542
2026-07-02 13:15:00+09:00,-7.704779572524841e-05,0.0,0.9875771604938272
2026-07-02 13:20:00+09:00,-0.00031959906617548144,0.0,0.9874999999999999
2026-07-02 13:25:00+09:00,0.00036610253077135903,0.0,0.9937499999999999
2026-07-02 13:30:00+09:00,0.00016020786462077476,0.0,1.0
2026-07-02 13:35:00+09:00,-0.0002275630073463491,0.0,1.0
2026-07-02 13:40:00+09:00,0.0001217571726959619,0.0,0.9875
2026-07-02 13:45:00+09:00,7.303525841572912e-05,0.0,0.9938271604938271
2026-07-02 13:50:00+09:00,4.795006133538368e-05,0.0,0.9564043209876544
2026-07-02 13:55:00+09:00,-0.00011329148073076456,0.0,0.9937499999999999
2026-07-02 14:00:00+09:00,9.268240220042581e-05,0.0,0.9814043209876544
2026-07-02 14:05:00+09:00,-0.0002333050448633233,0.0,0.987577160493827
2026-07-02 14:10:00+09:00,0.00011419772336654116,0.0,1.0
2026-07-02 14:15:00+09:00,0.00015672253573971844,0.0,0.9875771604938272
2026-07-02 14:20:00+09:00,0.00035377686775090643,0.0,0.9999999999999999
2026-07-02 14:25:00+09:00,0.00010864935355512918,0.0,0.9875771604938272
2026-07-02 14:30:00+09:00,5.723197511910965e-05,0.0,0.9999999999999999
2026-07-02 14:35:00+09:00,0.0002556665897014837,0.0,0.9937499999999999
2026-07-02 14:40:00+09:00,0.0001255890007121145,0.0,0.9937499999999999
2026-07-02 14:45:00+09:00,0.00023245437475612852,0.0,0.99375
2026-07-02 14:50:00+09:00,0.00013063504878546402,0.0,0.9937499999999999
2026-07-02 14:55:00+09:00,0.0001421332461685341,0.0,0.9938271604938271
2026-07-02 15:00:00+09:00,-0.00020038839558124421,0.0,0.99375
2026-07-02 15:05:00+09:00,0.00012267416193497628,0.0,1.0
2026-07-02 15:10:00+09:00,7.02771235682044e-05,0.0,1.0
2026-07-02 15:15:00+09:00,-0.0002,1.0,0.0
2026-07-02 15:20:00+09:00,0.0,0.0,0.0
2026-07-03 09:00:00+09:00,0.0,0.0,0.0
2026-07-03 09:05:00+09:00,0.0,0.0,0.0
2026-07-03 09:10:00+09:00,0.0,0.0,0.0
2026-07-03 09:15:00+09:00,0.0,0.0,0.0
2026-07-03 09:20:00+09:00,0.0,0.0,0.0
2026-07-03 09:25:00+09:00,0.0,0.0,0.0
2026-07-03 09:30:00+09:00,0.0025490508477732715,1.0,1.0
2026-07-03 09:35:00+09:00,0.00031782323769598373,0.0,0.9814814814814814
2026-07-03 09:40:00+09:00,0.00037136135382100164,0.0,0.9938271604938271
2026-07-03 09:45:00+09:00,0.00038975412374503795,0.0,0.9815567600120445
2026-07-03 09:50:00+09:00,0.000563499124212254,0.0,0.9814814814814814
2026-07-03 09:55:00+09:00,0.002713164216914468,0.0,0.9876543209876543
2026-07-03 10:00:00+09:00,0.002054968753087034,0.0,0.9877295995182174
2026-07-03 10:05:00+09:00,-0.0007669448101261096,0.0,0.9999999999999999
2026-07-03 10:10:00+09:00,0.0009508644649196344,0.0,0.993827160493827
2026-07-03 10:15:00+09:00,0.002262604965301138,0.0,0.9814814814814814
2026-07-03 10:20:00+09:00,-0.0007182649225587725,0.0,0.963038241493526
2026-07-03 10:25:00+09:00,-0.0006605574540911359,0.0,0.9877295995182175
2026-07-03 10:30:00+09:00,0.0008924483973979978,0.0,0.9753086419753085
2026-07-03 10:35:00+09:00,0.0006156434218467641,0.0,0.9568654019873533
2026-07-03 10:40:00+09:00,-0.0008283915438712583,0.0,0.9691358024691357
2026-07-03 10:45:00+09:00,0.0002752815111437077,0.0,0.9691358024691359
2026-07-03 10:50:00+09:00,0.00044851126922602544,0.0,0.963038241493526
2026-07-03 10:55:00+09:00,0.0007572011986541107,0.0,0.9691358024691359
2026-07-03 11:00:00+09:00,0.00164362883369643,0.0,0.9753086419753088
2026-07-03 11:05:00+09:00,-0.0015627372121505773,0.006172839506172839,0.9876543209876543
2026-07-03 11:10:00+09:00,-0.0008221368266726132,0.012345679012345678,0.9753086419753085
2026-07-03 11:15:00+09:00,0.00017352473878937033,0.024616079494128272,0.9384221619993978
2026-07-03 11:20:00+09:00,-0.00019137308039747066,0.9568654019873531,0.0
2026-07-03 11:25:00+09:00,0.0,0.0,0.0
2026-07-03 12:30:00+09:00,0.0,0.0,0.0
2026-07-03 12:35:00+09:00,0.0,0.0,0.0
2026-07-03 12:40:00+09:00,0.0,0.0,0.0
2026-07-03 12:45:00+09:00,0.0,0.0,0.0
2026-07-03 12:50:00+09:00,0.0,0.0,0.0
2026-07-03 12:55:00+09:00,0.0,0.0,0.0
2026-07-03 13:00:00+09:00,-0.0005840827842305647,1.0,1.0
2026-07-03 13:05:00+09:00,-0.00014630895780509047,0.0,0.9752314814814814
2026-07-03 13:10:00+09:00,-0.0002977503833205942,0.0,0.9938271604938271
2026-07-03 13:15:00+09:00,-5.698707851539963e-05,0.0,0.9689043209876542
2026-07-03 13:20:00+09:00,1.5121588283947702e-05,0.0,0.9813271604938271
2026-07-03 13:25:00+09:00,0.00010420036490069072,0.0,0.98125
2026-07-03 13:30:00+09:00,-0.0008689773589576322,0.0,0.9813271604938272
2026-07-03 13:35:00+09:00,0.00023352867911543142,0.0,0.993827160493827
2026-07-03 13:40:00+09:00,0.0009332840757706347,0.0,0.9937499999999999
2026-07-03 13:45:00+09:00,-0.00040497667432899963,0.0,0.9875771604938272
2026-07-03 13:50:00+09:00,-0.000645344861602587,0.0,0.9876543209876543
2026-07-03 13:55:00+09:00,-0.0002722668606636892,0.0,0.9752314814814815
2026-07-03 14:00:00+09:00,0.00021576964390791133,0.0,0.9999999999999999
2026-07-03 14:05:00+09:00,0.00033397263651331073,0.0,0.9813271604938272
2026-07-03 14:10:00+09:00,0.00022695398585240352,0.0,0.9938271604938271
2026-07-03 14:15:00+09:00,-0.0001579661207932363,0.0,0.9814043209876543
2026-07-03 14:20:00+09:00,-0.0006750560906143565,0.0,0.9751543209876543
2026-07-03 14:25:00+09:00,-0.0004299808828568086,0.0,0.9999999999999999
2026-07-03 14:30:00+09:00,1.1786712490897124e-05,0.0,0.9937499999999999
2026-07-03 14:35:00+09:00,0.0004836723265604119,0.0,0.9938271604938272
2026-07-03 14:40:00+09:00,-0.0001013326756068409,0.0,0.9999999999999998
2026-07-03 14:45:00+09:00,-0.0007392131904885354,0.0,0.9937499999999999
2026-07-03 14:50:00+09:00,-0.00029474441158395756,0.0,0.993827160493827
2026-07-03 14:55:00+09:00,-0.00013069907223359046,0.0,0.9999999999999998
2026-07-03 15:00:00+09:00,-0.0005448697219430997,0.0,0.987577160493827
2026-07-03 15:05:00+09:00,3.1214985261468694e-05,0.0,1.0
2026-07-03 15:10:00+09:00,0.0002703411862519232,0.0,0.9999999999999998
2026-07-03 15:15:00+09:00,-0.0002,1.0,0.0
2026-07-03 15:20:00+09:00,0.0,0.0,0.0
2026-07-06 09:00:00+09:00,0.0,0.0,0.0
2026-07-06 09:05:00+09:00,0.0,0.0,0.0
2026-07-06 09:10:00+09:00,0.0,0.0,0.0
2026-07-06 09:15:00+09:00,0.0,0.0,0.0
2026-07-06 09:20:00+09:00,0.0,0.0,0.0
2026-07-06 09:25:00+09:00,0.0,0.0,0.0
2026-07-06 09:30:00+09:00,-0.0011432217017982237,1.0,1.0
2026-07-06 09:35:00+09:00,0.0012652234872482123,0.0,0.9878048780487805
2026-07-06 09:40:00+09:00,0.0015880304370322292,0.0,0.9939024390243903
2026-07-06 09:45:00+09:00,-0.00029604430231822907,0.0,1.0
2026-07-06 09:50:00+09:00,-0.00024537551810540454,0.0,0.9939024390243903
2026-07-06 09:55:00+09:00,-0.0020951007989450775,0.0,0.9878783426388481
2026-07-06 10:00:00+09:00,0.0009458256898351797,0.0,0.9939024390243902
2026-07-06 10:05:00+09:00,-0.0011391519742536475,0.0,0.9878048780487806
2026-07-06 10:10:00+09:00,0.0008004151738209542,0.0,1.0
2026-07-06 10:15:00+09:00,-0.0016025025467309038,0.0,0.9878783426388481
2026-07-06 10:20:00+09:00,0.0004266416158849445,0.0,0.9939759036144579
2026-07-06 10:25:00+09:00,0.0005681813282205215,0.0,0.9817807816632385
2026-07-06 10:30:00+09:00,-0.0018929723832461168,0.0,0.981854246253306
2026-07-06 10:35:00+09:00,-0.0010604952736372277,0.0,1.0
2026-07-06 10:40:00+09:00,-0.0015535156253460682,0.0,0.9817073170731708
2026-07-06 10:45:00+09:00,-0.00048218015710618155,0.0,1.0
2026-07-06 10:50:00+09:00,0.0003476669199965627,0.0,0.9939024390243903
2026-07-06 10:55:00+09:00,0.00015880273112375227,0.0,0.9939759036144579
2026-07-06 11:00:00+09:00,-0.0013448180294319935,0.0,0.9878048780487805
2026-07-06 11:05:00+09:00,-0.0014541666335030263,0.0,0.981854246253306
2026-07-06 11:10:00+09:00,-0.0009319451848438731,0.0,0.9819277108433735
2026-07-06 11:15:00+09:00,0.00042879424502931875,0.006024096385542169,0.9878783426388481
2026-07-06 11:20:00+09:00,-0.00019879518072289158,0.9939759036144579,0.0
2026-07-06 11:25:00+09:00,0.0,0.0,0.0
2026-07-06 12:30:00+09:00,0.0,0.0,0.0
2026-07-06 12:35:00+09:00,0.0,0.0,0.0
2026-07-06 12:40:00+09:00,0.0,0.0,0.0
2026-07-06 12:45:00+09:00,0.0,0.0,0.0
2026-07-06 12:50:00+09:00,0.0,0.0,0.0
2026-07-06 12:55:00+09:00,0.0,0.0,0.0
2026-07-06 13:00:00+09:00,0.0003766060326987174,1.0,1.0000000000000002
2026-07-06 13:05:00+09:00,-0.0004136533984819235,0.0,0.9811708860759494
2026-07-06 13:10:00+09:00,-0.00034219107074339453,0.0,0.9748417721518987
2026-07-06 13:15:00+09:00,-6.103403778693363e-05,0.0,0.9936708860759494
2026-07-06 13:20:00+09:00,-0.0006020392180251519,0.0,0.98125
2026-07-06 13:25:00+09:00,-0.0004866044349482762,0.0,0.9937500000000001
2026-07-06 13:30:00+09:00,-0.00031619515655498243,0.0,0.9811708860759494
2026-07-06 13:35:00+09:00,0.0004406929002447834,0.0,0.9874208860759495
2026-07-06 13:40:00+09:00,0.00038146027554192974,0.0,0.9748417721518987
2026-07-06 13:45:00+09:00,-0.0004424171902965032,0.0,0.9748417721518988
2026-07-06 13:50:00+09:00,0.00015437811648723792,0.0,0.9937500000000001
2026-07-06 13:55:00+09:00,0.000293735606044328,0.0,0.968512658227848
2026-07-06 14:00:00+09:00,-9.22260395916804e-05,0.0,0.9874208860759495
2026-07-06 14:05:00+09:00,-0.00015555889731916936,0.0,0.9686708860759494
2026-07-06 14:10:00+09:00,-0.0003064200196278121,0.0,0.9875
2026-07-06 14:15:00+09:00,0.0006346884249333297,0.0,0.9937500000000001
2026-07-06 14:20:00+09:00,0.00011019935167834666,0.0,0.96875
2026-07-06 14:25:00+09:00,-0.00019434922787641616,0.0,0.9811708860759494
2026-07-06 14:30:00+09:00,0.00013735858874260542,0.0,1.0
2026-07-06 14:35:00+09:00,-0.0004976687295668281,0.0,0.9874208860759494
2026-07-06 14:40:00+09:00,0.0001356762746008687,0.0,0.99375
2026-07-06 14:45:00+09:00,-0.000276792460675821,0.0,1.0000000000000002
2026-07-06 14:50:00+09:00,-0.00016871552306413844,0.0,0.9812500000000002
2026-07-06 14:55:00+09:00,6.809836644343838e-05,0.0,1.0
2026-07-06 15:00:00+09:00,-0.00013480913182982416,0.0,0.99375
2026-07-06 15:05:00+09:00,0.00015314441921130355,0.0,0.9812500000000002
2026-07-06 15:10:00+09:00,-0.0004315947306324134,0.0,0.9875
2026-07-06 15:15:00+09:00,-0.0002,1.0,0.0
2026-07-06 15:20:00+09:00,0.0,0.0,0.0
2026-07-07 09:00:00+09:00,0.0,0.0,0.0
2026-07-07 09:05:00+09:00,0.0,0.0,0.0
2026-07-07 09:10:00+09:00,0.0,0.0,0.0
2026-07-07 09:15:00+09:00,0.0,0.0,0.0
2026-07-07 09:20:00+09:00,0.0,0.0,0.0
2026-07-07 09:25:00+09:00,0.0,0.0,0.0
2026-07-07 09:30:00+09:00,-0.00039218782666306727,1.0,1.0
2026-07-07 09:35:00+09:00,0.0007259496120077039,0.0,0.9878048780487805
2026-07-07 09:40:00+09:00,0.0004811521040811745,0.0,0.9635615633264768
2026-07-07 09:45:00+09:00,0.00039007727903144694,0.0,0.9878048780487805
2026-07-07 09:50:00+09:00,-0.00044386445917549665,0.0,0.9758301498677637
2026-07-07 09:55:00+09:00,0.0007178360221888355,0.0,0.9939024390243903
2026-07-07 10:00:00+09:00,-9.694130131722919e-05,0.0,0.9756097560975612
2026-07-07 10:05:00+09:00,-0.0005978484976807237,0.0,1.0
2026-07-07 10:10:00+09:00,-0.00010288256778923159,0.0,0.9695856597120188
2026-07-07 10:15:00+09:00,-5.855561856817757e-05,0.0,0.9939024390243902
2026-07-07 10:20:00+09:00,-1.776496273674745e-06,0.0,0.9817073170731707
2026-07-07 10:25:00+09:00,0.0005650120427227391,0.0,0.9817807816632383
2026-07-07 10:30:00+09:00,0.00017876423489035102,0.0,0.9817073170731708
2026-07-07 10:35:00+09:00,0.00030096790804907253,0.0,0.9695121951219513
2026-07-07 10:40:00+09:00,-0.00031109847102715613,0.0,0.9939759036144579
2026-07-07 10:45:00+09:00,-0.00026748120495193354,0.0,0.9817807816632383
2026-07-07 10:50:00+09:00,-0.00023689485840460627,0.0,0.9636350279165443
2026-07-07 10:55:00+09:00,-0.00042273685996063455,0.0,0.9939759036144579
2026-07-07 11:00:00+09:00,0.0002907068837393504,0.0,0.969732588892154
2026-07-07 11:05:00+09:00,-1.0373205543781387e-05,0.0,0.9695856597120189
2026-07-07 11:10:00+09:00,2.424649783993096e-05,0.012121657361151925,0.9636350279165443
2026-07-07 11:15:00+09:00,5.756783981756247e-05,0.024390243902439025,0.9392447840141054
2026-07-07 11:20:00+09:00,-0.00019269761974728182,0.9634880987364091,0.0
2026-07-07 11:25:00+09:00,0.0,0.0,0.0
2026-07-07 12:30:00+09:00,0.0,0.0,0.0
2026-07-07 12:35:00+09:00,0.0,0.0,0.0
2026-07-07 12:40:00+09:00,0.0,0.0,0.0
2026-07-07 12:45:00+09:00,0.0,0.0,0.0
2026-07-07 12:50:00+09:00,0.0,0.0,0.0
2026-07-07 12:55:00+09:00,0.0,0.0,0.0
2026-07-07 13:00:00+09:00,-0.0002221709863075507,1.0,1.0
2026-07-07 13:05:00+09:00,-0.00040418623278893663,0.0,0.9878783426388482
2026-07-07 13:10:00+09:00,-0.0005884511052869479,0.0,0.993975903614458
2026-07-07 13:15:00+09:00,-0.00010185663583039988,0.0,0.9939024390243903
2026-07-07 13:20:00+09:00,0.00033018962910452297,0.0,0.9758301498677637
2026-07-07 13:25:00+09:00,0.00034597797163577577,0.0,0.9939759036144579
2026-07-07 13:30:00+09:00,-0.0004679186150023491,0.0,0.9878783426388482
2026-07-07 13:35:00+09:00,-0.00039064344913162694,0.0,0.9939024390243903
2026-07-07 13:40:00+09:00,-0.00014798039705647746,0.0,1.0
2026-07-07 13:45:00+09:00,0.00011706237083639138,0.0,0.9759036144578315
2026-07-07 13:50:00+09:00,0.0005423037772353988,0.0,0.9939759036144579
2026-07-07 13:55:00+09:00,-0.0009438046055159643,0.0,0.9817807816632385
2026-07-07 14:00:00+09:00,-0.0003941890621179606,0.0,0.9939024390243903
2026-07-07 14:05:00+09:00,-0.00028936486252401403,0.0,0.993975903614458
2026-07-07 14:10:00+09:00,1.015442132697451e-05,0.0,0.9939024390243903
2026-07-07 14:15:00+09:00,0.00015925941354821054,0.0,0.9939759036144579
2026-07-07 14:20:00+09:00,8.183981365885748e-05,0.0,0.9939024390243903
2026-07-07 14:25:00+09:00,0.00014808358975346733,0.0,0.9878783426388482
2026-07-07 14:30:00+09:00,0.00013022958473725817,0.0,0.9939024390243902
2026-07-07 14:35:00+09:00,1.1435494828626114e-05,0.0,0.9819277108433735
2026-07-07 14:40:00+09:00,-0.0003137628131272124,0.0,0.9939759036144579
2026-07-07 14:45:00+09:00,0.0007718272795696598,0.0,0.9879518072289157
2026-07-07 14:50:00+09:00,0.0005263716507059063,0.0,0.9878048780487806
2026-07-07 14:55:00+09:00,-0.00033083612782327783,0.0,0.9758301498677637
2026-07-07 15:00:00+09:00,-0.00024133609118068484,0.0,0.9879518072289157
2026-07-07 15:05:00+09:00,-0.00015198255896939187,0.0,0.9817807816632385
2026-07-07 15:10:00+09:00,0.00018421165860612573,0.0,0.9939024390243902
2026-07-07 15:15:00+09:00,-0.0002,1.0,0.0
2026-07-07 15:20:00+09:00,0.0,0.0,0.0
2026-07-08 09:00:00+09:00,0.0,0.0,0.0
2026-07-08 09:05:00+09:00,0.0,0.0,0.0
2026-07-08 09:10:00+09:00,0.0,0.0,0.0
2026-07-08 09:15:00+09:00,0.0,0.0,0.0
2026-07-08 09:20:00+09:00,0.0,0.0,0.0
2026-07-08 09:25:00+09:00,0.0,0.0,0.0
2026-07-08 09:30:00+09:00,-0.0017622319969482715,1.0,1.0
2026-07-08 09:35:00+09:00,-0.001354359292863376,0.0,0.9817073170731707
2026-07-08 09:40:00+09:00,-0.0008084676168043604,0.0,1.0
2026-07-08 09:45:00+09:00,-0.0006419428566863424,0.0,0.9939759036144579
2026-07-08 09:50:00+09:00,6.843079178743916e-05,0.0,0.9879518072289157
2026-07-08 09:55:00+09:00,0.0008591604775624312,0.0,0.9698060534822216
2026-07-08 10:00:00+09:00,-0.0007827783592833613,0.0,1.0
2026-07-08 10:05:00+09:00,-0.0002936356586719936,0.0,1.0
2026-07-08 10:10:00+09:00,0.0007107063023831672,0.0,0.963708492506612
2026-07-08 10:15:00+09:00,0.0017410274225200717,0.0,0.9758301498677637
2026-07-08 10:20:00+09:00,-0.0002215549819076431,0.0,0.9698060534822215
2026-07-08 10:25:00+09:00,0.0008227640246309401,0.0,0.9817807816632385
2026-07-08 10:30:00+09:00,0.000720277343048747,0.0,0.9817807816632383
2026-07-08 10:35:00+09:00,-0.00023275890955435518,0.0,1.0
2026-07-08 10:40:00+09:00,-0.0011018535064187974,0.0,0.9879518072289157
2026-07-08 10:45:00+09:00,0.0013885708062142833,0.0,0.9819277108433736
2026-07-08 10:50:00+09:00,4.509996393292877e-05,0.0,0.9819277108433736
2026-07-08 10:55:00+09:00,0.001165757453260937,0.0,0.9758301498677638
2026-07-08 11:00:00+09:00,-0.000401721994468303,0.0,0.9758301498677638
2026-07-08 11:05:00+09:00,0.0007122709914870189,0.012121657361151925,0.9698060534822217
2026-07-08 11:10:00+09:00,-0.0008655278070106333,0.0,0.9636350279165443
2026-07-08 11:15:00+09:00,2.7670602966347544e-05,0.012121657361151925,0.9455627387599177
2026-07-08 11:20:00+09:00,-0.00019515133705553926,0.9757566852776962,0.0
2026-07-08 11:25:00+09:00,0.0,0.0,0.0
2026-07-08 12:30:00+09:00,0.0,0.0,0.0
2026-07-08 12:35:00+09:00,0.0,0.0,0.0
2026-07-08 12:40:00+09:00,0.0,0.0,0.0
2026-07-08 12:45:00+09:00,0.0,0.0,0.0
2026-07-08 12:50:00+09:00,0.0,0.0,0.0
2026-07-08 12:55:00+09:00,0.0,0.0,0.0
2026-07-08 13:00:00+09:00,-0.00034777277581909255,1.0,1.0
2026-07-08 13:05:00+09:00,3.492151922305295e-05,0.0,0.9637084925066118
2026-07-08 13:10:00+09:00,0.00011819550959942753,0.0,0.969732588892154
2026-07-08 13:15:00+09:00,0.0006956095706980017,0.0,0.9757566852776962
2026-07-08 13:20:00+09:00,-0.0005781999997257149,0.0,0.9879518072289157
2026-07-08 13:25:00+09:00,-0.000876897528831852,0.0,0.9758301498677638
2026-07-08 13:30:00+09:00,-0.00012955074059794859,0.0,0.9878783426388481
2026-07-08 13:35:00+09:00,-0.00023418669600674906,0.0,0.9756832206876286
2026-07-08 13:40:00+09:00,0.0003628115553224844,0.0,0.9758301498677638
2026-07-08 13:45:00+09:00,-0.00035837291617482646,0.0,0.981854246253306
2026-07-08 13:50:00+09:00,0.00030901175237324545,0.0,0.9758301498677638
2026-07-08 13:55:00+09:00,0.00010894056244093925,0.0,0.9939024390243902
2026-07-08 14:00:00+09:00,3.241521912748274e-05,0.0,0.9878048780487806
2026-07-08 14:05:00+09:00,-2.091166629261876e-05,0.0,0.9757566852776962
2026-07-08 14:10:00+09:00,-0.0003876880870369477,0.0,0.9879518072289157
2026-07-08 14:15:00+09:00,-1.771429116886712e-06,0.0,0.9817073170731707
2026-07-08 14:20:00+09:00,-2.6375669071370685e-05,0.0,0.9393182486041729
2026-07-08 14:25:00+09:00,-0.0006596252741478103,0.0,0.9939024390243902
2026-07-08 14:30:00+09:00,-0.0006039939943187088,0.0,0.9756832206876287
2026-07-08 14:35:00+09:00,-0.00019484054457575133,0.0,0.981854246253306
2026-07-08 14:40:00+09:00,-0.0005957539456633511,0.0,1.0
2026-07-08 14:45:00+09:00,0.0006780108575647731,0.0,0.9878783426388481
2026-07-08 14:50:00+09:00,-0.00044218997062360455,0.0,1.0
2026-07-08 14:55:00+09:00,-0.00028141835064941957,0.0,0.9939759036144579
2026-07-08 15:00:00+09:00,0.0002575030097366515,0.0,0.9878783426388482
2026-07-08 15:05:00+09:00,-0.0005027919267928405,0.006097560975609756,0.981854246253306
2026-07-08 15:10:00+09:00,-0.0001401835897724202,0.006024096385542169,0.9878783426388482
2026-07-08 15:15:00+09:00,-0.00019757566852776962,0.9878783426388481,0.0
2026-07-08 15:20:00+09:00,0.0,0.0,0.0
2026-07-09 09:00:00+09:00,0.0,0.0,0.0
2026-07-09 09:05:00+09:00,0.0,0.0,0.0
2026-07-09 09:10:00+09:00,0.0,0.0,0.0
2026-07-09 09:15:00+09:00,0.0,0.0,0.0
2026-07-09 09:20:00+09:00,0.0,0.0,0.0
2026-07-09 09:25:00+09:00,0.0,0.0,0.0
2026-07-09 09:30:00+09:00,-0.0002138324656023602,1.0,1.0
2026-07-09 09:35:00+09:00,0.00014460960496907088,0.0,0.981854246253306
2026-07-09 09:40:00+09:00,-8.401552878977839e-06,0.0,0.9756832206876286
2026-07-09 09:45:00+09:00,-0.00016654356541878564,0.0,0.9939024390243903
2026-07-09 09:50:00+09:00,-9.76188597037923e-05,0.0,0.9939759036144578
2026-07-09 09:55:00+09:00,0.0002915259956938448,0.0,0.9939024390243902
2026-07-09 10:00:00+09:00,-0.0002759919717141715,0.0,0.9878048780487805
2026-07-09 10:05:00+09:00,3.63015359091882e-05,0.0,1.0
2026-07-09 10:10:00+09:00,-0.00012619407490353137,0.0,0.9939024390243902
2026-07-09 10:15:00+09:00,0.00014788416992349087,0.0,1.0
2026-07-09 10:20:00+09:00,0.00018443217809481358,0.0,0.9757566852776962
2026-07-09 10:25:00+09:00,-3.2075491224907004e-05,0.0,0.9939024390243903
2026-07-09 10:30:00+09:00,-0.0002264915022092701,0.0,0.9757566852776961
2026-07-09 10:35:00+09:00,0.0003795338051244794,0.0,0.9695121951219513
2026-07-09 10:40:00+09:00,0.00013911558148157693,0.0,0.9757566852776962
2026-07-09 10:45:00+09:00,-0.0002434271140153745,0.0,0.9817073170731707
2026-07-09 10:50:00+09:00,0.00020794761106377935,0.0,0.981854246253306
2026-07-09 10:55:00+09:00,6.353778350084996e-05,0.0,0.975830149867764
2026-07-09 11:00:00+09:00,3.846093693304614e-05,0.0,0.9879518072289157
2026-07-09 11:05:00+09:00,-0.00010540852369143102,0.0,0.993975903614458
2026-07-09 11:10:00+09:00,-4.443302961755126e-05,0.0,0.9878783426388482
2026-07-09 11:15:00+09:00,-0.0002250902548504004,0.030267411107846018,0.9454892741698502
2026-07-09 11:20:00+09:00,-0.00019394651777843082,0.969732588892154,0.0
2026-07-09 11:25:00+09:00,0.0,0.0,0.0
2026-07-09 12:30:00+09:00,0.0,0.0,0.0
2026-07-09 12:35:00+09:00,0.0,0.0,0.0
2026-07-09 12:40:00+09:00,0.0,0.0,0.0
2026-07-09 12:45:00+09:00,0.0,0.0,0.0
2026-07-09 12:50:00+09:00,0.0,0.0,0.0
2026-07-09 12:55:00+09:00,0.0,0.0,0.0
2026-07-09 13:00:00+09:00,-7.898181638916094e-05,1.0,0.9999999999999998
2026-07-09 13:05:00+09:00,0.0001988852392204759,0.0,0.969286359530262
2026-07-09 13:10:00+09:00,-2.2811943633787543e-05,0.0,0.9323998795543511
2026-07-09 13:15:00+09:00,-0.0006141304969964524,0.0,0.9691358024691358
2026-07-09 13:20:00+09:00,0.00021122071301117858,0.0,0.9938271604938271
2026-07-09 13:25:00+09:00,0.00028374557648564927,0.0,0.9816320385426076
2026-07-09 13:30:00+09:00,0.0002496607337062861,0.0,0.9754591990364347
2026-07-09 13:35:00+09:00,-0.0002740114478146694,0.0,0.9509183980728696
2026-07-09 13:40:00+09:00,-0.0002187722181558662,0.0,0.9815567600120445
2026-07-09 13:45:00+09:00,0.0004192095204048646,0.0,0.9692863595302619
2026-07-09 13:50:00+09:00,-0.00018997447688380334,0.0,0.9753086419753085
2026-07-09 13:55:00+09:00,-0.000208273265475227,0.0,0.9445197229750075
2026-07-09 14:00:00+09:00,0.00023843969497618222,0.0,0.9506925624811803
2026-07-09 14:05:00+09:00,0.0002681709954964947,0.0,0.9568654019873531
2026-07-09 14:10:00+09:00,-0.0003098051831104604,0.0,0.9876543209876543
2026-07-09 14:15:00+09:00,0.0004975786516493701,0.0,0.9753839205058716
2026-07-09 14:20:00+09:00,-0.00014901631001594737,0.0,0.9568654019873533
2026-07-09 14:25:00+09:00,0.0002046027395428008,0.0,0.9259259259259259
2026-07-09 14:30:00+09:00,-7.628879689428663e-05,0.0,0.9691358024691357
2026-07-09 14:35:00+09:00,5.872645575476264e-05,0.0,0.9876543209876543
2026-07-09 14:40:00+09:00,0.00038540404004724113,0.0,0.963113520024089
2026-07-09 14:45:00+09:00,0.00020463953515610585,0.0,1.0
2026-07-09 14:50:00+09:00,-0.00012208841336273853,0.0,0.9814814814814814
2026-07-09 14:55:00+09:00,-0.00029719934534686807,0.0,0.9569406805179164
2026-07-09 15:00:00+09:00,-7.413211231295455e-05,0.0,0.9938271604938271
2026-07-09 15:05:00+09:00,0.0002414251045988397,0.0,0.9692110809996988
2026-07-09 15:10:00+09:00,-0.0002330574132021834,0.012270400481782595,0.9815567600120445
2026-07-09 15:15:00+09:00,-0.0001975459199036435,0.9877295995182174,0.0
2026-07-09 15:20:00+09:00,0.0,0.0,0.0
2026-07-10 09:00:00+09:00,0.0,0.0,0.0
2026-07-10 09:05:00+09:00,0.0,0.0,0.0
2026-07-10 09:10:00+09:00,0.0,0.0,0.0
2026-07-10 09:15:00+09:00,0.0,0.0,0.0
2026-07-10 09:20:00+09:00,0.0,0.0,0.0
2026-07-10 09:25:00+09:00,0.0,0.0,0.0
2026-07-10 09:30:00+09:00,-0.0005136197854577537,1.0,1.0
2026-07-10 09:35:00+09:00,-0.00016564529044586106,0.0,0.9939759036144579
2026-07-10 09:40:00+09:00,9.523656668635203e-06,0.0,0.9879518072289157
2026-07-10 09:45:00+09:00,-0.0008531771783643289,0.0,0.9878783426388482
2026-07-10 09:50:00+09:00,-0.000329013231807506,0.0,0.9939024390243902
2026-07-10 09:55:00+09:00,0.0004228194592466768,0.0,0.9879518072289157
2026-07-10 10:00:00+09:00,-0.0003027027881187737,0.0,0.9939759036144579
2026-07-10 10:05:00+09:00,0.00022687535446362376,0.0,1.0
2026-07-10 10:10:00+09:00,-0.0005377051742820534,0.0,0.9939024390243903
2026-07-10 10:15:00+09:00,-0.0006684712617832444,0.0,0.981854246253306
2026-07-10 10:20:00+09:00,-2.9693926139582974e-05,0.0,0.981854246253306
2026-07-10 10:25:00+09:00,0.00029794572047029056,0.0,0.9817807816632383
2026-07-10 10:30:00+09:00,-0.0002220293685360891,0.0,0.9757566852776962
2026-07-10 10:35:00+09:00,0.0004887400049896051,0.0,0.9757566852776962
2026-07-10 10:40:00+09:00,-0.0001229444733907483,0.0,0.969732588892154
2026-07-10 10:45:00+09:00,-0.00023224860799509262,0.0,0.9696591243020865
2026-07-10 10:50:00+09:00,0.00037185635369788337,0.0,0.9878048780487805
2026-07-10 10:55:00+09:00,0.00028337424926214345,0.0,0.9695856597120189
2026-07-10 11:00:00+09:00,0.00035846398630846345,0.0,0.9757566852776962
2026-07-10 11:05:00+09:00,0.00023212268986566204,0.0,0.9817807816632383
2026-07-10 11:10:00+09:00,-0.0002753565365536862,0.006097560975609756,0.9514399059653247
2026-07-10 11:15:00+09:00,-5.277827575275419e-05,0.03636497208345578,0.9393917131942405
2026-07-10 11:20:00+09:00,-0.0001915074933881869,0.9575374669409346,0.0
2026-07-10 11:25:00+09:00,0.0,0.0,0.0
2026-07-10 12:30:00+09:00,0.0,0.0,0.0
2026-07-10 12:35:00+09:00,0.0,0.0,0.0
2026-07-10 12:40:00+09:00,0.0,0.0,0.0
2026-07-10 12:45:00+09:00,0.0,0.0,0.0
2026-07-10 12:50:00+09:00,0.0,0.0,0.0
2026-07-10 12:55:00+09:00,0.0,0.0,0.0
2026-07-10 13:00:00+09:00,-0.0001746697827088025,1.0,1.0
2026-07-10 13:05:00+09:00,6.274120215989293e-06,0.0,0.9875
2026-07-10 13:10:00+09:00,6.729688914766164e-05,0.0,0.9747626582278482
2026-07-10 13:15:00+09:00,0.00031673924389428115,0.0,0.9937500000000001
2026-07-10 13:20:00+09:00,-0.0001806222724641293,0.0,0.9810126582278482
2026-07-10 13:25:00+09:00,0.0002714756906519933,0.0,0.9748417721518987
2026-07-10 13:30:00+09:00,0.0002298599859605175,0.0,0.9873417721518989
2026-07-10 13:35:00+09:00,-0.0002381632858496068,0.0,0.9624208860759493
2026-07-10 13:40:00+09:00,-0.00024863227499329196,0.0,0.968512658227848
2026-07-10 13:45:00+09:00,0.0002841783042356193,0.0,0.9874208860759494
2026-07-10 13:50:00+09:00,7.524952083534939e-05,0.0,0.9875
2026-07-10 13:55:00+09:00,0.00017496402220508787,0.0,0.9875000000000002
2026-07-10 14:00:00+09:00,-3.7217795956631456e-05,0.0,0.9749208860759495
2026-07-10 14:05:00+09:00,-0.00010674453501906072,0.0,0.9622626582278482
2026-07-10 14:10:00+09:00,-8.05950185298636e-05,0.0,0.9811708860759494
2026-07-10 14:15:00+09:00,-5.9525695516223614e-06,0.0,0.9748417721518987
2026-07-10 14:20:00+09:00,-3.709680386000384e-05,0.0,0.9810917721518988
2026-07-10 14:25:00+09:00,6.199984492340621e-05,0.0,0.9810917721518989
2026-07-10 14:30:00+09:00,-4.833880641023854e-05,0.0,0.9874208860759495
2026-07-10 14:35:00+09:00,-1.950464477163692e-05,0.0,0.9873417721518988
2026-07-10 14:40:00+09:00,-0.00036281945725421454,0.0,1.0
2026-07-10 14:45:00+09:00,-0.00022406011053894352,0.0,0.9748417721518987
2026-07-10 14:50:00+09:00,0.00012284206117465078,0.0,0.9936708860759494
2026-07-10 14:55:00+09:00,-5.704329241681222e-05,0.0,0.9936708860759493
2026-07-10 15:00:00+09:00,0.0001869908936864842,0.0,1.0
2026-07-10 15:05:00+09:00,0.0001216279870263438,0.00625,0.9937499999999999
2026-07-10 15:10:00+09:00,0.00040990562408868347,0.006329113924050633,0.9811708860759494
2026-07-10 15:15:00+09:00,-0.00019748417721518986,0.9874208860759494,0.0
2026-07-10 15:20:00+09:00,0.0,0.0,0.0
2026-07-13 09:00:00+09:00,0.0,0.0,0.0
2026-07-13 09:05:00+09:00,0.0,0.0,0.0
2026-07-13 09:10:00+09:00,0.0,0.0,0.0
2026-07-13 09:15:00+09:00,0.0,0.0,0.0
2026-07-13 09:20:00+09:00,0.0,0.0,0.0
2026-07-13 09:25:00+09:00,0.0,0.0,0.0
2026-07-13 09:30:00+09:00,0.0013956844319648006,1.0,1.0
2026-07-13 09:35:00+09:00,0.0010684877072728264,0.0,0.9939024390243902
2026-07-13 09:40:00+09:00,-0.00022632813631704801,0.0,0.9939024390243902
2026-07-13 09:45:00+09:00,0.00016644208488301144,0.0,0.9939024390243901
2026-07-13 09:50:00+09:00,-0.0003122716284560121,0.0,0.9939024390243902
2026-07-13 09:55:00+09:00,0.0002951105220069946,0.006097560975609756,0.9817073170731707
2026-07-13 10:00:00+09:00,0.00040879152251502055,0.0,0.9877295995182174
2026-07-13 10:05:00+09:00,-0.00046626548287926966,0.0,0.9939024390243901
2026-07-13 10:10:00+09:00,4.1526369552047636e-05,0.0,0.9754591990364349
2026-07-13 10:15:00+09:00,0.000386705324887273,0.0,0.9755344775669978
2026-07-13 10:20:00+09:00,0.00025302928329445337,0.0,0.9817073170731707
2026-07-13 10:25:00+09:00,0.0006927603755527267,0.0,0.9754591990364347
2026-07-13 10:30:00+09:00,-0.0005280960745987773,0.0,0.9878048780487805
2026-07-13 10:35:00+09:00,0.0008139464858454107,0.0,0.9939024390243902
2026-07-13 10:40:00+09:00,0.00021021562775291525,0.0,0.9939024390243902
2026-07-13 10:45:00+09:00,-5.725328667253717e-05,0.0,0.9816320385426076
2026-07-13 10:50:00+09:00,0.00014442822251522943,0.0,0.9939024390243902
2026-07-13 10:55:00+09:00,0.0008667619054368663,0.0,0.9694369165913881
2026-07-13 11:00:00+09:00,-0.0007231502554516453,0.0,0.9816320385426076
2026-07-13 11:05:00+09:00,3.2149276204524143e-05,0.0,0.9939024390243902
2026-07-13 11:10:00+09:00,-0.0001598746867017267,0.012195121951219513,0.9755344775669978
2026-07-13 11:15:00+09:00,-0.0010284814117311506,0.02446552243300211,0.9327009936766034
2026-07-13 11:20:00+09:00,-0.00019144835892803374,0.9572417946401686,0.0
2026-07-13 11:25:00+09:00,0.0,0.0,0.0
2026-07-13 12:30:00+09:00,0.0,0.0,0.0
2026-07-13 12:35:00+09:00,0.0,0.0,0.0
2026-07-13 12:40:00+09:00,0.0,0.0,0.0
2026-07-13 12:45:00+09:00,0.0,0.0,0.0
2026-07-13 12:50:00+09:00,0.0,0.0,0.0
2026-07-13 12:55:00+09:00,0.0,0.0,0.0
2026-07-13 13:00:00+09:00,0.0003498762278480277,1.0,1.0
2026-07-13 13:05:00+09:00,0.0005879665115385352,0.0,0.9566358024691358
2026-07-13 13:10:00+09:00,5.969659123428665e-05,0.0,0.9503858024691357
2026-07-13 13:15:00+09:00,0.0008521992819539892,0.0,0.9814043209876543
2026-07-13 13:20:00+09:00,-0.0001464736986920761,0.0,0.9875771604938272
2026-07-13 13:25:00+09:00,-0.0005139473286220884,0.0,0.9689814814814814
2026-07-13 13:30:00+09:00,-4.984656388085256e-05,0.0,0.9752314814814815
2026-07-13 13:35:00+09:00,-0.00033114464800994265,0.0,0.9814043209876544
2026-07-13 13:40:00+09:00,-0.0002591182678636098,0.0,0.9752314814814815
2026-07-13 13:45:00+09:00,-3.2966605986024356e-05,0.0,0.9814043209876544
2026-07-13 13:50:00+09:00,0.0002018110794362283,0.0,0.9751543209876542
2026-07-13 13:55:00+09:00,0.00016019806731398827,0.0,0.9938271604938271
2026-07-13 14:00:00+09:00,0.0010495513062842429,0.0,0.9565586419753085
2026-07-13 14:05:00+09:00,-0.0008568005706741105,0.0,0.9938271604938271
2026-07-13 14:10:00+09:00,-0.0008359418485744689,0.0,0.9689814814814814
2026-07-13 14:15:00+09:00,-0.0013853928538590547,0.0,0.9751543209876543
2026-07-13 14:20:00+09:00,0.0002243297846342301,0.0,0.987577160493827
2026-07-13 14:25:00+09:00,0.0016772493134953519,0.0,0.9752314814814815
2026-07-13 14:30:00+09:00,0.0019658462358865024,0.0,0.99375
2026-07-13 14:35:00+09:00,-0.0006821796867567594,0.0,0.99375
2026-07-13 14:40:00+09:00,-0.0001078747138821509,0.0,0.9814043209876544
2026-07-13 14:45:00+09:00,0.0015048817759755098,0.0,0.9875771604938272
2026-07-13 14:50:00+09:00,0.0007669846288048784,0.0,0.9938271604938271
2026-07-13 14:55:00+09:00,-0.000463980613580248,0.0,0.99375
2026-07-13 15:00:00+09:00,-0.0003494622760744779,0.0,1.0
2026-07-13 15:05:00+09:00,-0.001274555867134668,0.0,0.9938271604938271
2026-07-13 15:10:00+09:00,-0.0008031975892817607,0.0,0.9937499999999999
2026-07-13 15:15:00+09:00,-0.0002,1.0,0.0
2026-07-13 15:20:00+09:00,0.0,0.0,0.0
2026-07-14 09:00:00+09:00,0.0,0.0,0.0
2026-07-14 09:05:00+09:00,0.0,0.0,0.0
2026-07-14 09:10:00+09:00,0.0,0.0,0.0
2026-07-14 09:15:00+09:00,0.0,0.0,0.0
2026-07-14 09:20:00+09:00,0.0,0.0,0.0
2026-07-14 09:25:00+09:00,0.0,0.0,0.0
2026-07-14 09:30:00+09:00,-0.0005890021890143317,1.0,1.0
2026-07-14 09:35:00+09:00,-0.0008359690642793002,0.0,0.993975903614458
2026-07-14 09:40:00+09:00,0.0008860656482976155,0.0,0.987878342638848
2026-07-14 09:45:00+09:00,0.001188562760126287,0.0,0.9817807816632385
2026-07-14 09:50:00+09:00,0.0019916377480402358,0.0,0.9878783426388482
2026-07-14 09:55:00+09:00,-5.6127551259276345e-05,0.0,1.0
2026-07-14 10:00:00+09:00,-0.0011867266659633922,0.0,0.9636350279165443
2026-07-14 10:05:00+09:00,-0.0005853121321910109,0.0,0.9878048780487805
2026-07-14 10:10:00+09:00,0.001146178707874282,0.0,1.0
2026-07-14 10:15:00+09:00,-0.0001309731824604101,0.0,0.9696591243020865
2026-07-14 10:20:00+09:00,0.000444313374354575,0.0,0.9513664413752572
2026-07-14 10:25:00+09:00,-0.0009065663736547822,0.0,0.963708492506612
2026-07-14 10:30:00+09:00,1.7992496237332062e-05,0.0,0.9636350279165442
2026-07-14 10:35:00+09:00,0.0008294174082445995,0.0,0.9939024390243902
2026-07-14 10:40:00+09:00,-0.0001043784197021831,0.0,0.9817807816632383
2026-07-14 10:45:00+09:00,-0.00027095924446953254,0.006024096385542169,0.9759036144578314
2026-07-14 10:50:00+09:00,-0.0005102792475015237,0.0,0.9454158095797827
2026-07-14 10:55:00+09:00,0.00042678044108560644,0.0,0.9757566852776962
2026-07-14 11:00:00+09:00,-0.0003396525682735844,0.0,0.9758301498677637
2026-07-14 11:05:00+09:00,-0.0006196527079725549,0.0,0.9514399059653247
2026-07-14 11:10:00+09:00,-0.0002469849765170139,0.0,0.9696591243020865
2026-07-14 11:15:00+09:00,-0.0003458792585676319,0.030340875697913605,0.9636350279165443
2026-07-14 11:20:00+09:00,-0.00019272700558330887,0.9636350279165443,0.0
2026-07-14 11:25:00+09:00,0.0,0.0,0.0
2026-07-14 12:30:00+09:00,0.0,0.0,0.0
2026-07-14 12:35:00+09:00,0.0,0.0,0.0
2026-07-14 12:40:00+09:00,0.0,0.0,0.0
2026-07-14 12:45:00+09:00,0.0,0.0,0.0
2026-07-14 12:50:00+09:00,0.0,0.0,0.0
2026-07-14 12:55:00+09:00,0.0,0.0,0.0
2026-07-14 13:00:00+09:00,-0.0007329430707099941,1.0,1.0
2026-07-14 13:05:00+09:00,-0.00018225739067865933,0.0,0.9621044303797468
2026-07-14 13:10:00+09:00,-0.00023000898537545416,0.0,0.9621835443037976
2026-07-14 13:15:00+09:00,0.00018414380536484207,0.0,0.9245253164556964
2026-07-14 13:20:00+09:00,0.0002074875873680933,0.0,0.9874208860759495
2026-07-14 13:25:00+09:00,7.430016975938094e-05,0.0,0.9558544303797469
2026-07-14 13:30:00+09:00,0.00040195495790626656,0.0,0.9810126582278481
2026-07-14 13:35:00+09:00,6.482767004017031e-05,0.0,0.9873417721518989
2026-07-14 13:40:00+09:00,0.0003062654606663358,0.0,0.9494462025316456
2026-07-14 13:45:00+09:00,0.00025440798020162083,0.0,0.9810917721518988
2026-07-14 13:50:00+09:00,0.00022155131704202917,0.0,0.9748417721518987
2026-07-14 13:55:00+09:00,0.00024231487564007982,0.0,0.9810126582278482
2026-07-14 14:00:00+09:00,0.0004210620368893203,0.0,0.9621835443037976
2026-07-14 14:05:00+09:00,0.000482307659749077,0.0,0.9746835443037976
2026-07-14 14:10:00+09:00,0.00040549888218278555,0.0,0.9811708860759494
2026-07-14 14:15:00+09:00,0.00012269533709446538,0.0,0.9747626582278481
2026-07-14 14:20:00+09:00,0.0004634104454334434,0.0,0.9558544303797468
2026-07-14 14:25:00+09:00,9.264203690155074e-05,0.0,0.9684335443037976
2026-07-14 14:30:00+09:00,-0.00015113167743418428,0.0,0.9810126582278482
2026-07-14 14:35:00+09:00,-6.819920446183665e-05,0.0,0.9684335443037976
2026-07-14 14:40:00+09:00,-3.491836214671909e-06,0.0,0.9873417721518989
2026-07-14 14:45:00+09:00,0.00011538635475233438,0.0,0.9810917721518988
2026-07-14 14:50:00+09:00,3.566617667523043e-05,0.0,0.9873417721518989
2026-07-14 14:55:00+09:00,0.0007768138354948818,0.0,0.9748417721518987
2026-07-14 15:00:00+09:00,7.821684000658396e-05,0.0,0.9810126582278482
2026-07-14 15:05:00+09:00,-0.00021036801419845166,0.0,0.9936708860759493
2026-07-14 15:10:00+09:00,-0.00016117635869706,0.0,0.9936708860759494
2026-07-14 15:15:00+09:00,-0.0002,1.0,0.0
2026-07-14 15:20:00+09:00,0.0,0.0,0.0
2026-07-15 09:00:00+09:00,0.0,0.0,0.0
2026-07-15 09:05:00+09:00,0.0,0.0,0.0
2026-07-15 09:10:00+09:00,0.0,0.0,0.0
2026-07-15 09:15:00+09:00,0.0,0.0,0.0
2026-07-15 09:20:00+09:00,0.0,0.0,0.0
2026-07-15 09:25:00+09:00,0.0,0.0,0.0
2026-07-15 09:30:00+09:00,-0.0003311382078680184,1.0,1.0
2026-07-15 09:35:00+09:00,-0.00011941512622567766,0.0,0.9938271604938271
2026-07-15 09:40:00+09:00,-0.0003189413785113777,0.0,1.0
2026-07-15 09:45:00+09:00,-4.65425271079153e-05,0.0,0.9754591990364347
2026-07-15 09:50:00+09:00,0.00044181206644762505,0.0,0.9816320385426076
2026-07-15 09:55:00+09:00,-5.925879834973047e-05,0.0,0.9939024390243902
2026-07-15 10:00:00+09:00,-8.046781270045603e-05,0.0,1.0
2026-07-15 10:05:00+09:00,-2.5646626588844685e-07,0.0,0.9876543209876543
2026-07-15 10:10:00+09:00,-4.2207630592490525e-06,0.0,0.9877295995182174
2026-07-15 10:15:00+09:00,-1.9138535295084275e-05,0.0,1.0
2026-07-15 10:20:00+09:00,0.00030181705964330555,0.0,0.9938271604938271
2026-07-15 10:25:00+09:00,1.5877764412844056e-07,0.0,0.9877295995182174
2026-07-15 10:30:00+09:00,0.00017600945128756396,0.0,0.9939024390243902
2026-07-15 10:35:00+09:00,-0.00019248352552026226,0.0,0.9817073170731707
2026-07-15 10:40:00+09:00,-0.0003045302999948672,0.0,0.9755344775669977
2026-07-15 10:45:00+09:00,-2.792563051011166e-05,0.0,0.9817073170731707
2026-07-15 10:50:00+09:00,-7.43869448205367e-05,0.0,0.9877295995182174
2026-07-15 10:55:00+09:00,-0.00012105702543357094,0.0,0.9692110809996988
2026-07-15 11:00:00+09:00,0.00011927977964160516,0.0,0.9692110809996989
2026-07-15 11:05:00+09:00,2.2003927119036927e-05,0.006097560975609756,0.9755344775669978
2026-07-15 11:10:00+09:00,-0.0001488283718063208,0.012345679012345678,0.9446702800361336
2026-07-15 11:15:00+09:00,-7.15340764642057e-05,0.03078891900030111,0.8955133995784402
2026-07-15 11:20:00+09:00,-0.0001901535682023487,0.9507678410117435,0.0
2026-07-15 11:25:00+09:00,0.0,0.0,0.0
2026-07-15 12:30:00+09:00,0.0,0.0,0.0
2026-07-15 12:35:00+09:00,0.0,0.0,0.0
2026-07-15 12:40:00+09:00,0.0,0.0,0.0
2026-07-15 12:45:00+09:00,0.0,0.0,0.0
2026-07-15 12:50:00+09:00,0.0,0.0,0.0
2026-07-15 12:55:00+09:00,0.0,0.0,0.0
2026-07-15 13:00:00+09:00,0.00018859684107992394,1.0,1.0
2026-07-15 13:05:00+09:00,-0.0004378842873160515,0.0,1.0
2026-07-15 13:10:00+09:00,-0.00020662843946327798,0.0,0.9811708860759495
2026-07-15 13:15:00+09:00,-0.00011284401926166338,0.0,0.9810917721518988
2026-07-15 13:20:00+09:00,0.0003658388609581568,0.0,0.9810917721518988
2026-07-15 13:25:00+09:00,-8.037083631343923e-05,0.0,0.9811708860759494
2026-07-15 13:30:00+09:00,-7.320100261650663e-05,0.0,0.9685126582278482
2026-07-15 13:35:00+09:00,7.747032058055883e-05,0.0,0.9685917721518987
2026-07-15 13:40:00+09:00,-0.0002092911465180936,0.0,0.9811708860759494
2026-07-15 13:45:00+09:00,-0.00010787728131647619,0.0,0.99375
2026-07-15 13:50:00+09:00,-0.0005128077333640894,0.0,0.9811708860759494
2026-07-15 13:55:00+09:00,0.0006309853792547865,0.0,0.9750000000000001
2026-07-15 14:00:00+09:00,-0.0003128423040632503,0.0,0.99375
2026-07-15 14:05:00+09:00,0.0004887061432940764,0.0,0.99375
2026-07-15 14:10:00+09:00,-0.00026981187119995973,0.0,0.9874208860759494
2026-07-15 14:15:00+09:00,6.194560921757644e-05,0.0,0.9874208860759495
2026-07-15 14:20:00+09:00,-0.00029241948346150676,0.0,0.9812500000000001
2026-07-15 14:25:00+09:00,-0.00025886098177989764,0.0,0.9810917721518988
2026-07-15 14:30:00+09:00,-0.00010229177123773694,0.0,0.9875
2026-07-15 14:35:00+09:00,-0.0004580070422980808,0.0,0.9811708860759494
2026-07-15 14:40:00+09:00,-0.00016850290872736097,0.0,0.9873417721518987
2026-07-15 14:45:00+09:00,-6.505774420234681e-05,0.0,1.0
2026-07-15 14:50:00+09:00,-2.5522252130858808e-05,0.0,1.0
2026-07-15 14:55:00+09:00,0.0002035200239189347,0.0,0.9811708860759494
2026-07-15 15:00:00+09:00,0.00021081152976034514,0.0,0.9748417721518987
2026-07-15 15:05:00+09:00,-4.8369951076298314e-05,0.0,0.9810917721518988
2026-07-15 15:10:00+09:00,0.0001757937363934569,0.0125,0.9875
2026-07-15 15:15:00+09:00,-0.0001975,0.9875,0.0
2026-07-15 15:20:00+09:00,0.0,0.0,0.0
2026-07-16 09:00:00+09:00,0.0,0.0,0.0
2026-07-16 09:05:00+09:00,0.0,0.0,0.0
2026-07-16 09:10:00+09:00,0.0,0.0,0.0
2026-07-16 09:15:00+09:00,0.0,0.0,0.0
2026-07-16 09:20:00+09:00,0.0,0.0,0.0
2026-07-16 09:25:00+09:00,0.0,0.0,0.0
2026-07-16 09:30:00+09:00,-0.0013646663984543607,1.0,1.0
2026-07-16 09:35:00+09:00,-0.0008009773060491905,0.0,0.9817807816632383
2026-07-16 09:40:00+09:00,0.0007554171954990355,0.0,0.9878783426388482
2026-07-16 09:45:00+09:00,0.0001510774068144917,0.0,0.9515868351454599
2026-07-16 09:50:00+09:00,-0.0004424709398950604,0.0,0.9817073170731708
2026-07-16 09:55:00+09:00,-0.0006256829581329942,0.0,0.9817073170731708
2026-07-16 10:00:00+09:00,0.0005058555164675552,0.0,0.9939759036144579
2026-07-16 10:05:00+09:00,-0.00030055367101332006,0.0,0.9576843961210697
2026-07-16 10:10:00+09:00,-0.00015558541637125412,0.0,0.9817807816632385
2026-07-16 10:15:00+09:00,0.00029727816219465153,0.0,0.9878783426388482
2026-07-16 10:20:00+09:00,-0.0004779243111923503,0.0,0.9574640023508669
2026-07-16 10:25:00+09:00,5.664434872226942e-05,0.0,0.9637084925066117
2026-07-16 10:30:00+09:00,0.0001988676934534189,0.0,0.9636350279165442
2026-07-16 10:35:00+09:00,-0.00015047654671912326,0.0,0.9696591243020865
2026-07-16 10:40:00+09:00,0.0013236773965992139,0.0,0.9454892741698502
2026-07-16 10:45:00+09:00,3.3255102966432885e-05,0.0,0.9757566852776963
2026-07-16 10:50:00+09:00,-1.921679446091509e-05,0.0,0.9515868351454599
2026-07-16 10:55:00+09:00,-0.0006352157863246232,0.0,0.9636350279165442
2026-07-16 11:00:00+09:00,0.0001557813841585706,0.0,0.975830149867764
2026-07-16 11:05:00+09:00,-0.0002803984604660357,0.012121657361151925,0.9576109315310022
2026-07-16 11:10:00+09:00,0.0004775593510250436,0.018219218336761683,0.915074933881869
2026-07-16 11:15:00+09:00,0.00014667206357661514,0.06068175139582721,0.9028798119306494
2026-07-16 11:20:00+09:00,-0.00018179547458125185,0.9089773729062592,0.0
2026-07-16 11:25:00+09:00,0.0,0.0,0.0
2026-07-16 12:30:00+09:00,0.0,0.0,0.0
2026-07-16 12:35:00+09:00,0.0,0.0,0.0
2026-07-16 12:40:00+09:00,0.0,0.0,0.0
2026-07-16 12:45:00+09:00,0.0,0.0,0.0
2026-07-16 12:50:00+09:00,0.0,0.0,0.0
2026-07-16 12:55:00+09:00,0.0,0.0,0.0
2026-07-16 13:00:00+09:00,-0.0001541217210678396,1.0,0.9999999999999999
2026-07-16 13:05:00+09:00,-0.00043591681979436754,0.0,0.9633393556157783
2026-07-16 13:10:00+09:00,0.0004118924875190579,0.0,0.9633393556157783
2026-07-16 13:15:00+09:00,0.0004068870287112924,0.0,0.9694369165913882
2026-07-16 13:20:00+09:00,0.00010345933878375832,0.0,0.9939024390243902
2026-07-16 13:25:00+09:00,0.0001322974967802835,0.0,0.975609756097561
2026-07-16 13:30:00+09:00,0.00043997673204284406,0.0,0.9509183980728696
2026-07-16 13:35:00+09:00,0.0004227265825056244,0.0,0.9938271604938271
2026-07-16 13:40:00+09:00,-0.00020995929960710224,0.0,0.9817073170731706
2026-07-16 13:45:00+09:00,0.000143638646598569,0.0,0.9571665161096055
2026-07-16 13:50:00+09:00,-1.4596517981943686e-05,0.0,0.9695121951219512
2026-07-16 13:55:00+09:00,-8.99171116122576e-05,0.0,0.9632640770852152
2026-07-16 14:00:00+09:00,0.0003296390640830099,0.0,0.9572417946401686
2026-07-16 14:05:00+09:00,-0.0005764602410266462,0.0,0.9817073170731707
2026-07-16 14:10:00+09:00,-0.00024223156566019268,0.0,0.9878048780487805
2026-07-16 14:15:00+09:00,-0.0002683068015105427,0.0,0.9694369165913882
2026-07-16 14:20:00+09:00,-0.0004296248396175885,0.0,0.9817073170731706
2026-07-16 14:25:00+09:00,0.0012425776919800357,0.0,0.9878048780487805
2026-07-16 14:30:00+09:00,-5.444781952643745e-05,0.0,0.9999999999999999
2026-07-16 14:35:00+09:00,-0.00027315206486342553,0.0,0.9816320385426076
2026-07-16 14:40:00+09:00,0.00017567053408409886,0.0,0.9877295995182174
2026-07-16 14:45:00+09:00,0.00010147363183436515,0.0,0.9939024390243902
2026-07-16 14:50:00+09:00,2.6427758064616928e-05,0.0,0.9754591990364349
2026-07-16 14:55:00+09:00,-0.0002581777591698149,0.0,0.9938271604938272
2026-07-16 15:00:00+09:00,-0.0006022999834205885,0.0,0.9939024390243902
2026-07-16 15:05:00+09:00,-4.721094445059061e-05,0.0,1.0
2026-07-16 15:10:00+09:00,-0.00012687260501279284,0.006097560975609756,0.9877295995182174
2026-07-16 15:15:00+09:00,-0.00019878048780487805,0.9939024390243902,0.0
2026-07-16 15:20:00+09:00,0.0,0.0,0.0
2026-07-17 09:00:00+09:00,0.0,0.0,0.0
2026-07-17 09:05:00+09:00,0.0,0.0,0.0
2026-07-17 09:10:00+09:00,0.0,0.0,0.0
2026-07-17 09:15:00+09:00,0.0,0.0,0.0
2026-07-17 09:20:00+09:00,0.0,0.0,0.0
2026-07-17 09:25:00+09:00,0.0,0.0,0.0
2026-07-17 09:30:00+09:00,0.0007933797605485529,1.0,1.0
2026-07-17 09:35:00+09:00,-0.0029108403790773607,0.0,1.0
2026-07-17 09:40:00+09:00,0.00431205625604886,0.0,0.9939024390243903
2026-07-17 09:45:00+09:00,0.002475612568380422,0.0,0.9939024390243902
2026-07-17 09:50:00+09:00,-0.0013799123164826446,0.0,0.9939024390243903
2026-07-17 09:55:00+09:00,-0.00126997224624086,0.0,0.9939024390243902
2026-07-17 10:00:00+09:00,0.0007048282131843236,0.0,0.9878048780487805
2026-07-17 10:05:00+09:00,0.0012242521918929487,0.0,0.9939024390243903
2026-07-17 10:10:00+09:00,-0.0024180899215710096,0.0,0.9878048780487806
2026-07-17 10:15:00+09:00,-0.0017921682441838006,0.0,0.9695856597120188
2026-07-17 10:20:00+09:00,-0.0011284467543049817,0.0,0.9939024390243903
2026-07-17 10:25:00+09:00,-0.002219641088045302,0.0,0.9878783426388481
2026-07-17 10:30:00+09:00,0.0011075747423389705,0.0,0.9939024390243903
2026-07-17 10:35:00+09:00,-0.0001650644845546748,0.0,0.9756832206876287
2026-07-17 10:40:00+09:00,-0.0006026616484031558,0.0,1.0
2026-07-17 10:45:00+09:00,0.0005653370423015569,0.0,0.9878048780487805
2026-07-17 10:50:00+09:00,-0.00020856458936634707,0.0,0.9939024390243902
2026-07-17 10:55:00+09:00,-0.00044023789522724905,0.0,0.9696591243020865
2026-07-17 11:00:00+09:00,-0.002131099797060575,0.0,0.9878783426388481
2026-07-17 11:05:00+09:00,0.0003049767179661584,0.006097560975609756,0.9939024390243903
2026-07-17 11:10:00+09:00,-0.0003690279976188583,0.006097560975609756,0.9695121951219512
2026-07-17 11:15:00+09:00,-0.0005320888560563446,0.006097560975609756,0.9573905377607993
2026-07-17 11:20:00+09:00,-0.00019634146341463416,0.9817073170731708,0.0
2026-07-17 11:25:00+09:00,0.0,0.0,0.0
2026-07-17 12:30:00+09:00,0.0,0.0,0.0
2026-07-17 12:35:00+09:00,0.0,0.0,0.0
2026-07-17 12:40:00+09:00,0.0,0.0,0.0
2026-07-17 12:45:00+09:00,0.0,0.0,0.0
2026-07-17 12:50:00+09:00,0.0,0.0,0.0
2026-07-17 12:55:00+09:00,0.0,0.0,0.0
2026-07-17 13:00:00+09:00,-0.0007452621874545768,1.0,1.0
2026-07-17 13:05:00+09:00,-0.0005544528313465438,0.0,0.9939759036144578
2026-07-17 13:10:00+09:00,-0.0013310379222750649,0.0,0.9879518072289157
2026-07-17 13:15:00+09:00,-0.0007996677272678338,0.0,0.9879518072289156
2026-07-17 13:20:00+09:00,-0.0007523804091868672,0.0,0.9939759036144578
2026-07-17 13:25:00+09:00,-0.0005684807048352866,0.0,0.9939759036144579
2026-07-17 13:30:00+09:00,-0.00022614316959942857,0.0,0.9939759036144579
2026-07-17 13:35:00+09:00,0.002633286061685515,0.0,0.9879518072289157
2026-07-17 13:40:00+09:00,0.002039184555410272,0.0,1.0
2026-07-17 13:45:00+09:00,0.0014566285273752495,0.0,1.0
2026-07-17 13:50:00+09:00,-0.00019147599196448257,0.0,0.9880235226620768
2026-07-17 13:55:00+09:00,-0.0004045419730729352,0.0,0.9639988525530694
2026-07-17 14:00:00+09:00,-0.0002145832415706578,0.0,0.9939759036144578
2026-07-17 14:05:00+09:00,0.0012476621368926184,0.0,0.9759036144578314
2026-07-17 14:10:00+09:00,-1.4671509569265715e-05,0.0,0.9879518072289157
2026-07-17 14:15:00+09:00,-0.00044196840282171,0.0,0.9759753298909926
2026-07-17 14:20:00+09:00,0.00045337544357299225,0.0,0.9759036144578312
2026-07-17 14:25:00+09:00,0.0003527304877137451,0.0,0.9879518072289157
2026-07-17 14:30:00+09:00,-0.0007280024532672779,0.0,0.9879518072289157
2026-07-17 14:35:00+09:00,0.000987072646655765,0.0,0.9759036144578312
2026-07-17 14:40:00+09:00,0.0009918634492799463,0.0,1.0
2026-07-17 14:45:00+09:00,0.0009837058214598174,0.0,1.0
2026-07-17 14:50:00+09:00,0.00029395613450607983,0.0,1.0
2026-07-17 14:55:00+09:00,0.0002973692954933567,0.0,0.9699512335054504
2026-07-17 15:00:00+09:00,0.0004793647496888691,0.0,0.9879518072289157
2026-07-17 15:05:00+09:00,0.0008122882625414868,0.0,0.9939759036144578
2026-07-17 15:10:00+09:00,0.0013778397739867727,0.006024096385542169,0.9939759036144579
2026-07-17 15:15:00+09:00,-0.00019879518072289158,0.9939759036144579,0.0
2026-07-17 15:20:00+09:00,0.0,0.0,0.0
