timestamp,net_return,turnover,gross_exposure
2026-06-01 09:00:00+09:00,0.0,0.0,0.0
2026-06-01 09:05:00+09:00,0.0,0.0,0.0
2026-06-01 09:10:00+09:00,0.0,0.0,0.0
2026-06-01 09:15:00+09:00,0.0,0.0,0.0
2026-06-01 09:20:00+09:00,0.0,0.0,0.0
2026-06-01 09:25:00+09:00,0.0,0.0,0.0
2026-06-01 09:30:00+09:00,-5.3793278723428694e-05,1.0,1.0
2026-06-01 09:35:00+09:00,-0.0011949237522737796,0.0,1.0
2026-06-01 09:40:00+09:00,-0.0008405175583822201,0.0,1.0
2026-06-01 09:45:00+09:00,0.0005228327081756618,0.0,1.0
2026-06-01 09:50:00+09:00,-0.0004752597740466704,0.0,1.0
2026-06-01 09:55:00+09:00,-0.00023374710697082496,0.0,1.0
2026-06-01 10:00:00+09:00,-0.0003721825541187697,0.0,1.0
2026-06-01 10:05:00+09:00,-0.0013715428002277306,0.0,1.0
2026-06-01 10:10:00+09:00,-0.00046310019830932646,0.006024096385542169,0.9939759036144578
2026-06-01 10:15:00+09:00,-0.000831691240782146,0.0,0.9879518072289156
2026-06-01 10:20:00+09:00,0.0006214050489274227,0.0,0.9879518072289156
2026-06-01 10:25:00+09:00,-0.0003340053290580198,0.0,0.9939759036144578
2026-06-01 10:30:00+09:00,5.2553408916973046e-05,0.0,0.9939759036144578
2026-06-01 10:35:00+09:00,0.0005991748966655379,0.0,0.9760470453241538
2026-06-01 10:40:00+09:00,-0.0005495633392468521,0.0,0.9880235226620768
2026-06-01 10:45:00+09:00,-0.0010913942427015293,0.0,0.9939759036144578
2026-06-01 10:50:00+09:00,-0.0003866188498167965,0.0,0.9880235226620768
2026-06-01 10:55:00+09:00,-0.00026956590066216674,0.0,0.9939759036144578
2026-06-01 11:00:00+09:00,0.00021407700135891202,0.0,0.9880235226620768
2026-06-01 11:05:00+09:00,-0.0006638404289464142,0.0,0.9939759036144578
2026-06-01 11:10:00+09:00,0.00047035512307796264,0.0,0.9880235226620768
2026-06-01 11:15:00+09:00,-0.000883134520290568,0.0,0.9879518072289156
2026-06-01 11:20:00+09:00,-0.00019879518072289158,0.9939759036144579,0.0
2026-06-01 11:25:00+09:00,0.0,0.0,0.0
2026-06-01 12:30:00+09:00,0.0,0.0,0.0
2026-06-01 12:35:00+09:00,0.0,0.0,0.0
2026-06-01 12:40:00+09:00,0.0,0.0,0.0
2026-06-01 12:45:00+09:00,0.0,0.0,0.0
2026-06-01 12:50:00+09:00,0.0,0.0,0.0
2026-06-01 12:55:00+09:00,0.0,0.0,0.0
2026-06-01 13:00:00+09:00,0.00011295335452978455,1.0,1.0
2026-06-01 13:05:00+09:00,0.0005268367633290074,0.0,0.9939759036144578
2026-06-01 13:10:00+09:00,6.0841859868109165e-05,0.0,0.9880235226620768
2026-06-01 13:15:00+09:00,4.22862981571926e-05,0.0,0.9581899024670109
2026-06-01 13:20:00+09:00,0.0006318502579315064,0.0,0.9821428571428572
2026-06-01 13:25:00+09:00,1.7614896712189605e-06,0.0,0.9939759036144578
2026-06-01 13:30:00+09:00,-0.0005652997243912035,0.0,0.9880952380952381
2026-06-01 13:35:00+09:00,-0.0001986783681855777,0.0,0.976118760757315
2026-06-01 13:40:00+09:00,0.0002044181312325433,0.0,0.9580464716006885
2026-06-01 13:45:00+09:00,-0.0008824063088757547,0.0,0.9880235226620768
2026-06-01 13:50:00+09:00,-0.000243151273671626,0.0,0.9879518072289155
2026-06-01 13:55:00+09:00,7.424215602954085e-06,0.0,0.9581181870338497
2026-06-01 14:00:00+09:00,-3.690196326379432e-05,0.0,0.9940476190476191
2026-06-01 14:05:00+09:00,0.0009021801861061095,0.0,0.9581181870338498
2026-06-01 14:10:00+09:00,0.0005624838050296537,0.0,0.976190476190476
2026-06-01 14:15:00+09:00,0.0003545980017546731,0.0,0.9879518072289157
2026-06-01 14:20:00+09:00,-7.76571037839239e-05,0.0,0.9880952380952381
2026-06-01 14:25:00+09:00,-0.0006221531214320584,0.0,0.9700229489386115
2026-06-01 14:30:00+09:00,-0.0003764989001242606,0.0,0.9880952380952381
2026-06-01 14:35:00+09:00,0.00030198492127992115,0.0,0.9760470453241537
2026-06-01 14:40:00+09:00,-0.0001587284705405681,0.0,0.9701663798049339
2026-06-01 14:45:00+09:00,-0.0004683439954312915,0.0,0.9880952380952381
2026-06-01 14:50:00+09:00,-0.0005549823305489402,0.0,0.9880235226620768
2026-06-01 14:55:00+09:00,-0.00012858347869156394,0.0,0.9820711417096959
2026-06-01 15:00:00+09:00,-0.0005698196065537737,0.0,0.9940476190476191
2026-06-01 15:05:00+09:00,0.0003711444598981999,0.0,1.0
2026-06-01 15:10:00+09:00,-0.00035968865413606724,0.006024096385542169,0.9880235226620768
2026-06-01 15:15:00+09:00,-0.00019879518072289158,0.9939759036144579,0.0
2026-06-01 15:20:00+09:00,0.0,0.0,0.0
2026-06-02 09:00:00+09:00,0.0,0.0,0.0
2026-06-02 09:05:00+09:00,0.0,0.0,0.0
2026-06-02 09:10:00+09:00,0.0,0.0,0.0
2026-06-02 09:15:00+09:00,0.0,0.0,0.0
2026-06-02 09:20:00+09:00,0.0,0.0,0.0
2026-06-02 09:25:00+09:00,0.0,0.0,0.0
2026-06-02 09:30:00+09:00,-0.0015754436285337384,1.0,1.0
2026-06-02 09:35:00+09:00,0.00047135156619134333,0.0,0.993975903614458
2026-06-02 09:40:00+09:00,-0.001569289388322068,0.0,1.0
2026-06-02 09:45:00+09:00,-0.001901150308058777,0.0,0.9939024390243902
2026-06-02 09:50:00+09:00,0.00022615180288168313,0.0,1.0
2026-06-02 09:55:00+09:00,0.0013946403419934285,0.0,1.0
2026-06-02 10:00:00+09:00,-0.0010303467957497774,0.0,0.9939759036144579
2026-06-02 10:05:00+09:00,0.0010444798397096775,0.0,0.993975903614458
2026-06-02 10:10:00+09:00,-2.3404464604142466e-05,0.0,0.993975903614458
2026-06-02 10:15:00+09:00,0.0009675843455821438,0.0,1.0
2026-06-02 10:20:00+09:00,-0.0003242412127042004,0.0,0.9879518072289156
2026-06-02 10:25:00+09:00,-0.0017489467827047978,0.0,0.9879518072289157
2026-06-02 10:30:00+09:00,-0.00250293972284896,0.0,0.9879518072289157
2026-06-02 10:35:00+09:00,0.00013908993684127885,0.0,1.0
2026-06-02 10:40:00+09:00,-0.001446345830428284,0.0,1.0
2026-06-02 10:45:00+09:00,-0.00044329436338271384,0.0,0.9939759036144579
2026-06-02 10:50:00+09:00,-0.00039866022986309786,0.0,1.0
2026-06-02 10:55:00+09:00,-0.0007768912533537328,0.0,0.9879518072289156
2026-06-02 11:00:00+09:00,0.00029016817102466935,0.0,1.0
2026-06-02 11:05:00+09:00,0.0010768714043170448,0.006024096385542169,0.9878783426388482
2026-06-02 11:10:00+09:00,0.0014031100956988743,0.012121657361151925,0.9758301498677637
2026-06-02 11:15:00+09:00,-0.0006219314187448138,0.012048192771084338,0.9698060534822216
2026-06-02 11:20:00+09:00,-0.00019396121069644432,0.9698060534822216,0.0
2026-06-02 11:25:00+09:00,0.0,0.0,0.0
2026-06-02 12:30:00+09:00,0.0,0.0,0.0
2026-06-02 12:35:00+09:00,0.0,0.0,0.0
2026-06-02 12:40:00+09:00,0.0,0.0,0.0
2026-06-02 12:45:00+09:00,0.0,0.0,0.0
2026-06-02 12:50:00+09:00,0.0,0.0,0.0
2026-06-02 12:55:00+09:00,0.0,0.0,0.0
2026-06-02 13:00:00+09:00,0.00010939500115119319,1.0,1.0
2026-06-02 13:05:00+09:00,-0.0011047204738824632,0.0,1.0
2026-06-02 13:10:00+09:00,-0.0007944973243202652,0.0,1.0
2026-06-02 13:15:00+09:00,-0.0009811668222263776,0.0,0.9696591243020865
2026-06-02 13:20:00+09:00,-7.12259328084642e-05,0.0,0.9939024390243903
2026-06-02 13:25:00+09:00,0.0011816929143343312,0.0,1.0
2026-06-02 13:30:00+09:00,-0.0009844553890427943,0.0,0.987878342638848
2026-06-02 13:35:00+09:00,-0.00011448560138792522,0.0,0.9939759036144579
2026-06-02 13:40:00+09:00,-0.00040968243559514673,0.0,0.9758301498677637
2026-06-02 13:45:00+09:00,-0.0005677398300869967,0.0,0.969732588892154
2026-06-02 13:50:00+09:00,-0.0006784757179981066,0.0,0.9878783426388481
2026-06-02 13:55:00+09:00,-0.000496176669739089,0.0,0.9879518072289157
2026-06-02 14:00:00+09:00,-0.00026701787748254657,0.0,0.9939024390243902
2026-06-02 14:05:00+09:00,-0.00017007480160733675,0.0,0.9819277108433736
2026-06-02 14:10:00+09:00,-0.0007656952521771518,0.0,0.9939024390243903
2026-06-02 14:15:00+09:00,-0.0010705715174622152,0.0,0.9878783426388481
2026-06-02 14:20:00+09:00,-0.00025473437983404204,0.0,0.9879518072289157
2026-06-02 14:25:00+09:00,-0.00030627746070437274,0.0,0.9758301498677637
2026-06-02 14:30:00+09:00,0.0006290314729618907,0.0,0.9636350279165442
2026-06-02 14:35:00+09:00,-0.0010154760600071823,0.0,0.987878342638848
2026-06-02 14:40:00+09:00,0.0006194737411951056,0.0,0.9819277108433735
2026-06-02 14:45:00+09:00,0.0013997938790947448,0.0,0.9939024390243902
2026-06-02 14:50:00+09:00,-0.0004280886512567195,0.0,0.9879518072289156
2026-06-02 14:55:00+09:00,-0.0006375569528473624,0.0,0.9879518072289156
2026-06-02 15:00:00+09:00,-0.0006476237210207531,0.0,0.9879518072289157
2026-06-02 15:05:00+09:00,0.0003555051197736646,0.0,0.9878783426388481
2026-06-02 15:10:00+09:00,-0.0005009860338856942,0.0,0.9939759036144579
2026-06-02 15:15:00+09:00,-0.0002,1.0,0.0
2026-06-02 15:20:00+09:00,0.0,0.0,0.0
2026-06-03 09:00:00+09:00,0.0,0.0,0.0
2026-06-03 09:05:00+09:00,0.0,0.0,0.0
2026-06-03 09:10:00+09:00,0.0,0.0,0.0
2026-06-03 09:15:00+09:00,0.0,0.0,0.0
2026-06-03 09:20:00+09:00,0.0,0.0,0.0
2026-06-03 09:25:00+09:00,0.0,0.0,0.0
2026-06-03 09:30:00+09:00,0.0010334700144927508,1.0,1.0
2026-06-03 09:35:00+09:00,0.0018922029836871959,0.0,1.0
2026-06-03 09:40:00+09:00,0.0014575141153694959,0.0,0.9877295995182174
2026-06-03 09:45:00+09:00,-0.000564104572587387,0.0,0.9938271604938271
2026-06-03 09:50:00+09:00,0.0010642735090847571,0.0,0.9939024390243902
2026-06-03 09:55:00+09:00,0.0004502707001967525,0.0,0.9939024390243902
2026-06-03 10:00:00+09:00,-0.0016930974724751037,0.0,0.9877295995182174
2026-06-03 10:05:00+09:00,-0.001140963100746195,0.0,0.9939024390243902
2026-06-03 10:10:00+09:00,0.0011439897233022937,0.0,1.0
2026-06-03 10:15:00+09:00,-0.0008776190599963707,0.0,0.9877295995182174
2026-06-03 10:20:00+09:00,0.0007633580886497583,0.0,0.9816320385426076
2026-06-03 10:25:00+09:00,0.0003051281113695925,0.0,0.9939024390243902
2026-06-03 10:30:00+09:00,0.0013261991348802163,0.0,0.9939024390243902
2026-06-03 10:35:00+09:00,0.001510157437477088,0.0,1.0
2026-06-03 10:40:00+09:00,0.0006812202187265455,0.0,1.0
2026-06-03 10:45:00+09:00,-0.0015727111068765487,0.0,1.0
2026-06-03 10:50:00+09:00,0.0005733170524800993,0.0,0.9939024390243902
2026-06-03 10:55:00+09:00,0.00010020306610640125,0.0,0.9816320385426076
2026-06-03 11:00:00+09:00,0.0005820127289698698,0.0,0.9938271604938271
2026-06-03 11:05:00+09:00,-0.00036814433918022654,0.006172839506172839,0.9815567600120444
2026-06-03 11:10:00+09:00,0.00034184721987274533,0.006097560975609756,0.9754591990364347
2026-06-03 11:15:00+09:00,-0.00041412229581872445,0.006097560975609756,0.9631135200240892
2026-06-03 11:20:00+09:00,-0.00019632640770852154,0.9816320385426076,0.0
2026-06-03 11:25:00+09:00,0.0,0.0,0.0
2026-06-03 12:30:00+09:00,0.0,0.0,0.0
2026-06-03 12:35:00+09:00,0.0,0.0,0.0
2026-06-03 12:40:00+09:00,0.0,0.0,0.0
2026-06-03 12:45:00+09:00,0.0,0.0,0.0
2026-06-03 12:50:00+09:00,0.0,0.0,0.0
2026-06-03 12:55:00+09:00,0.0,0.0,0.0
2026-06-03 13:00:00+09:00,-0.00030050870720085056,1.0,0.9999999999999998
2026-06-03 13:05:00+09:00,1.2524647597675201e-05,0.0,0.98125
2026-06-03 13:10:00+09:00,-0.0005300537033722911,0.0,1.0
2026-06-03 13:15:00+09:00,-0.0003958597438439471,0.0,0.9688271604938271
2026-06-03 13:20:00+09:00,0.00045840100238605207,0.0,0.98125
2026-06-03 13:25:00+09:00,-0.00017121324145979872,0.0,0.9689043209876543
2026-06-03 13:30:00+09:00,0.00013175783375261426,0.0,0.9875771604938272
2026-06-03 13:35:00+09:00,5.4145138301000464e-06,0.0,0.9999999999999999
2026-06-03 13:40:00+09:00,-0.0002776937013595319,0.0,0.975
2026-06-03 13:45:00+09:00,0.0002548953836166501,0.0,0.9689814814814814
2026-06-03 13:50:00+09:00,-6.426080658423694e-05,0.0,0.9689814814814814
2026-06-03 13:55:00+09:00,0.00031226230555078655,0.0,0.98125
2026-06-03 14:00:00+09:00,0.00027884420637410746,0.0,0.9999999999999999
2026-06-03 14:05:00+09:00,-4.506162230390849e-05,0.0,0.9814043209876544
2026-06-03 14:10:00+09:00,0.00020140365102560423,0.0,0.9627314814814814
2026-06-03 14:15:00+09:00,7.465852435079907e-05,0.0,0.9875
2026-06-03 14:20:00+09:00,0.00022043159018553357,0.0,0.9875
2026-06-03 14:25:00+09:00,0.000175706257153935,0.0,0.9688271604938271
2026-06-03 14:30:00+09:00,-0.00043773563634237606,0.0,0.98125
2026-06-03 14:35:00+09:00,8.83648523479154e-05,0.0,0.9874999999999999
2026-06-03 14:40:00+09:00,-0.0002748730005565528,0.0,0.9937499999999999
2026-06-03 14:45:00+09:00,0.0001132020400657044,0.0,0.9875771604938273
2026-06-03 14:50:00+09:00,0.00013180268616927324,0.0,0.9875771604938272
2026-06-03 14:55:00+09:00,-4.541973867854076e-05,0.0,0.9813271604938272
2026-06-03 15:00:00+09:00,-0.00018406154036452928,0.0,0.9937499999999999
2026-06-03 15:05:00+09:00,-0.00034185660229685695,0.0,1.0
2026-06-03 15:10:00+09:00,-0.00010853630958176718,0.00625,0.9875
2026-06-03 15:15:00+09:00,-0.00019875,0.99375,0.0
2026-06-03 15:20:00+09:00,0.0,0.0,0.0
2026-06-04 09:00:00+09:00,0.0,0.0,0.0
2026-06-04 09:05:00+09:00,0.0,0.0,0.0
2026-06-04 09:10:00+09:00,0.0,0.0,0.0
2026-06-04 09:15:00+09:00,0.0,0.0,0.0
2026-06-04 09:20:00+09:00,0.0,0.0,0.0
2026-06-04 09:25:00+09:00,0.0,0.0,0.0
2026-06-04 09:30:00+09:00,0.0008513052771673645,1.0,1.0
2026-06-04 09:35:00+09:00,0.0002930432556090118,0.0,0.9939759036144579
2026-06-04 09:40:00+09:00,0.00032388724939046875,0.0,0.9939024390243903
2026-06-04 09:45:00+09:00,-1.1468050949808575e-05,0.0,0.9879518072289157
2026-06-04 09:50:00+09:00,-0.0007206879457829862,0.0,0.9879518072289157
2026-06-04 09:55:00+09:00,-0.00022673105773236133,0.0,0.9939759036144579
2026-06-04 10:00:00+09:00,-0.0010157472437336186,0.0,0.9939759036144578
2026-06-04 10:05:00+09:00,-0.00045437202056961435,0.0,1.0
2026-06-04 10:10:00+09:00,-0.0003286698172909372,0.0,1.0000000000000002
2026-06-04 10:15:00+09:00,-0.00034142000929012167,0.0,0.993975903614458
2026-06-04 10:20:00+09:00,4.9128175139101905e-05,0.0,0.9939759036144578
2026-06-04 10:25:00+09:00,9.338636162900901e-05,0.0,0.9939759036144578
2026-06-04 10:30:00+09:00,0.0003281007764866046,0.0,1.0
2026-06-04 10:35:00+09:00,0.00013521713038127956,0.0,0.9939759036144579
2026-06-04 10:40:00+09:00,-2.389409390567222e-05,0.0,0.9878783426388482
2026-06-04 10:45:00+09:00,-3.612343784864735e-05,0.0,1.0
2026-06-04 10:50:00+09:00,0.00016875923799373145,0.0,1.0000000000000002
2026-06-04 10:55:00+09:00,-0.0003462350689108551,0.0,0.9879518072289157
2026-06-04 11:00:00+09:00,-9.228659506426543e-05,0.0,0.9939024390243903
2026-06-04 11:05:00+09:00,-3.7394797179133795e-05,0.0,0.9878783426388482
2026-06-04 11:10:00+09:00,-0.00029926029451932335,0.0,0.9878783426388482
2026-06-04 11:15:00+09:00,-8.483789519311221e-05,0.01807228915662651,0.9576109315310022
2026-06-04 11:20:00+09:00,-0.0001963855421686747,0.9819277108433735,0.0
2026-06-04 11:25:00+09:00,0.0,0.0,0.0
2026-06-04 12:30:00+09:00,0.0,0.0,0.0
2026-06-04 12:35:00+09:00,0.0,0.0,0.0
2026-06-04 12:40:00+09:00,0.0,0.0,0.0
2026-06-04 12:45:00+09:00,0.0,0.0,0.0
2026-06-04 12:50:00+09:00,0.0,0.0,0.0
2026-06-04 12:55:00+09:00,0.0,0.0,0.0
2026-06-04 13:00:00+09:00,0.0004396148397328695,1.0,1.0
2026-06-04 13:05:00+09:00,0.000519605876700003,0.0,0.9937499999999999
2026-06-04 13:10:00+09:00,9.666511067270245e-06,0.0,0.9999999999999999
2026-06-04 13:15:00+09:00,0.00010198841152173776,0.0,0.9876543209876543
2026-06-04 13:20:00+09:00,6.62667485546494e-05,0.0,0.9937499999999999
2026-06-04 13:25:00+09:00,-5.1269370574240395e-05,0.0,0.981327160493827
2026-06-04 13:30:00+09:00,-8.771451430476994e-05,0.0,0.9813271604938272
2026-06-04 13:35:00+09:00,6.42083227758016e-05,0.0,0.9874999999999999
2026-06-04 13:40:00+09:00,-6.434648819718099e-06,0.0,0.9875
2026-06-04 13:45:00+09:00,0.00013611856291168028,0.0,0.9750000000000001
2026-06-04 13:50:00+09:00,-0.00024519573736940536,0.0,0.9688271604938271
2026-06-04 13:55:00+09:00,8.502623180032284e-06,0.0,0.9688271604938271
2026-06-04 14:00:00+09:00,0.0003348458669327686,0.0,0.9938271604938271
2026-06-04 14:05:00+09:00,0.0003515805726814237,0.0,1.0
2026-06-04 14:10:00+09:00,-0.0004259995024975312,0.0,1.0
2026-06-04 14:15:00+09:00,0.00017925249406719294,0.0,1.0
2026-06-04 14:20:00+09:00,0.0005235324574200448,0.0,0.9626543209876544
2026-06-04 14:25:00+09:00,-0.00028751586258290844,0.0,0.9875
2026-06-04 14:30:00+09:00,0.00038196448336096653,0.0,0.9937499999999999
2026-06-04 14:35:00+09:00,-0.00017613907171092156,0.0,0.99375
2026-06-04 14:40:00+09:00,-0.0006323257378381215,0.0,1.0
2026-06-04 14:45:00+09:00,-0.000335037666187489,0.0,0.99375
2026-06-04 14:50:00+09:00,0.0001722640416751522,0.0,0.9937499999999999
2026-06-04 14:55:00+09:00,0.00022024367817559564,0.0,1.0
2026-06-04 15:00:00+09:00,-0.0002145271629853908,0.0,1.0
2026-06-04 15:05:00+09:00,-0.0002251362147626479,0.00625,0.9874999999999998
2026-06-04 15:10:00+09:00,-0.00011976337810854777,0.0,0.9937499999999999
2026-06-04 15:15:00+09:00,-0.00019875,0.99375,0.0
2026-06-04 15:20:00+09:00,0.0,0.0,0.0
2026-06-05 09:00:00+09:00,0.0,0.0,0.0
2026-06-05 09:05:00+09:00,0.0,0.0,0.0
2026-06-05 09:10:00+09:00,0.0,0.0,0.0
2026-06-05 09:15:00+09:00,0.0,0.0,0.0
2026-06-05 09:20:00+09:00,0.0,0.0,0.0
2026-06-05 09:25:00+09:00,0.0,0.0,0.0
2026-06-05 09:30:00+09:00,0.0006431299753294132,1.0,1.0
2026-06-05 09:35:00+09:00,0.0010040198591072735,0.0,1.0
2026-06-05 09:40:00+09:00,0.0005368106200055122,0.0,0.9938271604938271
2026-06-05 09:45:00+09:00,0.0016335687611719958,0.0,0.9938271604938271
2026-06-05 09:50:00+09:00,-0.0005628424229707817,0.0,0.9939024390243902
2026-06-05 09:55:00+09:00,-0.00013779164071693064,0.0,1.0
2026-06-05 10:00:00+09:00,0.0013582369436985968,0.0,1.0
2026-06-05 10:05:00+09:00,0.0004289903117744085,0.0,1.0
2026-06-05 10:10:00+09:00,-0.0005956064401593542,0.0,0.9878048780487805
2026-06-05 10:15:00+09:00,0.001273120438220067,0.0,0.9939024390243902
2026-06-05 10:20:00+09:00,-0.00089916601824242,0.0,0.9816320385426076
2026-06-05 10:25:00+09:00,-0.0009993891113621808,0.0,0.9939024390243902
2026-06-05 10:30:00+09:00,-0.0002246188235846446,0.0,0.9877295995182174
2026-06-05 10:35:00+09:00,-0.002338432474835136,0.0,1.0
2026-06-05 10:40:00+09:00,0.0006842132712335544,0.0,0.9938271604938271
2026-06-05 10:45:00+09:00,-0.0016175679608477437,0.0,0.9877295995182174
2026-06-05 10:50:00+09:00,-0.0013513709918912163,0.0,1.0
2026-06-05 10:55:00+09:00,0.0009442227005175526,0.0,0.9939024390243902
2026-06-05 11:00:00+09:00,0.0007491265064494096,0.0,0.9876543209876543
2026-06-05 11:05:00+09:00,-0.0019210548064425355,0.0,0.9877295995182174
2026-06-05 11:10:00+09:00,-0.0005700889974339269,0.006097560975609756,0.975609756097561
2026-06-05 11:15:00+09:00,-0.0012272833751199865,0.024616079494128272,0.9631135200240891
2026-06-05 11:20:00+09:00,-0.0001938572719060524,0.969286359530262,0.0
2026-06-05 11:25:00+09:00,0.0,0.0,0.0
2026-06-05 12:30:00+09:00,0.0,0.0,0.0
2026-06-05 12:35:00+09:00,0.0,0.0,0.0
2026-06-05 12:40:00+09:00,0.0,0.0,0.0
2026-06-05 12:45:00+09:00,0.0,0.0,0.0
2026-06-05 12:50:00+09:00,0.0,0.0,0.0
2026-06-05 12:55:00+09:00,0.0,0.0,0.0
2026-06-05 13:00:00+09:00,-1.7154419922101186e-05,1.0,1.0
2026-06-05 13:05:00+09:00,0.0006522385998838289,0.0,0.9688271604938271
2026-06-05 13:10:00+09:00,-1.6213742952961917e-05,0.0,0.9874999999999999
2026-06-05 13:15:00+09:00,0.0002320632372569913,0.0,0.9503086419753086
2026-06-05 13:20:00+09:00,0.00033432654967715733,0.0,0.9876543209876543
2026-06-05 13:25:00+09:00,-0.00019111931502153716,0.0,0.9566358024691357
2026-06-05 13:30:00+09:00,0.0005010321964131856,0.0,0.9689814814814814
2026-06-05 13:35:00+09:00,0.00031376351159610874,0.0,0.9875
2026-06-05 13:40:00+09:00,0.0004385521543547725,0.0,0.987577160493827
2026-06-05 13:45:00+09:00,5.1396838861171695e-05,0.0,0.9688271604938271
2026-06-05 13:50:00+09:00,-5.449312204111013e-05,0.0,0.99375
2026-06-05 13:55:00+09:00,-0.00023954426217922363,0.0,0.9937499999999999
2026-06-05 14:00:00+09:00,0.00014875372677176886,0.0,1.0
2026-06-05 14:05:00+09:00,0.00012585848268069252,0.0,0.9690586419753087
2026-06-05 14:10:00+09:00,0.0003606170806476509,0.0,0.9813271604938272
2026-06-05 14:15:00+09:00,7.712139592200969e-05,0.0,0.9751543209876542
2026-06-05 14:20:00+09:00,-0.0003485695097020173,0.0,0.9875771604938272
2026-06-05 14:25:00+09:00,0.00053951807691722,0.0,0.98125
2026-06-05 14:30:00+09:00,0.00015971301701792984,0.0,0.98125
2026-06-05 14:35:00+09:00,-0.00015408497041835518,0.0,0.9626543209876544
2026-06-05 14:40:00+09:00,-0.0005487015362661377,0.0,0.9750771604938271
2026-06-05 14:45:00+09:00,-5.923106852320053e-05,0.0,0.9874999999999998
2026-06-05 14:50:00+09:00,0.00013115213986520416,0.0,0.9938271604938271
2026-06-05 14:55:00+09:00,0.000418385597326097,0.0,0.9814043209876542
2026-06-05 15:00:00+09:00,-0.00016149760312069426,0.0,0.9814043209876543
2026-06-05 15:05:00+09:00,-7.148144656085397e-05,0.0,0.9814814814814814
2026-06-05 15:10:00+09:00,-4.8629816937370234e-05,0.0,0.9689043209876542
2026-06-05 15:15:00+09:00,-0.0002,1.0,0.0
2026-06-05 15:20:00+09:00,0.0,0.0,0.0
2026-06-08 09:00:00+09:00,0.0,0.0,0.0
2026-06-08 09:05:00+09:00,0.0,0.0,0.0
2026-06-08 09:10:00+09:00,0.0,0.0,0.0
2026-06-08 09:15:00+09:00,0.0,0.0,0.0
2026-06-08 09:20:00+09:00,0.0,0.0,0.0
2026-06-08 09:25:00+09:00,0.0,0.0,0.0
2026-06-08 09:30:00+09:00,-0.005790027443974197,1.0,1.0
2026-06-08 09:35:00+09:00,0.003558832442216874,0.0,1.0000000000000002
2026-06-08 09:40:00+09:00,0.0010538526465613239,0.0,1.0000000000000002
2026-06-08 09:45:00+09:00,0.0004135508507546238,0.0,1.0000000000000002
2026-06-08 09:50:00+09:00,-0.0007364324717471149,0.0,1.0000000000000002
2026-06-08 09:55:00+09:00,0.001033614186141292,0.0,1.0000000000000002
2026-06-08 10:00:00+09:00,0.00012044392880084407,0.0,1.0000000000000002
2026-06-08 10:05:00+09:00,-0.0001463748234578271,0.0,1.0
2026-06-08 10:10:00+09:00,0.0015828320210132907,0.0,1.0
2026-06-08 10:15:00+09:00,0.002963098981713648,0.0,0.9939024390243902
2026-06-08 10:20:00+09:00,0.001314771385934378,0.0,1.0000000000000002
2026-06-08 10:25:00+09:00,6.308252156753707e-05,0.0,0.993975903614458
2026-06-08 10:30:00+09:00,-7.670138430972446e-05,0.0,1.0000000000000002
2026-06-08 10:35:00+09:00,-0.002960339402588802,0.0,1.0
2026-06-08 10:40:00+09:00,0.0005332338046782507,0.0,1.0000000000000002
2026-06-08 10:45:00+09:00,-0.000433522982001634,0.0,1.0
2026-06-08 10:50:00+09:00,-0.0016511498040786571,0.0,1.0
2026-06-08 10:55:00+09:00,-0.0007326828019989171,0.0,0.9939024390243902
2026-06-08 11:00:00+09:00,0.0009711499646276456,0.0,0.9939759036144579
2026-06-08 11:05:00+09:00,-0.000731279357497996,0.0,1.0
2026-06-08 11:10:00+09:00,0.0014610407042712447,0.0,0.9939024390243902
2026-06-08 11:15:00+09:00,-0.0013036756229417349,0.0,1.0
2026-06-08 11:20:00+09:00,-0.0002,1.0,0.0
2026-06-08 11:25:00+09:00,0.0,0.0,0.0
2026-06-08 12:30:00+09:00,0.0,0.0,0.0
2026-06-08 12:35:00+09:00,0.0,0.0,0.0
2026-06-08 12:40:00+09:00,0.0,0.0,0.0
2026-06-08 12:45:00+09:00,0.0,0.0,0.0
2026-06-08 12:50:00+09:00,0.0,0.0,0.0
2026-06-08 12:55:00+09:00,0.0,0.0,0.0
2026-06-08 13:00:00+09:00,0.0001865689864942534,1.0,1.0
2026-06-08 13:05:00+09:00,-4.434022543091118e-05,0.0,0.9814814814814816
2026-06-08 13:10:00+09:00,-0.00011729726817152192,0.0,0.9691358024691358
2026-06-08 13:15:00+09:00,0.00042644352841102184,0.0,0.9753839205058717
2026-06-08 13:20:00+09:00,0.0003466324472139135,0.0,0.9816320385426076
2026-06-08 13:25:00+09:00,-0.0005989450317165646,0.0,0.9815567600120445
2026-06-08 13:30:00+09:00,0.0005174894597675603,0.0,0.9938271604938271
2026-06-08 13:35:00+09:00,-0.00040807135842942923,0.0,1.0
2026-06-08 13:40:00+09:00,0.00048153302228963766,0.0,0.9815567600120445
2026-06-08 13:45:00+09:00,6.219962534279418e-05,0.0,0.9938271604938271
2026-06-08 13:50:00+09:00,0.00020158414478402118,0.0,0.9938271604938271
2026-06-08 13:55:00+09:00,0.0005032455598716103,0.0,1.0
2026-06-08 14:00:00+09:00,-0.00039622908115793075,0.0,0.9939024390243902
2026-06-08 14:05:00+09:00,-0.0004766083418960991,0.0,0.969286359530262
2026-06-08 14:10:00+09:00,-0.0004357908562484104,0.0,1.0
2026-06-08 14:15:00+09:00,-0.000760002108789012,0.0,0.9939024390243902
2026-06-08 14:20:00+09:00,0.001271548636447169,0.0,0.9876543209876543
2026-06-08 14:25:00+09:00,-0.0002134104867506457,0.0,0.9938271604938271
2026-06-08 14:30:00+09:00,-0.0006590409304826567,0.0,1.0
2026-06-08 14:35:00+09:00,-0.0002222257128170764,0.0,1.0
2026-06-08 14:40:00+09:00,-4.767614350283628e-06,0.0,1.0
2026-06-08 14:45:00+09:00,0.0004517741103445015,0.0,0.9876543209876543
2026-06-08 14:50:00+09:00,0.00037104557035309274,0.0,1.0
2026-06-08 14:55:00+09:00,-0.0001471461552799913,0.0,0.9877295995182174
2026-06-08 15:00:00+09:00,-0.0006665731607593649,0.0,0.9814814814814815
2026-06-08 15:05:00+09:00,-6.963267709130136e-05,0.0,1.0
2026-06-08 15:10:00+09:00,0.000349447456693315,0.0,0.9938271604938271
2026-06-08 15:15:00+09:00,-0.0002,1.0,0.0
2026-06-08 15:20:00+09:00,0.0,0.0,0.0
2026-06-09 09:00:00+09:00,0.0,0.0,0.0
2026-06-09 09:05:00+09:00,0.0,0.0,0.0
2026-06-09 09:10:00+09:00,0.0,0.0,0.0
2026-06-09 09:15:00+09:00,0.0,0.0,0.0
2026-06-09 09:20:00+09:00,0.0,0.0,0.0
2026-06-09 09:25:00+09:00,0.0,0.0,0.0
2026-06-09 09:30:00+09:00,0.0005138143934131554,1.0,1.0
2026-06-09 09:35:00+09:00,-0.0022715259959552323,0.0,1.0
2026-06-09 09:40:00+09:00,0.0007395158403625187,0.0,1.0
2026-06-09 09:45:00+09:00,-0.001643200161580237,0.0,1.0
2026-06-09 09:50:00+09:00,0.000901586141810417,0.0,1.0
2026-06-09 09:55:00+09:00,0.00020471930138069963,0.0,1.0
2026-06-09 10:00:00+09:00,-0.0009899346754285493,0.0,0.9751543209876543
2026-06-09 10:05:00+09:00,0.0011144516745161073,0.0,0.9875
2026-06-09 10:10:00+09:00,0.0005163653918013958,0.0,1.0
2026-06-09 10:15:00+09:00,0.00035882530330281126,0.0,1.0
2026-06-09 10:20:00+09:00,-0.002830306939865089,0.0,1.0
2026-06-09 10:25:00+09:00,0.002587483007961483,0.0,1.0
2026-06-09 10:30:00+09:00,0.0014617524873719952,0.0,0.9938271604938271
2026-06-09 10:35:00+09:00,6.609045617506301e-05,0.0,0.9812500000000001
2026-06-09 10:40:00+09:00,0.00042981020577657946,0.0,1.0
2026-06-09 10:45:00+09:00,-0.0022859860061031005,0.0,0.9812500000000001
2026-06-09 10:50:00+09:00,-0.0007285492561747584,0.0,0.99375
2026-06-09 10:55:00+09:00,0.001138032234648439,0.0,0.9814043209876544
2026-06-09 11:00:00+09:00,0.0016160691329227745,0.0,0.98125
2026-06-09 11:05:00+09:00,-0.00033284244378691875,0.0,0.9875771604938272
2026-06-09 11:10:00+09:00,0.0005193279134464129,0.0,0.9937499999999999
2026-06-09 11:15:00+09:00,-0.0012658046458785116,0.006172839506172839,0.9751543209876543
2026-06-09 11:20:00+09:00,-0.00019876543209876543,0.9938271604938271,0.0
2026-06-09 11:25:00+09:00,0.0,0.0,0.0
2026-06-09 12:30:00+09:00,0.0,0.0,0.0
2026-06-09 12:35:00+09:00,0.0,0.0,0.0
2026-06-09 12:40:00+09:00,0.0,0.0,0.0
2026-06-09 12:45:00+09:00,0.0,0.0,0.0
2026-06-09 12:50:00+09:00,0.0,0.0,0.0
2026-06-09 12:55:00+09:00,0.0,0.0,0.0
2026-06-09 13:00:00+09:00,-0.0011284019317249682,1.0,1.0
2026-06-09 13:05:00+09:00,0.0008805372705579658,0.0,0.9938271604938271
2026-06-09 13:10:00+09:00,-0.0021227413767961204,0.0,0.9753086419753086
2026-06-09 13:15:00+09:00,0.0010615291581617145,0.0,0.9938271604938271
2026-06-09 13:20:00+09:00,0.000398983117402105,0.0,0.9813271604938272
2026-06-09 13:25:00+09:00,-0.00020469368779294612,0.0,0.9876543209876543
2026-06-09 13:30:00+09:00,-0.0007280719921377737,0.0,0.9629629629629629
2026-06-09 13:35:00+09:00,-0.0004308855396366199,0.0,0.9691358024691358
2026-06-09 13:40:00+09:00,-0.00020530963507501117,0.0,0.962962962962963
2026-06-09 13:45:00+09:00,0.0005823347379499902,0.0,0.962962962962963
2026-06-09 13:50:00+09:00,0.00023519086084039777,0.0,0.9876543209876543
2026-06-09 13:55:00+09:00,-0.0007933060540196208,0.0,0.9505401234567901
2026-06-09 14:00:00+09:00,4.4656230228907743e-05,0.0,0.962962962962963
2026-06-09 14:05:00+09:00,-0.0007428239573847908,0.0,0.9876543209876543
2026-06-09 14:10:00+09:00,0.00012790869253726593,0.0,0.95679012345679
2026-06-09 14:15:00+09:00,0.0025524469355318997,0.0,0.9753086419753085
2026-06-09 14:20:00+09:00,0.0006150447914592903,0.0,1.0
2026-06-09 14:25:00+09:00,-0.0017726817663348048,0.0,0.9814814814814815
2026-06-09 14:30:00+09:00,0.0006409247034534914,0.0,1.0
2026-06-09 14:35:00+09:00,-0.000693447247496381,0.0,0.9691358024691358
2026-06-09 14:40:00+09:00,-0.0008188443744003651,0.0,0.9814814814814815
2026-06-09 14:45:00+09:00,-0.00022393417201481796,0.0,0.9876543209876543
2026-06-09 14:50:00+09:00,0.00046912659767916516,0.0,0.9753086419753088
2026-06-09 14:55:00+09:00,-0.0003964132074230767,0.0,0.9938271604938272
2026-06-09 15:00:00+09:00,0.0005648929788477398,0.0,0.9876543209876543
2026-06-09 15:05:00+09:00,-0.00010335172850634685,0.0,0.9753086419753088
2026-06-09 15:10:00+09:00,-0.0006251656635480757,0.018518518518518517,0.9753086419753086
2026-06-09 15:15:00+09:00,-0.0001962962962962963,0.9814814814814815,0.0
2026-06-09 15:20:00+09:00,0.0,0.0,0.0
2026-06-10 09:00:00+09:00,0.0,0.0,0.0
2026-06-10 09:05:00+09:00,0.0,0.0,0.0
2026-06-10 09:10:00+09:00,0.0,0.0,0.0
2026-06-10 09:15:00+09:00,0.0,0.0,0.0
2026-06-10 09:20:00+09:00,0.0,0.0,0.0
2026-06-10 09:25:00+09:00,0.0,0.0,0.0
2026-06-10 09:30:00+09:00,-0.0026843810281728044,1.0,1.0
2026-06-10 09:35:00+09:00,0.001509284943532992,0.0,1.0
2026-06-10 09:40:00+09:00,0.000832985440165105,0.0,1.0
2026-06-10 09:45:00+09:00,0.001341069221656783,0.0,1.0
2026-06-10 09:50:00+09:00,0.0034177260865340692,0.0,0.9999999999999999
2026-06-10 09:55:00+09:00,0.0013154717417631432,0.0,0.9877295995182174
2026-06-10 10:00:00+09:00,0.00045548278090350137,0.0,1.0
2026-06-10 10:05:00+09:00,0.0016831116553423899,0.0,1.0
2026-06-10 10:10:00+09:00,4.6889959282466604e-05,0.0,0.9877295995182174
2026-06-10 10:15:00+09:00,8.603080403620982e-05,0.0,0.9816320385426076
2026-06-10 10:20:00+09:00,0.0002786163336019937,0.0,0.9939024390243902
2026-06-10 10:25:00+09:00,0.00041128022282155725,0.0,0.9691358024691357
2026-06-10 10:30:00+09:00,0.0005323821932038218,0.0,0.9877295995182174
2026-06-10 10:35:00+09:00,-0.0009289516021060045,0.0,0.9876543209876544
2026-06-10 10:40:00+09:00,0.00012312815864510158,0.0,0.9815567600120445
2026-06-10 10:45:00+09:00,-0.00036609844192422267,0.0,0.9878048780487805
2026-06-10 10:50:00+09:00,-0.001083571637645545,0.0,1.0
2026-06-10 10:55:00+09:00,-0.0008427492669969706,0.0,0.9876543209876544
2026-06-10 11:00:00+09:00,-0.000739787022523424,0.0,0.9876543209876543
2026-06-10 11:05:00+09:00,-0.00013470701331186628,0.0,0.9939024390243902
2026-06-10 11:10:00+09:00,-0.0002015028536053283,0.012270400481782595,0.9877295995182174
2026-06-10 11:15:00+09:00,2.8534866079319154e-05,0.006097560975609756,0.9755344775669978
2026-06-10 11:20:00+09:00,-0.00019632640770852154,0.9816320385426076,0.0
2026-06-10 11:25:00+09:00,0.0,0.0,0.0
2026-06-10 12:30:00+09:00,0.0,0.0,0.0
2026-06-10 12:35:00+09:00,0.0,0.0,0.0
2026-06-10 12:40:00+09:00,0.0,0.0,0.0
2026-06-10 12:45:00+09:00,0.0,0.0,0.0
2026-06-10 12:50:00+09:00,0.0,0.0,0.0
2026-06-10 12:55:00+09:00,0.0,0.0,0.0
2026-06-10 13:00:00+09:00,-0.0007817848752758668,1.0,1.0
2026-06-10 13:05:00+09:00,-0.0007664312855613043,0.0,0.9999999999999999
2026-06-10 13:10:00+09:00,0.0005233749411834263,0.0,0.9999999999999999
2026-06-10 13:15:00+09:00,-0.0005354638583403282,0.0,0.9877295995182174
2026-06-10 13:20:00+09:00,-0.002102856922039969,0.0,0.9754591990364349
2026-06-10 13:25:00+09:00,-0.00040832623265778944,0.0,0.9753839205058717
2026-06-10 13:30:00+09:00,0.0003927995470082632,0.006097560975609756,0.9877295995182174
2026-06-10 13:35:00+09:00,-0.0007705664773713505,0.0,0.9816320385426075
2026-06-10 13:40:00+09:00,0.0006942517544295145,0.0,0.9878048780487804
2026-06-10 13:45:00+09:00,0.001904658567388732,0.0,0.9816320385426076
2026-06-10 13:50:00+09:00,-0.001415165251511857,0.0,0.9815567600120445
2026-06-10 13:55:00+09:00,0.000540729167788682,0.0,0.9878048780487804
2026-06-10 14:00:00+09:00,-0.00028552746542140963,0.0,0.9877295995182174
2026-06-10 14:05:00+09:00,-0.0008845847478607306,0.0,0.9754591990364347
2026-06-10 14:10:00+09:00,-0.002415399125110668,0.0,0.9816320385426076
2026-06-10 14:15:00+09:00,0.0007899888754736496,0.0,0.9877295995182174
2026-06-10 14:20:00+09:00,0.0009666020004811782,0.0,0.9877295995182173
2026-06-10 14:25:00+09:00,-0.0005308245239431943,0.0,0.9878048780487805
2026-06-10 14:30:00+09:00,0.0001512426453604237,0.0,0.9815567600120445
2026-06-10 14:35:00+09:00,-0.0002455160632672711,0.0,0.9753839205058716
2026-06-10 14:40:00+09:00,-0.0007980782709549757,0.0,0.9631135200240891
2026-06-10 14:45:00+09:00,0.0011010368973159601,0.0,0.9939024390243902
2026-06-10 14:50:00+09:00,0.0004974823020131445,0.0,0.9939024390243901
2026-06-10 14:55:00+09:00,0.00031695573694278257,0.0,0.9753839205058716
2026-06-10 15:00:00+09:00,-0.0005162998025165045,0.0,0.9939024390243901
2026-06-10 15:05:00+09:00,0.00016094269983221113,0.0,0.9877295995182174
2026-06-10 15:10:00+09:00,-4.7096802153142816e-05,0.0,0.9939024390243901
2026-06-10 15:15:00+09:00,-0.00019878048780487805,0.9939024390243902,0.0
2026-06-10 15:20:00+09:00,0.0,0.0,0.0
2026-06-11 09:00:00+09:00,0.0,0.0,0.0
2026-06-11 09:05:00+09:00,0.0,0.0,0.0
2026-06-11 09:10:00+09:00,0.0,0.0,0.0
2026-06-11 09:15:00+09:00,0.0,0.0,0.0
2026-06-11 09:20:00+09:00,0.0,0.0,0.0
2026-06-11 09:25:00+09:00,0.0,0.0,0.0
2026-06-11 09:30:00+09:00,-0.00046312193953941495,1.0,1.0
2026-06-11 09:35:00+09:00,-0.005093655099885814,0.0,0.9939024390243902
2026-06-11 09:40:00+09:00,-0.002707229584684331,0.0,1.0
2026-06-11 09:45:00+09:00,0.0011635455543531643,0.0,1.0
2026-06-11 09:50:00+09:00,0.0016175395835165164,0.0,0.9939024390243902
2026-06-11 09:55:00+09:00,-0.004780814983555258,0.0,0.9939024390243902
2026-06-11 10:00:00+09:00,-0.0006555132112457927,0.0,0.9939024390243902
2026-06-11 10:05:00+09:00,-0.0008924513880340249,0.0,0.9817073170731707
2026-06-11 10:10:00+09:00,-0.0007631665550156291,0.0,1.0
2026-06-11 10:15:00+09:00,0.0005114270173340493,0.0,1.0
2026-06-11 10:20:00+09:00,-0.0007917474270930743,0.0,0.9939024390243902
2026-06-11 10:25:00+09:00,0.002661527157270149,0.0,0.9939024390243902
2026-06-11 10:30:00+09:00,0.0010294138642295914,0.0,1.0
2026-06-11 10:35:00+09:00,-0.0008603615438142014,0.0,0.9878048780487805
2026-06-11 10:40:00+09:00,-0.0009849827475394211,0.0,1.0
2026-06-11 10:45:00+09:00,0.0023773351731509115,0.0,0.9999999999999999
2026-06-11 10:50:00+09:00,0.0012250852004329945,0.0,0.9878048780487805
2026-06-11 10:55:00+09:00,-0.003056741882573613,0.0,1.0
2026-06-11 11:00:00+09:00,-9.508124715786463e-05,0.0,0.9878048780487805
2026-06-11 11:05:00+09:00,0.0009834412234242579,0.0,0.9877295995182174
2026-06-11 11:10:00+09:00,0.0006535902921577293,0.0,0.9817073170731707
2026-06-11 11:15:00+09:00,0.002545032533248169,0.006097560975609756,0.9817073170731707
2026-06-11 11:20:00+09:00,-0.00019878048780487805,0.9939024390243902,0.0
2026-06-11 11:25:00+09:00,0.0,0.0,0.0
2026-06-11 12:30:00+09:00,0.0,0.0,0.0
2026-06-11 12:35:00+09:00,0.0,0.0,0.0
2026-06-11 12:40:00+09:00,0.0,0.0,0.0
2026-06-11 12:45:00+09:00,0.0,0.0,0.0
2026-06-11 12:50:00+09:00,0.0,0.0,0.0
2026-06-11 12:55:00+09:00,0.0,0.0,0.0
2026-06-11 13:00:00+09:00,-0.000396083581692447,1.0,1.0
2026-06-11 13:05:00+09:00,0.0004755366175862612,0.0,1.0
2026-06-11 13:10:00+09:00,0.0003328918371774469,0.0,0.9694369165913881
2026-06-11 13:15:00+09:00,-0.00073344561692134,0.0,0.9816320385426076
2026-06-11 13:20:00+09:00,0.00016199596925744122,0.0,0.9694369165913881
2026-06-11 13:25:00+09:00,-0.00014315394355319784,0.0,0.993827160493827
2026-06-11 13:30:00+09:00,-0.0005548858122866207,0.0,0.9877295995182174
2026-06-11 13:35:00+09:00,-0.00036989424740910807,0.0,0.9938271604938271
2026-06-11 13:40:00+09:00,0.00027376999697800914,0.0,0.9878048780487804
2026-06-11 13:45:00+09:00,-2.6110489616454326e-05,0.0,0.9816320385426076
2026-06-11 13:50:00+09:00,0.00083147069366422,0.0,0.9877295995182174
2026-06-11 13:55:00+09:00,-0.0005796039092801116,0.0,0.9507678410117435
2026-06-11 14:00:00+09:00,0.0001427638463361045,0.0,0.9939024390243901
2026-06-11 14:05:00+09:00,0.0006077437965080665,0.0,0.9877295995182174
2026-06-11 14:10:00+09:00,-0.0011763276889483045,0.0,0.9939024390243901
2026-06-11 14:15:00+09:00,-0.0005610921430023576,0.0,0.9817073170731707
2026-06-11 14:20:00+09:00,0.0012748842034526542,0.0,0.9877295995182174
2026-06-11 14:25:00+09:00,-0.0009285891699657127,0.0,0.9878048780487804
2026-06-11 14:30:00+09:00,2.6961778165575937e-05,0.0,0.9816320385426076
2026-06-11 14:35:00+09:00,-0.00030768238709813034,0.0,0.9938271604938272
2026-06-11 14:40:00+09:00,0.0007977101352967768,0.0,0.9815567600120446
2026-06-11 14:45:00+09:00,0.0008026778450205064,0.0,0.9753839205058717
2026-06-11 14:50:00+09:00,-0.00013520391976633108,0.0,0.9938271604938271
2026-06-11 14:55:00+09:00,0.00015191196805033807,0.0,0.9939024390243902
2026-06-11 15:00:00+09:00,0.00031070461864211,0.0,0.9814814814814815
2026-06-11 15:05:00+09:00,-0.0005586436462287886,0.0,0.9999999999999999
2026-06-11 15:10:00+09:00,7.437693370245152e-05,0.0,0.993827160493827
2026-06-11 15:15:00+09:00,-0.0002,1.0,0.0
2026-06-11 15:20:00+09:00,0.0,0.0,0.0
2026-06-12 09:00:00+09:00,0.0,0.0,0.0
2026-06-12 09:05:00+09:00,0.0,0.0,0.0
2026-06-12 09:10:00+09:00,0.0,0.0,0.0
2026-06-12 09:15:00+09:00,0.0,0.0,0.0
2026-06-12 09:20:00+09:00,0.0,0.0,0.0
2026-06-12 09:25:00+09:00,0.0,0.0,0.0
2026-06-12 09:30:00+09:00,0.0006093320665071946,1.0,1.0
2026-06-12 09:35:00+09:00,0.0006553987578165123,0.0,0.9999999999999999
2026-06-12 09:40:00+09:00,-0.0012321158878809341,0.0,0.9999999999999999
2026-06-12 09:45:00+09:00,-0.0005985238560625082,0.0,0.9938271604938271
2026-06-12 09:50:00+09:00,-0.0003387356051415805,0.0,0.9939024390243902
2026-06-12 09:55:00+09:00,0.0017805238990013816,0.0,0.9756097560975608
2026-06-12 10:00:00+09:00,0.0009506032682815441,0.0,0.9999999999999999
2026-06-12 10:05:00+09:00,5.580144455151469e-05,0.0,1.0
2026-06-12 10:10:00+09:00,0.0014988509728395328,0.0,0.9939024390243901
2026-06-12 10:15:00+09:00,0.0009403018828088293,0.0,0.9999999999999999
2026-06-12 10:20:00+09:00,0.00231748080243232,0.0,0.9755344775669978
2026-06-12 10:25:00+09:00,-0.001840234828146683,0.0,0.9939024390243902
2026-06-12 10:30:00+09:00,-0.0006834339647878594,0.0,0.9877295995182174
2026-06-12 10:35:00+09:00,-0.0016830039968865709,0.0,0.9939024390243901
2026-06-12 10:40:00+09:00,-0.0013064884166168675,0.0,0.9939024390243902
2026-06-12 10:45:00+09:00,0.00035204121277591563,0.0,0.9938271604938271
2026-06-12 10:50:00+09:00,2.830860278491866e-05,0.0,0.9999999999999999
2026-06-12 10:55:00+09:00,-0.00022966694951772758,0.0,0.9633393556157783
2026-06-12 11:00:00+09:00,0.0007281001065926546,0.0,0.9878048780487804
2026-06-12 11:05:00+09:00,-8.241718980701455e-05,0.0,1.0
2026-06-12 11:10:00+09:00,-0.00036107375344952803,0.0,1.0
2026-06-12 11:15:00+09:00,-0.0003758572472338304,0.006097560975609756,0.9571665161096056
2026-06-12 11:20:00+09:00,-0.00019878048780487805,0.9939024390243902,0.0
2026-06-12 11:25:00+09:00,0.0,0.0,0.0
2026-06-12 12:30:00+09:00,0.0,0.0,0.0
2026-06-12 12:35:00+09:00,0.0,0.0,0.0
2026-06-12 12:40:00+09:00,0.0,0.0,0.0
2026-06-12 12:45:00+09:00,0.0,0.0,0.0
2026-06-12 12:50:00+09:00,0.0,0.0,0.0
2026-06-12 12:55:00+09:00,0.0,0.0,0.0
2026-06-12 13:00:00+09:00,-0.0002122990621521569,1.0,1.0
2026-06-12 13:05:00+09:00,0.00020605457553138788,0.0,0.9939024390243902
2026-06-12 13:10:00+09:00,0.0004603178219645491,0.0,1.0
2026-06-12 13:15:00+09:00,-0.0003010875067321031,0.0,1.0
2026-06-12 13:20:00+09:00,-0.0005235921054590328,0.0,0.9938271604938271
2026-06-12 13:25:00+09:00,8.780646108795576e-05,0.0,0.9938271604938271
2026-06-12 13:30:00+09:00,0.00042787259320132355,0.0,1.0
2026-06-12 13:35:00+09:00,-0.00023287722688937113,0.0,1.0
2026-06-12 13:40:00+09:00,-0.0002066963981623427,0.0,0.9939024390243902
2026-06-12 13:45:00+09:00,0.00021063632162291536,0.0,0.9754591990364347
2026-06-12 13:50:00+09:00,-0.00029510732312732635,0.0,0.9753086419753085
2026-06-12 13:55:00+09:00,0.0002890657587566286,0.0,0.9754591990364349
2026-06-12 14:00:00+09:00,0.0005689407455331862,0.0,0.9877295995182174
2026-06-12 14:05:00+09:00,-0.00036609472788352745,0.0,0.9754591990364349
2026-06-12 14:10:00+09:00,-0.00029886804520654016,0.0,0.9939024390243902
2026-06-12 14:15:00+09:00,0.0005211061634245721,0.0,0.9939024390243901
2026-06-12 14:20:00+09:00,-0.00013790766755413815,0.0,0.9817073170731707
2026-06-12 14:25:00+09:00,0.00039192844230982195,0.0,0.9938271604938271
2026-06-12 14:30:00+09:00,0.0010124638141283978,0.0,0.9939024390243902
2026-06-12 14:35:00+09:00,-0.0004993885748244458,0.0,1.0
2026-06-12 14:40:00+09:00,8.73546019438706e-05,0.0,0.9939024390243902
2026-06-12 14:45:00+09:00,-6.090582388190554e-05,0.0,0.9938271604938271
2026-06-12 14:50:00+09:00,0.00041224201195593125,0.0,1.0
2026-06-12 14:55:00+09:00,-9.179926410082666e-05,0.0,1.0
2026-06-12 15:00:00+09:00,-0.0002660987011368493,0.0,1.0
2026-06-12 15:05:00+09:00,4.178597191917012e-05,0.0,1.0
2026-06-12 15:10:00+09:00,-0.0001995192664632119,0.0,1.0
2026-06-12 15:15:00+09:00,-0.0002,1.0,0.0
2026-06-12 15:20:00+09:00,0.0,0.0,0.0
2026-06-15 09:00:00+09:00,0.0,0.0,0.0
2026-06-15 09:05:00+09:00,0.0,0.0,0.0
2026-06-15 09:10:00+09:00,0.0,0.0,0.0
2026-06-15 09:15:00+09:00,0.0,0.0,0.0
2026-06-15 09:20:00+09:00,0.0,0.0,0.0
2026-06-15 09:25:00+09:00,0.0,0.0,0.0
2026-06-15 09:30:00+09:00,-0.00035953169944858115,1.0,1.0
2026-06-15 09:35:00+09:00,-0.00040044709075291534,0.0,0.9752314814814814
2026-06-15 09:40:00+09:00,0.0007058554757398407,0.0,0.9938271604938271
2026-06-15 09:45:00+09:00,0.0007572059904880107,0.0,1.0
2026-06-15 09:50:00+09:00,0.0007084217680262515,0.0,0.9874999999999999
2026-06-15 09:55:00+09:00,-0.0003826404237140156,0.0,0.9814043209876543
2026-06-15 10:00:00+09:00,0.000240850975490006,0.0,0.9937499999999999
2026-06-15 10:05:00+09:00,0.0002781629658306775,0.0,0.9876543209876543
2026-06-15 10:10:00+09:00,-2.737431434435002e-05,0.0,0.9752314814814814
2026-06-15 10:15:00+09:00,-0.00024274612753884522,0.0,0.9938271604938271
2026-06-15 10:20:00+09:00,0.0003430391256860369,0.0,0.99375
2026-06-15 10:25:00+09:00,-0.000441315209554314,0.0,0.987577160493827
2026-06-15 10:30:00+09:00,0.0007252500240240049,0.0,0.9938271604938271
2026-06-15 10:35:00+09:00,0.0002479394156929893,0.0,0.9999999999999999
2026-06-15 10:40:00+09:00,0.00012529429775510762,0.0,0.9751543209876543
2026-06-15 10:45:00+09:00,0.00015287256308861837,0.0,0.9689814814814814
2026-06-15 10:50:00+09:00,-7.8259968179125e-05,0.0,0.99375
2026-06-15 10:55:00+09:00,0.00020986277331905097,0.0,0.9876543209876544
2026-06-15 11:00:00+09:00,-0.00031188085736503433,0.0,0.9689814814814816
2026-06-15 11:05:00+09:00,0.0005900466609936446,0.0,0.9814043209876543
2026-06-15 11:10:00+09:00,1.459209020550681e-05,0.00625,0.9751543209876543
2026-06-15 11:15:00+09:00,-0.00017536193295929453,0.024768518518518516,0.9628086419753086
2026-06-15 11:20:00+09:00,-0.0001937962962962963,0.9689814814814814,0.0
2026-06-15 11:25:00+09:00,0.0,0.0,0.0
2026-06-15 12:30:00+09:00,0.0,0.0,0.0
2026-06-15 12:35:00+09:00,0.0,0.0,0.0
2026-06-15 12:40:00+09:00,0.0,0.0,0.0
2026-06-15 12:45:00+09:00,0.0,0.0,0.0
2026-06-15 12:50:00+09:00,0.0,0.0,0.0
2026-06-15 12:55:00+09:00,0.0,0.0,0.0
2026-06-15 13:00:00+09:00,-0.0002759527731668003,1.0,1.0
2026-06-15 13:05:00+09:00,5.1059877338294936e-05,0.0,0.98125
2026-06-15 13:10:00+09:00,-0.0003581023669520797,0.0,1.0
2026-06-15 13:15:00+09:00,-0.0001664403458250675,0.0,0.9874999999999999
2026-06-15 13:20:00+09:00,-0.00032871634828266784,0.0,0.987577160493827
2026-06-15 13:25:00+09:00,-0.00030787988033668446,0.0,0.9875771604938273
2026-06-15 13:30:00+09:00,0.00023974385703691865,0.0,0.9875771604938273
2026-06-15 13:35:00+09:00,1.9156316750586762e-05,0.0,1.0
2026-06-15 13:40:00+09:00,-7.498552580785715e-05,0.0,0.99375
2026-06-15 13:45:00+09:00,0.00018316017483013355,0.0,0.9750771604938271
2026-06-15 13:50:00+09:00,-4.761900203883638e-05,0.0,0.9750771604938272
2026-06-15 13:55:00+09:00,-1.1874986726560954e-05,0.0,0.981327160493827
2026-06-15 14:00:00+09:00,0.00038157212939487974,0.0,0.9875
2026-06-15 14:05:00+09:00,0.0001217490286557809,0.0,1.0
2026-06-15 14:10:00+09:00,-0.00020843434142832812,0.0,0.9875771604938272
2026-06-15 14:15:00+09:00,-9.806504878146696e-05,0.0,0.9813271604938272
2026-06-15 14:20:00+09:00,0.00011769543127167376,0.0,0.9874999999999999
2026-06-15 14:25:00+09:00,-7.639142371083325e-05,0.0,0.98125
2026-06-15 14:30:00+09:00,0.00021110752526964772,0.0,1.0
2026-06-15 14:35:00+09:00,-6.668424046751857e-05,0.0,0.99375
2026-06-15 14:40:00+09:00,-0.00013035826697340336,0.0,0.99375
2026-06-15 14:45:00+09:00,0.0001319684416847337,0.0,0.9627314814814815
2026-06-15 14:50:00+09:00,0.00015129029868418556,0.0,0.9938271604938271
2026-06-15 14:55:00+09:00,-7.839518364311863e-05,0.0,0.9813271604938272
2026-06-15 15:00:00+09:00,-0.00015624261575891224,0.0,0.9875
2026-06-15 15:05:00+09:00,9.973161900773324e-05,0.0,0.9751543209876543
2026-06-15 15:10:00+09:00,-0.00011994742579976386,0.00625,0.9937499999999999
2026-06-15 15:15:00+09:00,-0.00019875,0.99375,0.0
2026-06-15 15:20:00+09:00,0.0,0.0,0.0
2026-06-16 09:00:00+09:00,0.0,0.0,0.0
2026-06-16 09:05:00+09:00,0.0,0.0,0.0
2026-06-16 09:10:00+09:00,0.0,0.0,0.0
2026-06-16 09:15:00+09:00,0.0,0.0,0.0
2026-06-16 09:20:00+09:00,0.0,0.0,0.0
2026-06-16 09:25:00+09:00,0.0,0.0,0.0
2026-06-16 09:30:00+09:00,-0.0003889633199057362,1.0,1.0
2026-06-16 09:35:00+09:00,0.0008403863385641289,0.0,0.9939759036144578
2026-06-16 09:40:00+09:00,0.0005887312948328559,0.0,0.9817807816632385
2026-06-16 09:45:00+09:00,0.0004981554926211149,0.0,0.993975903614458
2026-06-16 09:50:00+09:00,6.16303946304674e-05,0.0,0.9879518072289157
2026-06-16 09:55:00+09:00,0.0001074827178973323,0.0,0.9757566852776962
2026-06-16 10:00:00+09:00,-0.0007056945572408629,0.0,0.9939024390243903
2026-06-16 10:05:00+09:00,0.00039126554618866706,0.006097560975609756,0.9878048780487806
2026-06-16 10:10:00+09:00,-0.0005661321680339447,0.0,0.9757566852776962
2026-06-16 10:15:00+09:00,0.00024735392099543054,0.0,0.9637819570966795
2026-06-16 10:20:00+09:00,8.018632446815763e-05,0.0,0.963708492506612
2026-06-16 10:25:00+09:00,0.000296103799826769,0.0,0.9817807816632383
2026-06-16 10:30:00+09:00,7.092043802143721e-05,0.0,0.9757566852776962
2026-06-16 10:35:00+09:00,-0.0004153901321306478,0.0,0.981854246253306
2026-06-16 10:40:00+09:00,5.194588918443925e-05,0.0,0.9333676168086982
2026-06-16 10:45:00+09:00,1.7254455905470115e-05,0.0,0.981854246253306
2026-06-16 10:50:00+09:00,0.00043678843986455577,0.006097560975609756,0.9878048780487806
2026-06-16 10:55:00+09:00,-0.00024122388830839634,0.0,0.9635615633264767
2026-06-16 11:00:00+09:00,0.00013009122119308597,0.0,0.9756832206876285
2026-06-16 11:05:00+09:00,0.0003862129986800733,0.0,0.9637084925066118
2026-06-16 11:10:00+09:00,-9.769372692697509e-05,0.0,0.9575374669409344
2026-06-16 11:15:00+09:00,-0.00010888683995032567,0.03019394651777843,0.9393917131942404
2026-06-16 11:20:00+09:00,-0.00019152218630620043,0.9576109315310021,0.0
2026-06-16 11:25:00+09:00,0.0,0.0,0.0
2026-06-16 12:30:00+09:00,0.0,0.0,0.0
2026-06-16 12:35:00+09:00,0.0,0.0,0.0
2026-06-16 12:40:00+09:00,0.0,0.0,0.0
2026-06-16 12:45:00+09:00,0.0,0.0,0.0
2026-06-16 12:50:00+09:00,0.0,0.0,0.0
2026-06-16 12:55:00+09:00,0.0,0.0,0.0
2026-06-16 13:00:00+09:00,-0.00035416023579806387,1.0,1.0
2026-06-16 13:05:00+09:00,0.00016691155842909257,0.0,0.9815567600120445
2026-06-16 13:10:00+09:00,-0.0001427972555280881,0.0,0.9939024390243902
2026-06-16 13:15:00+09:00,-0.0003095322972962894,0.0,0.9877295995182174
2026-06-16 13:20:00+09:00,3.103721703763676e-05,0.0,0.9876543209876543
2026-06-16 13:25:00+09:00,-0.0001221454516002214,0.0,0.9815567600120445
2026-06-16 13:30:00+09:00,-0.0006208130912854237,0.0,0.9877295995182174
2026-06-16 13:35:00+09:00,0.00025691675832383254,0.0,0.9877295995182174
2026-06-16 13:40:00+09:00,0.0005656881440828328,0.0,0.9876543209876543
2026-06-16 13:45:00+09:00,0.0005446960643875292,0.0,0.9816320385426076
2026-06-16 13:50:00+09:00,0.00022832180724825682,0.0,0.9939024390243902
2026-06-16 13:55:00+09:00,0.0005123654225128595,0.0,0.9754591990364347
2026-06-16 14:00:00+09:00,2.162335817475769e-05,0.0,1.0
2026-06-16 14:05:00+09:00,0.0003991900382056083,0.0,0.9816320385426076
2026-06-16 14:10:00+09:00,-0.0003247999839793055,0.0,0.9939024390243902
2026-06-16 14:15:00+09:00,9.26147085091963e-05,0.0,0.9754591990364347
2026-06-16 14:20:00+09:00,0.0003412867066898508,0.0,0.9877295995182174
2026-06-16 14:25:00+09:00,6.742338415752493e-06,0.0,0.9754591990364347
2026-06-16 14:30:00+09:00,0.00016412355459752517,0.0,0.9816320385426076
2026-06-16 14:35:00+09:00,0.0003057139491371343,0.0,0.9876543209876543
2026-06-16 14:40:00+09:00,9.606058545502654e-05,0.0,0.9877295995182174
2026-06-16 14:45:00+09:00,0.0003606771521765861,0.0,0.9815567600120445
2026-06-16 14:50:00+09:00,0.00024514867969747717,0.0,0.9939024390243902
2026-06-16 14:55:00+09:00,-0.00021079972881030777,0.0,0.9754591990364347
2026-06-16 15:00:00+09:00,1.380708765807382e-05,0.0,0.9939024390243902
2026-06-16 15:05:00+09:00,-0.00016794037659241415,0.0,0.9938271604938271
2026-06-16 15:10:00+09:00,0.0003330416407603592,0.0,0.9938271604938271
2026-06-16 15:15:00+09:00,-0.0002,1.0,0.0
2026-06-16 15:20:00+09:00,0.0,0.0,0.0
2026-06-17 09:00:00+09:00,0.0,0.0,0.0
2026-06-17 09:05:00+09:00,0.0,0.0,0.0
2026-06-17 09:10:00+09:00,0.0,0.0,0.0
2026-06-17 09:15:00+09:00,0.0,0.0,0.0
2026-06-17 09:20:00+09:00,0.0,0.0,0.0
2026-06-17 09:25:00+09:00,0.0,0.0,0.0
2026-06-17 09:30:00+09:00,-2.9840146607530446e-05,1.0,0.9999999999999999
2026-06-17 09:35:00+09:00,0.000881223205888908,0.0,0.9692110809996988
2026-06-17 09:40:00+09:00,-0.0012344305284795062,0.0,0.9939024390243902
2026-06-17 09:45:00+09:00,-7.581428632201273e-05,0.0,1.0
2026-06-17 09:50:00+09:00,-0.0002721532351577649,0.0,0.9939024390243901
2026-06-17 09:55:00+09:00,-0.0005457131333777764,0.0,0.9877295995182175
2026-06-17 10:00:00+09:00,0.0004063307463833234,0.0,0.9876543209876542
2026-06-17 10:05:00+09:00,-0.00027258974881454385,0.0,0.9877295995182174
2026-06-17 10:10:00+09:00,-1.992803425450744e-05,0.0,0.9877295995182174
2026-06-17 10:15:00+09:00,-0.00030264204891001725,0.0,0.9938271604938271
2026-06-17 10:20:00+09:00,-0.0004827674627254469,0.0,0.9939024390243901
2026-06-17 10:25:00+09:00,-0.0004974928127836881,0.0,0.9877295995182173
2026-06-17 10:30:00+09:00,-0.00016947410484470082,0.006172839506172839,0.9877295995182174
2026-06-17 10:35:00+09:00,-0.0001438256597936081,0.0,0.9876543209876543
2026-06-17 10:40:00+09:00,-0.00030089766517458984,0.0,0.9754591990364347
2026-06-17 10:45:00+09:00,0.0001241099581110572,0.0,0.9877295995182174
2026-06-17 10:50:00+09:00,-0.00025368159411640507,0.0,0.9938271604938271
2026-06-17 10:55:00+09:00,0.0009656839972404662,0.0,0.9753839205058717
2026-06-17 11:00:00+09:00,-0.000819855018903872,0.0,0.9753839205058716
2026-06-17 11:05:00+09:00,-0.000411506420550997,0.0,0.9876543209876543
2026-06-17 11:10:00+09:00,0.00020527654499513992,0.012345679012345678,0.9568654019873533
2026-06-17 11:15:00+09:00,-0.0003378871955730842,0.02446552243300211,0.9508431195423066
2026-06-17 11:20:00+09:00,-0.00019140319180969588,0.9570159590484794,0.0
2026-06-17 11:25:00+09:00,0.0,0.0,0.0
2026-06-17 12:30:00+09:00,0.0,0.0,0.0
2026-06-17 12:35:00+09:00,0.0,0.0,0.0
2026-06-17 12:40:00+09:00,0.0,0.0,0.0
2026-06-17 12:45:00+09:00,0.0,0.0,0.0
2026-06-17 12:50:00+09:00,0.0,0.0,0.0
2026-06-17 12:55:00+09:00,0.0,0.0,0.0
2026-06-17 13:00:00+09:00,-0.00026045041159898836,1.0,1.0
2026-06-17 13:05:00+09:00,0.00019946817571804627,0.0,0.9816320385426076
2026-06-17 13:10:00+09:00,-7.792708167089044e-05,0.0,0.9633393556157782
2026-06-17 13:15:00+09:00,1.5783962249873618e-05,0.0,0.9817073170731706
2026-06-17 13:20:00+09:00,8.764451508526448e-05,0.0,1.0
2026-06-17 13:25:00+09:00,-0.00033925145354425537,0.0,0.9878048780487805
2026-06-17 13:30:00+09:00,0.00020183268138711198,0.0,0.9816320385426076
2026-06-17 13:35:00+09:00,0.0006650595546102924,0.0,0.9755344775669978
2026-06-17 13:40:00+09:00,-2.6504980546071096e-05,0.0,0.9878048780487805
2026-06-17 13:45:00+09:00,8.30143575023538e-05,0.0,0.9755344775669978
2026-06-17 13:50:00+09:00,-0.00012067535334894917,0.0,0.9633393556157783
2026-06-17 13:55:00+09:00,-0.00034692207505973696,0.0,0.9939024390243901
2026-06-17 14:00:00+09:00,0.0001683375000024364,0.0,0.9755344775669977
2026-06-17 14:05:00+09:00,0.00022394631483750656,0.0,0.9878048780487805
2026-06-17 14:10:00+09:00,-3.101909819924626e-05,0.0,0.9572417946401686
2026-06-17 14:15:00+09:00,-3.5436406177199904e-05,0.0,0.9815567600120446
2026-06-17 14:20:00+09:00,4.1067133514269714e-05,0.0,0.9877295995182174
2026-06-17 14:25:00+09:00,2.8979800356195972e-05,0.0,0.9817073170731707
2026-06-17 14:30:00+09:00,0.0001854433679002371,0.0,0.9817073170731707
2026-06-17 14:35:00+09:00,3.897532759084025e-05,0.0,0.9939024390243901
2026-06-17 14:40:00+09:00,0.00012039646272198786,0.0,0.9878048780487804
2026-06-17 14:45:00+09:00,1.2452807993581675e-05,0.0,0.9754591990364347
2026-06-17 14:50:00+09:00,-0.0001581811424342963,0.0,0.9755344775669978
2026-06-17 14:55:00+09:00,-0.00041865628368208027,0.0,0.9938271604938271
2026-06-17 15:00:00+09:00,-0.0001568901699763037,0.0,0.9815567600120444
2026-06-17 15:05:00+09:00,-0.000131322372859558,0.0,0.9817073170731706
2026-06-17 15:10:00+09:00,-0.00018984298355981981,0.006172839506172839,0.9938271604938271
2026-06-17 15:15:00+09:00,-0.00019876543209876546,0.9938271604938271,0.0
2026-06-17 15:20:00+09:00,0.0,0.0,0.0
2026-06-18 09:00:00+09:00,0.0,0.0,0.0
2026-06-18 09:05:00+09:00,0.0,0.0,0.0
2026-06-18 09:10:00+09:00,0.0,0.0,0.0
2026-06-18 09:15:00+09:00,0.0,0.0,0.0
2026-06-18 09:20:00+09:00,0.0,0.0,0.0
2026-06-18 09:25:00+09:00,0.0,0.0,0.0
2026-06-18 09:30:00+09:00,-0.00056452691891124,1.0,1.0
2026-06-18 09:35:00+09:00,0.0002392417592034499,0.0,0.9999999999999999
2026-06-18 09:40:00+09:00,0.0003055185499972161,0.0,1.0
2026-06-18 09:45:00+09:00,-0.00016995251390500873,0.0,0.9816320385426076
2026-06-18 09:50:00+09:00,0.00034045251419326976,0.0,0.9877295995182174
2026-06-18 09:55:00+09:00,0.0003343472944519644,0.0,0.9877295995182174
2026-06-18 10:00:00+09:00,-0.00020849422395835795,0.0,0.9877295995182174
2026-06-18 10:05:00+09:00,-0.00014100633232397948,0.0,0.9939024390243902
2026-06-18 10:10:00+09:00,7.599103947790308e-05,0.0,0.9878048780487804
2026-06-18 10:15:00+09:00,-3.724204899000436e-05,0.0,0.9939024390243902
2026-06-18 10:20:00+09:00,7.550703268853035e-06,0.0,0.9939024390243902
2026-06-18 10:25:00+09:00,-0.00012574531275088668,0.0,1.0
2026-06-18 10:30:00+09:00,-0.00028802872748234825,0.0,0.9939024390243902
2026-06-18 10:35:00+09:00,-0.0006454537493580695,0.0,0.9816320385426076
2026-06-18 10:40:00+09:00,-8.815825777971598e-05,0.0,0.9878048780487804
2026-06-18 10:45:00+09:00,0.0005398167165033276,0.0,0.9999999999999999
2026-06-18 10:50:00+09:00,-0.0005620689633009981,0.0,0.9754591990364347
2026-06-18 10:55:00+09:00,-0.00034251018023971126,0.0,0.9817073170731707
2026-06-18 11:00:00+09:00,-1.30927333875872e-05,0.006097560975609756,0.9877295995182174
2026-06-18 11:05:00+09:00,0.00024123360996624552,0.0,0.9817073170731706
2026-06-18 11:10:00+09:00,-0.00022300084756649922,0.0,0.969361638060825
2026-06-18 11:15:00+09:00,7.869605204450703e-05,0.01829268292682927,0.9572417946401686
2026-06-18 11:20:00+09:00,-0.0001951219512195122,0.975609756097561,0.0
2026-06-18 11:25:00+09:00,0.0,0.0,0.0
2026-06-18 12:30:00+09:00,0.0,0.0,0.0
2026-06-18 12:35:00+09:00,0.0,0.0,0.0
2026-06-18 12:40:00+09:00,0.0,0.0,0.0
2026-06-18 12:45:00+09:00,0.0,0.0,0.0
2026-06-18 12:50:00+09:00,0.0,0.0,0.0
2026-06-18 12:55:00+09:00,0.0,0.0,0.0
2026-06-18 13:00:00+09:00,-0.0005761608491674292,1.0,1.0
2026-06-18 13:05:00+09:00,6.624674852598946e-05,0.0,0.9878048780487805
2026-06-18 13:10:00+09:00,4.0993333385122086e-05,0.0,0.9939024390243902
2026-06-18 13:15:00+09:00,0.00033058411349416934,0.0,0.9877295995182174
2026-06-18 13:20:00+09:00,-8.881120362206406e-05,0.0,1.0
2026-06-18 13:25:00+09:00,5.627102973706029e-05,0.0,0.975609756097561
2026-06-18 13:30:00+09:00,0.0003980997763715762,0.0,0.9877295995182173
2026-06-18 13:35:00+09:00,-0.00010508594774542094,0.0,0.975609756097561
2026-06-18 13:40:00+09:00,-3.1330753346807035e-05,0.0,0.9938271604938272
2026-06-18 13:45:00+09:00,-8.536481471554021e-05,0.0,0.975609756097561
2026-06-18 13:50:00+09:00,-7.460129059206139e-05,0.0,0.9694369165913882
2026-06-18 13:55:00+09:00,-0.00021384865693495692,0.0,0.9817073170731707
2026-06-18 14:00:00+09:00,6.119319560197385e-05,0.0,0.9817073170731707
2026-06-18 14:05:00+09:00,0.00011609444181313133,0.0,0.9878048780487805
2026-06-18 14:10:00+09:00,-0.00025781396852946346,0.0,0.9816320385426076
2026-06-18 14:15:00+09:00,0.00018614798404488432,0.0,0.9878048780487805
2026-06-18 14:20:00+09:00,-7.790945080844128e-06,0.0,0.9510689551339957
2026-06-18 14:25:00+09:00,-0.00015333918422862764,0.0,0.9817073170731707
2026-06-18 14:30:00+09:00,0.0001763138069810263,0.0,1.0
2026-06-18 14:35:00+09:00,-0.0001681950450754371,0.0,0.9999999999999999
2026-06-18 14:40:00+09:00,0.00041323598417757144,0.0,0.9573170731707317
2026-06-18 14:45:00+09:00,5.7429616806637546e-05,0.0,0.9878048780487805
2026-06-18 14:50:00+09:00,6.900866036624677e-05,0.0,0.9877295995182174
2026-06-18 14:55:00+09:00,8.278409876555717e-05,0.0,0.9817073170731707
2026-06-18 15:00:00+09:00,0.00034031913352366007,0.0,0.9877295995182174
2026-06-18 15:05:00+09:00,-0.0003101994118849145,0.0,0.9938271604938271
2026-06-18 15:10:00+09:00,-2.0837043904119378e-05,0.0,0.9877295995182174
2026-06-18 15:15:00+09:00,-0.0002,1.0,0.0
2026-06-18 15:20:00+09:00,0.0,0.0,0.0
2026-06-19 09:00:00+09:00,0.0,0.0,0.0
2026-06-19 09:05:00+09:00,0.0,0.0,0.0
2026-06-19 09:10:00+09:00,0.0,0.0,0.0
2026-06-19 09:15:00+09:00,0.0,0.0,0.0
2026-06-19 09:20:00+09:00,0.0,0.0,0.0
2026-06-19 09:25:00+09:00,0.0,0.0,0.0
2026-06-19 09:30:00+09:00,-0.0001234553156546292,1.0,1.0
2026-06-19 09:35:00+09:00,0.00013588937424034896,0.0,0.9878783426388481
2026-06-19 09:40:00+09:00,-0.00088901039588492,0.0,0.9939024390243902
2026-06-19 09:45:00+09:00,0.0002414750075427717,0.006097560975609756,0.9878783426388482
2026-06-19 09:50:00+09:00,0.000499156448482095,0.0,0.9817807816632385
2026-06-19 09:55:00+09:00,0.00030566143512493135,0.0,0.9939024390243903
2026-06-19 10:00:00+09:00,-0.0006572216143063936,0.0,0.9878783426388482
2026-06-19 10:05:00+09:00,-0.00041067200044597816,0.0,0.9939024390243903
2026-06-19 10:10:00+09:00,0.00017238350798143504,0.0,0.9939024390243903
2026-06-19 10:15:00+09:00,0.0006184150955156327,0.0,0.9757566852776962
2026-06-19 10:20:00+09:00,0.0006412631376703652,0.0,0.969732588892154
2026-06-19 10:25:00+09:00,0.0002715400101567487,0.0,0.9817807816632383
2026-06-19 10:30:00+09:00,-0.0008176002352945806,0.0,0.9817807816632385
2026-06-19 10:35:00+09:00,0.0004769712376890985,0.0,0.9878048780487805
2026-06-19 10:40:00+09:00,-0.0004749356744473123,0.0,0.9817073170731707
2026-06-19 10:45:00+09:00,0.000263442393349873,0.0,0.9939024390243902
2026-06-19 10:50:00+09:00,3.956100470327376e-06,0.0,0.9939024390243902
2026-06-19 10:55:00+09:00,9.26176812900389e-05,0.0,0.9697325888921541
2026-06-19 11:00:00+09:00,-0.0002485166582787308,0.0,0.9939024390243902
2026-06-19 11:05:00+09:00,0.0003068636161318598,0.006097560975609756,0.9817807816632385
2026-06-19 11:10:00+09:00,-0.00019955026806500918,0.006024096385542169,0.9817807816632385
2026-06-19 11:15:00+09:00,0.00038723770601932814,0.012048192771084338,0.9697325888921541
2026-06-19 11:20:00+09:00,-0.00019394651777843082,0.969732588892154,0.0
2026-06-19 11:25:00+09:00,0.0,0.0,0.0
2026-06-19 12:30:00+09:00,0.0,0.0,0.0
2026-06-19 12:35:00+09:00,0.0,0.0,0.0
2026-06-19 12:40:00+09:00,0.0,0.0,0.0
2026-06-19 12:45:00+09:00,0.0,0.0,0.0
2026-06-19 12:50:00+09:00,0.0,0.0,0.0
2026-06-19 12:55:00+09:00,0.0,0.0,0.0
2026-06-19 13:00:00+09:00,-0.0002924583529678031,1.0,1.0
2026-06-19 13:05:00+09:00,-0.0004075752664280921,0.0,0.9814814814814814
2026-06-19 13:10:00+09:00,-2.7818986489860096e-05,0.0,0.9939024390243902
2026-06-19 13:15:00+09:00,-0.00010626780772871893,0.0,0.9877295995182174
2026-06-19 13:20:00+09:00,0.00023696568291272204,0.0,0.9877295995182174
2026-06-19 13:25:00+09:00,0.0002686978672387331,0.0,0.9631135200240891
2026-06-19 13:30:00+09:00,0.0001240509802891773,0.0,0.9939024390243901
2026-06-19 13:35:00+09:00,-2.585870755977107e-05,0.0,0.9692110809996988
2026-06-19 13:40:00+09:00,0.00012574341449366302,0.0,0.9938271604938271
2026-06-19 13:45:00+09:00,0.00014582152880348204,0.0,0.9753839205058716
2026-06-19 13:50:00+09:00,0.0002601842690223599,0.0,0.9939024390243902
2026-06-19 13:55:00+09:00,-0.00030355143715963195,0.0,0.9878048780487805
2026-06-19 14:00:00+09:00,0.0002831472203853288,0.0,0.9939024390243902
2026-06-19 14:05:00+09:00,0.0003808884213380103,0.0,0.9877295995182174
2026-06-19 14:10:00+09:00,0.00018414834761671086,0.0,0.9754591990364347
2026-06-19 14:15:00+09:00,-0.00016121153078874274,0.0,0.9816320385426076
2026-06-19 14:20:00+09:00,0.0005519393343411091,0.0,0.9754591990364347
2026-06-19 14:25:00+09:00,-3.829799149161006e-05,0.0,0.9939024390243902
2026-06-19 14:30:00+09:00,0.0003532472184729991,0.0,0.9877295995182174
2026-06-19 14:35:00+09:00,-0.0003623802118074809,0.0,0.9939024390243902
2026-06-19 14:40:00+09:00,-6.234768206449128e-05,0.0,0.9816320385426076
2026-06-19 14:45:00+09:00,1.4241980184667567e-05,0.0,0.9939024390243902
2026-06-19 14:50:00+09:00,-0.0002491132739111966,0.0,0.9815567600120445
2026-06-19 14:55:00+09:00,0.000630747744279555,0.0,0.9939024390243902
2026-06-19 15:00:00+09:00,-0.00031856409857368325,0.0,0.9999999999999999
2026-06-19 15:05:00+09:00,0.00017247562153738306,0.0,0.9877295995182174
2026-06-19 15:10:00+09:00,-0.00035784081589102575,0.006097560975609756,0.9939024390243902
2026-06-19 15:15:00+09:00,-0.00019878048780487805,0.9939024390243902,0.0
2026-06-19 15:20:00+09:00,0.0,0.0,0.0
2026-06-22 09:00:00+09:00,0.0,0.0,0.0
2026-06-22 09:05:00+09:00,0.0,0.0,0.0
2026-06-22 09:10:00+09:00,0.0,0.0,0.0
2026-06-22 09:15:00+09:00,0.0,0.0,0.0
2026-06-22 09:20:00+09:00,0.0,0.0,0.0
2026-06-22 09:25:00+09:00,0.0,0.0,0.0
2026-06-22 09:30:00+09:00,-1.901051815892386e-05,1.0,1.0
2026-06-22 09:35:00+09:00,0.00016421523603188268,0.0,0.9879518072289157
2026-06-22 09:40:00+09:00,-0.0008954850115074586,0.0,1.0
2026-06-22 09:45:00+09:00,-0.00031442099371939186,0.0,0.9939759036144579
2026-06-22 09:50:00+09:00,0.0005751966021452505,0.0,0.9759036144578315
2026-06-22 09:55:00+09:00,-0.0002081233065835892,0.0,0.9819277108433736
2026-06-22 10:00:00+09:00,-0.0005524128817376843,0.0,0.987878342638848
2026-06-22 10:05:00+09:00,-0.00011886838869715511,0.0,0.9698060534822216
2026-06-22 10:10:00+09:00,7.220455448166214e-05,0.0,0.9758301498677638
2026-06-22 10:15:00+09:00,2.791720718070569e-05,0.0,0.957831325301205
2026-06-22 10:20:00+09:00,-0.00043275771564010694,0.0,1.0
2026-06-22 10:25:00+09:00,8.980193723816909e-05,0.0,0.993975903614458
2026-06-22 10:30:00+09:00,-0.00018050050918232732,0.0,0.9879518072289156
2026-06-22 10:35:00+09:00,-0.00023896961297354517,0.0,0.9576843961210697
2026-06-22 10:40:00+09:00,-0.0007323553877427794,0.0,0.9698795180722892
2026-06-22 10:45:00+09:00,-0.00022326919546974977,0.0,0.963855421686747
2026-06-22 10:50:00+09:00,-0.0002359835249011564,0.0,0.957831325301205
2026-06-22 10:55:00+09:00,0.00010778097561272569,0.0,0.9637819570966794
2026-06-22 11:00:00+09:00,3.881421513493435e-05,0.0,0.9698795180722892
2026-06-22 11:05:00+09:00,8.182543757431276e-05,0.0,0.981854246253306
2026-06-22 11:10:00+09:00,-2.6647786945834273e-05,0.024169850132236263,0.9577578607111372
2026-06-22 11:15:00+09:00,9.609890935008144e-05,0.02424331472230385,0.909197766676462
2026-06-22 11:20:00+09:00,-0.000190317367029092,0.9515868351454599,0.0
2026-06-22 11:25:00+09:00,0.0,0.0,0.0
2026-06-22 12:30:00+09:00,0.0,0.0,0.0
2026-06-22 12:35:00+09:00,0.0,0.0,0.0
2026-06-22 12:40:00+09:00,0.0,0.0,0.0
2026-06-22 12:45:00+09:00,0.0,0.0,0.0
2026-06-22 12:50:00+09:00,0.0,0.0,0.0
2026-06-22 12:55:00+09:00,0.0,0.0,0.0
2026-06-22 13:00:00+09:00,0.00011718346209651288,1.0,1.0
2026-06-22 13:05:00+09:00,-5.287525561887559e-05,0.0,0.9878783426388482
2026-06-22 13:10:00+09:00,-0.0002090096059987182,0.0,0.981854246253306
2026-06-22 13:15:00+09:00,-4.584647360916659e-05,0.0,0.9939024390243902
2026-06-22 13:20:00+09:00,-0.00019967537742933642,0.0,0.981854246253306
2026-06-22 13:25:00+09:00,-0.00026130537971698445,0.0,0.9817807816632382
2026-06-22 13:30:00+09:00,5.1854787900306916e-05,0.0,0.9756832206876285
2026-06-22 13:35:00+09:00,0.00018192560218009958,0.0,0.9637819570966795
2026-06-22 13:40:00+09:00,-0.00011326117791939144,0.0,0.987878342638848
2026-06-22 13:45:00+09:00,5.560749205972698e-05,0.0,0.981854246253306
2026-06-22 13:50:00+09:00,8.973403946440744e-05,0.0,0.963855421686747
2026-06-22 13:55:00+09:00,-0.00016095420009096774,0.0,0.9637819570966795
2026-06-22 14:00:00+09:00,0.00015160656151959266,0.0,0.9638554216867471
2026-06-22 14:05:00+09:00,-0.00019509889938336433,0.0,0.9819277108433735
2026-06-22 14:10:00+09:00,-0.00018533710709229447,0.0,0.9759036144578315
2026-06-22 14:15:00+09:00,-0.00031017344874219283,0.0,0.9576843961210698
2026-06-22 14:20:00+09:00,-6.861984869045585e-05,0.0,0.9939759036144578
2026-06-22 14:25:00+09:00,-0.00021813844661564344,0.0,0.9636350279165443
2026-06-22 14:30:00+09:00,0.0003589163736939765,0.0,0.9879518072289157
2026-06-22 14:35:00+09:00,0.00013148546208776788,0.0,0.9758301498677638
2026-06-22 14:40:00+09:00,-6.87661496882615e-05,0.0,0.9819277108433735
2026-06-22 14:45:00+09:00,-0.00018215091475884255,0.0,0.9879518072289157
2026-06-22 14:50:00+09:00,-2.0022304112679855e-07,0.0,0.9637819570966795
2026-06-22 14:55:00+09:00,-7.549428024360795e-05,0.0,0.963708492506612
2026-06-22 15:00:00+09:00,5.933211935796702e-05,0.0,0.987878342638848
2026-06-22 15:05:00+09:00,-1.0044014421529842e-05,0.0,0.987878342638848
2026-06-22 15:10:00+09:00,5.035110109574304e-06,0.0,0.9757566852776962
2026-06-22 15:15:00+09:00,-0.0002,1.0,0.0
2026-06-22 15:20:00+09:00,0.0,0.0,0.0
2026-06-23 09:00:00+09:00,0.0,0.0,0.0
2026-06-23 09:05:00+09:00,0.0,0.0,0.0
2026-06-23 09:10:00+09:00,0.0,0.0,0.0
2026-06-23 09:15:00+09:00,0.0,0.0,0.0
2026-06-23 09:20:00+09:00,0.0,0.0,0.0
2026-06-23 09:25:00+09:00,0.0,0.0,0.0
2026-06-23 09:30:00+09:00,-0.0007578867510436117,1.0,1.0
2026-06-23 09:35:00+09:00,0.00046010278179047176,0.0,1.0
2026-06-23 09:40:00+09:00,0.0026171413327820865,0.0,0.9696591243020865
2026-06-23 09:45:00+09:00,0.0001889913913727922,0.0,0.9634880987364092
2026-06-23 09:50:00+09:00,0.00047302470711888244,0.0,0.9878783426388482
2026-06-23 09:55:00+09:00,0.0007653777385862326,0.0,0.9878048780487805
2026-06-23 10:00:00+09:00,-2.1009194328992407e-05,0.0,0.9878048780487805
2026-06-23 10:05:00+09:00,-0.00017642207112025132,0.0,0.9817807816632385
2026-06-23 10:10:00+09:00,-0.00023140572504760836,0.0,0.9573905377607994
2026-06-23 10:15:00+09:00,-0.0005737852107703749,0.0,0.9939024390243902
2026-06-23 10:20:00+09:00,3.635018332005437e-05,0.0,0.9756832206876286
2026-06-23 10:25:00+09:00,-0.000889852411164336,0.0,0.9817807816632385
2026-06-23 10:30:00+09:00,-0.0009572652626980258,0.0,0.9635615633264767
2026-06-23 10:35:00+09:00,-0.0013959893494394067,0.0,0.9695856597120189
2026-06-23 10:40:00+09:00,-0.002341099633908914,0.0,0.9817807816632383
2026-06-23 10:45:00+09:00,-0.0005590240295623086,0.0,0.9878783426388482
2026-06-23 10:50:00+09:00,-0.0008028405511083836,0.0,0.9878783426388482
2026-06-23 10:55:00+09:00,0.0009058654452921929,0.0,0.9756832206876287
2026-06-23 11:00:00+09:00,-0.0013318079025400821,0.0,0.9878048780487805
2026-06-23 11:05:00+09:00,0.0009186480579292036,0.0,0.9695121951219512
2026-06-23 11:10:00+09:00,0.0009612536706285316,0.018145753746694096,0.9757566852776962
2026-06-23 11:15:00+09:00,0.0001968986901965242,0.012195121951219513,0.9391713194240376
2026-06-23 11:20:00+09:00,-0.0001939318248604173,0.9696591243020865,0.0
2026-06-23 11:25:00+09:00,0.0,0.0,0.0
2026-06-23 12:30:00+09:00,0.0,0.0,0.0
2026-06-23 12:35:00+09:00,0.0,0.0,0.0
2026-06-23 12:40:00+09:00,0.0,0.0,0.0
2026-06-23 12:45:00+09:00,0.0,0.0,0.0
2026-06-23 12:50:00+09:00,0.0,0.0,0.0
2026-06-23 12:55:00+09:00,0.0,0.0,0.0
2026-06-23 13:00:00+09:00,0.000572472070922803,1.0,1.0
2026-06-23 13:05:00+09:00,1.3066504481391188e-05,0.0,0.9815567600120445
2026-06-23 13:10:00+09:00,0.0006016339417810893,0.0,0.9817073170731707
2026-06-23 13:15:00+09:00,0.00013555446088726203,0.0,0.9693616380608251
2026-06-23 13:20:00+09:00,0.00012734875175214112,0.0,0.993827160493827
2026-06-23 13:25:00+09:00,0.00024161241846057732,0.0,0.9509183980728696
2026-06-23 13:30:00+09:00,0.00021778719699759168,0.0,0.9570159590484794
2026-06-23 13:35:00+09:00,0.0002820598248208923,0.0,0.9877295995182175
2026-06-23 13:40:00+09:00,0.0003796652329833901,0.0,0.9755344775669978
2026-06-23 13:45:00+09:00,0.0004627776444976795,0.0,0.9755344775669978
2026-06-23 13:50:00+09:00,-0.00026348862327118643,0.0,0.9877295995182174
2026-06-23 13:55:00+09:00,-0.00030502044152971804,0.0,0.9877295995182174
2026-06-23 14:00:00+09:00,0.0006095517561613391,0.0,0.975609756097561
2026-06-23 14:05:00+09:00,0.00041523640303257035,0.0,0.9815567600120445
2026-06-23 14:10:00+09:00,0.0007774911265896296,0.0,0.9878048780487805
2026-06-23 14:15:00+09:00,0.0005019646941684964,0.0,0.9878048780487805
2026-06-23 14:20:00+09:00,0.0014297466062438103,0.0,0.9878048780487805
2026-06-23 14:25:00+09:00,0.0009476395223303373,0.0,1.0
2026-06-23 14:30:00+09:00,0.0003551437684538698,0.0,1.0
2026-06-23 14:35:00+09:00,-0.0017846934103795547,0.0,1.0
2026-06-23 14:40:00+09:00,-0.0006591184229775193,0.0,0.9816320385426076
2026-06-23 14:45:00+09:00,0.00042404627907960537,0.0,1.0
2026-06-23 14:50:00+09:00,0.0007331042963749067,0.0,0.9939024390243902
2026-06-23 14:55:00+09:00,-0.000614699841246366,0.0,1.0
2026-06-23 15:00:00+09:00,0.0011851275847577479,0.0,0.9878048780487805
2026-06-23 15:05:00+09:00,0.0004449487512417797,0.0,1.0
2026-06-23 15:10:00+09:00,2.4082043965910205e-05,0.0,1.0
2026-06-23 15:15:00+09:00,-0.0002,1.0,0.0
2026-06-23 15:20:00+09:00,0.0,0.0,0.0
2026-06-24 09:00:00+09:00,0.0,0.0,0.0
2026-06-24 09:05:00+09:00,0.0,0.0,0.0
2026-06-24 09:10:00+09:00,0.0,0.0,0.0
2026-06-24 09:15:00+09:00,0.0,0.0,0.0
2026-06-24 09:20:00+09:00,0.0,0.0,0.0
2026-06-24 09:25:00+09:00,0.0,0.0,0.0
2026-06-24 09:30:00+09:00,0.0011097981538976732,1.0,1.0
2026-06-24 09:35:00+09:00,0.0008926909827897377,0.0,0.9755344775669978
2026-06-24 09:40:00+09:00,0.001965198516907374,0.0,0.9878048780487805
2026-06-24 09:45:00+09:00,0.001114796708991875,0.0,0.9938271604938271
2026-06-24 09:50:00+09:00,-0.001644416225988411,0.0,1.0
2026-06-24 09:55:00+09:00,0.001588480258582104,0.0,0.9877295995182174
2026-06-24 10:00:00+09:00,1.6511155169179306e-05,0.0,0.9939024390243901
2026-06-24 10:05:00+09:00,-0.00013842757687496703,0.0,0.9878048780487805
2026-06-24 10:10:00+09:00,0.0027492569589193734,0.0,0.9755344775669978
2026-06-24 10:15:00+09:00,-0.0015776002536580717,0.0,0.9878048780487804
2026-06-24 10:20:00+09:00,0.00012517429164202586,0.0,0.9939024390243901
2026-06-24 10:25:00+09:00,1.1489975921352856e-08,0.0,0.9939024390243901
2026-06-24 10:30:00+09:00,0.0003775730758204667,0.0,0.9755344775669978
2026-06-24 10:35:00+09:00,0.000723514007756516,0.0,0.9815567600120445
2026-06-24 10:40:00+09:00,-0.0005949561358931287,0.0,0.9754591990364347
2026-06-24 10:45:00+09:00,-0.0009528531285770534,0.0,0.9816320385426076
2026-06-24 10:50:00+09:00,-0.0004927369116528398,0.0,0.9816320385426076
2026-06-24 10:55:00+09:00,-0.0009153323039741527,0.0,0.9817073170731706
2026-06-24 11:00:00+09:00,-0.0001905179175981664,0.0,0.9878048780487805
2026-06-24 11:05:00+09:00,0.0002638583363981939,0.012195121951219513,0.9817073170731707
2026-06-24 11:10:00+09:00,0.0006103296379925239,0.0,0.9325504366154773
2026-06-24 11:15:00+09:00,0.0007815183389169339,0.012270400481782595,0.9572417946401686
2026-06-24 11:20:00+09:00,-0.00019510689551339959,0.9755344775669978,0.0
2026-06-24 11:25:00+09:00,0.0,0.0,0.0
2026-06-24 12:30:00+09:00,0.0,0.0,0.0
2026-06-24 12:35:00+09:00,0.0,0.0,0.0
2026-06-24 12:40:00+09:00,0.0,0.0,0.0
2026-06-24 12:45:00+09:00,0.0,0.0,0.0
2026-06-24 12:50:00+09:00,0.0,0.0,0.0
2026-06-24 12:55:00+09:00,0.0,0.0,0.0
2026-06-24 13:00:00+09:00,-0.00018456868678344711,1.0,1.0
2026-06-24 13:05:00+09:00,-0.0007781341261536296,0.0,0.9874999999999999
2026-06-24 13:10:00+09:00,-0.0012372891669494492,0.0,0.9874999999999999
2026-06-24 13:15:00+09:00,-0.0018374437332142842,0.0,1.0
2026-06-24 13:20:00+09:00,-0.0003477129039615156,0.0,1.0
2026-06-24 13:25:00+09:00,0.0013695092917306998,0.0,0.99375
2026-06-24 13:30:00+09:00,0.00027851493472932817,0.0,0.9688271604938272
2026-06-24 13:35:00+09:00,0.0010218673887663979,0.0,0.9750771604938271
2026-06-24 13:40:00+09:00,-0.0002826928866343502,0.0,0.9813271604938272
2026-06-24 13:45:00+09:00,0.00045191980036714914,0.0,0.9937499999999999
2026-06-24 13:50:00+09:00,0.0013777985592977702,0.0,0.9751543209876543
2026-06-24 13:55:00+09:00,0.0011174025715290235,0.0,0.9874999999999999
2026-06-24 14:00:00+09:00,0.0007583279513253263,0.0,0.99375
2026-06-24 14:05:00+09:00,0.00035002244974018435,0.0,0.9874999999999999
2026-06-24 14:10:00+09:00,0.001110290669042851,0.0,0.98125
2026-06-24 14:15:00+09:00,0.0007637412138966319,0.0,0.9814043209876543
2026-06-24 14:20:00+09:00,-0.0006434802296009585,0.0,1.0
2026-06-24 14:25:00+09:00,0.00044125626131498306,0.0,0.9813271604938271
2026-06-24 14:30:00+09:00,0.0013508586112036998,0.0,0.9750771604938271
2026-06-24 14:35:00+09:00,6.294893156393653e-05,0.0,0.9750000000000001
2026-06-24 14:40:00+09:00,0.0002588707805011347,0.0,0.9689043209876543
2026-06-24 14:45:00+09:00,-0.0008628369293449823,0.0,0.9937499999999999
2026-06-24 14:50:00+09:00,-0.0005731610310110779,0.0,0.9813271604938272
2026-06-24 14:55:00+09:00,-1.3720220854685157e-05,0.0,0.99375
2026-06-24 15:00:00+09:00,0.0002841345986972069,0.0,0.9875
2026-06-24 15:05:00+09:00,-0.00043382475232478176,0.0,0.9753086419753086
2026-06-24 15:10:00+09:00,-1.0315052911278832e-05,0.00625,0.9814043209876543
2026-06-24 15:15:00+09:00,-0.00019875,0.99375,0.0
2026-06-24 15:20:00+09:00,0.0,0.0,0.0
2026-06-25 09:00:00+09:00,0.0,0.0,0.0
2026-06-25 09:05:00+09:00,0.0,0.0,0.0
2026-06-25 09:10:00+09:00,0.0,0.0,0.0
2026-06-25 09:15:00+09:00,0.0,0.0,0.0
2026-06-25 09:20:00+09:00,0.0,0.0,0.0
2026-06-25 09:25:00+09:00,0.0,0.0,0.0
2026-06-25 09:30:00+09:00,0.000679389374060816,1.0,1.0
2026-06-25 09:35:00+09:00,-0.0007138318308364665,0.0,0.9938271604938271
2026-06-25 09:40:00+09:00,0.00012038194974551068,0.0,0.9815567600120445
2026-06-25 09:45:00+09:00,0.0006527497067189785,0.0,0.9878048780487805
2026-06-25 09:50:00+09:00,-4.299293820805565e-05,0.0,0.9938271604938271
2026-06-25 09:55:00+09:00,-0.000880831910424628,0.0,0.9876543209876543
2026-06-25 10:00:00+09:00,-0.0003828134345975569,0.0,1.0
2026-06-25 10:05:00+09:00,0.0001578301833677684,0.0,0.9754591990364347
2026-06-25 10:10:00+09:00,0.0005028918615282196,0.0,0.9938271604938271
2026-06-25 10:15:00+09:00,-0.001041067224316803,0.0,0.969361638060825
2026-06-25 10:20:00+09:00,0.00010413048737883039,0.0,0.9878048780487805
2026-06-25 10:25:00+09:00,0.0004852038096375462,0.0,0.9753086419753086
2026-06-25 10:30:00+09:00,0.0005150454565457749,0.0,0.9816320385426076
2026-06-25 10:35:00+09:00,0.00011064780283112982,0.0,0.9878048780487805
2026-06-25 10:40:00+09:00,0.0001434098059597262,0.0,1.0
2026-06-25 10:45:00+09:00,-4.397911757485963e-05,0.0,0.9753839205058716
2026-06-25 10:50:00+09:00,-0.00075969465304537,0.0,0.9877295995182174
2026-06-25 10:55:00+09:00,0.0005772760718384813,0.0,0.9816320385426076
2026-06-25 11:00:00+09:00,-0.00041167017248009194,0.0,0.9815567600120445
2026-06-25 11:05:00+09:00,-0.00046623360632916454,0.0,0.969361638060825
2026-06-25 11:10:00+09:00,0.00040380794184938435,0.006097560975609756,0.9877295995182174
2026-06-25 11:15:00+09:00,5.5694755133476114e-05,0.006172839506172839,0.9754591990364347
2026-06-25 11:20:00+09:00,-0.0001975459199036435,0.9877295995182174,0.0
2026-06-25 11:25:00+09:00,0.0,0.0,0.0
2026-06-25 12:30:00+09:00,0.0,0.0,0.0
2026-06-25 12:35:00+09:00,0.0,0.0,0.0
2026-06-25 12:40:00+09:00,0.0,0.0,0.0
2026-06-25 12:45:00+09:00,0.0,0.0,0.0
2026-06-25 12:50:00+09:00,0.0,0.0,0.0
2026-06-25 12:55:00+09:00,0.0,0.0,0.0
2026-06-25 13:00:00+09:00,-7.709054435411843e-05,1.0,1.0
2026-06-25 13:05:00+09:00,-0.00025385281212427077,0.0,0.9875
2026-06-25 13:10:00+09:00,-0.0008540023156117647,0.0,0.9938271604938271
2026-06-25 13:15:00+09:00,0.00048105005529758277,0.0,0.9938271604938271
2026-06-25 13:20:00+09:00,-0.0001523211482083105,0.0,0.9938271604938271
2026-06-25 13:25:00+09:00,-0.0005974334743082143,0.0,0.9938271604938271
2026-06-25 13:30:00+09:00,-8.803085493631369e-05,0.0,0.9814043209876542
2026-06-25 13:35:00+09:00,0.0005617133412029673,0.0,0.987577160493827
2026-06-25 13:40:00+09:00,0.0010716965863979398,0.0,0.99375
2026-06-25 13:45:00+09:00,0.0006074979602320788,0.0,1.0
2026-06-25 13:50:00+09:00,0.0002003641216223097,0.0,1.0
2026-06-25 13:55:00+09:00,0.00027594038978411657,0.0,0.9814043209876543
2026-06-25 14:00:00+09:00,0.00034328975444258516,0.0,0.9875771604938272
2026-06-25 14:05:00+09:00,0.00010304699952024117,0.0,0.9752314814814815
2026-06-25 14:10:00+09:00,-0.0002274815064489033,0.0,0.9938271604938271
2026-06-25 14:15:00+09:00,-7.504163402292527e-05,0.0,1.0
2026-06-25 14:20:00+09:00,-0.00011437349399982957,0.0,1.0
2026-06-25 14:25:00+09:00,0.0005472379270311048,0.0,0.9814043209876544
2026-06-25 14:30:00+09:00,-0.00019216857983898016,0.0,0.99375
2026-06-25 14:35:00+09:00,0.00025026655273914327,0.0,0.9813271604938271
2026-06-25 14:40:00+09:00,0.00020549250066406431,0.0,0.9938271604938271
2026-06-25 14:45:00+09:00,-0.0004807349223402993,0.0,0.9938271604938271
2026-06-25 14:50:00+09:00,0.000583750479184675,0.0,0.9751543209876543
2026-06-25 14:55:00+09:00,0.00019967073641827477,0.0,0.9938271604938271
2026-06-25 15:00:00+09:00,0.000890162346140151,0.0,0.987577160493827
2026-06-25 15:05:00+09:00,0.0001990973531925284,0.0,1.0
2026-06-25 15:10:00+09:00,2.371369721985261e-05,0.0,1.0
2026-06-25 15:15:00+09:00,-0.0002,1.0,0.0
2026-06-25 15:20:00+09:00,0.0,0.0,0.0
2026-06-26 09:00:00+09:00,0.0,0.0,0.0
2026-06-26 09:05:00+09:00,0.0,0.0,0.0
2026-06-26 09:10:00+09:00,0.0,0.0,0.0
2026-06-26 09:15:00+09:00,0.0,0.0,0.0
2026-06-26 09:20:00+09:00,0.0,0.0,0.0
2026-06-26 09:25:00+09:00,0.0,0.0,0.0
2026-06-26 09:30:00+09:00,0.0017195832522115962,1.0,1.0
2026-06-26 09:35:00+09:00,-0.0008848121639696002,0.0,0.9695856597120189
2026-06-26 09:40:00+09:00,0.0007420538703090849,0.0,0.9939759036144578
2026-06-26 09:45:00+09:00,-0.00044663373505103045,0.0,0.9817073170731707
2026-06-26 09:50:00+09:00,0.0003795524454855695,0.0,0.9939024390243902
2026-06-26 09:55:00+09:00,0.0003174265453894812,0.0,0.9939024390243902
2026-06-26 10:00:00+09:00,-0.000952845159503745,0.0,1.0
2026-06-26 10:05:00+09:00,0.0007203638166758115,0.0,0.9878048780487806
2026-06-26 10:10:00+09:00,0.0008535662164124337,0.0,0.975609756097561
2026-06-26 10:15:00+09:00,-0.0003604884500921098,0.0,0.975609756097561
2026-06-26 10:20:00+09:00,-0.00022125457057848536,0.0,0.9695121951219512
2026-06-26 10:25:00+09:00,-0.0010365992756101903,0.0,0.9695856597120189
2026-06-26 10:30:00+09:00,9.103318222139702e-05,0.0,1.0
2026-06-26 10:35:00+09:00,7.006153397737929e-05,0.0,0.9817073170731707
2026-06-26 10:40:00+09:00,0.00011597635477451023,0.0,0.9939024390243902
2026-06-26 10:45:00+09:00,-0.0009834508803266138,0.0,0.9634880987364092
2026-06-26 10:50:00+09:00,-0.0006778486264686337,0.0,0.9817073170731707
2026-06-26 10:55:00+09:00,-0.0007193442681491307,0.0,0.9878048780487805
2026-06-26 11:00:00+09:00,-0.00034774104613417785,0.0,0.9696591243020865
2026-06-26 11:05:00+09:00,-0.00039702511571498855,0.006097560975609756,0.9756832206876285
2026-06-26 11:10:00+09:00,-0.0005682777516500445,0.006097560975609756,0.9573905377607994
2026-06-26 11:15:00+09:00,-0.000186425316056418,0.012195121951219513,0.9634146341463414
2026-06-26 11:20:00+09:00,-0.0001951219512195122,0.9756097560975611,0.0
2026-06-26 11:25:00+09:00,0.0,0.0,0.0
2026-06-26 12:30:00+09:00,0.0,0.0,0.0
2026-06-26 12:35:00+09:00,0.0,0.0,0.0
2026-06-26 12:40:00+09:00,0.0,0.0,0.0
2026-06-26 12:45:00+09:00,0.0,0.0,0.0
2026-06-26 12:50:00+09:00,0.0,0.0,0.0
2026-06-26 12:55:00+09:00,0.0,0.0,0.0
2026-06-26 13:00:00+09:00,-0.001174582449016672,1.0,1.0
2026-06-26 13:05:00+09:00,0.00010811614657482089,0.0,0.9759036144578314
2026-06-26 13:10:00+09:00,0.0010222481345460782,0.0,0.9819277108433736
2026-06-26 13:15:00+09:00,0.0011574405029264304,0.0,0.993975903614458
2026-06-26 13:20:00+09:00,-0.0004894665924228034,0.0,0.9819277108433735
2026-06-26 13:25:00+09:00,0.0009281437525958033,0.0,0.9698060534822216
2026-06-26 13:30:00+09:00,0.00019754206788531365,0.0,0.981854246253306
2026-06-26 13:35:00+09:00,5.410022231216267e-05,0.0,0.9698795180722892
2026-06-26 13:40:00+09:00,0.001004981068942807,0.0,0.9819277108433735
2026-06-26 13:45:00+09:00,0.0007679505388622109,0.0,0.9759036144578315
2026-06-26 13:50:00+09:00,0.000282837928560765,0.0,0.993975903614458
2026-06-26 13:55:00+09:00,0.00011403588592532689,0.0,0.9516602997355277
2026-06-26 14:00:00+09:00,-0.0005226721897711996,0.0,0.9819277108433735
2026-06-26 14:05:00+09:00,-0.00119325293565588,0.0,0.9819277108433735
2026-06-26 14:10:00+09:00,0.0005069644872756131,0.0,0.963855421686747
2026-06-26 14:15:00+09:00,-0.00023902982216027444,0.0,1.0
2026-06-26 14:20:00+09:00,-0.0007970641631186551,0.0,0.9637084925066118
2026-06-26 14:25:00+09:00,-0.0008158691180979985,0.0,0.993975903614458
2026-06-26 14:30:00+09:00,1.2520002281826546e-06,0.0,0.9759036144578314
2026-06-26 14:35:00+09:00,0.0003336470524016332,0.0,0.9698795180722892
2026-06-26 14:40:00+09:00,-0.0003041360575669891,0.0,0.9879518072289156
2026-06-26 14:45:00+09:00,-0.0007220962047907275,0.0,0.9879518072289157
2026-06-26 14:50:00+09:00,0.00015882439349771863,0.0,0.9939759036144579
2026-06-26 14:55:00+09:00,0.00022653165169952394,0.0,0.9939759036144579
2026-06-26 15:00:00+09:00,0.00027927349449677287,0.0,0.9698795180722892
2026-06-26 15:05:00+09:00,-0.0007360023377072883,0.006024096385542169,0.9879518072289157
2026-06-26 15:10:00+09:00,8.17148092852069e-05,0.0,0.9879518072289156
2026-06-26 15:15:00+09:00,-0.00019879518072289158,0.9939759036144579,0.0
2026-06-26 15:20:00+09:00,0.0,0.0,0.0
2026-06-29 09:00:00+09:00,0.0,0.0,0.0
2026-06-29 09:05:00+09:00,0.0,0.0,0.0
2026-06-29 09:10:00+09:00,0.0,0.0,0.0
2026-06-29 09:15:00+09:00,0.0,0.0,0.0
2026-06-29 09:20:00+09:00,0.0,0.0,0.0
2026-06-29 09:25:00+09:00,0.0,0.0,0.0
2026-06-29 09:30:00+09:00,-0.0032223240295844013,1.0,1.0
2026-06-29 09:35:00+09:00,0.006554958199855855,0.0,1.0
2026-06-29 09:40:00+09:00,0.0026828716514864684,0.0,1.0
2026-06-29 09:45:00+09:00,0.004072581415600163,0.0,1.0
2026-06-29 09:50:00+09:00,0.004080997761542344,0.0,0.9940476190476191
2026-06-29 09:55:00+09:00,-0.0010836729733331525,0.0,0.994047619047619
2026-06-29 10:00:00+09:00,0.0005946695297251989,0.0,1.0
2026-06-29 10:05:00+09:00,-0.0012422120371301784,0.0,1.0
2026-06-29 10:10:00+09:00,-0.0020901642337284206,0.0,0.9879518072289156
2026-06-29 10:15:00+09:00,-0.0022110521621091094,0.0,0.9939759036144578
2026-06-29 10:20:00+09:00,-0.0025085247638650565,0.0,0.994047619047619
2026-06-29 10:25:00+09:00,0.004877717897497107,0.0,1.0
2026-06-29 10:30:00+09:00,0.005131503851920784,0.0,0.9999999999999999
2026-06-29 10:35:00+09:00,0.0009259175750900576,0.0,0.9939759036144578
2026-06-29 10:40:00+09:00,-0.0025359690568023566,0.0,1.0
2026-06-29 10:45:00+09:00,-0.0011589731486761638,0.0,1.0
2026-06-29 10:50:00+09:00,-0.0009086655715347099,0.0,1.0
2026-06-29 10:55:00+09:00,-0.0032233913482771805,0.0,1.0
2026-06-29 11:00:00+09:00,-0.0011120414397206753,0.0,1.0
2026-06-29 11:05:00+09:00,-0.0034300541320096078,0.0,0.9939759036144579
2026-06-29 11:10:00+09:00,0.0025624959175828558,0.0,1.0
2026-06-29 11:15:00+09:00,0.0009070697841978365,0.01807228915662651,0.9819277108433735
2026-06-29 11:20:00+09:00,-0.00019638554216867469,0.9819277108433735,0.0
2026-06-29 11:25:00+09:00,0.0,0.0,0.0
2026-06-29 12:30:00+09:00,0.0,0.0,0.0
2026-06-29 12:35:00+09:00,0.0,0.0,0.0
2026-06-29 12:40:00+09:00,0.0,0.0,0.0
2026-06-29 12:45:00+09:00,0.0,0.0,0.0
2026-06-29 12:50:00+09:00,0.0,0.0,0.0
2026-06-29 12:55:00+09:00,0.0,0.0,0.0
2026-06-29 13:00:00+09:00,0.00044150251398533495,1.0,1.0
2026-06-29 13:05:00+09:00,0.0006578878966074535,0.0,0.9939759036144579
2026-06-29 13:10:00+09:00,0.0002592986350113971,0.0,0.9939024390243902
2026-06-29 13:15:00+09:00,-0.00017149085096595384,0.0,0.981854246253306
2026-06-29 13:20:00+09:00,0.00039934941930222924,0.0,0.9697325888921541
2026-06-29 13:25:00+09:00,0.00022341527055585788,0.0,0.981854246253306
2026-06-29 13:30:00+09:00,7.701764287152226e-05,0.0,0.9635615633264767
2026-06-29 13:35:00+09:00,7.164281631057673e-05,0.0,0.9696591243020866
2026-06-29 13:40:00+09:00,-0.0008628107657856059,0.0,0.9635615633264768
2026-06-29 13:45:00+09:00,0.0007461899688906805,0.0,0.9698060534822217
2026-06-29 13:50:00+09:00,0.0009515609200282203,0.0,0.9576109315310022
2026-06-29 13:55:00+09:00,0.00021728625135061702,0.0,0.9878783426388482
2026-06-29 14:00:00+09:00,-0.00040649311410597517,0.0,0.9879518072289157
2026-06-29 14:05:00+09:00,-0.0005900949373580337,0.0,0.981854246253306
2026-06-29 14:10:00+09:00,0.0003062612257409199,0.0,0.9819277108433735
2026-06-29 14:15:00+09:00,-0.00041736751792723536,0.0,0.9393917131942404
2026-06-29 14:20:00+09:00,0.00019372738652878645,0.0,0.9515868351454599
2026-06-29 14:25:00+09:00,-0.0010814669961193787,0.0,0.981854246253306
2026-06-29 14:30:00+09:00,-0.00012553239112812032,0.0,0.9939024390243902
2026-06-29 14:35:00+09:00,-0.001183918306874852,0.0,0.9758301498677638
2026-06-29 14:40:00+09:00,-0.00014896884284565807,0.0,0.9698060534822216
2026-06-29 14:45:00+09:00,-0.0014441723679534104,0.0,0.9878783426388482
2026-06-29 14:50:00+09:00,-0.0008548819493986742,0.0,0.9878783426388481
2026-06-29 14:55:00+09:00,-0.00017987297532348352,0.006097560975609756,0.9878783426388481
2026-06-29 15:00:00+09:00,0.00032351792261380605,0.0,0.9878783426388481
2026-06-29 15:05:00+09:00,-0.00029845709204379475,0.0,0.9878783426388481
2026-06-29 15:10:00+09:00,-0.00026791026772436216,0.0,0.9878783426388482
2026-06-29 15:15:00+09:00,-0.00019878048780487808,0.9939024390243902,0.0
2026-06-29 15:20:00+09:00,0.0,0.0,0.0
2026-06-30 09:00:00+09:00,0.0,0.0,0.0
2026-06-30 09:05:00+09:00,0.0,0.0,0.0
2026-06-30 09:10:00+09:00,0.0,0.0,0.0
2026-06-30 09:15:00+09:00,0.0,0.0,0.0
2026-06-30 09:20:00+09:00,0.0,0.0,0.0
2026-06-30 09:25:00+09:00,0.0,0.0,0.0
2026-06-30 09:30:00+09:00,-5.9735238433914576e-05,1.0,1.0
2026-06-30 09:35:00+09:00,-0.00017801872366598597,0.0,1.0
2026-06-30 09:40:00+09:00,0.0007971475104877236,0.0,0.9939024390243902
2026-06-30 09:45:00+09:00,0.001187258121946427,0.0,0.993975903614458
2026-06-30 09:50:00+09:00,-0.00029217669166949425,0.0,0.993975903614458
2026-06-30 09:55:00+09:00,-0.0007048320655380831,0.0,0.9879518072289157
2026-06-30 10:00:00+09:00,-0.00015592369369914617,0.0,1.0
2026-06-30 10:05:00+09:00,0.00031454816242620784,0.0,1.0
2026-06-30 10:10:00+09:00,0.0007248862832182925,0.0,1.0
2026-06-30 10:15:00+09:00,0.0007644905114727219,0.0,0.9878783426388481
2026-06-30 10:20:00+09:00,0.0006222636297562446,0.0,0.9878783426388481
2026-06-30 10:25:00+09:00,0.0001437371234543581,0.0,0.9939759036144579
2026-06-30 10:30:00+09:00,-0.0006572617864185671,0.0,1.0
2026-06-30 10:35:00+09:00,-0.00021197705783607907,0.0,1.0
2026-06-30 10:40:00+09:00,-0.0005668812825010755,0.0,1.0
2026-06-30 10:45:00+09:00,0.0007769455960655956,0.0,0.9878783426388481
2026-06-30 10:50:00+09:00,0.00047058746427779206,0.0,1.0
2026-06-30 10:55:00+09:00,0.0002448190940602334,0.0,0.9817807816632385
2026-06-30 11:00:00+09:00,1.0586568601428104e-05,0.0,0.993975903614458
2026-06-30 11:05:00+09:00,0.00014040227283985756,0.0,0.9695856597120189
2026-06-30 11:10:00+09:00,0.0001427265148533676,0.006097560975609756,0.9878783426388482
2026-06-30 11:15:00+09:00,0.0007254291507596354,0.012121657361151925,0.9515133705553923
2026-06-30 11:20:00+09:00,-0.0001963561563326477,0.9817807816632383,0.0
2026-06-30 11:25:00+09:00,0.0,0.0,0.0
2026-06-30 12:30:00+09:00,0.0,0.0,0.0
2026-06-30 12:35:00+09:00,0.0,0.0,0.0
2026-06-30 12:40:00+09:00,0.0,0.0,0.0
2026-06-30 12:45:00+09:00,0.0,0.0,0.0
2026-06-30 12:50:00+09:00,0.0,0.0,0.0
2026-06-30 12:55:00+09:00,0.0,0.0,0.0
2026-06-30 13:00:00+09:00,0.0004165611861453113,1.0,1.0
2026-06-30 13:05:00+09:00,-2.7855606387253615e-05,0.0,0.9817073170731707
2026-06-30 13:10:00+09:00,-0.0004976001613866265,0.0,0.993827160493827
2026-06-30 13:15:00+09:00,-0.0002921497931523408,0.0,0.9817073170731706
2026-06-30 13:20:00+09:00,-0.0007185824621673367,0.0,0.9877295995182173
2026-06-30 13:25:00+09:00,-4.784407058110121e-05,0.0,0.975534477566998
2026-06-30 13:30:00+09:00,4.314199383791617e-05,0.0,0.9816320385426076
2026-06-30 13:35:00+09:00,3.45283694534632e-05,0.0,0.9876543209876545
2026-06-30 13:40:00+09:00,0.0005585544029111619,0.0,0.9753839205058716
2026-06-30 13:45:00+09:00,-7.704367633853723e-05,0.0,0.9754591990364347
2026-06-30 13:50:00+09:00,-0.0002555884813945624,0.0,0.9816320385426076
2026-06-30 13:55:00+09:00,-0.00026986599341056317,0.0,0.9631887985546522
2026-06-30 14:00:00+09:00,0.00023773876023120653,0.0,0.9817073170731707
2026-06-30 14:05:00+09:00,0.00034824842695284434,0.0,0.9753839205058716
2026-06-30 14:10:00+09:00,0.00012028723440008755,0.0,0.9509183980728697
2026-06-30 14:15:00+09:00,-5.394786725962384e-05,0.0,0.963038241493526
2026-06-30 14:20:00+09:00,0.0004952158405757626,0.0,0.9692110809996989
2026-06-30 14:25:00+09:00,-0.00015714922173928458,0.0,1.0
2026-06-30 14:30:00+09:00,0.0001522947629899131,0.0,0.993827160493827
2026-06-30 14:35:00+09:00,-0.00012540712150752446,0.0,0.9876543209876543
2026-06-30 14:40:00+09:00,2.0611166807800797e-05,0.0,0.9754591990364347
2026-06-30 14:45:00+09:00,0.0002989718139613464,0.0,0.9631887985546522
2026-06-30 14:50:00+09:00,0.00048712180746664674,0.0,0.9939024390243902
2026-06-30 14:55:00+09:00,0.000426996966627617,0.0,0.9877295995182174
2026-06-30 15:00:00+09:00,0.00020008126376448642,0.0,1.0
2026-06-30 15:05:00+09:00,0.000451035816270169,0.006097560975609756,0.9754591990364347
2026-06-30 15:10:00+09:00,0.0005273622071005808,0.0,0.9939024390243902
2026-06-30 15:15:00+09:00,-0.00019878048780487805,0.9939024390243902,0.0
2026-06-30 15:20:00+09:00,0.0,0.0,0.0
2026-07-01 09:00:00+09:00,0.0,0.0,0.0
2026-07-01 09:05:00+09:00,0.0,0.0,0.0
2026-07-01 09:10:00+09:00,0.0,0.0,0.0
2026-07-01 09:15:00+09:00,0.0,0.0,0.0
2026-07-01 09:20:00+09:00,0.0,0.0,0.0
2026-07-01 09:25:00+09:00,0.0,0.0,0.0
2026-07-01 09:30:00+09:00,-0.0005285396290494906,1.0,0.9999999999999999
2026-07-01 09:35:00+09:00,-0.0004998327078600588,0.0,0.9878048780487804
2026-07-01 09:40:00+09:00,-0.00014334401101925252,0.0,0.9939024390243901
2026-07-01 09:45:00+09:00,-0.00014291254800339684,0.0,0.9939024390243901
2026-07-01 09:50:00+09:00,0.00040052495740937035,0.0,0.9999999999999999
2026-07-01 09:55:00+09:00,0.0006402786752157091,0.0,0.9999999999999999
2026-07-01 10:00:00+09:00,-5.165196530256111e-05,0.0,0.9817073170731706
2026-07-01 10:05:00+09:00,0.0008998081823856569,0.0,0.9754591990364347
2026-07-01 10:10:00+09:00,0.0003011648509053166,0.0,0.9939024390243901
2026-07-01 10:15:00+09:00,-8.431600455606285e-05,0.0,0.9878048780487804
2026-07-01 10:20:00+09:00,-0.001150824796561981,0.0,0.9572417946401686
2026-07-01 10:25:00+09:00,0.001300861373316632,0.0,0.9939024390243901
2026-07-01 10:30:00+09:00,-0.00036126772751179166,0.0,0.9755344775669978
2026-07-01 10:35:00+09:00,0.0005375512165130057,0.0,0.969361638060825
2026-07-01 10:40:00+09:00,0.0008587386133510614,0.0,0.9939024390243901
2026-07-01 10:45:00+09:00,-0.0008700214468840443,0.0,0.9878048780487804
2026-07-01 10:50:00+09:00,-0.0007100557151260835,0.0,0.9694369165913881
2026-07-01 10:55:00+09:00,0.0018219310074271602,0.0,0.9816320385426076
2026-07-01 11:00:00+09:00,0.0007556239654163441,0.0,0.9817073170731706
2026-07-01 11:05:00+09:00,-0.0004387714505396083,0.0,0.9878048780487804
2026-07-01 11:10:00+09:00,-0.0006193660415556331,0.006097560975609756,0.9693616380608251
2026-07-01 11:15:00+09:00,-0.000723396290814459,0.018367961457392352,0.9633393556157783
2026-07-01 11:20:00+09:00,-0.00019510689551339959,0.9755344775669978,0.0
2026-07-01 11:25:00+09:00,0.0,0.0,0.0
2026-07-01 12:30:00+09:00,0.0,0.0,0.0
2026-07-01 12:35:00+09:00,0.0,0.0,0.0
2026-07-01 12:40:00+09:00,0.0,0.0,0.0
2026-07-01 12:45:00+09:00,0.0,0.0,0.0
2026-07-01 12:50:00+09:00,0.0,0.0,0.0
2026-07-01 12:55:00+09:00,0.0,0.0,0.0
2026-07-01 13:00:00+09:00,-0.00028228852569931075,1.0,1.0
2026-07-01 13:05:00+09:00,-0.0001344450182906631,0.0,0.9753839205058716
2026-07-01 13:10:00+09:00,-0.00034884830825326234,0.0,0.969361638060825
2026-07-01 13:15:00+09:00,-0.0001231163572783743,0.0,0.9569406805179161
2026-07-01 13:20:00+09:00,0.00046859641493212907,0.0,0.9877295995182174
2026-07-01 13:25:00+09:00,-1.8818758171124774e-05,0.0,0.9692863595302619
2026-07-01 13:30:00+09:00,-5.2370659273125954e-05,0.0,0.9815567600120445
2026-07-01 13:35:00+09:00,6.311735366569157e-05,0.0,0.9754591990364349
2026-07-01 13:40:00+09:00,0.00025821460431721215,0.0,0.9816320385426076
2026-07-01 13:45:00+09:00,-0.0001349699324569953,0.0,0.9816320385426076
2026-07-01 13:50:00+09:00,-8.327522118042294e-06,0.0,0.9692110809996988
2026-07-01 13:55:00+09:00,-9.128021638861209e-05,0.0,0.9754591990364349
2026-07-01 14:00:00+09:00,0.00016121797621659645,0.0,0.9569406805179164
2026-07-01 14:05:00+09:00,0.00011989055802754121,0.0,0.9815567600120445
2026-07-01 14:10:00+09:00,8.870426365898373e-05,0.0,0.9753839205058717
2026-07-01 14:15:00+09:00,8.596509052048349e-05,0.0,0.9570159590484794
2026-07-01 14:20:00+09:00,3.275071002519223e-05,0.0,0.9753839205058717
2026-07-01 14:25:00+09:00,-2.283134369340577e-05,0.0,0.9876543209876543
2026-07-01 14:30:00+09:00,-0.00017960630120929255,0.0,0.9754591990364347
2026-07-01 14:35:00+09:00,-0.00018497024111363482,0.0,0.9755344775669978
2026-07-01 14:40:00+09:00,0.00019319376198874893,0.0,0.9814814814814814
2026-07-01 14:45:00+09:00,-0.0003055366950452091,0.0,0.9939024390243901
2026-07-01 14:50:00+09:00,8.119526825140973e-05,0.0,0.9815567600120445
2026-07-01 14:55:00+09:00,5.890687597155617e-05,0.0,0.9814814814814815
2026-07-01 15:00:00+09:00,0.00019609297059879324,0.0,0.9999999999999999
2026-07-01 15:05:00+09:00,2.4547427139242298e-05,0.0,0.9692863595302619
2026-07-01 15:10:00+09:00,-7.761972457308106e-05,0.0,0.9754591990364347
2026-07-01 15:15:00+09:00,-0.0002,1.0,0.0
2026-07-01 15:20:00+09:00,0.0,0.0,0.0
2026-07-02 09:00:00+09:00,0.0,0.0,0.0
2026-07-02 09:05:00+09:00,0.0,0.0,0.0
2026-07-02 09:10:00+09:00,0.0,0.0,0.0
2026-07-02 09:15:00+09:00,0.0,0.0,0.0
2026-07-02 09:20:00+09:00,0.0,0.0,0.0
2026-07-02 09:25:00+09:00,0.0,0.0,0.0
2026-07-02 09:30:00+09:00,-0.0016623136177276448,1.0,1.0
2026-07-02 09:35:00+09:00,-0.001664196870791575,0.0,1.0
2026-07-02 09:40:00+09:00,0.001270754515329784,0.0,1.0
2026-07-02 09:45:00+09:00,-4.615494000494558e-05,0.0,0.9939759036144579
2026-07-02 09:50:00+09:00,0.0010174762596729242,0.0,0.9759036144578314
2026-07-02 09:55:00+09:00,0.0007271758675166035,0.0,0.9939759036144579
2026-07-02 10:00:00+09:00,0.0018206447943063795,0.0,0.9879518072289157
2026-07-02 10:05:00+09:00,0.0015268036247907647,0.0,0.9878783426388482
2026-07-02 10:10:00+09:00,0.00012083928833316939,0.0,1.0
2026-07-02 10:15:00+09:00,0.0008001134843125737,0.0,0.9819277108433735
2026-07-02 10:20:00+09:00,0.0005189681253345368,0.0,0.9757566852776961
2026-07-02 10:25:00+09:00,-0.0019387047689677392,0.0,0.9939759036144579
2026-07-02 10:30:00+09:00,0.0013097474173389234,0.0,0.9939759036144579
2026-07-02 10:35:00+09:00,0.0004179776673200756,0.0,0.9758301498677638
2026-07-02 10:40:00+09:00,0.0011791192801756925,0.0,0.9577578607111373
2026-07-02 10:45:00+09:00,-0.0005912634761845814,0.0,0.9878783426388482
2026-07-02 10:50:00+09:00,0.00011605239918198894,0.0,0.9576109315310022
2026-07-02 10:55:00+09:00,0.0003147179475434018,0.0,0.9879518072289156
2026-07-02 11:00:00+09:00,-0.00024602224024710187,0.0,0.9879518072289157
2026-07-02 11:05:00+09:00,0.001319796980715186,0.0,0.9879518072289157
2026-07-02 11:10:00+09:00,-0.0011002836245513443,0.0,0.9758301498677637
2026-07-02 11:15:00+09:00,-0.0002641687700211691,0.030340875697913605,0.9515133705553924
2026-07-02 11:20:00+09:00,-0.0001939318248604173,0.9696591243020865,0.0
2026-07-02 11:25:00+09:00,0.0,0.0,0.0
2026-07-02 12:30:00+09:00,0.0,0.0,0.0
2026-07-02 12:35:00+09:00,0.0,0.0,0.0
2026-07-02 12:40:00+09:00,0.0,0.0,0.0
2026-07-02 12:45:00+09:00,0.0,0.0,0.0
2026-07-02 12:50:00+09:00,0.0,0.0,0.0
2026-07-02 12:55:00+09:00,0.0,0.0,0.0
2026-07-02 13:00:00+09:00,-0.000151470116829103,1.0,1.0
2026-07-02 13:05:00+09:00,2.3768134664573594e-05,0.0,0.9753086419753085
2026-07-02 13:10:00+09:00,-0.0006317636285603847,0.0,0.9938271604938271
2026-07-02 13:15:00+09:00,-8.81553556930169e-05,0.0,0.9876543209876543
2026-07-02 13:20:00+09:00,-5.9916346018432474e-05,0.0,0.9814043209876543
2026-07-02 13:25:00+09:00,0.000283596418039728,0.0,0.9937499999999999
2026-07-02 13:30:00+09:00,-0.00014922740974220735,0.0,0.9813271604938272
2026-07-02 13:35:00+09:00,-0.0001680148863066224,0.0,0.9814814814814814
2026-07-02 13:40:00+09:00,3.0099606533341182e-05,0.0,0.9814814814814814
2026-07-02 13:45:00+09:00,8.66341764876097e-05,0.0,0.9690586419753087
2026-07-02 13:50:00+09:00,0.00013207306109124962,0.0,0.9688271604938272
2026-07-02 13:55:00+09:00,-0.00012612979958820795,0.0,0.9875
2026-07-02 14:00:00+09:00,0.000652366807381762,0.0,0.9566358024691357
2026-07-02 14:05:00+09:00,-0.00019469406655969442,0.0,0.987577160493827
2026-07-02 14:10:00+09:00,-6.206111265924229e-05,0.0,1.0
2026-07-02 14:15:00+09:00,-4.977966090123284e-05,0.0,0.9813271604938272
2026-07-02 14:20:00+09:00,0.0003718835137662536,0.0,0.9814814814814814
2026-07-02 14:25:00+09:00,-5.283018201336534e-05,0.0,0.9938271604938271
2026-07-02 14:30:00+09:00,-4.9239874345269696e-05,0.0,0.987577160493827
2026-07-02 14:35:00+09:00,0.00034680901849310435,0.0,0.993827160493827
2026-07-02 14:40:00+09:00,-4.584504690076249e-05,0.0,0.9938271604938271
2026-07-02 14:45:00+09:00,5.3385940622049696e-05,0.0,0.9813271604938272
2026-07-02 14:50:00+09:00,-0.000307969032906886,0.0,0.9938271604938271
2026-07-02 14:55:00+09:00,-0.00015711098506449774,0.0,1.0
2026-07-02 15:00:00+09:00,-0.0002651220511411361,0.0,0.9875
2026-07-02 15:05:00+09:00,3.9546140568844905e-05,0.0,0.987577160493827
2026-07-02 15:10:00+09:00,0.00040445063961148275,0.0,0.993827160493827
2026-07-02 15:15:00+09:00,-0.0002,1.0,0.0
2026-07-02 15:20:00+09:00,0.0,0.0,0.0
2026-07-03 09:00:00+09:00,0.0,0.0,0.0
2026-07-03 09:05:00+09:00,0.0,0.0,0.0
2026-07-03 09:10:00+09:00,0.0,0.0,0.0
2026-07-03 09:15:00+09:00,0.0,0.0,0.0
2026-07-03 09:20:00+09:00,0.0,0.0,0.0
2026-07-03 09:25:00+09:00,0.0,0.0,0.0
2026-07-03 09:30:00+09:00,0.0029011223264807416,1.0,1.0
2026-07-03 09:35:00+09:00,8.505698593751981e-05,0.0,1.0
2026-07-03 09:40:00+09:00,0.0010103169203082303,0.0,1.0
2026-07-03 09:45:00+09:00,0.0003152934835770035,0.0,0.9938271604938271
2026-07-03 09:50:00+09:00,0.0010588676550219469,0.0,0.9939024390243902
2026-07-03 09:55:00+09:00,0.00372101248372655,0.0,1.0
2026-07-03 10:00:00+09:00,0.0028417387438031904,0.0,1.0
2026-07-03 10:05:00+09:00,-0.001156985331846316,0.0,1.0
2026-07-03 10:10:00+09:00,0.0008955734313965701,0.0,1.0
2026-07-03 10:15:00+09:00,0.003339940335547985,0.0,0.9939024390243902
2026-07-03 10:20:00+09:00,-0.0009392421573044028,0.0,0.9814814814814814
2026-07-03 10:25:00+09:00,-0.0012699943536668382,0.0,0.9877295995182174
2026-07-03 10:30:00+09:00,0.0011811908637538366,0.0,0.9814814814814814
2026-07-03 10:35:00+09:00,0.0011415536701778989,0.0,0.9938271604938271
2026-07-03 10:40:00+09:00,-0.0011461796161305357,0.0,1.0
2026-07-03 10:45:00+09:00,0.0006558583469000307,0.0,0.9814814814814815
2026-07-03 10:50:00+09:00,0.0008713161234066582,0.0,0.9938271604938271
2026-07-03 10:55:00+09:00,0.001751312227094618,0.0,0.9876543209876544
2026-07-03 11:00:00+09:00,0.002393516155767196,0.0,0.9877295995182174
2026-07-03 11:05:00+09:00,-0.0021678707608885485,0.0,1.0
2026-07-03 11:10:00+09:00,-0.0015891235902398475,0.0,0.9938271604938271
2026-07-03 11:15:00+09:00,0.0005086920911553482,0.006097560975609756,0.9816320385426077
2026-07-03 11:20:00+09:00,-0.00019878048780487805,0.9939024390243902,0.0
2026-07-03 11:25:00+09:00,0.0,0.0,0.0
2026-07-03 12:30:00+09:00,0.0,0.0,0.0
2026-07-03 12:35:00+09:00,0.0,0.0,0.0
2026-07-03 12:40:00+09:00,0.0,0.0,0.0
2026-07-03 12:45:00+09:00,0.0,0.0,0.0
2026-07-03 12:50:00+09:00,0.0,0.0,0.0
2026-07-03 12:55:00+09:00,0.0,0.0,0.0
2026-07-03 13:00:00+09:00,-0.0005538798321031828,1.0,1.0
2026-07-03 13:05:00+09:00,-0.000661549773831872,0.0,0.9752314814814814
2026-07-03 13:10:00+09:00,-0.0006791690107716808,0.0,0.9876543209876543
2026-07-03 13:15:00+09:00,-0.0003854088316206625,0.0,0.9688271604938271
2026-07-03 13:20:00+09:00,-0.0003898052297937809,0.0,0.9875771604938273
2026-07-03 13:25:00+09:00,0.00029213447389474955,0.0,0.9813271604938272
2026-07-03 13:30:00+09:00,-0.001686739030032554,0.0,0.987577160493827
2026-07-03 13:35:00+09:00,-9.821559778355645e-05,0.0,0.9876543209876543
2026-07-03 13:40:00+09:00,0.00173243649780714,0.0,0.9875771604938272
2026-07-03 13:45:00+09:00,-0.0008441513601356134,0.0,0.9753086419753086
2026-07-03 13:50:00+09:00,-0.0010114757345636854,0.0,0.9814814814814814
2026-07-03 13:55:00+09:00,-0.0007473452657123593,0.0,0.9814814814814815
2026-07-03 14:00:00+09:00,0.0007724176378837361,0.0,1.0
2026-07-03 14:05:00+09:00,0.0003911564138082684,0.0,0.9690586419753087
2026-07-03 14:10:00+09:00,0.0008198012609234502,0.0,0.9628858024691357
2026-07-03 14:15:00+09:00,-0.00025865665727339463,0.0,0.9753086419753085
2026-07-03 14:20:00+09:00,-0.0012934404444611095,0.0,0.9751543209876542
2026-07-03 14:25:00+09:00,-0.0010564733638946631,0.0,0.9876543209876543
2026-07-03 14:30:00+09:00,-0.00012356844798726123,0.0,0.9814043209876542
2026-07-03 14:35:00+09:00,0.0009611570229274465,0.0,0.9876543209876543
2026-07-03 14:40:00+09:00,0.00010235774102187642,0.0,0.9938271604938271
2026-07-03 14:45:00+09:00,-0.0010507324756592973,0.0,0.9937499999999999
2026-07-03 14:50:00+09:00,-0.0008560990711701557,0.0,0.9938271604938271
2026-07-03 14:55:00+09:00,-0.00035850387984756187,0.0,0.9938271604938271
2026-07-03 15:00:00+09:00,-0.0009138639491465504,0.0,0.9937499999999999
2026-07-03 15:05:00+09:00,-3.1052279674104886e-05,0.0,0.9999999999999999
2026-07-03 15:10:00+09:00,0.0001043504505144064,0.0,1.0
2026-07-03 15:15:00+09:00,-0.0002,1.0,0.0
2026-07-03 15:20:00+09:00,0.0,0.0,0.0
2026-07-06 09:00:00+09:00,0.0,0.0,0.0
2026-07-06 09:05:00+09:00,0.0,0.0,0.0
2026-07-06 09:10:00+09:00,0.0,0.0,0.0
2026-07-06 09:15:00+09:00,0.0,0.0,0.0
2026-07-06 09:20:00+09:00,0.0,0.0,0.0
2026-07-06 09:25:00+09:00,0.0,0.0,0.0
2026-07-06 09:30:00+09:00,-0.0012895800734259745,1.0,1.0
2026-07-06 09:35:00+09:00,0.001388948179700598,0.0,0.9939024390243902
2026-07-06 09:40:00+09:00,0.0019493857663213344,0.0,0.9939024390243902
2026-07-06 09:45:00+09:00,-0.0002817673488383747,0.0,0.9939024390243902
2026-07-06 09:50:00+09:00,-0.00027899306782643436,0.0,0.9939024390243902
2026-07-06 09:55:00+09:00,-0.002484394116121602,0.0,0.9878783426388481
2026-07-06 10:00:00+09:00,0.0010268955142438646,0.0,1.0
2026-07-06 10:05:00+09:00,-0.0016239388800737575,0.0,1.0
2026-07-06 10:10:00+09:00,0.000848411291065521,0.0,1.0
2026-07-06 10:15:00+09:00,-0.001627122562766574,0.0,0.9939759036144579
2026-07-06 10:20:00+09:00,0.0007455479131040924,0.0,0.9939024390243902
2026-07-06 10:25:00+09:00,0.0004234922919829824,0.0,0.9878783426388481
2026-07-06 10:30:00+09:00,-0.0022540996505476443,0.0,0.9939759036144579
2026-07-06 10:35:00+09:00,-0.001407049606741948,0.0,1.0
2026-07-06 10:40:00+09:00,-0.0019786440015326337,0.0,0.9939024390243902
2026-07-06 10:45:00+09:00,-0.0005578745878778014,0.0,0.9939024390243902
2026-07-06 10:50:00+09:00,0.0005885679897650148,0.0,1.0
2026-07-06 10:55:00+09:00,9.837247379652716e-05,0.0,0.993975903614458
2026-07-06 11:00:00+09:00,-0.0016105892380429213,0.0,0.9939024390243902
2026-07-06 11:05:00+09:00,-0.002011504793176742,0.0,0.9939759036144579
2026-07-06 11:10:00+09:00,-0.001082685473363368,0.0,0.9939759036144579
2026-07-06 11:15:00+09:00,0.0005470227182357652,0.006024096385542169,0.9878783426388481
2026-07-06 11:20:00+09:00,-0.00019879518072289158,0.9939759036144579,0.0
2026-07-06 11:25:00+09:00,0.0,0.0,0.0
2026-07-06 12:30:00+09:00,0.0,0.0,0.0
2026-07-06 12:35:00+09:00,0.0,0.0,0.0
2026-07-06 12:40:00+09:00,0.0,0.0,0.0
2026-07-06 12:45:00+09:00,0.0,0.0,0.0
2026-07-06 12:50:00+09:00,0.0,0.0,0.0
2026-07-06 12:55:00+09:00,0.0,0.0,0.0
2026-07-06 13:00:00+09:00,0.0003754755997868025,1.0,1.0
2026-07-06 13:05:00+09:00,-0.0005276925173041941,0.0,0.98125
2026-07-06 13:10:00+09:00,-0.0005798987656882212,0.0,0.9936708860759493
2026-07-06 13:15:00+09:00,-0.00015387335987113336,0.0,0.9875
2026-07-06 13:20:00+09:00,-0.0008717812393984111,0.0,0.9875
2026-07-06 13:25:00+09:00,-0.0003674659364315006,0.0,0.9749208860759494
2026-07-06 13:30:00+09:00,-0.00022505622601583578,0.0,0.9936708860759494
2026-07-06 13:35:00+09:00,0.0005252110241403822,0.0,0.9810917721518988
2026-07-06 13:40:00+09:00,0.0002722795296393051,0.0,0.9812500000000001
2026-07-06 13:45:00+09:00,-0.0004297312652119041,0.0,0.9748417721518988
2026-07-06 13:50:00+09:00,0.00018509348985974592,0.0,0.99375
2026-07-06 13:55:00+09:00,0.000409809860210391,0.0,0.9686708860759494
2026-07-06 14:00:00+09:00,-0.00037255679450898303,0.0,0.9811708860759494
2026-07-06 14:05:00+09:00,-0.00026497935028460973,0.0,0.9874208860759495
2026-07-06 14:10:00+09:00,-0.0002010130807801554,0.0,0.99375
2026-07-06 14:15:00+09:00,0.0006218816626245979,0.0,0.9875
2026-07-06 14:20:00+09:00,0.00019352294334183865,0.0,0.9937500000000001
2026-07-06 14:25:00+09:00,-0.0002247759210025382,0.0,1.0
2026-07-06 14:30:00+09:00,0.000127019654636962,0.0,1.0
2026-07-06 14:35:00+09:00,-0.0004942632204389181,0.0,0.9811708860759494
2026-07-06 14:40:00+09:00,0.00041052429534698044,0.0,0.99375
2026-07-06 14:45:00+09:00,-0.00041351579153611886,0.0,1.0
2026-07-06 14:50:00+09:00,-0.00022101730174283637,0.0,0.99375
2026-07-06 14:55:00+09:00,0.00046285684731205894,0.0,1.0
2026-07-06 15:00:00+09:00,-0.00023176844983340914,0.0,1.0
2026-07-06 15:05:00+09:00,2.061376442644173e-06,0.0,0.9875
2026-07-06 15:10:00+09:00,-0.0004037820676053175,0.00625,0.9812500000000001
2026-07-06 15:15:00+09:00,-0.00019875,0.99375,0.0
2026-07-06 15:20:00+09:00,0.0,0.0,0.0
2026-07-07 09:00:00+09:00,0.0,0.0,0.0
2026-07-07 09:05:00+09:00,0.0,0.0,0.0
2026-07-07 09:10:00+09:00,0.0,0.0,0.0
2026-07-07 09:15:00+09:00,0.0,0.0,0.0
2026-07-07 09:20:00+09:00,0.0,0.0,0.0
2026-07-07 09:25:00+09:00,0.0,0.0,0.0
2026-07-07 09:30:00+09:00,-0.0005461227012323361,1.0,1.0
2026-07-07 09:35:00+09:00,0.00014202844282847746,0.0,0.9878783426388482
2026-07-07 09:40:00+09:00,0.00040154832631939387,0.0,0.9817807816632385
2026-07-07 09:45:00+09:00,0.0006060529536289176,0.0,0.9939759036144579
2026-07-07 09:50:00+09:00,-0.0008186423966817786,0.0,0.9939024390243903
2026-07-07 09:55:00+09:00,0.0005672255199672256,0.0,0.9999999999999998
2026-07-07 10:00:00+09:00,-0.0008283161885234779,0.0,0.9939759036144579
2026-07-07 10:05:00+09:00,-0.00041051693650136104,0.0,0.9879518072289157
2026-07-07 10:10:00+09:00,-0.0005313101451217288,0.0,0.9939024390243903
2026-07-07 10:15:00+09:00,-0.0004019062675554875,0.0,0.9939024390243902
2026-07-07 10:20:00+09:00,-0.00028312313952161955,0.0,0.9939759036144579
2026-07-07 10:25:00+09:00,0.0009400388562202221,0.0,0.9939024390243903
2026-07-07 10:30:00+09:00,0.000487998487363976,0.0,0.9939759036144579
2026-07-07 10:35:00+09:00,0.0007229046214866009,0.0,1.0
2026-07-07 10:40:00+09:00,-0.0002708532682312719,0.0,0.9939024390243902
2026-07-07 10:45:00+09:00,-0.0006021242544504154,0.0,0.9939024390243902
2026-07-07 10:50:00+09:00,-0.0007898414507744073,0.0,0.9939024390243902
2026-07-07 10:55:00+09:00,-0.0004555989331326111,0.0,1.0
2026-07-07 11:00:00+09:00,0.00038797994711467894,0.0,0.9879518072289158
2026-07-07 11:05:00+09:00,-8.650137896615177e-05,0.0,0.9939024390243902
2026-07-07 11:10:00+09:00,-0.0004185966832460958,0.0,0.9878048780487805
2026-07-07 11:15:00+09:00,-0.000408638294052963,0.024169850132236263,0.9576109315310022
2026-07-07 11:20:00+09:00,-0.00019516602997355275,0.9758301498677637,0.0
2026-07-07 11:25:00+09:00,0.0,0.0,0.0
2026-07-07 12:30:00+09:00,0.0,0.0,0.0
2026-07-07 12:35:00+09:00,0.0,0.0,0.0
2026-07-07 12:40:00+09:00,0.0,0.0,0.0
2026-07-07 12:45:00+09:00,0.0,0.0,0.0
2026-07-07 12:50:00+09:00,0.0,0.0,0.0
2026-07-07 12:55:00+09:00,0.0,0.0,0.0
2026-07-07 13:00:00+09:00,-6.170126488099245e-05,1.0,1.0
2026-07-07 13:05:00+09:00,-0.0004706760954562332,0.0,0.9939024390243903
2026-07-07 13:10:00+09:00,-0.0006038656488185198,0.0,1.0
2026-07-07 13:15:00+09:00,-7.818873544541155e-05,0.0,0.9878048780487806
2026-07-07 13:20:00+09:00,0.00015551079616296965,0.0,0.9817807816632385
2026-07-07 13:25:00+09:00,0.0006486001843275082,0.0,0.9939759036144579
2026-07-07 13:30:00+09:00,-0.000586242754500001,0.0,0.9878783426388482
2026-07-07 13:35:00+09:00,-0.00024991257097654456,0.0,0.9939024390243903
2026-07-07 13:40:00+09:00,-0.00025955192867534784,0.0,0.9939759036144579
2026-07-07 13:45:00+09:00,0.00018741410663188234,0.0,0.9939759036144579
2026-07-07 13:50:00+09:00,0.0006498459389747585,0.0,0.9878048780487806
2026-07-07 13:55:00+09:00,-0.0012475394916079735,0.0,0.9636350279165443
2026-07-07 14:00:00+09:00,-0.00028046437886819817,0.0,0.9878783426388482
2026-07-07 14:05:00+09:00,-0.000842215988396192,0.0,1.0
2026-07-07 14:10:00+09:00,7.765684836407512e-05,0.0,0.9817807816632385
2026-07-07 14:15:00+09:00,0.00023946040672336724,0.0,0.9939759036144579
2026-07-07 14:20:00+09:00,-2.704089496111313e-06,0.0,0.9939024390243903
2026-07-07 14:25:00+09:00,0.00011439819696268093,0.0,0.9878048780487805
2026-07-07 14:30:00+09:00,0.00032044847264177547,0.0,0.9939024390243902
2026-07-07 14:35:00+09:00,-0.00017673377409344794,0.0,0.9939759036144578
2026-07-07 14:40:00+09:00,-0.00023129167642342436,0.0,1.0
2026-07-07 14:45:00+09:00,0.0008454484591898599,0.0,0.9939024390243903
2026-07-07 14:50:00+09:00,0.0006496996093499275,0.0,0.987878342638848
2026-07-07 14:55:00+09:00,-0.000426984661888981,0.0,0.9939024390243903
2026-07-07 15:00:00+09:00,-0.00015063105987773548,0.0,0.9879518072289156
2026-07-07 15:05:00+09:00,-0.00013971772095005023,0.0,0.9939024390243902
2026-07-07 15:10:00+09:00,0.00033265932077079704,0.006097560975609756,0.9878048780487806
2026-07-07 15:15:00+09:00,-0.00019878048780487808,0.9939024390243902,0.0
2026-07-07 15:20:00+09:00,0.0,0.0,0.0
2026-07-08 09:00:00+09:00,0.0,0.0,0.0
2026-07-08 09:05:00+09:00,0.0,0.0,0.0
2026-07-08 09:10:00+09:00,0.0,0.0,0.0
2026-07-08 09:15:00+09:00,0.0,0.0,0.0
2026-07-08 09:20:00+09:00,0.0,0.0,0.0
2026-07-08 09:25:00+09:00,0.0,0.0,0.0
2026-07-08 09:30:00+09:00,-0.0018405418240040558,1.0,1.0
2026-07-08 09:35:00+09:00,-0.002518695152868722,0.0,0.9939024390243903
2026-07-08 09:40:00+09:00,-0.0010061626397939122,0.0,0.993975903614458
2026-07-08 09:45:00+09:00,-0.0005348725845037193,0.0,0.9878048780487806
2026-07-08 09:50:00+09:00,-8.504504861505152e-05,0.0,0.993975903614458
2026-07-08 09:55:00+09:00,0.0006302099840316714,0.0,0.9697325888921541
2026-07-08 10:00:00+09:00,-0.001208083128456676,0.0,0.9939759036144579
2026-07-08 10:05:00+09:00,0.00020925956014408828,0.0,1.0
2026-07-08 10:10:00+09:00,0.0008641173329150373,0.0,0.9939024390243903
2026-07-08 10:15:00+09:00,0.002086411471465455,0.0,0.9878783426388482
2026-07-08 10:20:00+09:00,-0.00014787325320377592,0.0,0.9878783426388482
2026-07-08 10:25:00+09:00,0.0009536486717242695,0.0,0.9878783426388482
2026-07-08 10:30:00+09:00,0.0005989118105045985,0.0,0.9939024390243903
2026-07-08 10:35:00+09:00,0.0003004815251742768,0.0,1.0
2026-07-08 10:40:00+09:00,-0.0013989731108403486,0.0,1.0
2026-07-08 10:45:00+09:00,0.001413238277550811,0.0,0.9879518072289158
2026-07-08 10:50:00+09:00,0.00013530062119927196,0.0,0.9878783426388481
2026-07-08 10:55:00+09:00,0.0012587815877596646,0.0,0.9817807816632383
2026-07-08 11:00:00+09:00,-0.0001783559941776904,0.0,0.9817807816632385
2026-07-08 11:05:00+09:00,0.0010319210151075544,0.012195121951219513,0.9817807816632385
2026-07-08 11:10:00+09:00,-0.0010489780782086727,0.0,0.9757566852776962
2026-07-08 11:15:00+09:00,0.00025040411784737625,0.018219218336761683,0.9574640023508669
2026-07-08 11:20:00+09:00,-0.00019391713194240377,0.9695856597120188,0.0
2026-07-08 11:25:00+09:00,0.0,0.0,0.0
2026-07-08 12:30:00+09:00,0.0,0.0,0.0
2026-07-08 12:35:00+09:00,0.0,0.0,0.0
2026-07-08 12:40:00+09:00,0.0,0.0,0.0
2026-07-08 12:45:00+09:00,0.0,0.0,0.0
2026-07-08 12:50:00+09:00,0.0,0.0,0.0
2026-07-08 12:55:00+09:00,0.0,0.0,0.0
2026-07-08 13:00:00+09:00,-0.00040179072214351774,1.0,1.0
2026-07-08 13:05:00+09:00,-0.00026354033765347803,0.0,0.9757566852776962
2026-07-08 13:10:00+09:00,0.00011877406504240986,0.0,0.9513664413752572
2026-07-08 13:15:00+09:00,0.0011900576742636536,0.0,0.9695856597120188
2026-07-08 13:20:00+09:00,-0.0010304388328637455,0.0,0.9878048780487806
2026-07-08 13:25:00+09:00,-0.0011363944430577543,0.0,0.9756832206876287
2026-07-08 13:30:00+09:00,-0.0001811816527205582,0.0,0.9939024390243902
2026-07-08 13:35:00+09:00,-0.0004426807187971167,0.0,0.9634880987364092
2026-07-08 13:40:00+09:00,0.0006479806463139149,0.0,0.9878048780487807
2026-07-08 13:45:00+09:00,-0.0005198252085675539,0.0,0.9939024390243903
2026-07-08 13:50:00+09:00,0.0005733455380491091,0.0,0.9817073170731708
2026-07-08 13:55:00+09:00,7.863815503758457e-05,0.0,0.9878048780487806
2026-07-08 14:00:00+09:00,-0.0002630225033975057,0.0,0.9817073170731708
2026-07-08 14:05:00+09:00,-0.0004514969156343005,0.0,0.9939024390243902
2026-07-08 14:10:00+09:00,-0.0005873752860933938,0.0,0.9878048780487806
2026-07-08 14:15:00+09:00,-0.00016759413919040732,0.0,0.9878048780487806
2026-07-08 14:20:00+09:00,-9.065881034772607e-05,0.0,0.9756097560975612
2026-07-08 14:25:00+09:00,-0.0010469656718733358,0.0,0.9756832206876287
2026-07-08 14:30:00+09:00,-0.0007486616115382521,0.0,0.9878048780487806
2026-07-08 14:35:00+09:00,-0.00046797761085484697,0.0,0.9878048780487805
2026-07-08 14:40:00+09:00,-0.000847711169645856,0.0,0.9939024390243903
2026-07-08 14:45:00+09:00,0.0010286105270169007,0.0,1.0
2026-07-08 14:50:00+09:00,-0.0007201076669355195,0.0,0.9939024390243903
2026-07-08 14:55:00+09:00,-0.00037231222166389023,0.0,0.9878048780487806
2026-07-08 15:00:00+09:00,0.00035446318695437045,0.0,0.9878783426388481
2026-07-08 15:05:00+09:00,-0.000804655041479442,0.012195121951219513,0.9817073170731708
2026-07-08 15:10:00+09:00,-0.000266266391062399,0.012121657361151925,0.9756832206876287
2026-07-08 15:15:00+09:00,-0.00019513664413752573,0.9756832206876286,0.0
2026-07-08 15:20:00+09:00,0.0,0.0,0.0
2026-07-09 09:00:00+09:00,0.0,0.0,0.0
2026-07-09 09:05:00+09:00,0.0,0.0,0.0
2026-07-09 09:10:00+09:00,0.0,0.0,0.0
2026-07-09 09:15:00+09:00,0.0,0.0,0.0
2026-07-09 09:20:00+09:00,0.0,0.0,0.0
2026-07-09 09:25:00+09:00,0.0,0.0,0.0
2026-07-09 09:30:00+09:00,-3.411806822503527e-05,1.0,1.0
2026-07-09 09:35:00+09:00,0.00010328976661489253,0.0,0.9939024390243902
2026-07-09 09:40:00+09:00,-0.00040921800449186303,0.0,0.9878783426388481
2026-07-09 09:45:00+09:00,-8.203694950853759e-05,0.0,0.9939024390243902
2026-07-09 09:50:00+09:00,-0.00022089602872451614,0.0,0.9878048780487805
2026-07-09 09:55:00+09:00,-0.00014634403161644204,0.0,1.0
2026-07-09 10:00:00+09:00,-0.0005236668168136881,0.0,0.9878783426388482
2026-07-09 10:05:00+09:00,-0.00020006966747772848,0.0,0.9939024390243902
2026-07-09 10:10:00+09:00,-0.0004224468200058091,0.0,0.9939024390243902
2026-07-09 10:15:00+09:00,0.0001625483090565194,0.0,0.9939024390243903
2026-07-09 10:20:00+09:00,-1.1040808283620393e-05,0.0,0.9878783426388481
2026-07-09 10:25:00+09:00,-8.950603319492479e-05,0.0,0.9756832206876287
2026-07-09 10:30:00+09:00,-0.0002959536052257027,0.0,0.9758301498677637
2026-07-09 10:35:00+09:00,0.0005227593877914731,0.0,0.9817073170731709
2026-07-09 10:40:00+09:00,0.00023143456102295585,0.0,0.9757566852776962
2026-07-09 10:45:00+09:00,-7.670515223969067e-05,0.0,0.9939024390243902
2026-07-09 10:50:00+09:00,0.00011761975740225646,0.0,0.9756832206876286
2026-07-09 10:55:00+09:00,2.5257930701215327e-05,0.0,0.981854246253306
2026-07-09 11:00:00+09:00,0.00028499575545017997,0.006097560975609756,0.981854246253306
2026-07-09 11:05:00+09:00,-0.00023764939460622166,0.0,0.9878783426388482
2026-07-09 11:10:00+09:00,-0.0002315150349276379,0.0,0.9756832206876286
2026-07-09 11:15:00+09:00,-0.00045737117348649,0.012048192771084338,0.9757566852776962
2026-07-09 11:20:00+09:00,-0.0001963708492506612,0.981854246253306,0.0
2026-07-09 11:25:00+09:00,0.0,0.0,0.0
2026-07-09 12:30:00+09:00,0.0,0.0,0.0
2026-07-09 12:35:00+09:00,0.0,0.0,0.0
2026-07-09 12:40:00+09:00,0.0,0.0,0.0
2026-07-09 12:45:00+09:00,0.0,0.0,0.0
2026-07-09 12:50:00+09:00,0.0,0.0,0.0
2026-07-09 12:55:00+09:00,0.0,0.0,0.0
2026-07-09 13:00:00+09:00,-0.00016050481535789614,1.0,1.0
2026-07-09 13:05:00+09:00,0.0006004988480390335,0.0,0.9814814814814814
2026-07-09 13:10:00+09:00,0.00020761808605647742,0.0,0.9692110809996989
2026-07-09 13:15:00+09:00,-0.0002631735856057826,0.0,0.9692110809996989
2026-07-09 13:20:00+09:00,1.8349617826081317e-05,0.0,0.9753086419753085
2026-07-09 13:25:00+09:00,0.00029439751824355013,0.0,0.9753839205058716
2026-07-09 13:30:00+09:00,2.2768115068088087e-05,0.0,0.9877295995182174
2026-07-09 13:35:00+09:00,6.163650191895723e-05,0.0,0.9631135200240891
2026-07-09 13:40:00+09:00,6.776545290470911e-05,0.0,0.9815567600120445
2026-07-09 13:45:00+09:00,0.0003432455853771293,0.0,0.9631887985546522
2026-07-09 13:50:00+09:00,-0.00010570999930056774,0.0,0.9753086419753085
2026-07-09 13:55:00+09:00,6.741028769452228e-05,0.0,0.9569406805179164
2026-07-09 14:00:00+09:00,-3.5422787536339026e-05,0.0,0.9322493224932249
2026-07-09 14:05:00+09:00,0.00010088658424621919,0.0,0.9753086419753086
2026-07-09 14:10:00+09:00,5.036424419872035e-05,0.0,0.9815567600120445
2026-07-09 14:15:00+09:00,7.714257564928417e-05,0.0,0.9692110809996989
2026-07-09 14:20:00+09:00,-7.654876580490973e-05,0.0,0.9753839205058717
2026-07-09 14:25:00+09:00,-0.00014034160138072104,0.0,0.9507678410117434
2026-07-09 14:30:00+09:00,0.00017906397983308414,0.0,0.9753086419753086
2026-07-09 14:35:00+09:00,9.318324078950645e-05,0.0,0.9816320385426076
2026-07-09 14:40:00+09:00,2.0484225586456574e-05,0.0,0.9815567600120445
2026-07-09 14:45:00+09:00,1.2079294161870666e-05,0.0,0.9938271604938271
2026-07-09 14:50:00+09:00,-0.00030074931262220867,0.0,0.9814814814814814
2026-07-09 14:55:00+09:00,-0.0003026157464367802,0.0,0.9692110809996989
2026-07-09 15:00:00+09:00,9.859681525577827e-05,0.0,0.9876543209876543
2026-07-09 15:05:00+09:00,8.549953014955377e-06,0.0,0.9692863595302621
2026-07-09 15:10:00+09:00,-2.1348687071613643e-05,0.0,1.0
2026-07-09 15:15:00+09:00,-0.0002,1.0,0.0
2026-07-09 15:20:00+09:00,0.0,0.0,0.0
2026-07-10 09:00:00+09:00,0.0,0.0,0.0
2026-07-10 09:05:00+09:00,0.0,0.0,0.0
2026-07-10 09:10:00+09:00,0.0,0.0,0.0
2026-07-10 09:15:00+09:00,0.0,0.0,0.0
2026-07-10 09:20:00+09:00,0.0,0.0,0.0
2026-07-10 09:25:00+09:00,0.0,0.0,0.0
2026-07-10 09:30:00+09:00,-0.0003522391207614249,1.0,1.0
2026-07-10 09:35:00+09:00,-0.0005226807257339583,0.0,0.993975903614458
2026-07-10 09:40:00+09:00,4.015904963395544e-05,0.0,0.9879518072289157
2026-07-10 09:45:00+09:00,-0.0007193384921450745,0.0,0.9756832206876287
2026-07-10 09:50:00+09:00,-0.0002567120440416169,0.0,0.9818542462533059
2026-07-10 09:55:00+09:00,-5.455890157536706e-05,0.0,0.9756832206876286
2026-07-10 10:00:00+09:00,-0.0006456867741020419,0.0,0.9878783426388482
2026-07-10 10:05:00+09:00,6.240624727572313e-05,0.0,0.9939024390243905
2026-07-10 10:10:00+09:00,-0.00032758516200176793,0.0,0.9878048780487807
2026-07-10 10:15:00+09:00,-0.00028692861594782653,0.0,0.981854246253306
2026-07-10 10:20:00+09:00,4.419898044571496e-05,0.0,0.9817807816632383
2026-07-10 10:25:00+09:00,0.0001400854248419497,0.0,0.9635615633264767
2026-07-10 10:30:00+09:00,0.0001631197468989023,0.0,0.9878783426388481
2026-07-10 10:35:00+09:00,0.000561549202317563,0.0,1.0
2026-07-10 10:40:00+09:00,-0.0004195431303761726,0.0,0.9758301498677638
2026-07-10 10:45:00+09:00,-0.0002879245842746714,0.0,0.9636350279165442
2026-07-10 10:50:00+09:00,0.00039752733234746775,0.0,0.9878048780487806
2026-07-10 10:55:00+09:00,0.00025606894570158516,0.0,0.9878048780487806
2026-07-10 11:00:00+09:00,0.00029399032134555986,0.0,0.9878783426388482
2026-07-10 11:05:00+09:00,0.0003932959005199887,0.006097560975609756,0.9635615633264767
2026-07-10 11:10:00+09:00,-0.0004093619075104729,0.0,0.9696591243020865
2026-07-10 11:15:00+09:00,-1.820501105697253e-05,0.018219218336761683,0.9636350279165443
2026-07-10 11:20:00+09:00,-0.00019513664413752573,0.9756832206876286,0.0
2026-07-10 11:25:00+09:00,0.0,0.0,0.0
2026-07-10 12:30:00+09:00,0.0,0.0,0.0
2026-07-10 12:35:00+09:00,0.0,0.0,0.0
2026-07-10 12:40:00+09:00,0.0,0.0,0.0
2026-07-10 12:45:00+09:00,0.0,0.0,0.0
2026-07-10 12:50:00+09:00,0.0,0.0,0.0
2026-07-10 12:55:00+09:00,0.0,0.0,0.0
2026-07-10 13:00:00+09:00,-4.000530797296603e-05,1.0,1.0
2026-07-10 13:05:00+09:00,-1.7908727241839474e-06,0.0,0.9812500000000001
2026-07-10 13:10:00+09:00,-3.3170922748909725e-06,0.0,0.9810917721518988
2026-07-10 13:15:00+09:00,0.00018607368347909573,0.0,0.99375
2026-07-10 13:20:00+09:00,-0.00022819404633296888,0.0,0.9810917721518987
2026-07-10 13:25:00+09:00,-5.613416308312704e-05,0.0,0.9621835443037976
2026-07-10 13:30:00+09:00,0.0003240277503629334,0.0,0.9936708860759494
2026-07-10 13:35:00+09:00,-8.423967722797962e-05,0.0,0.9622626582278482
2026-07-10 13:40:00+09:00,-0.00019944183595791,0.0,0.9684335443037975
2026-07-10 13:45:00+09:00,2.745021647710943e-05,0.0,0.9685917721518988
2026-07-10 13:50:00+09:00,0.0002082671774732196,0.0,0.9810917721518988
2026-07-10 13:55:00+09:00,-6.70765313186598e-05,0.0,0.9875
2026-07-10 14:00:00+09:00,0.00010791392219702653,0.0,0.9748417721518988
2026-07-10 14:05:00+09:00,-0.00014981445982263563,0.0,0.9748417721518988
2026-07-10 14:10:00+09:00,5.8119953911322576e-05,0.0,0.9685126582278482
2026-07-10 14:15:00+09:00,-0.00012317981152255126,0.0,0.9748417721518988
2026-07-10 14:20:00+09:00,-0.00016899900959284404,0.0,0.9936708860759494
2026-07-10 14:25:00+09:00,1.7262466194148215e-05,0.0,0.9621044303797469
2026-07-10 14:30:00+09:00,-9.816955238132349e-06,0.0,0.9685126582278483
2026-07-10 14:35:00+09:00,5.902599371359994e-05,0.0,0.9810917721518987
2026-07-10 14:40:00+09:00,-9.169175728262055e-05,0.0,0.99375
2026-07-10 14:45:00+09:00,-2.108372968226589e-05,0.0,0.9873417721518989
2026-07-10 14:50:00+09:00,3.0250867932396062e-05,0.0,0.9873417721518988
2026-07-10 14:55:00+09:00,-0.00026737264143293144,0.0,0.9936708860759494
2026-07-10 15:00:00+09:00,0.00036088652782191073,0.0,0.9874208860759495
2026-07-10 15:05:00+09:00,0.00018540056877668467,0.00625,0.9937500000000001
2026-07-10 15:10:00+09:00,0.00036694332388646604,0.006329113924050633,0.9811708860759494
2026-07-10 15:15:00+09:00,-0.00019748417721518986,0.9874208860759494,0.0
2026-07-10 15:20:00+09:00,0.0,0.0,0.0
2026-07-13 09:00:00+09:00,0.0,0.0,0.0
2026-07-13 09:05:00+09:00,0.0,0.0,0.0
2026-07-13 09:10:00+09:00,0.0,0.0,0.0
2026-07-13 09:15:00+09:00,0.0,0.0,0.0
2026-07-13 09:20:00+09:00,0.0,0.0,0.0
2026-07-13 09:25:00+09:00,0.0,0.0,0.0
2026-07-13 09:30:00+09:00,0.0008545307866019087,1.0,1.0
2026-07-13 09:35:00+09:00,0.0005002048856349811,0.0,0.9877295995182174
2026-07-13 09:40:00+09:00,-0.00011992552459653902,0.0,0.9938271604938271
2026-07-13 09:45:00+09:00,-6.86381027118685e-05,0.0,0.9877295995182174
2026-07-13 09:50:00+09:00,-0.00025341593314921653,0.0,0.9877295995182174
2026-07-13 09:55:00+09:00,0.00021755648461660925,0.006097560975609756,0.9816320385426076
2026-07-13 10:00:00+09:00,0.0001622713390913773,0.0,0.9877295995182174
2026-07-13 10:05:00+09:00,-0.0006807993513838907,0.0,0.9877295995182174
2026-07-13 10:10:00+09:00,0.0001272662521782951,0.0,0.9755344775669978
2026-07-13 10:15:00+09:00,0.00028533003466663044,0.0,0.9694369165913881
2026-07-13 10:20:00+09:00,-2.8770575052534424e-05,0.0,0.9755344775669978
2026-07-13 10:25:00+09:00,0.00039956869870938467,0.0,0.9631887985546521
2026-07-13 10:30:00+09:00,-0.000726909965026074,0.0,0.9816320385426076
2026-07-13 10:35:00+09:00,0.0003635639356243286,0.0,0.9815567600120445
2026-07-13 10:40:00+09:00,1.0406956717216688e-06,0.0,0.9877295995182174
2026-07-13 10:45:00+09:00,1.993030215894564e-05,0.0,0.9816320385426076
2026-07-13 10:50:00+09:00,0.00041213771618878815,0.0,0.9877295995182174
2026-07-13 10:55:00+09:00,-4.718559663609773e-05,0.0,0.9816320385426076
2026-07-13 11:00:00+09:00,-0.0004823110828608956,0.0,0.9755344775669978
2026-07-13 11:05:00+09:00,0.00023756161380190068,0.0,0.9755344775669978
2026-07-13 11:10:00+09:00,-9.303931680278613e-05,0.018367961457392352,0.969361638060825
2026-07-13 11:15:00+09:00,-0.0005184708841459677,0.018367961457392352,0.9510689551339958
2026-07-13 11:20:00+09:00,-0.00019143330322192112,0.9571665161096056,0.0
2026-07-13 11:25:00+09:00,0.0,0.0,0.0
2026-07-13 12:30:00+09:00,0.0,0.0,0.0
2026-07-13 12:35:00+09:00,0.0,0.0,0.0
2026-07-13 12:40:00+09:00,0.0,0.0,0.0
2026-07-13 12:45:00+09:00,0.0,0.0,0.0
2026-07-13 12:50:00+09:00,0.0,0.0,0.0
2026-07-13 12:55:00+09:00,0.0,0.0,0.0
2026-07-13 13:00:00+09:00,0.0004108728261554113,1.0,1.0
2026-07-13 13:05:00+09:00,0.0005743780174482026,0.0,0.9813271604938272
2026-07-13 13:10:00+09:00,0.00013395198423394778,0.0,0.9874999999999999
2026-07-13 13:15:00+09:00,0.0010131503705007557,0.0,0.987577160493827
2026-07-13 13:20:00+09:00,-2.99882345453904e-05,0.0,0.9874999999999999
2026-07-13 13:25:00+09:00,-0.00048357404639747653,0.0,0.9875771604938272
2026-07-13 13:30:00+09:00,-4.232225317553583e-05,0.0,0.9937499999999999
2026-07-13 13:35:00+09:00,-0.0006797341344742666,0.0,0.9751543209876543
2026-07-13 13:40:00+09:00,-0.00022211154840090202,0.0,0.9874999999999999
2026-07-13 13:45:00+09:00,-3.8863997127665806e-05,0.0,0.9750771604938271
2026-07-13 13:50:00+09:00,0.00011939668637253766,0.0,0.9814043209876544
2026-07-13 13:55:00+09:00,0.00010931419168374555,0.0,0.9875
2026-07-13 14:00:00+09:00,0.0011540719416077564,0.0,0.9875771604938272
2026-07-13 14:05:00+09:00,-0.0009906780948361878,0.0,1.0
2026-07-13 14:10:00+09:00,-0.0008825017001533031,0.0,0.9813271604938272
2026-07-13 14:15:00+09:00,-0.0014204113351228363,0.0,0.9689043209876542
2026-07-13 14:20:00+09:00,0.0002513762683323783,0.0,0.9814814814814815
2026-07-13 14:25:00+09:00,0.00172623078183838,0.0,0.99375
2026-07-13 14:30:00+09:00,0.002300398308171354,0.0,0.9937499999999999
2026-07-13 14:35:00+09:00,-0.0008835428482252146,0.0,0.987577160493827
2026-07-13 14:40:00+09:00,-0.0002986704674582198,0.0,0.9813271604938272
2026-07-13 14:45:00+09:00,0.0015527098854021966,0.0,0.99375
2026-07-13 14:50:00+09:00,0.0007745231713532068,0.0,0.987577160493827
2026-07-13 14:55:00+09:00,-0.000611420254559033,0.0,1.0
2026-07-13 15:00:00+09:00,-0.00023322599013203272,0.0,1.0
2026-07-13 15:05:00+09:00,-0.0011345033101216593,0.0,1.0
2026-07-13 15:10:00+09:00,-0.0009960241491335916,0.0,1.0
2026-07-13 15:15:00+09:00,-0.0002,1.0,0.0
2026-07-13 15:20:00+09:00,0.0,0.0,0.0
2026-07-14 09:00:00+09:00,0.0,0.0,0.0
2026-07-14 09:05:00+09:00,0.0,0.0,0.0
2026-07-14 09:10:00+09:00,0.0,0.0,0.0
2026-07-14 09:15:00+09:00,0.0,0.0,0.0
2026-07-14 09:20:00+09:00,0.0,0.0,0.0
2026-07-14 09:25:00+09:00,0.0,0.0,0.0
2026-07-14 09:30:00+09:00,0.00011418544294993986,1.0,1.0
2026-07-14 09:35:00+09:00,-0.00031761814807703553,0.0,0.9879518072289156
2026-07-14 09:40:00+09:00,0.00012982039167136342,0.0,0.9879518072289156
2026-07-14 09:45:00+09:00,0.0009636253764109734,0.0,0.9819277108433735
2026-07-14 09:50:00+09:00,0.0008575142595950726,0.0,0.9939759036144579
2026-07-14 09:55:00+09:00,-0.00018381291237744567,0.0,1.0
2026-07-14 10:00:00+09:00,-0.0007347422492105499,0.0,0.9697325888921541
2026-07-14 10:05:00+09:00,-0.0003690275296442842,0.0,0.9819277108433736
2026-07-14 10:10:00+09:00,0.0003706749653569545,0.0,0.9817807816632383
2026-07-14 10:15:00+09:00,3.45580870074256e-05,0.0,0.993975903614458
2026-07-14 10:20:00+09:00,0.0003199046479450616,0.0,0.9576109315310021
2026-07-14 10:25:00+09:00,-0.0005037563481101911,0.0,0.9636350279165443
2026-07-14 10:30:00+09:00,0.00015097682771316823,0.0,0.9758301498677637
2026-07-14 10:35:00+09:00,0.0006280303073382598,0.0,0.9939024390243902
2026-07-14 10:40:00+09:00,-9.043822440854823e-05,0.0,0.981854246253306
2026-07-14 10:45:00+09:00,-5.576592079877321e-05,0.0,0.9698795180722892
2026-07-14 10:50:00+09:00,-0.00010394081034718041,0.0,0.9758301498677637
2026-07-14 10:55:00+09:00,0.0001629257644517315,0.0,0.9819277108433735
2026-07-14 11:00:00+09:00,-0.00023776973482702977,0.0,0.9878783426388481
2026-07-14 11:05:00+09:00,-0.00011715328544689162,0.0,0.9637084925066118
2026-07-14 11:10:00+09:00,-0.00030481762214437425,0.006024096385542169,0.9758301498677638
2026-07-14 11:15:00+09:00,-0.00011053155589360417,0.03019394651777843,0.9637819570966795
2026-07-14 11:20:00+09:00,-0.0001927563914193359,0.9637819570966795,0.0
2026-07-14 11:25:00+09:00,0.0,0.0,0.0
2026-07-14 12:30:00+09:00,0.0,0.0,0.0
2026-07-14 12:35:00+09:00,0.0,0.0,0.0
2026-07-14 12:40:00+09:00,0.0,0.0,0.0
2026-07-14 12:45:00+09:00,0.0,0.0,0.0
2026-07-14 12:50:00+09:00,0.0,0.0,0.0
2026-07-14 12:55:00+09:00,0.0,0.0,0.0
2026-07-14 13:00:00+09:00,-0.000777315736298505,1.0,1.0
2026-07-14 13:05:00+09:00,-6.036480100961065e-05,0.0,0.9876543209876543
2026-07-14 13:10:00+09:00,-0.0002936042885768003,0.0,0.9751543209876543
2026-07-14 13:15:00+09:00,-4.0432302483035705e-05,0.0,0.9627314814814815
2026-07-14 13:20:00+09:00,0.00023133938636869466,0.0,0.9937499999999999
2026-07-14 13:25:00+09:00,0.00019730257686489784,0.0,0.9567901234567902
2026-07-14 13:30:00+09:00,-2.0654935357721344e-06,0.0,0.99375
2026-07-14 13:35:00+09:00,-1.823873580984783e-05,0.0,1.0
2026-07-14 13:40:00+09:00,0.000337410220994395,0.0,0.9567129629629629
2026-07-14 13:45:00+09:00,0.00019036857706791025,0.0,0.9814814814814815
2026-07-14 13:50:00+09:00,0.0002188215657686855,0.0,0.9814043209876543
2026-07-14 13:55:00+09:00,4.957107477403037e-05,0.0,0.9628086419753087
2026-07-14 14:00:00+09:00,0.00025732874745118257,0.0,0.9752314814814815
2026-07-14 14:05:00+09:00,0.0002387425266312172,0.0,0.9753086419753088
2026-07-14 14:10:00+09:00,0.0005877881369289145,0.0,0.9751543209876543
2026-07-14 14:15:00+09:00,5.3786620146483105e-05,0.0,0.9753086419753086
2026-07-14 14:20:00+09:00,0.00026833681058519227,0.0,0.9690586419753087
2026-07-14 14:25:00+09:00,0.0002431678695373488,0.0,0.9876543209876544
2026-07-14 14:30:00+09:00,-0.00014705490658247324,0.0,1.0
2026-07-14 14:35:00+09:00,7.019974980999346e-05,0.0,0.9814043209876544
2026-07-14 14:40:00+09:00,5.711096600030595e-05,0.0,0.9753086419753086
2026-07-14 14:45:00+09:00,8.462539420551995e-05,0.0,0.9567129629629629
2026-07-14 14:50:00+09:00,-0.00019113063147867417,0.0,0.9875771604938273
2026-07-14 14:55:00+09:00,0.0003245649675838636,0.0,0.9752314814814814
2026-07-14 15:00:00+09:00,4.2254966450218796e-05,0.0,0.9876543209876544
2026-07-14 15:05:00+09:00,0.0003494453474340718,0.0,0.9876543209876543
2026-07-14 15:10:00+09:00,-5.867243597424567e-05,0.0,0.9875771604938272
2026-07-14 15:15:00+09:00,-0.0002,1.0,0.0
2026-07-14 15:20:00+09:00,0.0,0.0,0.0
2026-07-15 09:00:00+09:00,0.0,0.0,0.0
2026-07-15 09:05:00+09:00,0.0,0.0,0.0
2026-07-15 09:10:00+09:00,0.0,0.0,0.0
2026-07-15 09:15:00+09:00,0.0,0.0,0.0
2026-07-15 09:20:00+09:00,0.0,0.0,0.0
2026-07-15 09:25:00+09:00,0.0,0.0,0.0
2026-07-15 09:30:00+09:00,-0.0005430997956889361,1.0,0.9999999999999999
2026-07-15 09:35:00+09:00,-0.0006469985703969762,0.0,0.9876543209876543
2026-07-15 09:40:00+09:00,-0.0001218583445504536,0.0,0.9999999999999999
2026-07-15 09:45:00+09:00,0.0002770811078188617,0.0,0.9877295995182173
2026-07-15 09:50:00+09:00,0.0001375321317175672,0.0,0.9753086419753086
2026-07-15 09:55:00+09:00,-0.00023698953496199617,0.0,0.9939024390243901
2026-07-15 10:00:00+09:00,-0.00031088121439801263,0.0,0.9999999999999999
2026-07-15 10:05:00+09:00,-9.763480330107635e-05,0.0,0.9876543209876543
2026-07-15 10:10:00+09:00,0.00016768439051107026,0.0,0.9754591990364347
2026-07-15 10:15:00+09:00,-5.148090832235733e-05,0.0,0.9999999999999999
2026-07-15 10:20:00+09:00,0.0005066759372166666,0.0,0.9939024390243901
2026-07-15 10:25:00+09:00,-0.00020511174938652469,0.0,0.9753086419753085
2026-07-15 10:30:00+09:00,0.0003487409992232459,0.0,0.969436916591388
2026-07-15 10:35:00+09:00,-0.000340638968249965,0.0,0.9754591990364347
2026-07-15 10:40:00+09:00,0.0003644880594655209,0.0,0.9570159590484792
2026-07-15 10:45:00+09:00,-6.844297877941169e-05,0.0,0.9754591990364347
2026-07-15 10:50:00+09:00,-1.7692090479029003e-05,0.0,0.9753839205058716
2026-07-15 10:55:00+09:00,-0.00014032464820968698,0.0,0.9753086419753086
2026-07-15 11:00:00+09:00,0.00015102001278389422,0.0,0.9815567600120445
2026-07-15 11:05:00+09:00,0.00035626188950983447,0.006172839506172839,0.9692863595302619
2026-07-15 11:10:00+09:00,-1.3619045014693954e-05,0.006172839506172839,0.9569406805179163
2026-07-15 11:15:00+09:00,2.9824159824074772e-05,0.02454080096356519,0.938572719060524
2026-07-15 11:20:00+09:00,-0.00019262270400481783,0.9631135200240891,0.0
2026-07-15 11:25:00+09:00,0.0,0.0,0.0
2026-07-15 12:30:00+09:00,0.0,0.0,0.0
2026-07-15 12:35:00+09:00,0.0,0.0,0.0
2026-07-15 12:40:00+09:00,0.0,0.0,0.0
2026-07-15 12:45:00+09:00,0.0,0.0,0.0
2026-07-15 12:50:00+09:00,0.0,0.0,0.0
2026-07-15 12:55:00+09:00,0.0,0.0,0.0
2026-07-15 13:00:00+09:00,0.00037832353417692884,1.0,1.0
2026-07-15 13:05:00+09:00,-0.0006193488562179419,0.0,0.9812500000000001
2026-07-15 13:10:00+09:00,0.00017018208801794417,0.0,0.9875
2026-07-15 13:15:00+09:00,-0.0003864114728785379,0.0,0.9749208860759495
2026-07-15 13:20:00+09:00,0.0004492847891466254,0.0,0.9874208860759494
2026-07-15 13:25:00+09:00,2.2157405417322663e-05,0.0,0.9749208860759494
2026-07-15 13:30:00+09:00,-0.00024993596559126234,0.0,0.9685917721518988
2026-07-15 13:35:00+09:00,0.0003816183811517802,0.0,0.9497626582278481
2026-07-15 13:40:00+09:00,-0.00018251923396965845,0.0,0.9498417721518988
2026-07-15 13:45:00+09:00,-6.749974091421608e-06,0.0,0.96875
2026-07-15 13:50:00+09:00,-0.00048179738037687275,0.0,0.9435917721518987
2026-07-15 13:55:00+09:00,0.0007890159447155479,0.0,0.9686708860759494
2026-07-15 14:00:00+09:00,-0.00045758132410904655,0.0,0.99375
2026-07-15 14:05:00+09:00,0.0005388748050950388,0.0,0.9875
2026-07-15 14:10:00+09:00,-0.0004577829080613501,0.0,0.9622626582278481
2026-07-15 14:15:00+09:00,0.00022833788510139434,0.0,0.9623417721518988
2026-07-15 14:20:00+09:00,-0.0003888477647837568,0.0,0.96875
2026-07-15 14:25:00+09:00,-0.00030568227444721684,0.0,0.9621835443037975
2026-07-15 14:30:00+09:00,-0.00019787223001610223,0.0,1.0
2026-07-15 14:35:00+09:00,-0.00027215351022375346,0.0,0.9811708860759494
2026-07-15 14:40:00+09:00,-0.0003730194686581346,0.0,0.9622626582278482
2026-07-15 14:45:00+09:00,-7.097352124556155e-05,0.0,0.9937500000000001
2026-07-15 14:50:00+09:00,-0.00013670924239535433,0.0,0.9875
2026-07-15 14:55:00+09:00,0.00044313275725465086,0.0,0.9685917721518987
2026-07-15 15:00:00+09:00,-6.266447315679608e-06,0.0,0.9810126582278482
2026-07-15 15:05:00+09:00,-0.00013302933763246545,0.0,0.9810917721518987
2026-07-15 15:10:00+09:00,2.5383001743353418e-05,0.0,0.9936708860759494
2026-07-15 15:15:00+09:00,-0.0002,1.0,0.0
2026-07-15 15:20:00+09:00,0.0,0.0,0.0
2026-07-16 09:00:00+09:00,0.0,0.0,0.0
2026-07-16 09:05:00+09:00,0.0,0.0,0.0
2026-07-16 09:10:00+09:00,0.0,0.0,0.0
2026-07-16 09:15:00+09:00,0.0,0.0,0.0
2026-07-16 09:20:00+09:00,0.0,0.0,0.0
2026-07-16 09:25:00+09:00,0.0,0.0,0.0
2026-07-16 09:30:00+09:00,-0.002124309001057234,1.0,1.0
2026-07-16 09:35:00+09:00,-0.001387936631550779,0.0,0.9878048780487805
2026-07-16 09:40:00+09:00,0.0007941386547452723,0.0,0.9817807816632383
2026-07-16 09:45:00+09:00,0.0003566699723729155,0.0,0.9818542462533059
2026-07-16 09:50:00+09:00,-0.0007203352919064874,0.0,0.9939024390243902
2026-07-16 09:55:00+09:00,-0.0011686095311959272,0.0,0.9939024390243902
2026-07-16 10:00:00+09:00,0.00046100459000624584,0.0,1.0
2026-07-16 10:05:00+09:00,-0.0003500021731918337,0.0,0.9818542462533059
2026-07-16 10:10:00+09:00,-0.00010392529859840709,0.0,0.9878048780487805
2026-07-16 10:15:00+09:00,0.0008962533451432158,0.0,0.9878783426388482
2026-07-16 10:20:00+09:00,-0.0007884851691814174,0.0,0.9634880987364092
2026-07-16 10:25:00+09:00,9.678331463631342e-05,0.0,0.9756832206876286
2026-07-16 10:30:00+09:00,-9.793595443915918e-05,0.0,0.987878342638848
2026-07-16 10:35:00+09:00,-7.141757880337105e-05,0.0,0.9695856597120189
2026-07-16 10:40:00+09:00,0.001566761002763854,0.0,0.9817807816632385
2026-07-16 10:45:00+09:00,-0.00012732000759501524,0.0,0.9939024390243902
2026-07-16 10:50:00+09:00,-0.00019877501813311311,0.0,0.9636350279165442
2026-07-16 10:55:00+09:00,-0.0008624485085442867,0.0,0.9818542462533059
2026-07-16 11:00:00+09:00,1.589290465495796e-05,0.0,0.975609756097561
2026-07-16 11:05:00+09:00,-0.0004456260697017129,0.018219218336761683,0.9696591243020863
2026-07-16 11:10:00+09:00,0.0002495305065303244,0.018219218336761683,0.9635615633264767
2026-07-16 11:15:00+09:00,0.0003739761556378564,0.024316779312371438,0.9148545401116662
2026-07-16 11:20:00+09:00,-0.00018784895680282106,0.9392447840141053,0.0
2026-07-16 11:25:00+09:00,0.0,0.0,0.0
2026-07-16 12:30:00+09:00,0.0,0.0,0.0
2026-07-16 12:35:00+09:00,0.0,0.0,0.0
2026-07-16 12:40:00+09:00,0.0,0.0,0.0
2026-07-16 12:45:00+09:00,0.0,0.0,0.0
2026-07-16 12:50:00+09:00,0.0,0.0,0.0
2026-07-16 12:55:00+09:00,0.0,0.0,0.0
2026-07-16 13:00:00+09:00,-0.0005755545961336875,1.0,1.0
2026-07-16 13:05:00+09:00,-0.0006196903399595978,0.0,0.9457831325301204
2026-07-16 13:10:00+09:00,0.0006716110345327975,0.0,0.9515868351454599
2026-07-16 13:15:00+09:00,0.00045112654014096954,0.0,0.9637819570966795
2026-07-16 13:20:00+09:00,9.87964599068447e-06,0.0,0.9698060534822217
2026-07-16 13:25:00+09:00,6.201879467630243e-05,0.0,0.9698060534822217
2026-07-16 13:30:00+09:00,0.0005110781704208018,0.0,0.9515133705553924
2026-07-16 13:35:00+09:00,0.000626467041343816,0.0,0.9939759036144579
2026-07-16 13:40:00+09:00,-7.745166866475868e-05,0.0,0.9698795180722892
2026-07-16 13:45:00+09:00,8.601258943693427e-05,0.0,0.9636350279165442
2026-07-16 13:50:00+09:00,9.040509483077726e-05,0.0,0.9698060534822218
2026-07-16 13:55:00+09:00,0.0001018061393182721,0.0,0.963708492506612
2026-07-16 14:00:00+09:00,0.0004780980211225545,0.0,0.939465177784308
2026-07-16 14:05:00+09:00,-0.0006294439805420621,0.0,0.9758301498677637
2026-07-16 14:10:00+09:00,-0.0002942577593820269,0.0,0.981854246253306
2026-07-16 14:15:00+09:00,-0.0002774659506427605,0.0,0.963855421686747
2026-07-16 14:20:00+09:00,-0.0006810347810289751,0.0,0.9456362033499854
2026-07-16 14:25:00+09:00,0.0015757486748959263,0.0,0.981854246253306
2026-07-16 14:30:00+09:00,-3.346395677731477e-05,0.0,0.9819277108433735
2026-07-16 14:35:00+09:00,-6.971929440720611e-05,0.0,0.9757566852776961
2026-07-16 14:40:00+09:00,0.00023395045863866055,0.0,0.9878048780487805
2026-07-16 14:45:00+09:00,0.00010476029803234088,0.0,0.9879518072289157
2026-07-16 14:50:00+09:00,0.0002432696297141828,0.0,0.9879518072289157
2026-07-16 14:55:00+09:00,1.4404967628694247e-05,0.0,0.9757566852776961
2026-07-16 15:00:00+09:00,-0.0010350747859180296,0.0,1.0
2026-07-16 15:05:00+09:00,-0.0002456687660270211,0.0,1.0
2026-07-16 15:10:00+09:00,-0.0006527131432303301,0.01807228915662651,0.9759036144578314
2026-07-16 15:15:00+09:00,-0.0001963855421686747,0.9819277108433735,0.0
2026-07-16 15:20:00+09:00,0.0,0.0,0.0
2026-07-17 09:00:00+09:00,0.0,0.0,0.0
2026-07-17 09:05:00+09:00,0.0,0.0,0.0
2026-07-17 09:10:00+09:00,0.0,0.0,0.0
2026-07-17 09:15:00+09:00,0.0,0.0,0.0
2026-07-17 09:20:00+09:00,0.0,0.0,0.0
2026-07-17 09:25:00+09:00,0.0,0.0,0.0
2026-07-17 09:30:00+09:00,0.001094005447361686,1.0,1.0
2026-07-17 09:35:00+09:00,-0.003539191276935979,0.0,1.0
2026-07-17 09:40:00+09:00,0.004684614176805235,0.0,0.9939024390243902
2026-07-17 09:45:00+09:00,0.0026072951780367923,0.0,0.9939024390243902
2026-07-17 09:50:00+09:00,-0.0013500591596582701,0.0,0.9939024390243902
2026-07-17 09:55:00+09:00,-0.001784284729604929,0.0,0.9939024390243902
2026-07-17 10:00:00+09:00,0.0010441449859842624,0.0,0.9878048780487805
2026-07-17 10:05:00+09:00,0.0012962236175373257,0.0,0.9939024390243903
2026-07-17 10:10:00+09:00,-0.0030028122411461075,0.0,0.9939024390243902
2026-07-17 10:15:00+09:00,-0.0018656303372080526,0.0,0.975609756097561
2026-07-17 10:20:00+09:00,-0.0013721909646741183,0.0,1.0
2026-07-17 10:25:00+09:00,-0.0022525073009872763,0.0,0.9878048780487805
2026-07-17 10:30:00+09:00,0.001282492196978456,0.0,0.9878048780487806
2026-07-17 10:35:00+09:00,-0.00022601454120554492,0.0,0.9878048780487805
2026-07-17 10:40:00+09:00,-0.0007894497636453285,0.0,0.9878048780487805
2026-07-17 10:45:00+09:00,0.0004998467645909782,0.0,0.9878048780487805
2026-07-17 10:50:00+09:00,-1.1134499621465878e-05,0.0,1.0
2026-07-17 10:55:00+09:00,-0.0009159822095743093,0.0,0.9878048780487805
2026-07-17 11:00:00+09:00,-0.002185860270350909,0.0,0.9817807816632385
2026-07-17 11:05:00+09:00,0.00023875734514705414,0.0,0.9878048780487805
2026-07-17 11:10:00+09:00,-0.0006606746473011408,0.006097560975609756,0.975609756097561
2026-07-17 11:15:00+09:00,-0.0004399515943206811,0.01829268292682927,0.9573170731707317
2026-07-17 11:20:00+09:00,-0.0001951219512195122,0.9756097560975611,0.0
2026-07-17 11:25:00+09:00,0.0,0.0,0.0
2026-07-17 12:30:00+09:00,0.0,0.0,0.0
2026-07-17 12:35:00+09:00,0.0,0.0,0.0
2026-07-17 12:40:00+09:00,0.0,0.0,0.0
2026-07-17 12:45:00+09:00,0.0,0.0,0.0
2026-07-17 12:50:00+09:00,0.0,0.0,0.0
2026-07-17 12:55:00+09:00,0.0,0.0,0.0
2026-07-17 13:00:00+09:00,-0.0006627571555216186,1.0,1.0
2026-07-17 13:05:00+09:00,-0.000684900890230742,0.0,1.0
2026-07-17 13:10:00+09:00,-0.0013099625223271197,0.0,0.9819277108433736
2026-07-17 13:15:00+09:00,-0.0009243488056475091,0.0,1.0
2026-07-17 13:20:00+09:00,-0.000447973410162378,0.0,0.9879518072289155
2026-07-17 13:25:00+09:00,-0.0007023476931344572,0.0,1.0
2026-07-17 13:30:00+09:00,-0.00020985562296975068,0.0,0.9880235226620769
2026-07-17 13:35:00+09:00,0.0030160105412432438,0.0,0.9819994262765348
2026-07-17 13:40:00+09:00,0.0019542228284994195,0.0,1.0
2026-07-17 13:45:00+09:00,0.0016886758826433843,0.0,0.9999999999999999
2026-07-17 13:50:00+09:00,-0.0002720643429881283,0.0,0.9880235226620768
2026-07-17 13:55:00+09:00,-0.0005532385721737894,0.0,0.9879518072289156
2026-07-17 14:00:00+09:00,-0.00023967619469690787,0.0,1.0
2026-07-17 14:05:00+09:00,0.0014593917095727376,0.0,0.9879518072289157
2026-07-17 14:10:00+09:00,-0.00019731386508792072,0.0,0.9819994262765347
2026-07-17 14:15:00+09:00,-0.0005600899241674114,0.0,0.9879518072289156
2026-07-17 14:20:00+09:00,0.0004386987570388644,0.0,0.9819994262765348
2026-07-17 14:25:00+09:00,0.000403624679769162,0.0,0.9939759036144578
2026-07-17 14:30:00+09:00,-0.0008664552147490778,0.0,0.9759036144578312
2026-07-17 14:35:00+09:00,0.00129058938841862,0.0,0.9880235226620769
2026-07-17 14:40:00+09:00,0.0012909457467001927,0.0,0.9880235226620768
2026-07-17 14:45:00+09:00,0.0013136201746794317,0.0,0.9939759036144578
2026-07-17 14:50:00+09:00,0.0003187723284225868,0.0,0.9880235226620768
2026-07-17 14:55:00+09:00,0.0002857750823783789,0.0,0.9639988525530694
2026-07-17 15:00:00+09:00,0.0007363987277593579,0.0,0.9819277108433735
2026-07-17 15:05:00+09:00,0.0009305289586313785,0.0,0.9879518072289157
2026-07-17 15:10:00+09:00,0.0015251300161678947,0.01800057372346529,0.9819994262765348
2026-07-17 15:15:00+09:00,-0.00019639988525530693,0.9819994262765347,0.0
2026-07-17 15:20:00+09:00,0.0,0.0,0.0
